RevolvingUtilizationOfUnsecuredLines,age,NumberOfTime30-59DaysPastDueNotWorse,DebtRatio,MonthlyIncome,NumberOfOpenCreditLinesAndLoans,NumberOfTimes90DaysLate,NumberRealEstateLoansOrLines,NumberOfTime60-89DaysPastDueNotWorse,NumberOfDependents,SeriousDlqin2yrs
0.30178271236372733,50,0,0.31979577496025985,2318,5,0,0,0,0,1
0.15090713025413835,57,0,0.5767084076819143,28734,9,0,1,0,0,0
0.33895746986867126,48,0,0.6510705891002796,1965,6,1,0,0,0,1
0.2598675863157169,23,1,0.15722607018223855,4899,11,0,1,0,0,0
0.5138459282231973,51,0,0.31601881979897595,1636,7,0,0,0,2,0
0.16722311395907527,29,1,0.398682232104868,1764,4,0,2,2,0,0
0.4404382901564719,35,0,0.5967968487192274,1324,9,0,1,2,1,0
0.40367920392272183,53,0,0.2506195287604173,6869,7,0,1,1,2,0
0.5029390172800192,20,0,0.5760377024917801,6560,5,0,0,1,0,0
0.39294217361628864,53,3,0.5662084831292374,1897,7,0,1,0,0,1
0.11359959482118195,28,0,0.7101107536085112,2707,10,0,0,0,0,0
0.16465928992156925,44,0,0.18220902191626348,6652,8,1,0,0,1,0
0.17275327209232674,55,2,0.1622737700168758,2348,6,0,1,0,1,1
0.682693635164538,44,0,0.21758872982791638,5098,10,0,0,0,2,0
0.24978688016983308,43,1,0.4341193309680952,5999,13,0,2,0,1,0
0.17523611764838112,53,1,0.16931736218241306,2170,9,0,0,0,0,0
0.3358866737395901,64,0,0.5419425167447535,7090,6,0,1,1,1,0
0.26348524923097927,65,0,0.3122936280967232,13637,8,0,1,1,1,0
0.19376495260095922,53,0,0.3830936929688373,8957,6,0,2,0,1,0
0.3561663357882936,77,0,0.07979294744238609,4138,9,1,3,1,0,0
0.23666497744331663,26,0,0.38885880563780195,5518,9,0,2,0,3,0
0.1259893289220203,41,1,0.6574796238864844,6530,9,0,1,0,1,1
0.1718176468958728,38,1,0.6066782151917305,3117,14,0,0,1,0,0
0.48276664533786495,46,2,0.5020999200385005,1078,9,1,1,0,2,0
0.10187407432605364,67,1,0.6552832846100985,14717,9,1,1,0,2,0
0.17211632504293808,31,0,0.44734599808776004,2719,3,0,0,0,0,1
0.2270345064737577,55,1,0.6536731997437056,25423,9,0,0,0,0,1
0.1933974296207662,36,3,0.07927856284103055,5626,5,0,0,0,1,0
0.02471077510422967,32,0,0.8876894105385982,1828,7,0,1,1,1,0
0.29427231666945186,19,0,0.10081763895138783,4995,4,1,1,0,1,0
0.273098694064736,48,2,0.6000059481643024,2521,6,2,0,1,1,1
0.11821106832660093,20,1,0.2505818685274521,3334,12,0,1,1,1,1
0.24704003910407038,46,1,0.42761713921751854,8160,5,0,2,0,2,1
0.1982340517895635,44,1,0.7663493310624558,33236,5,0,1,0,1,0
0.5216809367142239,41,1,0.9257210415121223,15629,13,0,0,0,1,0
0.47168393314148144,36,2,0.7445012011313499,22742,8,0,3,1,1,0
0.26590184975061876,70,0,0.9154750802923033,1932,7,0,2,1,0,0
0.18813487039840102,34,1,0.48662668110079277,10153,6,0,0,1,1,0
0.13945242926427362,41,1,0.18277629688977165,7389,8,0,6,2,0,0
0.16299465657013945,44,0,0.2518621776522931,3529,5,1,2,0,2,0
0.19710957757229042,60,0,0.36752649246627506,7073,7,0,0,0,0,0
0.09226774417634526,55,0,0.3328656986188181,2262,4,1,3,0,0,0
0.07631200051049714,34,2,0.22726100197709725,2665,8,2,2,0,2,0
0.41921235847298083,58,1,0.6475693684516145,9754,8,0,0,1,0,0
0.3756540411870219,46,0,0.6412639205892223,3855,6,0,1,1,1,1
0.31785601952860437,58,0,0.8410117439525365,20292,4,0,0,0,0,0
0.48579451204443924,32,2,0.6231419730650956,864,7,0,0,1,2,0
0.21173274110438126,44,0,0.3239619696302284,741,5,1,0,0,0,0
0.21652079879374053,55,1,0.4513370633050598,8741,8,0,0,0,0,0
0.3194658136603177,50,0,0.5552763936828405,2390,6,1,3,0,1,0
0.2510293001393017,55,0,0.6511990576997363,22395,6,0,0,0,1,0
0.3577810282558106,63,1,0.5266773958897671,952,9,1,0,0,1,0
0.6479926782284596,53,0,0.11890238698586192,7738,13,1,2,0,0,1
0.08116625622401277,46,2,0.1807489566184204,7646,7,0,1,0,3,0
0.34534694087904105,45,0,0.2223523632083242,8381,6,0,2,0,0,0
0.33445620777608104,46,1,0.2107275427035146,4473,4,1,0,0,0,0
0.10218503282750066,37,2,0.3215988741093011,3611,9,0,0,0,0,0
0.11127546709307955,20,2,0.7385546806589259,1337,5,0,2,0,1,0
0.1914640502136957,36,1,0.12330259037685311,2155,6,0,0,0,0,0
0.38262518420533104,36,0,0.45030089099069237,5418,12,0,0,0,2,1
0.45423486089775483,37,2,0.34513881542610947,1063,9,0,0,0,0,1
0.3160903182089002,44,1,0.05319498312023934,8043,5,0,0,0,1,1
0.21648067344396055,42,0,0.42846309772009017,4671,7,1,0,1,0,0
0.08281287326424146,64,0,0.21734993980023154,13804,8,0,2,1,2,0
0.14707424412067235,39,1,0.37404806733224627,6502,10,1,1,0,3,0
0.4456834564257768,43,0,0.6390180575812623,5933,7,0,2,0,2,0
0.39148904242281346,45,0,0.2778089149796547,4261,6,0,0,0,1,0
0.22592897763113673,27,0,0.7693006226693592,1873,11,0,3,0,0,0
0.07312928413654854,34,0,0.31325794423962444,1506,6,0,0,0,1,0
0.28220316231616416,43,0,0.398981408033467,5059,12,1,0,0,0,0
0.4401512475394676,46,1,0.5733186362667169,1223,8,0,2,0,1,0
0.6401553871442232,39,0,0.394825532522409,9265,7,0,2,0,1,0
0.39369167193959276,28,1,0.12390311098619596,8379,7,0,0,1,0,0
0.06677934668475552,48,0,0.6660808485558527,4941,14,0,3,0,1,1
0.009125220204052145,57,0,0.18673063676026674,2610,12,2,2,0,3,0
0.2156908263053649,55,1,0.18747810726451128,6041,4,0,1,1,4,0
0.21609718237211842,66,0,0.6415748580647709,7561,7,0,2,0,3,0
0.35871528449354345,56,0,0.7054303049120012,10385,9,0,2,1,0,0
0.1419573466603035,39,1,0.5130877893311926,6615,6,0,0,1,0,1
0.23453577381770646,65,0,0.2528197312834662,1618,9,0,2,0,1,1
0.08706414269043068,76,0,0.5700706112328734,2969,8,1,0,0,2,1
0.16145337832755238,31,0,0.3083559585370786,5432,7,0,2,1,0,0
0.05679085591812101,36,1,0.30143216476729456,9392,11,0,2,0,3,1
0.19135986315684106,43,0,0.7271940973907092,2723,7,1,3,0,2,0
0.30687868630607906,48,1,0.6029250780044895,1843,11,0,0,0,2,0
0.04971796361642858,38,2,0.12408304987909143,4802,5,0,0,0,0,0
0.40484144262274707,36,2,0.24131108349022157,6450,8,0,1,0,1,0
0.38377195513158296,28,0,0.18920275260850505,8399,5,0,2,0,0,1
0.12303220008859973,43,0,0.36277137423991374,5045,11,0,0,0,1,0
0.3484912711442171,28,1,0.23644801097927134,718,10,0,4,0,0,0
0.20499681524269106,59,0,0.36064670527442283,1500,9,1,0,0,0,1
0.35898566270850263,50,1,0.2683322303415447,6851,10,0,0,0,3,0
0.46096345669820216,40,0,0.5130244196151457,10623,11,0,0,0,2,1
0.38165924995879086,44,0,0.4800058425334815,9791,8,0,3,0,2,0
0.5171210741095027,47,1,0.2736049729910234,3692,11,1,1,0,2,0
0.4782042582492039,37,0,0.5719099697893603,7929,11,0,1,0,0,0
0.2610691825662745,63,0,0.5318288793306342,6380,14,0,2,1,2,0
0.04434411108745307,65,0,0.44510081563904813,3149,3,0,2,0,2,1
0.5757817764151387,55,0,0.5513005632453757,17592,6,0,1,1,1,0
0.08705714130803578,45,1,0.7179941968061273,11452,5,0,0,0,0,0
0.2737600429068048,70,0,0.5919089787966089,2542,7,1,0,0,0,1
0.12749956182962713,55,0,0.2731374482923108,14281,6,1,0,0,0,0
0.26046775339406814,60,0,0.39781905458860567,6371,8,0,0,0,0,1
0.11542053420490266,32,1,0.6091374850802332,6923,8,0,1,0,1,0
0.5245334150191528,31,2,0.16427161337743912,1334,7,0,4,0,1,0
0.1667265872291056,56,0,0.32485120048305194,3217,6,1,2,1,0,0
0.41506642542071204,44,0,0.3924980816731207,3592,8,0,3,0,0,0
0.31997641234063534,47,0,0.26658480202937984,2715,9,0,0,1,1,0
0.0876526637927164,22,0,0.3142888989388636,2166,8,0,2,1,2,1
0.2746769601481263,32,0,0.5465889266827136,17952,13,0,1,0,0,0
0.22251494346615427,42,1,0.37271343090054176,2095,9,0,1,0,0,0
0.16952137237508622,54,0,0.7554187254060183,5764,11,0,0,1,0,1
0.3709186980229637,47,0,0.743797098080283,1028,4,1,2,0,1,0
0.38287103963710656,50,0,0.21115206225185995,3138,8,0,1,0,0,0
0.19783246291767,60,0,0.14753860546899747,20941,5,0,5,1,4,0
0.19364614576822783,47,1,0.7299601114625155,11870,8,1,1,0,0,0
0.4181087073066783,50,0,0.3380407815424276,2012,7,1,4,0,0,0
0.21979557010856224,55,0,0.48028941664115704,2590,8,0,2,0,1,0
0.2630186225625993,61,1,0.6023985012084035,15185,7,0,3,0,0,0
0.3435756507148038,62,0,0.5751379686035754,8032,6,0,2,1,0,0
0.1669478732176453,50,1,0.3926424324006141,10152,10,0,1,0,0,0
0.5861606927982685,57,0,0.39955589623556775,9781,6,2,4,1,2,0
0.2144194618335037,45,0,0.40530915643555643,6402,8,0,1,1,2,0
0.08856495156437919,43,0,0.10773090682815126,2326,8,0,1,0,1,0
0.05465888848260841,36,0,0.4244738617297621,8782,7,0,1,1,0,0
0.6888378510379619,41,0,0.596732085755706,3351,10,0,2,0,0,1
0.17178260577974416,27,0,0.15254760766991046,2649,4,0,0,1,1,0
0.5768493177074917,67,1,0.10845448627384477,9627,7,0,0,2,0,0
0.3655404498563951,59,0,0.26318824844294236,7862,8,0,1,0,1,1
0.191609041396062,49,2,0.26440459720457654,6398,7,0,3,2,2,0
0.3187512368347733,30,0,0.3192467594161998,20457,3,0,1,0,1,0
0.3356064923012248,60,0,0.19487695686655737,4416,5,0,1,0,0,0
0.20015373801797418,49,0,0.5142607066542569,7422,8,0,0,1,1,1
0.12048418461412207,32,0,0.4333532264844921,6356,5,0,1,1,2,0
0.2957292300443844,70,1,0.5758939807480535,5120,4,0,0,1,2,0
0.24858892907161217,39,0,0.5859818670609368,19374,9,0,2,0,0,0
0.32282787849159883,50,1,0.4249340827021466,17187,5,1,0,0,0,0
0.2838656485813687,62,2,0.5817915532494998,1804,5,1,0,0,1,0
0.12250250250742248,18,0,0.5233678869023439,19837,6,0,3,0,0,0
0.3279749391746577,25,2,0.4974503575443185,3879,10,0,1,0,1,0
0.367171675209444,39,0,0.24075849676997496,1747,7,0,1,0,3,1
0.1851255606964631,66,1,0.4153396245970979,3566,14,0,1,1,3,0
0.14936248835300567,66,0,0.16893428652956669,4190,11,0,1,0,1,1
0.1703355547952625,64,0,0.6041250616983225,2201,9,0,0,0,1,0
0.06612849907688989,35,0,0.47052385804005387,7350,5,0,0,0,1,0
0.1412114260061535,42,1,0.5138731499973345,1189,7,0,1,1,1,0
0.12558384170464296,54,0,0.11260931952222175,3055,8,0,0,1,1,1
0.0434928864754378,34,0,0.057118426078219986,7745,6,0,0,0,1,0
0.6043670148956254,52,1,0.6484244472205039,2738,10,0,1,0,1,0
0.24382227617156302,49,1,0.15714859028295014,3316,11,0,2,0,1,1
0.33822054426451414,39,1,0.24153992545586508,3873,9,0,0,0,4,0
0.21657499119625648,43,0,0.5918566940900855,3500,3,0,1,0,0,1
0.563469297316762,39,1,0.2089042037913378,11401,5,1,3,0,1,0
0.2603748246689517,58,2,0.6491510486686665,984,7,0,1,0,2,0
0.2898321404793046,69,0,0.432393013005527,5851,5,0,0,0,0,0
0.17516918559867922,55,0,0.10314991325211131,3200,10,0,1,0,1,0
0.07425777063153967,66,1,0.5590612192142514,5515,5,0,0,0,0,0
0.1043979391662608,57,2,0.24235341617351522,3065,3,0,1,0,0,0
0.33498749624354746,82,2,0.19664981405382484,5913,9,0,0,0,4,0
0.3231423189060034,54,2,0.2379859477814981,13829,14,0,0,0,1,0
0.3111438897380931,18,0,0.5517835480522253,4693,12,0,2,0,0,0
0.06543013263742085,39,0,0.13779575275270428,6008,8,0,0,1,1,0
0.4619540474755213,44,1,0.45349400363535775,2595,8,1,0,0,0,0
0.1786039402761869,30,0,0.4608091634904077,6673,11,0,4,0,2,0
0.3061930563278636,54,0,0.19858536725880882,3225,11,0,1,1,0,0
0.5851235168668691,60,0,0.2688337015338865,6323,10,0,0,0,1,0
0.3337586515454909,54,1,0.1665740851325797,6924,8,1,2,0,0,1
0.19038085086052645,33,1,0.5504525914592991,17858,6,0,2,1,3,0
0.4195290508459466,40,0,0.6264306925624735,4620,9,0,0,1,2,1
0.18746823865940282,58,1,0.30652776718023184,6195,8,0,0,0,0,0
0.03304512931087646,61,0,0.5324380481058065,8190,10,0,1,0,2,0
0.1432171615294552,74,3,0.6388019432133816,14601,12,1,1,0,1,0
0.32905513729519537,52,1,0.3690928092418596,15787,12,0,0,0,1,0
0.33233297256614763,63,0,0.6512762446286409,1874,7,0,0,0,3,1
0.28637698547161844,29,1,0.727659123105685,8506,7,0,0,2,1,0
0.6000102797206351,42,0,0.6189224969728775,13719,5,0,1,1,3,0
0.0550535299930336,18,0,0.45198288623767613,17308,10,0,1,0,0,1
0.019585666853759467,34,1,0.319712281705049,3836,8,1,3,0,1,0
0.5065560021437325,44,1,0.7382515757802551,4799,15,0,0,0,1,0
0.34133156671313075,57,0,0.5067648844185999,10641,9,0,0,0,1,0
0.4925643068758577,41,1,0.44162706240852173,3671,6,0,0,0,1,0
0.1193987062624922,18,0,0.3335966690838098,8911,6,0,1,1,1,0
0.647263584859471,65,0,0.4596715256637722,16640,9,0,1,1,0,0
0.36948005932087985,52,1,0.28040986343112356,1867,6,0,1,0,2,0
0.04722878729062935,30,0,0.6670164635154819,6000,7,0,0,0,0,0
0.1280215023996451,30,0,0.24661493466236808,5640,6,0,2,0,1,0
0.18698920954262951,43,0,0.2713309145010443,3048,9,1,0,0,3,0
0.29718384626168914,57,0,0.25732713700250576,11469,5,0,2,0,1,0
0.6741454267082089,66,3,0.6003387926704068,1228,13,0,2,0,1,1
0.2677161248868181,39,0,0.48283787521539456,9158,10,0,0,0,1,0
0.14474345299067404,34,1,0.822433204219646,2809,8,1,0,1,1,0
0.18531204013259744,36,0,0.3495372971643687,5602,4,0,0,0,0,1
0.44655648098182427,40,0,0.9014616514675248,1350,5,0,0,0,1,0
0.25524344350846034,63,0,0.3240409590443001,3342,8,0,0,0,2,0
0.10837393680405952,33,1,0.5102197014254092,5877,6,0,2,0,0,1
0.18639797942441208,47,0,0.08334695368646894,4797,8,0,0,1,1,0
0.40624071069061457,18,1,0.024031765208748966,12089,7,0,1,1,1,0
0.1396389986829845,43,0,0.32993167148023733,4753,11,0,0,1,0,0
0.21100501177007502,77,0,0.27521552980076125,5381,12,1,3,0,0,0
0.2902930672213283,42,1,0.08202955755899291,1544,10,0,3,1,1,0
0.16398589664332333,42,1,0.519802644001825,7669,5,0,0,0,1,1
0.21192942197248607,24,1,0.3610755626487386,991,15,1,1,1,2,1
0.16720741821127025,37,0,0.28163541892615235,4043,9,0,2,0,1,0
0.2696660267436655,59,0,0.5651489281958694,6453,5,0,0,1,0,0
0.48247404702640573,44,1,0.2978579615946684,1121,5,0,0,0,2,0
0.5219099841333071,27,0,0.34199289540644,12051,10,1,2,2,0,0
0.5113902623280847,36,1,0.241350869507797,1718,8,0,2,0,2,0
0.02432924820569291,48,0,0.28171282781725043,1351,6,0,1,0,0,1
0.18881326619892927,60,1,0.8043357438344496,2304,14,0,0,0,1,0
0.20576728602820887,29,1,0.6137900505977354,7978,9,0,1,0,1,1
0.3301972042765707,71,1,0.06317234143683756,3142,5,0,1,1,2,0
0.24605421844005784,41,0,0.4501252093690606,2733,10,0,1,0,0,0
0.35954780243224554,52,0,0.4269949121647986,5821,8,1,2,1,2,0
0.3597814638368643,39,0,0.43370045502575055,6130,7,0,1,0,2,0
0.12335323185174234,56,0,0.39917033353965803,10652,9,0,1,0,1,0
0.3312445157325772,38,1,0.19221590489727727,6832,11,1,1,0,0,0
0.2584229497717151,37,0,0.36268291123366103,1104,3,0,1,0,2,0
0.2761858165662761,18,0,0.4756613060415207,1212,8,0,0,1,0,1
0.37980243095339505,35,1,0.7310326603436786,1006,9,1,1,0,0,1
0.2939236441924128,71,0,0.29458305198300816,4598,10,0,1,0,1,0
0.2236657300904353,30,0,0.3470997569423754,12172,9,0,2,1,1,0
0.3724257386282886,24,0,0.5690147004288651,27195,7,1,0,0,0,1
0.3387508643713984,39,0,0.211327256597061,1010,10,0,0,0,1,0
0.6994533299970936,58,1,0.5549287015713653,8036,9,0,0,1,1,0
0.3764477646996314,43,0,0.08947434521106411,7534,10,0,0,1,0,0
0.2475246258072089,46,3,0.6475392882349508,1110,12,0,1,1,1,0
0.154638269434457,50,0,0.5019443951930825,8803,12,0,0,0,0,0
0.12765939240010724,57,1,0.5006537452392368,19010,9,0,1,0,0,0
0.2288469605121129,38,0,0.7513199321577306,13226,9,0,0,0,0,0
0.2927671460076398,45,0,0.6492741919844081,4991,6,0,2,0,1,0
0.07968343225700979,39,1,0.2177643387308603,9753,6,0,2,0,0,0
0.370772848907287,43,0,0.14674839114237787,576,4,0,1,0,1,0
0.07793181377373003,26,0,0.4739624177888454,3757,8,0,1,0,1,0
0.11569416758911145,40,1,0.48893270571582687,7623,9,0,0,0,1,1
0.358417162333056,50,1,0.7183065720231446,12215,8,0,0,0,0,0
0.3527515444176179,38,0,0.45181294948526673,5368,12,0,2,0,0,0
0.21572796389245266,32,0,0.5097274044588006,672,8,0,1,0,2,0
0.30605248327101253,18,0,0.8040520024900989,13055,9,0,0,0,1,0
0.39170710637406597,51,0,0.6189018025070627,1582,12,0,1,0,0,0
0.2678321248304175,45,0,0.39383892556979044,4736,11,0,1,2,2,1
0.547492798778433,41,2,0.4945616135192729,4077,10,0,1,1,1,1
0.35417705375222225,50,0,0.4143477803242774,5138,11,0,2,0,0,1
0.35972968191562876,52,0,0.36985514056997143,5099,8,0,0,0,0,0
0.10526025390270469,61,0,0.17295347094628494,7424,5,0,1,0,1,0
0.5863957342466298,29,0,0.5917309500395338,13516,8,0,2,1,1,0
0.4421637110267017,38,0,0.7001754922162192,14347,6,0,0,0,3,0
0.2304418063862422,60,0,0.2866249856989606,30121,7,0,3,0,1,0
0.02704185737992373,18,0,0.6419341464422856,10164,14,0,1,0,3,0
0.08888843905642685,62,1,0.5040899317926112,6840,7,0,0,0,2,1
0.4704631234449641,34,0,0.6613489398721526,4810,7,0,1,0,2,1
0.21520491942328626,21,0,0.24971977499500705,3352,9,1,1,0,1,0
0.5282853584284886,42,0,0.23053952828559274,1791,7,0,3,0,2,0
0.13718646268734638,40,0,0.21993601656779574,6385,10,1,1,0,0,1
0.5693589144159796,55,0,0.2813263016085909,6387,5,1,2,0,1,1
0.26322847449248543,43,0,0.7176849266612033,3790,11,0,0,0,2,0
0.4622962431811269,36,1,0.21104299227961895,2671,11,1,2,0,3,1
0.06079592625007202,34,0,0.6035901079325761,61581,10,0,1,0,0,0
0.19708826228957108,49,1,0.043383801359929204,5211,6,0,3,0,1,0
0.31418330740199635,47,0,0.23334207082578706,13943,11,0,1,0,1,0
0.3906591661343804,47,3,0.18052799927453483,2157,10,0,0,1,1,0
0.17620837127808578,38,1,0.5024319077956689,5820,10,0,0,2,1,0
0.31688995147947074,56,0,0.35439244649315405,2519,9,0,0,0,2,0
0.300419192667922,39,1,0.6331927771014175,2130,6,0,0,0,1,0
0.19805330435724594,56,1,0.6494693415785737,8577,8,0,1,2,3,0
0.4797543426320238,66,0,0.3339527455142294,4706,6,0,4,0,0,0
0.007834234775336303,51,0,0.5465733322490205,3960,7,0,1,0,1,1
0.3645206903425246,35,0,0.4379018475120301,8259,8,0,1,0,0,0
0.4648197487823014,52,0,0.17189565746602167,4759,14,0,0,0,0,1
0.16314938044056618,40,0,0.09652881684614105,3995,13,0,2,0,1,1
0.3053054524830167,44,1,0.7963943329268164,5951,8,1,0,1,1,1
0.6184335863297447,28,1,0.27744112055226977,3763,6,0,0,0,3,0
0.1863289384231781,49,1,0.8122424960952128,6667,12,0,1,0,0,0
0.3909359429897051,42,1,0.3634784063650948,853,6,0,1,0,0,1
0.11174820721564312,50,0,0.4307452419233613,955,7,0,2,0,1,0
0.1844726851118371,19,0,0.1437445798648654,2435,5,0,1,0,2,0
0.1437896680611432,41,0,0.08553221556023897,21335,7,0,0,0,2,0
0.1017292459380719,18,0,0.37993396523613693,7387,5,0,0,1,1,0
0.19934834111986158,47,0,0.26815819064015356,4655,8,0,1,0,0,1
0.7033012066035195,58,0,0.6536160202041711,2884,11,1,0,0,0,0
0.6797906008593201,48,0,0.35604739172086003,1451,8,0,0,0,0,0
0.2949029507796962,36,0,0.22263442243751255,5608,9,0,0,1,1,0
0.29779066430900003,61,0,0.4201089282881952,3695,7,0,1,0,1,0
0.21776561636861702,49,2,0.6453453567454529,5371,7,0,1,0,0,0
0.39433664702993565,27,0,0.21509270471587894,4416,5,0,0,0,1,0
0.38312009080478726,46,1,0.5945985574545171,7731,11,0,0,0,3,0
0.0855187492906912,36,1,0.29173408300194237,5090,9,0,1,0,2,0
0.2557944635710791,18,0,0.21906733057284908,3912,10,0,0,0,0,1
0.12617692505262879,36,1,0.10890627260459323,10733,4,0,0,2,2,0
0.08234398726671271,52,0,0.2919556375422702,5216,7,0,2,0,0,0
0.3599737571050921,35,0,0.33400280301606,4887,4,0,2,0,0,1
0.27433469234073793,25,0,0.387661328680642,6340,8,0,1,1,3,1
0.07315430560751816,36,1,0.6341943323165669,14893,10,0,2,0,0,0
0.14517242569727953,36,0,0.23719343957269828,31051,8,0,0,0,3,0
0.37712518600150036,33,0,0.3020132489142511,3267,10,0,1,1,1,0
0.5289197175137795,49,1,0.2883785606647363,12008,6,0,1,0,1,0
0.1477784208416337,31,0,0.33603587801326873,6381,9,1,0,1,1,0
0.25891098066999185,55,0,0.29292476867431944,3256,11,0,2,1,1,0
0.14684918970091637,42,0,0.18909444311529428,2032,6,0,1,0,0,1
0.320457247009247,40,1,0.23693837470652568,6823,7,0,0,0,1,0
0.15359282156427373,18,0,0.2839764483018167,6934,8,0,1,0,0,0
0.430619011752456,33,0,0.2676878758250864,6480,6,0,2,0,1,0
0.34258958833059344,59,2,0.7594321274436062,776,4,0,0,1,3,1
0.48283649065268297,45,0,0.689725954094253,7213,7,0,1,0,0,1
0.12723224672236522,32,0,0.28915122440529484,11575,9,0,2,0,1,0
0.11003928364581335,71,0,0.11346874606770256,3447,6,0,1,1,0,0
0.06787980725708558,48,1,0.2813119481807736,3025,5,0,0,0,0,0
0.3057661584598715,67,2,0.4163376398341076,4721,6,0,2,0,1,0
0.41008907271858747,51,0,0.27620859105165496,18313,8,0,0,0,0,0
0.43716723206490654,48,2,0.3355684638610917,3938,9,0,1,0,0,1
0.30419374754654405,51,0,0.20235031798751765,5145,3,0,1,0,2,1
0.1096904237576694,37,0,0.365782211364376,4752,8,0,2,1,2,0
0.3739502857196982,52,0,0.22772236419154995,3009,9,0,2,0,0,0
0.013667172924463311,38,0,0.3701986182871932,2812,10,1,2,0,1,1
0.05415428911067016,27,0,0.6013730927322483,1812,8,1,0,0,0,0
0.1317725520545168,46,1,0.43440606177345864,11898,4,0,3,0,0,1
0.35823039790105177,28,0,0.6357198043873195,8690,12,0,1,0,2,0
0.36137078565037767,20,1,0.31574800878799925,12919,7,0,0,0,2,0
0.1649599330898343,56,0,0.4410913232057529,6864,11,0,0,0,1,0
0.4948477999751494,55,0,0.19003594401950202,2293,8,0,2,0,0,0
0.35770973950639173,63,2,0.4146593240202504,13290,9,1,1,0,1,1
0.43246273115658573,34,0,0.10390092884279448,5955,8,0,0,0,2,1
0.25608288236333554,35,0,0.6977306406424343,8158,6,2,0,0,0,1
0.27518307332167574,51,3,0.027644936347285574,6087,9,1,0,0,1,1
0.14204350899995824,36,1,0.484380893369663,3697,7,0,1,0,1,1
0.22632589199828163,27,0,0.16215537912096628,3870,7,1,1,0,0,1
0.3961593462031362,36,2,0.6228120191966325,9527,8,0,0,1,1,0
0.12022320641660902,24,1,0.4975935633005656,11279,11,1,3,1,2,0
0.4815258999346806,39,0,0.14621049151878843,9343,10,0,0,0,1,0
0.42387243037549005,80,1,0.1847595894783769,5831,10,0,3,0,2,0
0.11596510545346278,18,0,0.8883794854578103,2990,7,0,2,0,0,0
0.30506717912842574,23,2,0.1737471497461342,12368,14,0,0,1,1,0
0.6046928261739555,93,0,0.5633774148110314,8005,6,0,1,0,1,0
0.10276503074203584,55,1,0.11243966208385729,2961,3,0,0,0,1,1
0.30710183754869674,57,0,0.6167330879820714,7952,12,0,0,0,0,0
0.41093516590434015,37,0,0.5660878527999237,3286,8,1,1,1,0,0
0.19017086816246112,40,0,0.22053617195739422,10053,9,0,0,0,3,0
0.08251579205423075,48,0,0.5108057739242257,41624,10,0,1,2,2,0
0.5519685354535567,42,2,0.31775183058578427,15014,3,0,3,1,0,1
0.40213028991426775,57,0,0.37586084079788346,16577,7,0,3,0,1,0
0.18647673611020057,19,1,0.13553227190624495,4291,5,0,1,1,3,0
0.17221681245605336,36,0,0.5355103365481441,5276,11,0,2,2,0,0
0.3453526954719956,45,0,0.42769375523340397,75810,11,2,0,0,1,1
0.05095146655974771,36,0,0.5630212288266108,2400,9,0,1,1,1,1
0.30309661954422445,63,0,0.13731897577576274,2085,11,0,0,0,1,0
0.0531032172703382,62,1,0.03443766292170522,1458,10,0,0,1,0,0
0.09079372697130578,41,0,0.22024358103290612,14826,9,1,0,0,1,0
0.33322764077006045,63,2,0.19357209054279517,1970,3,0,0,0,1,0
0.4638090598933001,22,0,0.3804114056382879,1385,8,2,1,0,0,1
0.5267160610999515,18,1,0.16854619182564073,2986,15,0,2,0,1,0
0.45491242537033366,49,0,0.2571026061205382,6613,11,0,0,1,2,1
0.20168750827832715,18,1,0.5719559419985926,2933,8,0,2,0,0,1
0.14788372583031995,45,0,0.5201644131316415,11978,3,2,0,0,2,0
0.1361929969354818,48,1,0.20048485107476133,6925,5,0,2,0,1,0
0.19801469336216748,33,0,0.4217645712342007,3931,7,0,2,0,2,0
0.37778202614492756,57,1,0.1636349365120618,3537,9,0,1,2,1,0
0.12709776507230372,50,2,0.4520256027978607,8962,6,1,0,0,0,1
0.5201894454939906,48,0,0.02261388287462652,8072,6,0,2,0,0,0
0.7417547463095225,41,0,0.37944932134382103,1213,2,0,2,0,1,1
0.5494226188954904,28,0,0.12370348314357346,1859,11,0,2,0,1,1
0.46264121451026924,54,0,0.2403023921755845,1914,16,0,1,1,1,0
0.2594540062866545,53,0,0.24659205212009216,10037,8,0,0,0,1,0
0.3199502576913583,55,1,0.4224986608958738,6158,4,1,2,0,1,0
0.23833343868801468,67,0,0.08298629471995424,4082,7,0,0,0,2,0
0.521996869165844,68,1,0.09140703099538361,11676,11,0,3,1,3,0
0.4408787443483066,57,0,0.15029186480354098,4874,11,0,1,0,2,1
0.11926079430060388,77,1,0.35064771284419544,6941,10,0,1,0,0,0
0.035350215635715866,57,2,0.4753513990371572,2167,7,0,0,0,2,1
0.4595977138325073,53,0,0.7463565116391022,1356,8,2,0,1,1,0
0.2622960153093909,50,1,0.28671828727806153,23082,17,0,1,0,1,0
0.2843745918623775,43,0,0.37195047000677,3926,9,0,0,0,3,0
0.29563742681647537,49,1,0.28819145948699904,8234,9,0,2,0,1,0
0.3716551234931591,46,0,0.19409423451786306,3338,4,0,2,0,0,1
0.181500645605559,40,1,0.7325587419231194,8748,2,0,2,0,1,0
0.43217331082702376,44,1,0.21426023253705187,3868,9,1,2,0,1,0
0.43368323493582617,54,0,0.5270460459223536,5747,7,0,1,1,1,0
0.09740619223066295,31,0,0.5109460127601891,9774,14,1,2,0,1,0
0.20672471416322047,66,0,0.2713508133500626,9548,7,0,6,1,0,0
0.11654462992078493,46,1,0.24697076389885037,8699,4,0,3,0,2,0
0.3981950381033326,51,1,0.5545646451012716,8984,8,0,1,1,1,0
0.3800958043954642,42,1,0.1639411032744206,3449,9,0,3,2,0,0
0.4081354131670829,61,0,0.3402878725939814,10117,6,0,1,1,1,0
0.5825992566983975,51,0,0.2525692473161916,5986,8,0,1,0,0,0
0.14571019778215027,57,1,0.5639305931757029,3308,10,0,2,2,1,0
0.20431505557270085,51,1,0.03393177264011455,7064,14,0,2,0,2,1
0.2643356303087087,87,0,0.2565655028633591,4467,11,0,0,0,2,0
0.6693488469784211,33,2,0.6927288145195875,4212,10,0,1,1,0,0
0.5037402077598274,48,0,0.25857099930616223,5266,8,0,1,0,1,0
0.42847844074859504,31,1,0.6595544407618171,5667,15,0,1,0,0,0
0.2762443624606383,52,1,0.15849778076218543,965,9,0,2,0,1,1
0.006312767347358921,44,1,0.5940637740901533,8983,10,0,1,0,0,1
0.439572675295824,63,0,0.6019705305156636,13046,8,0,1,0,0,0
0.10607928396498016,31,0,0.45219251859040754,5176,9,0,0,0,1,0
0.19648329720521562,52,0,0.2665672515027735,7913,10,0,0,1,0,0
0.2510011339041515,36,0,0.8203961321628603,3483,6,0,1,1,1,1
0.3290827079643117,25,0,0.7047596182893514,8978,13,0,1,1,2,0
0.5236797733448728,20,0,0.49888658821942716,4540,7,0,1,2,0,0
0.11527535596034338,18,0,0.3786478616647927,40813,8,1,1,1,2,0
0.09505408446151233,57,0,0.47141545067051505,12612,6,0,3,0,1,0
0.23246577193742646,27,1,0.2635204030445023,5884,5,2,0,0,2,0
0.41541454723824706,91,0,0.5360930054253464,3896,7,0,1,1,0,1
0.4312018573241675,48,1,0.6781704068714982,4146,4,0,0,0,2,0
0.6321032518188174,38,0,0.147636170671437,1031,11,0,0,1,0,0
0.07482281316324055,30,0,0.6282761826821335,7199,8,0,1,0,0,0
0.3529226792245292,63,1,0.19211122773498668,42553,9,2,2,0,1,0
0.18842379571275486,53,0,0.37300141078187693,6737,9,0,0,0,1,0
0.3134683802791636,30,1,0.4744969966992368,3483,7,0,0,0,0,0
0.3394621239717397,51,2,0.5869818864631108,2619,8,0,1,1,1,0
0.06896511573031594,37,0,0.2676822216161504,3835,5,0,2,0,0,0
0.2735615210200951,36,0,0.27830103249881377,5512,9,0,0,0,0,1
0.26581176184414035,45,0,0.3655792014426625,1849,6,0,0,0,0,0
0.19789112486721325,54,3,0.26792206009248865,5428,7,0,2,0,3,0
0.3208535532556805,41,1,0.44621359851556575,4213,9,0,0,0,1,1
0.3341627776618959,59,1,0.7856786054572902,10114,9,0,0,0,3,1
0.23764554813964722,50,0,0.43762266110693965,38303,4,0,0,0,1,0
0.3036708037690772,57,0,0.6688690623054111,7237,12,0,0,0,1,1
0.14592910822647936,60,0,0.6351047942008788,11148,5,0,0,0,1,1
0.2369073508958464,45,0,0.7024668237389861,9979,11,0,3,0,1,0
0.1851936883243108,34,1,0.430066316200243,5550,6,1,2,0,3,1
0.5118036808064659,55,0,0.33319709836879047,5703,7,1,0,1,2,0
0.1896985864309723,18,0,0.5872126541261281,1972,7,0,1,0,3,0
0.17726371378468875,46,0,0.1219821489906861,6564,8,0,1,0,0,1
0.1807722688361465,44,0,0.3588612497338344,4832,8,0,1,1,1,0
0.12856449672334877,55,0,0.3423905284045113,20744,6,0,0,1,1,1
0.34665056786324416,30,0,0.12553479092056644,9385,13,0,0,0,1,0
0.10791121614373068,49,1,0.3785946338423946,24353,9,0,0,0,1,0
0.29844480864215284,60,0,0.40339154619850776,10875,7,0,0,0,0,0
0.29365591513213773,47,0,0.6067967190355031,1294,7,0,0,0,0,0
0.29592433432116605,67,0,0.7960000246405027,16697,12,0,2,0,1,0
0.6677621337318529,75,1,0.5498719516538053,1980,9,0,0,0,2,0
0.2155534950606187,42,0,0.48443971976828915,10433,13,0,1,0,1,0
0.05806732719098011,53,3,0.42814514906323203,3141,7,0,0,0,1,0
0.1609488359219126,40,0,0.8817388345682243,8736,6,1,0,0,0,0
0.2553668387458885,38,1,0.3069794179909656,7719,11,0,1,2,0,0
0.46791625396305714,42,0,0.19649590152555796,4779,5,0,1,0,2,0
0.3888512690022685,52,2,0.1433198511685354,15897,13,0,0,0,0,0
0.31032905942560807,48,0,0.5857572544871474,1709,6,0,1,1,2,0
0.2278746311629999,25,1,0.6671646348158135,7736,5,1,1,0,0,0
0.25039401238998654,35,0,0.8600636450369817,2709,9,0,0,0,0,0
0.32024405165048764,62,0,0.41937352022629004,3900,5,0,1,0,0,0
0.5980288954817646,43,0,0.420117993638601,6847,13,0,1,0,1,0
0.14645819163013504,57,1,0.31484778804904723,11645,8,0,1,0,1,0
0.2626140088780126,78,1,0.48318233560404455,4918,8,0,0,0,1,0
0.12959852836840743,44,0,0.0946710961411842,5184,5,0,2,0,2,1
0.20468779648295543,54,1,0.45909750829738694,3293,7,0,2,0,0,1
0.23880395201086113,34,1,0.41474991793470545,4035,5,0,1,0,3,0
0.32450386173082435,30,0,0.14139417545533395,3667,3,0,0,0,2,0
0.14960606136742322,18,0,0.4513182666745726,3741,8,0,0,0,0,0
0.4605082811113239,38,0,0.3040757089988449,5346,7,2,3,0,0,1
0.4795485515272435,18,1,0.09859487798554893,3763,7,0,1,2,2,0
0.4223817836855023,28,0,0.41005324370484053,7613,5,0,1,1,0,0
0.14024865109399967,66,0,0.3548663347193762,16049,6,0,0,1,0,0
0.518254373324762,53,1,0.4595163964185008,6366,8,0,0,0,0,0
0.4198896818212225,61,1,0.6068472850646065,3154,6,0,1,0,1,0
0.18441337417082387,47,2,0.48006203273658454,753,9,0,0,1,3,0
0.06011313567498204,25,0,0.44121336680394585,5805,6,0,2,0,1,0
0.19862652602036357,21,0,0.206389699335574,5329,8,0,0,1,1,0
0.15195795100097553,48,1,0.5662202509709601,10112,6,0,2,0,2,0
0.21281594437852733,52,0,0.4339444356183886,5885,8,1,1,0,2,0
0.2575816474494014,58,0,0.32457578412403565,4908,8,0,0,1,1,0
0.37462127536870593,18,0,0.39513995873080304,1720,5,2,1,0,1,1
0.5712140891803525,46,2,0.44416771059983357,2493,5,0,0,0,0,0
0.43985484238223194,31,2,0.36656787128920215,1814,8,0,3,0,1,0
0.13100236298823953,55,2,0.30776336522823605,6035,9,0,2,0,2,0
0.17046476829977902,62,2,0.23603193230805433,9435,8,0,1,1,3,0
0.14709088610861906,23,0,0.18278557164279388,4408,9,0,2,0,1,1
0.31034575661138974,49,0,0.6004367189382974,14515,9,1,1,0,0,0
0.2969297710022957,37,0,0.45176119884938065,10305,5,0,2,0,2,0
0.1231859288000492,48,2,0.7016995350337095,4354,11,0,0,0,3,1
0.10500639442088841,39,1,0.29406468636344063,22424,4,0,2,0,1,0
0.14002437929316452,34,1,0.4426669393865569,2743,7,0,0,1,1,0
0.1412176489786906,32,0,0.17568271536219918,8613,10,1,0,1,0,0
0.5441368214419654,31,0,0.30310999802435507,6968,7,0,1,0,1,1
0.7615248666361321,35,0,0.5628883740494062,3782,7,0,1,2,0,0
0.31122479829226246,42,1,0.7087324061587124,7077,14,1,1,0,0,0
0.3114143227829423,74,0,0.4085487203056612,7653,16,0,2,0,2,1
0.49394039618877567,31,1,0.09554483435725715,13802,12,0,0,1,1,1
0.18448724612143755,35,1,0.13398901319074605,5072,7,0,2,0,0,1
0.2559296553913754,47,1,0.6629463232568173,1645,6,0,1,1,0,0
0.10266816870580663,36,0,0.2802103444167291,6573,13,0,2,0,1,0
0.41582856569263066,18,3,0.13266671882637598,9986,9,0,2,0,0,1
0.5375739984267678,49,0,0.5047891969048515,5583,6,0,1,0,1,0
0.4974166191231245,31,1,0.3190834739009566,2964,5,0,1,1,1,0
0.3005131343369898,50,0,0.6680078079996697,972,12,0,0,0,0,1
0.08882800862975233,62,1,0.5654708362421822,6899,8,0,1,0,0,1
0.5603326275457615,47,1,0.43527649783693845,6827,5,0,2,1,1,0
0.40557262213012796,47,0,0.2207805907625353,7084,10,0,0,0,2,0
0.1442024935177335,18,1,0.4689650673154327,2090,11,0,3,0,0,1
0.13288863441310247,44,0,0.1750426021460103,5163,9,0,0,0,1,1
0.21491968550927135,36,0,0.3168987519640679,4385,8,0,0,0,0,0
0.44962718865135437,41,0,0.7085026736145177,4555,14,0,1,0,2,0
0.16315055026237274,33,0,0.16810155457770307,1751,7,0,1,0,2,0
0.3490058254088543,35,0,0.4883676912846168,7750,12,0,1,1,2,0
0.3893489740744217,28,3,0.7274618924624929,41072,13,1,2,1,0,0
0.09824065766675989,51,0,0.6636081675618004,3185,12,0,1,0,1,0
0.049548430944279416,60,0,0.6267683250761277,6389,5,0,2,0,0,1
0.12961888638819685,64,0,0.3686229875035364,9023,6,0,0,0,1,0
0.19629729294630724,39,1,0.3687796822149493,946,8,1,0,1,0,0
0.11061133485498302,44,0,0.37650033336776606,1521,10,0,1,0,2,1
0.05269694275601628,31,1,0.12217869034838445,26036,7,0,1,0,1,1
0.3899401120529358,40,0,0.2893811322720737,2500,4,1,1,0,1,0
0.33003704678489454,51,0,0.35690517059945714,7781,6,0,0,1,2,0
0.43060409177066217,50,0,0.34023389090128625,4527,8,0,1,0,0,1
0.5241700952801757,44,1,0.5276315787861647,12051,9,0,1,0,1,1
0.2312363402517394,36,0,0.17086136754528214,2948,7,0,3,0,1,0
0.1644834283075669,32,0,0.511635438989259,3050,6,0,0,0,2,0
0.1487567129530321,61,1,0.08285816116936655,2865,9,1,2,0,1,0
0.3062982404725879,64,1,0.6909933133559517,1087,3,0,1,0,1,0
0.37842720976033745,47,0,0.5718547816490422,4779,7,0,2,0,1,0
0.41465401272583086,28,1,0.16428760358929867,5290,6,1,1,0,1,0
0.11883218427929748,41,1,0.31384412474241713,13707,12,0,0,0,1,1
0.021662156107079476,42,0,0.23326971708447564,2306,13,0,1,0,1,1
0.5283303511710612,55,1,0.698824037272315,3453,8,0,2,0,1,0
0.27289409568624895,63,0,0.1924790887850135,10492,6,0,1,0,0,0
0.606320351087805,21,0,0.7742793642715078,6286,6,0,3,1,0,1
0.025758089729484332,23,0,0.7470042010289369,5763,8,0,1,1,1,0
0.28651535651872245,63,0,0.4982812423725665,4488,11,0,1,0,1,0
0.4092700469626472,72,0,0.5406069088481709,8657,3,0,2,0,0,0
0.49062072460517375,35,0,0.5241465696548434,5705,7,0,0,0,0,0
0.27448233837013564,27,0,0.588425020797251,7585,14,1,2,0,0,0
0.41699244483712966,66,0,0.21593779861446805,1255,4,0,2,1,2,0
0.161734207497936,55,0,0.6705195954874186,4741,11,0,1,0,0,0
0.1314754224941139,43,0,0.46836155801113255,1572,6,0,2,0,0,0
0.4532556250171163,31,0,0.38219533392161936,1871,8,0,2,0,0,0
0.29879692396240876,63,0,0.7075221687678903,4174,7,1,1,0,1,0
0.09740369443659813,18,0,0.7091626251174771,7967,5,0,0,0,0,1
0.6830637457010673,84,0,0.6477792062599275,5379,8,0,0,1,0,0
0.03375150070299334,33,0,0.38842903809217233,1734,6,0,2,0,1,0
0.502603805386672,53,0,0.4440293538433281,3204,5,0,3,0,0,0
0.48637986023351937,61,1,0.5995086306999623,4310,9,0,3,0,2,0
0.5270912137274585,26,0,0.5395842543262329,8401,11,0,3,1,0,0
0.19225567683981445,54,1,0.1198101128783153,5563,8,0,1,0,0,0
0.15320026280272775,57,0,0.4731781438862577,8426,9,0,1,0,0,0
0.286146953393579,47,1,0.10018673800982716,9452,7,1,1,0,3,1
0.2556313878052658,18,0,0.1383395738489598,12504,9,1,1,0,0,0
0.14403094781523412,39,1,0.36175837071514033,6717,5,0,1,2,1,0
0.2883645483803481,18,0,0.36047585238679475,9891,15,0,4,0,0,0
0.10067701844279948,36,0,0.31899422367366614,4752,6,0,1,0,0,0
0.06040135872880505,47,0,0.17901795405066173,3289,8,0,1,0,0,1
0.25988250898769705,45,1,0.1844827155440569,12237,11,1,2,1,0,1
0.08990783089591015,53,0,0.10001492811825363,4875,4,0,2,0,2,0
0.1970484422403559,29,0,0.16667353645751518,12034,9,0,1,0,0,0
0.24476089391879666,18,0,0.13254227927080403,1866,10,1,2,1,1,0
0.2445879589232929,42,1,0.19138960872765676,3823,5,0,1,0,0,1
0.14658330088822116,49,2,0.42760804196893815,2046,10,1,0,1,1,0
0.10309034104314867,53,0,0.33634391839474953,5816,12,0,1,1,0,0
0.3765380534710855,72,0,0.14649372009433106,7487,4,0,0,0,0,0
0.43733612489755963,36,1,0.692930665240825,2227,8,2,0,0,0,0
0.2877327802736482,51,1,0.6836701915278357,6019,5,0,0,1,1,1
0.09762421628659396,52,2,0.3870019720930452,3536,9,0,1,1,1,1
0.10259168641507899,61,0,0.5046982108227679,2496,11,0,2,0,0,0
0.1989837643397155,44,0,0.4582843442598369,2424,15,0,1,0,0,0
0.12923123087284047,67,0,0.178392005889438,3251,7,0,2,0,0,1
0.302035150492141,52,0,0.2516181728838573,1215,10,0,0,0,0,1
0.178885955075447,53,0,0.2951882267637875,3567,5,0,1,1,0,0
0.2386338674682654,48,0,0.4389471472592561,1965,12,0,1,0,0,0
0.22166238310984024,38,0,0.2269938552861839,5030,7,0,1,0,0,0
0.16137547486721876,47,2,0.6047399079605641,7413,7,0,3,1,1,0
0.03753030216992532,45,0,0.06757864296492355,3730,6,0,1,2,3,0
0.20613351938619265,68,1,0.4916476822220692,3814,4,0,1,0,1,0
0.36926867084203435,59,0,0.3180195571608528,18838,7,1,2,0,1,1
0.05078019666506302,42,1,0.4954874655174906,1310,9,1,0,1,0,0
0.21658510592278693,39,1,0.7864999493223173,7922,7,0,0,0,0,0
0.2474740801873131,23,0,0.35705404129672985,14360,6,0,1,0,1,0
0.18585038928438521,59,0,0.5476054240816275,5801,7,0,0,0,2,0
0.22266057706454007,61,0,0.4437531733531269,10660,10,1,1,0,0,0
0.42846065098431735,41,1,0.6516107880567865,2946,11,0,0,0,1,0
0.07874239532068295,18,0,0.3382420663013831,7725,10,0,1,0,0,0
0.3819704269976661,50,0,0.18375440527866857,3873,9,2,1,0,0,0
0.27024218464427224,36,2,0.5130803419870477,5847,5,0,0,1,2,0
0.3492433339085702,47,0,0.18280229579673862,9463,4,0,0,0,3,0
0.40807979909269737,41,0,0.5569337681776546,3102,12,0,0,0,0,0
0.3451220844718944,54,0,0.32122866345990336,24434,9,0,0,1,1,0
0.2641995209656538,58,0,0.36835615301743085,941,6,0,2,0,0,0
0.3988822905567121,45,0,0.7013865557704412,4580,7,0,1,0,1,0
0.21825994746642344,34,2,0.3639816047231871,5056,13,0,1,0,1,0
0.21598352070130392,50,0,0.7169528184718266,9724,8,0,3,0,2,0
0.375074941608088,57,0,0.2904149871944401,7685,11,0,2,0,2,0
0.10258974285550301,69,0,0.22115904775976894,12961,1,0,2,0,1,0
0.22583130551686784,73,2,0.32402486395278296,3886,9,0,1,0,0,0
0.16420892787180857,40,0,0.7506223703022363,1226,9,0,1,0,1,0
0.23917235231794115,30,0,0.4082723704120487,14695,7,0,1,1,1,0
0.42694813167079043,58,2,0.5141677967061433,4485,9,0,1,0,2,0
0.2813385160673039,37,0,0.12789233352566623,1818,10,0,1,1,2,1
0.3072726887457423,47,0,0.1165500054483235,2675,8,1,4,0,0,1
0.01713557933531464,53,1,0.16886593574054026,4110,7,1,1,1,2,0
0.313422380034409,42,1,0.5250696019263161,4586,7,0,1,0,1,0
0.2237639822270571,62,1,0.8276764860202193,3926,9,0,2,0,1,0
0.2999924719254691,42,0,0.4429694542229888,973,7,0,2,0,2,1
0.39155976244482044,42,0,0.5012985740412,4415,7,0,1,0,1,1
0.15176741283785736,27,2,0.7512855323638404,5339,12,0,3,0,0,0
0.682456069535535,21,0,0.2128022793557228,4346,8,0,2,0,2,0
0.3982514442385969,58,0,0.31052638543950917,3476,6,0,0,0,0,0
0.19115550671526743,45,0,0.4630799204731305,3424,8,0,3,0,1,1
0.3882386570511396,51,2,0.6052749981091371,2067,11,0,1,0,2,1
0.1370187823100009,58,0,0.4573538512102354,2366,9,0,1,0,2,0
0.12406407432311563,26,1,0.19422414715198263,10961,9,1,0,0,1,0
0.36712559391020233,38,0,0.3860549889803599,4393,8,0,1,0,0,0
0.09006245877624316,58,0,0.21666976710075195,31952,10,0,0,0,0,1
0.31255635044183244,54,0,0.3764648910943042,3563,5,2,1,0,1,0
0.33373902763359187,43,0,0.5459164445022563,10658,6,0,0,0,1,0
0.4048480043013274,40,0,0.09803276476551147,4601,4,0,0,0,1,0
0.20796814994585058,39,2,0.25363960305069216,32421,7,1,1,1,1,0
0.6620658565560504,55,0,0.32637764924660984,4125,7,1,1,1,1,0
0.14732243805535453,87,0,0.3467435194719608,2927,7,0,0,1,1,0
0.4070663339172426,32,0,0.32533842634426385,3711,7,0,0,0,1,0
0.09288144219914085,76,1,0.2591354816310041,1757,7,0,1,0,1,0
0.1862909615972041,26,1,0.35368219253625083,2612,8,0,1,2,0,0
0.04134155154587711,22,0,0.5229635571719179,6012,9,0,0,1,1,0
0.051263124845330826,28,0,0.39825421229215,7392,5,0,0,0,2,0
0.3017854635378854,74,1,0.6658952455082501,10229,7,0,0,0,0,1
0.38742538155512046,18,1,0.0554006395008721,949,6,0,0,1,3,1
0.20217534649553626,33,1,0.35890445251425185,6787,4,1,2,0,1,0
0.13944186423200972,39,0,0.4343610334708998,9648,4,0,2,0,2,0
0.13507603041581134,50,0,0.17877662844575587,4430,10,0,2,0,3,0
0.06431229748067989,50,0,0.7139106436539091,4835,8,1,1,0,3,0
0.3564401836989977,46,1,0.5260841303775966,4097,7,0,2,1,0,1
0.36126129106160654,39,1,0.34800293825650835,12990,9,0,0,0,0,0
0.5298254662381374,25,0,0.6170379107883569,9361,12,0,0,0,1,0
0.547345651626901,36,0,0.15070418855971376,23581,9,0,3,1,1,0
0.46597656789479486,70,1,0.3679104907700253,9297,11,0,1,0,1,0
0.42626692718708076,59,1,0.33296678934520807,1134,7,0,2,1,0,0
0.2322847824348683,57,1,0.7688841324040888,19568,12,0,0,0,1,0
0.44541903987446124,18,1,0.43760614135244175,6687,8,0,0,1,1,1
0.06771043529279268,46,2,0.37434627377981256,14378,4,0,2,0,0,1
0.200922738774437,34,2,0.688296531835258,3959,5,0,1,0,0,0
0.5498817777741397,57,0,0.4644648732305308,3778,6,0,1,0,1,0
0.013380722336268537,35,0,0.27824361074077786,2968,7,0,0,0,1,0
0.23486757443388306,32,0,0.7876053917181002,12037,10,0,1,0,1,0
0.1731600722882586,33,1,0.2707305444155536,16212,11,0,0,3,1,0
0.5416179323902054,26,2,0.12516444356919612,2238,7,0,0,0,1,0
0.43109635196539203,57,0,0.4591083469978026,15443,7,1,0,0,0,1
0.5149779692560824,43,0,0.17068661407922156,1831,8,0,2,0,3,0
0.7951148818587211,43,0,0.3983421470246664,1310,8,1,0,1,0,0
0.284264822329327,31,0,0.2805092433191065,1333,8,0,5,0,0,0
0.3000975374821406,54,0,0.19750637191400183,867,10,0,1,0,1,0
0.28673606239614136,27,0,0.25946536825348315,8214,7,0,2,0,0,0
0.1986233983522214,41,0,0.04784265857659788,1059,4,1,2,1,0,0
0.31228863767659404,69,0,0.4169638343352636,3056,12,1,0,0,0,0
0.4224423596871506,61,0,0.420915334608758,7037,8,1,1,0,0,0
0.32554555781057415,81,2,0.21490423160957445,2557,11,0,0,0,0,0
0.1510421356253009,49,1,0.46524490606823404,3432,5,0,1,1,1,0
0.0821320128122533,43,0,0.6257382932501726,14699,7,0,1,0,3,0
0.33616829148381955,58,0,0.07256026680213228,6666,7,0,3,0,2,0
0.12646175683028332,32,0,0.3810978781482195,9405,7,0,0,0,2,0
0.4100922125364914,75,0,0.24731520625453135,1360,7,0,2,0,0,1
0.22288613330264356,69,0,0.17574874767446783,10304,11,1,0,1,2,0
0.2835964156780088,42,0,0.8340153476727438,10634,5,0,1,0,1,0
0.236248433683398,26,1,0.29861217962476067,2446,7,0,2,1,1,0
0.4816867209678101,74,0,0.5924685244976875,1978,8,1,1,0,1,1
0.39287272382717214,43,0,0.3438618734295071,1852,7,0,0,1,0,0
0.3343802101797697,23,0,0.4297024559925548,3874,5,0,1,0,3,0
0.22824825874505722,53,0,0.3719238418786661,6480,5,0,1,0,1,0
0.4063586252096122,60,0,0.4153317701729653,1422,10,0,1,0,1,0
0.4261109394751888,75,1,0.47530497015629203,4157,4,1,0,0,2,0
0.08227838881811574,60,0,0.5133636379430602,3897,5,0,3,0,0,0
0.24305565034028578,63,0,0.3123143307548151,2293,6,0,3,0,2,0
0.5912069057455749,45,0,0.6928481457400332,2196,9,0,1,1,0,1
0.3679981377039603,18,2,0.25025075357139515,1728,10,0,2,0,0,0
0.22412309621049634,34,0,0.5061067112899091,3621,11,0,1,0,1,0
0.03638681158174092,64,1,0.3385622374877974,4368,8,0,1,1,1,0
0.3667890719827856,42,1,0.26245194592016907,4339,10,1,0,0,0,0
0.4275962254516211,53,0,0.20236834278697843,31112,10,0,2,0,2,0
0.1336955702160892,37,0,0.5766065221502803,17633,7,0,0,1,2,0
0.16302075518857978,18,1,0.27672690212447726,2790,4,0,1,1,0,1
0.1828932702319475,18,1,0.48023697392878834,1346,8,2,0,1,0,0
0.32667148078624586,69,1,0.23252054862824725,4492,4,0,0,0,0,0
0.49571413708552275,40,0,0.033537611679208545,2980,4,0,1,1,0,1
0.2903919675796092,27,2,0.584103372116903,3285,10,2,2,0,0,0
0.1797181412667528,35,0,0.39341140941084735,1561,7,0,1,0,1,0
0.3534230108207518,47,0,0.491867882765054,6883,11,0,2,0,0,0
0.15398683732321275,45,0,0.062497870157124075,10556,6,0,1,0,2,1
0.23247502778011964,59,0,0.6480659467023626,9098,9,0,3,0,1,0
0.31182165040845705,74,0,0.32766604265754645,9332,4,2,0,1,2,1
0.13514534583014584,54,2,0.021677318179471747,14135,6,2,1,1,0,0
0.5581722861937592,26,0,0.141570397419483,2097,4,0,2,2,3,1
0.4527080349601326,28,1,0.32366835730613985,6165,13,0,1,0,2,1
0.1892354530218497,54,1,0.5620896593028594,3261,8,1,2,0,0,0
0.29684964173608774,38,0,0.39984993782210176,5473,9,2,2,1,1,0
0.10878975115687661,38,1,0.449735944866896,7702,9,0,2,2,0,0
0.13731319737725703,46,0,0.2636971272849696,1510,8,0,0,1,2,0
0.6885647590998801,35,0,0.15311840961006917,3645,9,0,2,0,3,0
0.2228716111869933,40,0,0.06442401719149816,5506,9,0,1,0,2,1
0.5030512820831353,49,1,0.6294645124769699,3700,7,1,4,0,0,0
0.4425185029185328,29,0,0.14819127886603173,10630,7,0,0,0,1,0
0.39189840748541804,54,1,0.15904776835369505,16370,8,0,0,0,1,0
0.3055024155264582,50,0,0.3757695579354617,5266,11,0,3,1,1,0
0.7535891897232109,53,0,0.2554347583441013,12549,10,1,3,0,0,0
0.20698433316726916,66,0,0.34999956218094985,2131,8,0,0,1,0,1
0.23975294917552403,45,0,0.4843929568039453,2188,9,0,1,0,4,0
0.34149039809626713,46,1,0.5361336317168344,4434,3,0,2,0,2,1
0.10342503047890378,36,0,0.27977918306330263,5378,4,0,1,1,0,0
0.2745938737758142,45,1,0.5178761305327851,3021,9,0,2,0,1,0
0.6082487549483074,26,0,0.5313549733262062,13946,3,0,0,0,0,1
0.4138811040972162,34,1,0.17000471792214733,8167,7,0,2,0,0,0
0.5221549627523812,39,0,0.8778602595347013,2539,8,0,2,0,1,0
0.04366510331387604,26,0,0.263055617968473,7846,9,1,0,0,0,0
0.057586087413035815,18,0,0.1923085155679942,925,7,0,1,1,0,0
0.47142427642368767,49,0,0.43055153541266555,5297,11,0,0,0,2,0
0.19450355020615195,59,0,0.2906315319832914,3084,7,1,3,0,1,0
0.2591818152528881,28,1,0.8033315519342423,3311,11,0,1,0,3,1
0.019263225330127653,46,2,0.03549217963748298,3053,9,0,1,1,0,0
0.2549585338719795,18,1,0.1636660201773501,6204,6,0,2,1,1,0
0.14433889668799202,39,1,0.4071625071008677,4756,7,2,1,0,3,0
0.3658906513273362,62,0,0.0683105988157427,8933,9,0,1,0,0,1
0.2416636054082345,32,0,0.07779666259264263,5203,7,0,0,1,1,0
0.20330888179229967,18,0,0.3409432868076403,2722,6,0,0,0,0,0
0.3258390644122756,64,0,0.15836926442105495,15616,6,0,0,1,0,1
0.41625129952278556,26,0,0.1620924691101078,1996,8,0,0,0,2,0
0.43558805159686925,33,2,0.21659533776100381,3013,6,0,0,2,1,0
0.10015629616137553,58,0,0.7095961408305445,1586,8,0,0,1,0,0
0.3082995653318486,50,0,0.4926832368157599,8595,9,0,1,2,0,0
0.14417512758431955,31,0,0.3118387265645073,4333,6,0,2,0,0,0
0.41235599898838926,50,0,0.34981607613206583,9906,8,0,2,0,2,0
0.35079144423083924,24,0,0.635943374374902,6437,9,0,0,0,1,0
0.5476016569885523,18,1,0.48527264780103063,4851,8,0,0,1,1,0
0.5723797430903306,55,1,0.7162765239298151,4806,3,0,0,1,2,0
0.05346188989451335,45,1,0.47637782162082665,3300,7,0,0,0,2,0
0.22713770910589975,76,0,0.9170773525352912,4146,4,1,1,0,4,1
0.22628778535347518,57,0,0.2618844124517363,3136,6,0,3,1,1,1
0.25801928195264495,18,0,0.37888004683709586,1971,10,2,2,0,0,0
0.2598453707623769,72,2,0.5743696269425662,15633,9,0,0,0,0,0
0.16508652967236767,41,0,0.6034466177312487,13739,6,0,2,1,0,0
0.2684985631574906,40,0,0.44937215007213444,1074,5,0,0,0,1,0
0.5710273450549052,28,0,0.36650072712266135,22248,6,0,3,0,3,0
0.5248499408129383,65,1,0.4094488960291331,14557,4,0,2,0,2,0
0.3939106893684315,25,1,0.6615529292191574,5028,3,0,0,0,2,0
0.022537718023721294,34,0,0.29018620234254316,5389,10,0,2,2,1,1
0.4061312470438573,41,0,0.46844778167705703,12486,9,0,0,0,0,1
0.11088818214058949,52,1,0.5058244492497562,15170,5,0,0,0,1,0
0.24646752755132426,41,1,0.36465137783530527,5263,11,1,2,0,0,0
0.33614795660816227,37,2,0.9017562366086551,5863,8,0,0,0,0,0
0.1532906990683436,68,0,0.2720296261246775,6250,12,0,0,0,1,0
0.16321711198081573,32,2,0.6298913147913002,10380,9,0,2,0,1,0
0.8030398387998142,82,0,0.3457288513498353,4860,3,0,1,0,1,0
0.2532084899927866,32,1,0.630776172150551,3612,7,0,0,0,0,1
0.19725655838100464,62,1,0.13209299680243403,6666,10,0,1,0,1,0
0.6818911518362455,55,0,0.39593133669644903,1566,12,0,0,0,0,0
0.1458960580221074,69,1,0.6195313300054878,10007,13,0,1,1,0,1
0.24918245820858892,43,1,0.3130204584838894,1973,12,0,0,0,0,1
0.476345633833454,60,0,0.7539547820076411,1471,13,1,1,0,2,0
0.4720979613044051,30,0,0.497939842505352,5627,10,0,0,0,1,0
0.21289046396157726,43,0,0.37628268504874124,3508,6,0,0,0,1,1
0.03562040381488171,43,0,0.3373761386398564,3524,7,1,0,1,1,0
0.04810012612631251,35,1,0.29351413302128937,10766,5,1,3,0,2,0
0.16247341816804176,27,0,0.659941944358651,31087,8,0,1,0,1,0
0.36705531201783453,46,1,0.16385952215109187,2319,11,2,0,0,2,0
0.568466239373672,67,1,0.3882502762155848,2424,13,0,2,0,0,0
0.07976151571973916,61,0,0.6163799916462381,12018,7,1,0,1,0,1
0.37098113464880383,33,0,0.30743749229399636,7577,8,1,1,1,0,1
0.18140442698584414,41,0,0.26605835015461987,6759,6,0,0,0,1,0
0.19267558438310756,34,3,0.4745747243464867,4809,8,0,0,0,2,0
0.283630106081762,42,0,0.4673392197556916,21381,6,0,0,0,0,0
0.21252983811003548,33,0,0.3064309508243444,4147,10,0,1,0,0,1
0.6074886336663443,44,0,0.6004393037654702,7712,11,0,2,1,0,1
0.4551858908452262,26,2,0.4490437525508358,4886,8,1,2,1,0,1
0.3167097673569182,51,0,0.46901456331374486,6147,6,1,2,0,1,1
0.25344893903425353,64,0,0.6029261557013005,8524,6,1,2,0,0,0
0.15629640506988102,51,0,0.400692120611301,3023,8,1,0,0,3,1
0.18407218272823844,41,0,0.22515376166808243,9111,9,1,4,0,2,0
0.1603772775453223,73,0,0.28639657563658527,3582,5,1,0,0,0,0
0.25043503902857817,45,0,0.36450947326953054,5073,6,0,1,0,1,1
0.0325502627407236,44,0,0.2200515328119264,10974,8,0,1,0,0,0
0.20543292087695741,49,1,0.4216558485821902,3418,10,2,0,0,2,0
0.1314246608095795,36,1,0.16489232056199607,9538,6,0,1,0,1,0
0.04975465476494556,57,0,0.67201940953611,12064,5,0,0,0,1,1
0.29383478675946034,56,0,0.7006274555692598,4826,9,1,2,0,0,0
0.28255908244992356,25,1,0.24777674500490732,5217,9,0,2,0,0,1
0.36344893232550357,28,1,0.31392188163736157,3582,7,0,2,0,0,0
0.14781993971191432,55,0,0.7043092610987438,1545,13,0,1,1,0,0
0.5810265649952057,28,0,0.49078126486577506,7984,8,0,0,0,0,0
0.5670144672219055,31,0,0.2712482467881325,3990,6,1,0,0,4,0
0.15838878931889663,39,0,0.45400021720439004,2186,4,1,0,1,3,0
0.48308265356350594,30,1,0.40215405201357096,2730,12,0,2,0,1,1
0.5503153088986018,52,1,0.6695600758854161,2863,10,0,0,0,1,0
0.6908766425496289,49,0,0.6519209152907923,2356,12,0,1,0,3,1
0.2269675510407754,50,1,0.20153713775347687,8710,7,0,0,0,0,0
0.30879486876462103,31,2,0.22689503238718428,5817,10,0,3,0,1,1
0.12903380283965,63,0,0.4325862304145473,2518,10,0,0,0,0,0
0.3542101258425931,60,0,0.36975686332671437,1871,9,1,0,0,1,0
0.39397956909790866,66,0,0.45932180589608823,3319,9,0,3,0,2,1
0.4353470437831142,37,0,0.3163944505461042,1723,7,0,1,0,0,1
0.4157727386577083,41,0,0.43254332709555615,9698,6,2,1,0,1,0
0.13900698950238444,34,0,0.4171055379249167,1443,10,1,0,0,2,0
0.26657257978133875,30,0,0.37892549464307723,12089,8,1,0,0,2,0
0.23468753737749437,64,1,0.6066453682545758,6367,7,0,1,0,1,0
0.12447702831978824,55,0,0.6254366175653513,8562,7,0,1,1,1,0
0.6052562364924876,65,1,0.5892215813763971,3990,6,0,1,2,1,0
0.2920973363388263,33,0,0.8598254124148975,3515,12,0,1,0,0,0
0.3086412383996701,66,0,0.4210374167855649,8426,8,0,2,0,3,1
0.5297915916078597,51,2,0.5541667749532353,5227,5,0,2,0,0,1
0.45488597014347987,55,1,0.19632646128780226,1474,4,1,1,0,0,0
0.2567220359567323,63,0,0.42938865762805395,5602,1,0,0,1,0,0
0.42390944089697513,36,2,0.259881712135463,3654,12,2,0,0,1,1
0.12036962230660765,71,0,0.28398238666987935,7657,7,0,2,1,0,0
0.15094400110987502,24,1,0.592421576379624,4875,11,0,1,0,1,0
0.34681519050864074,48,0,0.5993761996418359,21637,4,0,0,1,1,0
0.36213900304935154,58,1,0.4958637833404246,3792,6,0,1,0,0,1
0.18572906058643376,18,0,0.5915698153124266,2763,8,0,0,1,0,0
0.26990013075592467,40,0,0.5144375938961318,3617,11,0,0,2,1,0
0.16872467152105494,18,0,0.16093763953648435,1861,7,1,1,0,0,0
0.1132004929461243,75,0,0.5872404133051357,9697,12,0,1,1,1,0
0.2258405916621995,60,1,0.500367628969433,9256,8,0,3,0,2,1
0.19405212362292118,43,0,0.389788841589615,12312,2,0,2,0,1,0
0.6206701410437798,33,0,0.5289814970779633,4760,5,0,0,1,0,0
0.22304733622152612,29,0,0.26977904423857424,984,4,0,2,0,0,0
0.337436127674499,54,1,0.6900484126101346,8524,6,0,2,0,0,0
0.3289342774779511,47,1,0.42943443362204003,7042,14,1,2,0,2,0
0.33475702443399363,50,3,0.5789280626184918,11433,10,1,2,0,0,0
0.21399934371209758,45,0,0.09999311615578858,4078,7,0,1,0,1,0
0.7892832489255872,33,0,0.1359088022840243,3530,11,1,0,0,2,1
0.20200517393711642,57,0,0.24757524365028336,2047,15,1,1,3,3,1
0.1478863691104205,56,0,0.6090291438060624,4693,6,0,0,0,0,0
0.31909401284238265,48,0,0.66389585406103,1316,6,0,0,0,0,0
0.33023362961372693,30,2,0.48356164164950877,2660,12,0,1,1,0,0
0.18112467286421421,35,0,0.2494033138028802,11805,9,0,1,0,2,0
0.15975376289152207,43,0,0.3727197086435528,4933,5,1,1,0,1,0
0.20205114864721668,52,0,0.1307179305922277,56497,7,0,1,0,4,1
0.2363876743079141,42,2,0.357223200106455,1134,5,0,0,0,1,0
0.26139758638821653,67,1,0.14711532818726994,4477,7,2,1,0,0,0
0.0713712544896832,18,1,0.5627766506268195,1147,11,0,0,0,1,0
0.1741872575977822,52,2,0.3200660055613546,8093,7,1,1,0,0,1
0.39317476744716934,67,0,0.11005489315716965,36243,8,0,0,0,1,0
0.3294117801960793,47,0,0.1627448667288915,3202,5,0,1,0,1,0
0.22115532956569345,31,1,0.5671317229171228,6977,7,0,2,0,0,0
0.11270632811784967,31,1,0.198146266988997,8987,8,0,4,1,2,0
0.18190503294025948,49,1,0.14713917997849166,9775,4,0,1,1,0,0
0.2858392119185666,35,2,0.4608241916326448,6979,5,1,0,0,3,0
0.3437301211915914,61,0,0.05197192661345342,3089,7,0,2,0,0,0
0.1598947613800966,38,0,0.0970545804498459,3676,8,0,1,0,0,1
0.6374411169003704,51,0,0.15833716926552646,7538,14,0,1,0,0,0
0.1490081373044488,46,2,0.20360290932049854,3878,11,0,1,0,1,0
0.06066837534100489,61,0,0.3413023439520438,3705,11,0,0,0,0,0
0.12579185895776598,36,2,0.23188078586502153,10167,6,0,0,0,1,1
0.4457780445816959,54,1,0.17901770849959187,3378,11,0,1,0,1,1
0.17019081557930643,55,1,0.6871861488557628,1494,5,0,1,0,3,0
0.18886867333640953,41,1,0.5234338278529044,2038,6,1,2,0,0,0
0.5761818651671731,42,1,0.36276844324119434,3299,13,0,2,0,2,1
0.23223971181031444,31,1,0.17474224838725158,2238,0,0,1,0,0,0
0.15595705987429598,32,0,0.11994949897732896,7338,14,0,1,1,1,0
0.331433982246864,32,1,0.5897304441197669,2918,13,0,1,1,1,0
0.27270673640768445,53,0,0.3464819313439889,2425,8,0,2,0,0,0
0.15094475094354928,18,0,0.543015617470308,13022,7,0,1,0,2,0
0.5393589297055158,29,0,0.692952698218091,2858,9,0,1,0,3,1
0.14659530414468494,23,2,0.42458551147801,4146,12,0,1,0,0,0
0.0853519408497012,21,0,0.3234615797461667,11854,8,0,0,0,2,0
0.467623208471867,40,0,0.40327114000785586,974,6,1,2,0,1,0
0.05722663257704979,53,1,0.24030598158222066,8051,10,0,0,1,0,0
0.08844621762464872,54,0,0.7539874182840219,1983,10,2,1,0,0,0
0.12571142881717295,60,2,0.26737456990943964,3115,7,0,1,1,3,1
0.4977302080531597,18,0,0.7664022187637608,2410,1,0,1,1,3,0
0.15537989290822823,48,2,0.24007895324073358,7927,8,0,1,0,1,0
0.41468641329086586,41,0,0.3125414355696522,7263,10,1,2,0,0,0
0.18843579337715452,49,0,0.42144174330163997,2468,7,0,0,0,0,0
0.45181921658624286,66,0,0.28971136492041427,3425,10,0,1,0,2,1
0.42785351073849126,22,1,0.28304280916071084,5189,5,0,0,0,1,1
0.3215748577763347,26,0,0.24833537197073885,2379,6,0,1,0,0,0
0.1923230944155765,47,3,0.5270707794396331,5732,4,0,1,1,1,1
0.23362816231635086,38,0,0.5116916553000821,12266,11,0,0,1,1,1
0.3776676494853507,50,3,0.3154360794931,1199,7,0,2,1,0,0
0.16483225391544656,57,0,0.29806054773597485,3549,12,0,1,0,1,1
0.10790920800435652,51,1,0.39939645626247805,2108,10,0,3,1,1,0
0.3795142514239472,43,0,0.24829562567001587,7124,10,0,1,0,1,1
0.6150887602452666,29,0,0.5915177769445936,7124,15,0,2,0,0,0
0.28009814508976577,88,0,0.19726678154013305,6318,12,0,0,3,1,0
0.2173101263200636,66,2,0.5727561031279509,2738,7,0,0,0,2,0
0.28319694832824027,21,0,0.3303080120333346,23834,7,0,0,1,1,0
0.22743381911161553,23,0,0.23830198303884706,5464,2,0,1,0,1,0
0.18779055227089136,36,0,0.641700665794002,2034,8,0,1,0,1,0
0.09989121909561025,38,0,0.37798044307896833,1478,15,0,1,0,0,0
0.20147037090825146,45,0,0.28352918429043145,5193,10,0,2,0,2,0
0.44294130876942,60,0,0.5425708855700146,19370,4,0,0,0,1,0
0.17900658387467022,47,0,0.17308407038464083,3329,9,0,2,0,2,1
0.41812076218824795,39,0,0.4442205836094441,9803,8,1,0,1,0,1
0.38935499383453137,30,0,0.12751764503914317,1022,11,0,2,1,0,1
0.21622661680236274,32,0,0.5626261665254481,4786,10,0,1,0,1,0
0.601808652503973,55,0,0.7690008448055983,6066,8,0,1,0,2,1
0.20562323166486818,32,0,0.496767841932651,2268,16,1,3,0,2,1
0.12608925865140758,35,0,0.16962614884756555,8890,5,0,1,0,2,1
0.4269693251611365,46,0,0.2068271593095193,3487,9,0,0,0,0,0
0.06931584394548394,51,0,0.24994291945414238,13466,3,1,2,2,0,1
0.23439804519250454,60,1,0.5425567229972489,5837,11,0,1,1,0,0
0.28643050782350327,52,0,0.24960368365919294,4619,9,0,2,0,1,0
0.17881769922770804,31,1,0.778055191733012,3474,10,0,1,0,2,0
0.3430855485901503,23,0,0.5378872452083528,4098,11,0,2,0,1,0
0.37381064159075106,25,0,0.10117946422366032,2174,7,1,3,0,1,0
0.0858819900570551,21,0,0.734248246213571,2272,8,0,1,0,2,0
0.18794861658329287,56,1,0.5293282355085837,7620,11,0,2,0,0,0
0.10753637230349776,29,0,0.46078541372808207,22687,4,0,1,0,2,0
0.012599252322913732,67,0,0.26274224217607434,5824,10,0,1,0,2,0
0.11888355047176306,36,1,0.4779149524292451,6693,6,0,0,0,0,1
0.6668647695901534,47,1,0.4842813666373255,3723,6,0,0,0,0,0
0.21037659871974798,35,1,0.3650568709831698,5339,12,1,3,1,0,0
0.46156244128025753,41,1,0.8889775356455017,11450,6,1,1,0,0,0
0.15739063052244498,42,1,0.06920569721680672,7602,10,1,1,1,1,1
0.45734297412326663,46,0,0.17234869630138508,1247,10,0,0,0,0,0
0.062353846198131425,34,1,0.7713473788072831,8832,10,0,1,0,1,0
0.373626375162752,18,1,0.6527071899017262,5924,5,0,1,0,0,1
0.14167035138131334,38,2,0.5622563595942499,4174,10,0,0,1,0,0
0.34663919789571546,36,0,0.43901787011747306,24935,4,0,1,2,1,0
0.32589830952164284,65,1,0.13060846938688545,5026,9,0,1,0,1,1
0.4047980356844094,55,1,0.5077722291200717,6612,9,0,2,0,1,0
0.07586340793371027,69,1,0.6585567516180559,1709,4,0,0,0,2,0
0.16224363120653743,37,0,0.639115210917816,3215,10,0,2,0,0,0
0.07611542716468075,62,2,0.3196338469691669,1030,11,0,0,0,0,0
0.08584673570580913,25,0,0.32203270254623767,3203,12,0,2,1,0,0
0.3146146053884359,66,2,0.20352363915609334,8990,11,0,0,1,2,0
0.047699994572798055,18,2,0.31169222796143264,4055,7,0,1,0,1,0
0.38464039195469535,57,0,0.3283547859879062,3383,9,0,0,0,0,0
0.37216337186584164,18,1,0.14830835201407433,12675,11,0,2,0,0,0
0.3044093194753372,22,2,0.6151528826698004,6592,6,0,2,0,1,1
0.07533724466544092,44,0,0.6177970775034524,4007,7,0,2,0,0,0
0.2974113584206308,42,0,0.7528047874401161,8638,8,0,2,0,1,0
0.5680468700634114,53,1,0.783926943982636,4249,7,0,0,0,4,0
0.5856641231499888,63,1,0.2132521729663223,16852,4,0,1,0,0,1
0.3090669022116622,43,0,0.45618014706302,8959,5,0,1,0,0,0
0.34398487658068266,45,0,0.4696225698870325,21116,12,1,0,0,0,0
0.48804218648793074,63,0,0.777732269964238,4489,6,0,1,0,1,0
0.15782618089985456,29,0,0.08883213007900184,4337,10,0,2,0,0,0
0.1431699525127361,21,0,0.41820080874454624,4394,13,0,1,1,0,0
0.20182332136500583,23,2,0.44706401628023423,11082,5,0,1,0,0,1
0.35288005704904035,35,1,0.2384019393087764,7148,18,0,1,1,0,1
0.1123250711275842,43,2,0.46134637072852686,1281,4,0,1,3,0,0
0.3258097067033856,31,1,0.07781605042004222,4858,9,0,0,0,0,0
0.07480157791157976,35,1,0.6131361314841194,61344,6,0,2,1,1,0
0.431666412852861,31,1,0.5642083960964155,1726,11,0,0,1,1,1
0.002162497022067446,31,0,0.27654079869620396,32861,11,1,0,0,0,0
0.1996863422749939,18,1,0.3952582853808308,15596,7,0,1,0,0,0
0.03171535402135858,54,1,0.42190493921769606,10758,10,0,2,0,0,0
0.11993618059503822,42,1,0.6297316022189624,4053,8,1,1,1,1,0
0.4774153565788147,53,3,0.15304007406684644,3147,6,0,1,0,0,1
0.36724097956694296,53,0,0.4523814724606886,2681,15,0,2,1,1,0
0.3821600582679305,38,0,0.41930063213935387,8067,5,1,2,0,1,0
0.2537098298552451,50,2,0.6364015535112487,5523,12,0,1,1,0,0
0.31432347550152445,58,0,0.2904910571087982,4438,6,0,1,0,1,0
0.13460644433264546,33,1,0.5224296080932248,2098,12,0,2,0,0,0
0.2846701313195917,34,1,0.5011767298974915,14942,9,0,0,0,0,0
0.1877485767823937,66,2,0.41179773931593194,3251,11,1,0,0,1,0
0.41342857268068756,38,1,0.530714262679764,4697,7,1,3,0,1,0
0.14519581842090276,51,0,0.15494606055295945,5001,8,0,1,1,1,0
0.352026952552073,52,0,0.3081476440264524,9623,6,1,1,0,0,0
0.1793802613987702,33,0,0.4791002561006005,2380,5,0,1,1,0,0
0.32251544230125795,33,0,0.21612992029344277,10494,7,0,0,0,0,1
0.2855816673224891,69,1,0.3592628893125008,1863,2,1,2,0,0,0
0.2368331842446566,24,0,0.43992418050496523,3532,8,0,0,1,0,0
0.5099078150677564,58,1,0.30915670178084226,1760,5,0,2,1,1,0
0.2879616815678529,28,1,0.4846233085930738,4294,6,0,0,1,1,0
0.13129671111598018,40,1,0.3717262560858555,2023,6,0,1,0,1,0
0.04969776127866882,45,0,0.27038403590772186,4352,8,0,0,0,0,1
0.06168650777331156,28,1,0.3580159922826764,3379,14,0,2,1,1,0
0.09282227627294218,34,0,0.3810624977697063,2681,13,0,0,0,0,0
0.11197077584929649,32,0,0.41257923915048256,9917,8,0,0,0,1,0
0.5575527773699678,52,0,0.23116823951835466,4422,6,0,1,1,1,1
0.1523845715399567,48,0,0.5725278109829449,4110,12,0,1,0,7,0
0.150183561140866,45,1,0.06890417793935748,10043,8,0,0,0,0,0
0.24466857431351818,34,0,0.8461206219044001,5415,7,0,3,0,0,0
0.15029773744235178,44,0,0.600046280618607,4248,8,1,2,0,0,0
0.20382411328468145,54,3,0.5066422517941753,1777,12,0,1,2,1,0
0.18108131806647113,53,0,0.28930014481381383,3812,8,0,2,0,2,0
0.09134127372686678,54,0,0.43018848074034555,5603,8,0,0,1,0,0
0.18411050540828122,33,2,0.45430654573932777,5833,12,0,1,0,0,0
0.42634849638217653,54,0,0.584894871009571,5804,6,0,0,1,2,0
0.39269834582440133,50,0,0.11903603686808857,926,11,0,2,0,3,0
0.1792420127600495,36,1,0.42134452407211886,6693,11,0,1,0,2,0
0.37374347142531145,51,0,0.2553889368856699,6658,6,0,2,0,3,1
0.4600103196761715,39,0,0.4523183874017437,1578,10,0,1,0,3,0
0.17059085156150375,31,1,0.3165052197538369,7007,7,0,0,0,0,0
0.39638775126551845,58,0,0.4775506686912588,9991,12,0,1,1,1,0
0.32735812977373346,64,1,0.10667631269089534,1388,9,1,3,0,0,0
0.36179762413468275,47,0,0.8111844462261678,3602,7,0,2,0,0,0
0.46626009193633755,27,0,0.6511931543084204,4791,8,0,1,0,2,1
0.1434993330377236,46,1,0.36696192497335944,16897,7,0,2,0,0,0
0.11912412256726185,18,0,0.6747274987128206,18368,12,0,0,1,1,1
0.13325679701701557,58,1,0.666197588834994,1368,10,0,1,0,2,0
0.16950665818660432,43,1,0.24087714155885034,7030,7,0,1,0,0,0
0.44556913354881383,40,0,0.45168864343764054,2917,13,0,0,0,0,0
0.1519515961436566,64,0,0.20104929236012306,4171,4,0,1,0,2,0
0.3213724233955408,20,1,0.33008943977134253,18383,9,0,2,2,1,1
0.10163235141354895,22,1,0.48717356276694884,2190,6,2,3,0,2,1
0.43040657186865283,41,0,0.6798913995221597,3806,6,0,1,0,0,0
0.395035014126833,60,1,0.7567425751087098,4918,10,0,1,0,2,0
0.1351915568050274,65,2,0.14185627487134836,956,9,0,1,0,0,1
0.09603117926200698,59,0,0.24830280684711448,14277,5,0,0,2,0,0
0.11609595477524591,34,1,0.0454205694334966,2588,5,0,3,0,0,0
0.5634556747838442,69,0,0.4241451546214549,2819,8,1,1,0,2,0
0.6391228010486019,57,0,0.23832592212750459,819,7,1,0,0,1,0
0.35073286665621184,25,0,0.4787464527942277,3452,12,0,0,0,0,0
0.8070713067503,25,0,0.17532542333090592,18151,8,0,1,0,2,1
0.5486181734618395,64,0,0.20705274518768016,966,9,1,2,2,3,0
0.5318234089271425,26,0,0.3171503737465676,4206,8,0,1,0,1,0
0.49251969242630816,33,0,0.2304088558587068,7784,6,0,0,0,1,0
0.3794951581597643,58,1,0.49411741367239903,4795,11,1,0,0,0,1
0.20591723783791882,48,0,0.4673862403375288,7558,9,0,2,1,1,0
0.1932140044255289,61,1,0.56510646449725,4895,14,0,1,0,2,0
0.4711620003576936,44,0,0.731667715724788,5919,6,0,0,0,3,0
0.09135932474227859,61,0,0.2500140155813845,2308,14,0,2,0,0,0
0.2619433044251309,18,1,0.6099689554305833,4322,12,0,1,0,2,1
0.4261481273405202,40,1,0.46104439961617216,44761,8,0,1,0,0,0
0.04575567281034853,51,0,0.1607212801881711,13011,17,0,0,0,1,0
0.43174033688560415,60,0,0.07336038846901796,16494,8,0,0,0,3,0
0.058066154736943626,29,2,0.5841136799875492,1435,7,0,0,1,0,0
0.12426667178241635,49,0,0.6609469622523713,19335,5,0,0,0,0,0
0.15265801541029453,45,1,0.5120402203971576,3110,14,0,2,0,1,1
0.33073518042693556,34,0,0.09405441618657759,9926,7,0,0,0,0,0
0.09395349339390134,58,0,0.2501170390768566,4009,10,0,2,0,0,0
0.15755199645019405,49,0,0.4158000692520798,7025,14,0,1,1,2,1
0.24398152189624012,45,0,0.5875998907004527,3737,8,0,1,1,2,0
0.3023623655794066,28,0,0.28466176802777715,1497,11,0,0,0,0,1
0.41458009700067794,61,0,0.2826578998955931,30433,3,0,3,1,0,1
0.4369599403029131,48,1,0.190874384644138,1798,11,0,1,1,1,1
0.18579186960806135,22,1,0.4338249286615332,12556,6,0,3,0,3,0
0.45025170611965093,72,0,0.3179811920227202,5826,4,0,0,0,0,0
0.7769035928378091,21,1,0.2779329180397756,16899,4,0,1,2,0,0
0.08276918046160088,42,3,0.26567433974187527,6767,6,0,4,0,1,0
0.18583393552848687,26,0,0.5920289077289488,3141,12,2,2,0,1,1
0.28702588314279864,33,0,0.39177572356511275,8887,13,0,1,0,0,0
0.07596057227879469,19,0,0.2782855971410649,9538,6,1,0,0,2,0
0.6879113910361174,65,2,0.4170348536265397,1627,7,1,1,0,0,0
0.4505317462735212,56,2,0.12403283060816504,9231,11,1,1,1,2,1
0.2402043353152242,57,2,0.3226807122679934,11410,11,0,1,0,1,0
0.1055525488499113,40,1,0.13846040242364266,3065,7,1,1,0,2,0
0.31973786607538485,54,2,0.26417280883539757,7915,5,0,0,2,1,0
0.1873910594007542,33,0,0.2728423632157267,14313,8,0,0,1,0,1
0.22301785425056378,68,0,0.6647026520877137,6657,8,0,0,0,0,0
0.3306370752227782,58,0,0.10627521077607657,9068,5,0,1,0,0,1
0.15174441326850535,66,0,0.7405498683184651,2025,6,0,1,0,1,0
0.45144503987808954,76,1,0.15982386585549413,5296,8,0,1,0,0,0
0.1456432556184903,31,1,0.47925083557044806,14666,13,0,0,0,0,1
0.686831776857589,30,0,0.31691672712435365,12458,9,0,0,0,1,0
0.15440884528920287,30,1,0.37404332750372504,2722,6,0,3,0,0,0
0.3944341798238019,50,0,0.21672315274697046,10863,7,0,2,1,1,1
0.618563807030392,35,0,0.5463989912289353,2359,8,0,0,1,0,0
0.06604323868828199,32,3,0.3093827326647664,3332,5,0,1,1,3,0
0.30750598076508984,47,0,0.5940864595716056,1471,12,0,1,0,0,0
0.14298752359312517,28,0,0.2193446681565717,1071,9,0,0,0,0,1
0.5074333998939814,62,0,0.30770873172228963,3998,12,1,1,0,1,0
0.12216284791620774,18,2,0.24728987624200133,8743,7,0,2,0,0,1
0.132014629633134,31,1,0.48517661747166785,8419,5,0,1,1,1,0
0.33093927183638533,38,0,0.29154125164622574,10775,13,0,1,0,2,0
0.3914216840548024,57,1,0.4676297351591956,5868,12,0,0,0,0,0
0.21637598134657587,39,2,0.6610889613124186,5004,5,0,2,1,1,1
0.11750647570063724,97,0,0.6245990277681017,4739,12,0,0,0,0,0
0.24220809630304038,54,0,0.2233625725444509,8211,6,0,1,1,1,0
0.33249852546396585,38,2,0.27530964207948005,10206,9,1,0,1,0,1
0.2135494789181323,47,0,0.3513150442012836,2622,5,0,2,0,1,0
0.5359889820357091,38,0,0.6950013994113436,8381,7,0,0,0,0,0
0.28897327742769485,40,1,0.5003773914898628,10437,8,0,0,0,1,1
0.4426714830008672,55,0,0.19187771604059747,5027,13,0,1,1,1,0
0.6230368734553128,62,0,0.24240000992457594,3626,7,0,1,0,1,0
0.42308821544549546,22,0,0.2199362226921692,6349,9,0,1,0,0,0
0.11584286496810581,27,1,0.378660853828977,1936,3,0,0,0,3,0
0.26796731785626143,49,0,0.051356594642197384,9309,14,0,0,0,0,0
0.20802009905885385,47,0,0.5626576361184814,6884,6,0,2,0,4,0
0.48390318050951475,47,0,0.40967436443560795,6820,9,0,1,1,3,0
0.056020659077147726,56,0,0.4169214428432092,5668,11,0,1,0,1,0
0.1703751062465295,54,1,0.18756260318310614,2217,5,0,0,1,0,0
0.23879357101378618,65,0,0.47918903710745925,4880,5,1,2,0,1,0
0.17218056696272943,61,0,0.46766664287839665,6895,8,1,3,0,1,0
0.3500879703639948,46,1,0.6066725221751235,11992,5,1,0,0,1,1
0.5286924163481123,51,2,0.20446940830971697,3924,7,0,0,0,1,0
0.14233963768091262,49,0,0.6327425948255357,1906,12,0,0,1,1,0
0.25436710457675493,47,2,0.7290500608758401,4736,8,0,2,0,0,1
0.3461055084353674,50,0,0.2396461612323796,8579,3,0,0,1,0,0
0.5956017959324004,47,0,0.4615034064993763,19762,8,0,2,0,1,1
0.26179527233104477,43,0,0.208266132880579,6464,9,0,0,0,2,0
0.3304910202889385,56,0,0.10947423914962409,691,6,0,0,0,1,0
0.2500971226040222,29,1,0.4539090351142177,2612,10,0,1,0,0,0
0.04495502210008765,26,0,0.4513961953187832,3491,8,0,0,1,0,0
0.035064437906482684,81,4,0.15464460800400903,3231,6,0,1,0,1,1
0.3367901232814048,49,1,0.5399544111200681,3385,8,0,1,3,1,0
0.4996504582133454,50,0,0.04732609772190692,6070,8,0,1,0,2,0
0.15711622605857634,47,1,0.48596244507330105,8424,10,0,2,0,1,0
0.3649109235847043,58,0,0.597660242436586,2045,10,0,1,0,1,0
0.2774934303215149,44,0,0.37772190099962033,10581,10,0,2,0,1,1
0.07452758215861448,69,0,0.3424459747384778,4618,10,0,0,0,2,1
0.05647166321890495,30,0,0.8528847738325045,12183,8,0,0,0,1,1
0.4746287911843153,18,0,0.38311995793204784,1890,11,1,1,0,0,0
0.27012254356431925,52,2,0.5282698734053751,7231,5,0,1,0,0,0
0.5179505944977503,39,1,0.6443093619106429,1778,9,0,0,0,3,0
0.4640434025691381,18,0,0.5451580389180092,6907,7,0,1,0,1,0
0.2701897924671176,30,0,0.3343713089172398,29380,7,2,2,0,0,0
0.2084832676618348,52,0,0.3001816241653374,21215,11,0,0,0,0,0
0.17317058328755208,43,0,0.24248086831496488,7439,2,0,0,0,0,0
0.30406069511863193,64,1,0.559453092075695,1774,6,1,0,0,1,0
0.1654792710031092,37,0,0.1795330172428364,1312,11,0,2,0,0,1
0.2514201618599776,32,0,0.08412000052523605,10557,6,0,2,1,1,0
0.4134615657234237,71,0,0.3560419736994666,4893,10,0,0,0,0,0
0.27153093893951774,35,0,0.5959915413145772,3608,5,0,0,0,2,0
0.2760164749214732,37,1,0.5765830700861082,2346,8,1,0,1,0,0
0.24658698937459728,38,0,0.16788025694942527,3343,16,0,2,2,2,1
0.16787839138337843,21,0,0.4144466793578926,5389,7,0,0,0,3,0
0.17355665258472175,52,2,0.35873396427478355,7196,9,0,2,0,3,0
0.24950562121586273,41,1,0.1636155331938122,887,10,1,0,0,3,1
0.11290540065327558,42,1,0.370047997498538,2475,13,1,2,0,2,0
0.3515079872253914,39,1,0.2876430564164068,5882,5,0,2,0,1,0
0.050526750349480544,26,1,0.5983681278825567,2089,12,0,0,2,1,0
0.4049680288827538,42,0,0.6803883848842637,3032,7,0,0,0,2,0
0.028828656985423803,54,0,0.6285845567510489,1429,5,0,0,0,0,1
0.18988215094677074,61,0,0.10659826857342322,4833,10,0,2,0,0,0
0.2509918454193254,60,1,0.08130849410305026,9911,4,0,4,1,3,0
0.2546491417433345,56,1,0.3969847612481254,4601,3,0,0,0,4,0
0.3470595218696323,27,1,0.1559361551986099,9667,7,0,2,0,0,0
0.2607940325116572,47,1,0.31324921790445986,13732,10,0,0,1,0,0
0.677108278497117,64,1,0.5495963108304972,7916,8,0,0,0,1,1
0.10579241653785512,23,0,0.2341032947781931,4663,12,0,1,0,0,1
0.15943370224203893,45,0,0.5335764927455057,2919,8,0,2,0,2,1
0.06590659338331682,37,0,0.5871275574253442,5892,4,1,2,1,2,0
0.11226744048092714,63,0,0.6168850112949543,1685,9,0,2,0,2,0
0.18736040897277814,23,0,0.2629412842460224,5627,6,0,0,1,0,0
0.3067083354337059,18,0,0.6928505990706523,21203,6,0,0,1,2,1
0.5204053061775126,68,0,0.24452981873238136,20284,6,0,1,1,2,0
0.4688381122078347,18,2,0.3707965104732867,2986,5,2,0,1,0,0
0.07806101494107498,18,0,0.38279810422600785,3313,5,0,2,1,3,1
0.08334551059107845,38,0,0.8351182819147256,4868,8,0,1,0,2,0
0.7095571739620744,49,0,0.16504382391407849,1110,7,0,0,0,0,1
0.19946988921548953,42,0,0.08783641929985443,14712,8,0,1,1,0,1
0.18641864293228771,18,0,0.09783715806529916,7915,7,1,1,0,2,0
0.32472706463888723,44,1,0.48310449645053016,3439,6,0,1,2,0,1
0.12856512708557594,61,0,0.42725921911548026,18190,14,1,3,0,0,1
0.38452428911537545,29,0,0.4464558307975391,5024,8,0,0,1,3,0
0.061773488501335086,52,1,0.3838579026429943,2031,6,0,2,0,0,0
0.14582637951916103,59,1,0.6083354974039749,12880,10,1,1,1,1,0
0.050625264179011975,39,1,0.4281480720471244,1956,9,0,4,0,2,1
0.37921239020213365,26,0,0.4278961605221311,3230,7,0,0,1,4,0
0.369269614060852,18,1,0.2389860272629464,11827,6,0,2,0,1,0
0.16299151033604764,50,0,0.0906080303561239,2224,11,0,0,0,0,0
0.333344174691856,48,1,0.5668082497213264,9064,6,0,0,0,1,1
0.6177629835777994,51,0,0.7214356753877363,11875,8,0,1,0,1,0
0.09422246389780037,39,0,0.167103679399464,2864,12,0,0,0,1,0
0.4680941174835869,35,0,0.17803237628538648,2098,7,0,0,0,3,0
0.09845375449064388,18,1,0.856610281490299,2782,14,0,1,0,0,0
0.22618526817933418,57,0,0.24927614277360882,4212,7,0,0,0,3,1
0.2335241520919564,20,2,0.3411949210586939,8245,6,0,1,0,2,0
0.45801761425293736,37,0,0.840843332882513,1375,8,1,1,0,0,0
0.14983735113349406,57,1,0.41966177229596996,2911,6,0,2,0,1,0
0.0687144357379624,33,1,0.32368631628569144,15633,6,1,1,1,0,0
0.4504553368362758,29,0,0.6030787396187974,1723,6,2,0,0,2,0
0.58198137077314,58,0,0.17838740769102224,1828,13,0,0,0,1,1
0.5337037517822729,45,0,0.174862832421771,3011,6,0,1,1,0,0
0.3165180120068654,37,2,0.353662574454266,12868,4,0,1,0,0,1
0.45733485216158715,48,0,0.1977426385377468,21834,10,0,0,0,3,0
0.32359382455778507,43,0,0.09456150776266327,3901,9,0,0,0,2,0
0.42011947457290344,18,0,0.7831300437307468,6284,8,0,1,0,2,1
0.4424123350598831,29,0,0.21025548558322468,18509,5,1,0,0,0,0
0.09437057768570961,62,0,0.12309275804148562,16288,7,0,0,1,1,0
0.3488535941644211,33,0,0.22952939975722503,4939,11,0,0,0,1,0
0.27198142075937226,35,0,0.10929905074789736,2845,2,1,2,1,2,1
0.3835121762784631,50,0,0.585304952526885,10426,8,0,1,0,0,1
0.15739289766904824,52,0,0.6739604576942656,1110,11,0,1,0,0,0
0.5825280827347934,60,1,0.4081035885955962,5070,8,1,0,0,1,0
0.24234480570946992,43,1,0.11642481912429414,4764,7,0,0,1,1,1
0.6120751604904032,57,0,0.2960102253910086,23124,4,1,3,0,2,0
0.6004379065043565,38,2,0.6281194455431085,11772,6,0,1,0,0,0
0.49374802189662076,60,0,0.5306520702559515,2739,12,0,2,1,0,1
0.16654648405368383,70,1,0.5189800744822994,21083,12,0,1,0,0,0
0.513115414530565,21,1,0.09331765699885315,945,11,1,0,0,0,1
0.11258379184757714,80,0,0.23706161369142156,1812,10,1,2,0,0,0
0.3721358568753933,72,2,0.6028178282363957,2840,9,1,2,0,2,1
0.45602670554244135,60,0,0.5658196098458633,3583,10,0,0,1,0,0
0.1351435162081969,44,0,0.1476909525432992,2692,8,0,1,1,1,1
0.1411109995225934,18,0,0.6441435341341335,1805,6,0,0,1,3,0
0.36001432184954446,51,0,0.2815755128096748,4576,7,0,2,1,0,0
0.5169603114613734,37,0,0.2792088476031065,10812,14,0,0,1,1,1
0.07908312945800901,72,0,0.4843664414621555,3282,5,1,2,1,0,1
0.602631359167627,74,1,0.6108688541220902,13080,7,0,0,0,0,0
0.7092401175185119,42,2,0.11615985217105584,4027,10,0,2,0,0,0
0.4104031205060738,58,0,0.2576922480189979,1099,8,0,1,1,0,0
0.5436436397499005,18,1,0.10412485756823255,653,12,0,0,0,2,0
0.1630764657189558,24,0,0.21883092811099944,7769,6,0,2,1,3,0
0.4397597437239277,32,0,0.5885546955694259,3793,7,0,3,0,1,0
0.3413253236503151,32,1,0.6438746768739164,3048,6,1,2,1,0,0
0.30685209629089505,40,0,0.6508740821985002,12926,9,0,1,0,4,0
0.4547012552281027,47,0,0.4574225609296035,2845,8,0,0,0,1,1
0.23443153983568277,41,0,0.24645824082677084,3829,9,1,1,0,1,0
0.3120347794769495,68,0,0.5221813691006076,3383,13,0,2,0,0,0
0.25645182011069034,49,0,0.3424331340274562,2317,13,0,1,0,2,0
0.3292650168443621,50,0,0.6263449973180162,12241,6,0,0,0,1,1
0.1759899026203729,49,0,0.10802699934109405,11070,11,0,0,1,3,0
0.4356144591605705,40,1,0.3503973001548648,17515,7,0,0,0,0,0
0.501218576463326,50,0,0.25605036979619583,2966,8,1,2,0,2,0
0.17149021889749336,58,0,0.5237127264115182,16737,5,0,0,0,1,0
0.20750660583600172,28,1,0.10827778018864648,6475,6,2,1,1,0,0
0.08982438315945394,18,1,0.07369044893974566,1483,7,0,0,0,3,0
0.29267427375600996,61,0,0.5872669712816957,5950,9,0,2,3,1,1
0.1271452100429048,48,2,0.05278707170016234,16027,4,1,0,0,0,0
0.35600578900080226,50,2,0.7055487735694871,9820,9,0,2,0,2,0
0.4591953583362024,26,0,0.3376548284894692,1645,6,0,1,0,0,0
0.6223971814645011,38,1,0.28815572717876375,10133,9,0,4,0,4,0
0.34614161715515074,44,0,0.31201779603096574,2193,14,0,0,0,1,0
0.29552307215192747,25,0,0.17652543746252414,2188,15,1,1,1,1,0
0.12016599724228476,46,0,0.23874696460715134,6352,10,0,0,0,2,0
0.07486861320084111,53,1,0.05810881489984871,8512,4,0,0,2,1,0
0.25377362335211767,46,0,0.6816130103603952,5314,5,0,0,0,0,0
0.3256247016411651,53,0,0.24549860432187232,12131,10,0,1,0,0,0
0.12009788045331818,68,0,0.13795180223226913,8397,9,0,1,0,1,0
0.38729035781915844,66,0,0.22431648496821405,1984,9,0,0,0,5,0
0.18466133151076275,29,1,0.26746096584211476,12200,6,0,1,0,1,0
0.1439336028339605,24,0,0.08510737915453843,8897,13,0,1,0,0,0
0.46051983103793664,32,1,0.28442596963836747,2267,6,0,1,1,0,1
0.2003869692787161,45,1,0.2466219489382964,23096,11,0,1,1,1,0
0.2949836748935793,33,0,0.053380473531443616,4834,5,0,4,0,0,1
0.17529645807073724,68,0,0.36644307707717444,2453,5,0,1,0,1,0
0.16498973470703188,36,0,0.3641355383697667,4919,10,2,2,0,1,0
0.3968229615212102,37,3,0.22934372740021458,2979,11,1,2,0,2,1
0.6532060770721031,59,1,0.24533748462427019,8384,9,0,1,0,0,0
0.4687571545589673,44,1,0.7370920631684638,842,10,0,0,0,1,0
0.09444583523845809,34,2,0.5615832854497336,2641,7,0,1,0,0,0
0.19065626115980552,36,0,0.36267284575473324,25083,8,0,0,0,2,0
0.1869917196768433,20,0,0.03033165490027503,2233,9,0,0,2,0,0
0.6701421381239825,37,2,0.6474355163552229,5639,6,0,1,2,2,0
0.23159042671989602,23,0,0.5143714398601547,4048,11,0,2,0,3,1
0.2631837871685395,25,2,0.55921017219831,10174,7,0,2,0,1,0
0.36737577971764035,53,1,0.32672723652083197,9348,9,0,1,0,0,1
0.08198219207044428,56,0,0.39860624245683146,574,14,0,1,0,3,0
0.158699155626272,83,1,0.19089102356188414,2863,12,0,0,0,1,1
0.42236075133827894,65,1,0.5128022595057201,847,9,0,2,1,0,0
0.39885528468430315,60,0,0.17716334894259742,9990,8,0,1,1,2,0
0.10358997314141523,37,1,0.2596147343423098,4722,12,0,2,2,0,0
0.16300515186607129,47,0,0.3671217456929087,6466,4,0,0,1,0,0
0.3725820138673875,66,0,0.5113453550523552,1614,7,0,4,0,1,0
0.23246428859363827,42,0,0.3079686760069193,10744,12,0,1,0,0,0
0.4160889465639352,59,1,0.33405255853960175,4182,11,0,0,0,1,0
0.4338125092150117,54,0,0.10146073305899085,6150,7,0,2,0,3,0
0.23103713251767866,65,0,0.3219982007768828,29706,8,0,0,0,0,0
0.17162295951836587,59,0,0.27210112142766396,5261,1,0,1,0,2,0
0.15763943140047443,29,1,0.25437221632266305,7591,12,0,1,0,0,0
0.3878087112545263,59,0,0.28882750296517096,57012,7,0,2,0,1,0
0.3106124275757604,38,0,0.3045570950248784,3042,12,1,3,0,1,0
0.7779323475992346,46,0,0.18137819812267053,1011,6,0,1,0,2,0
0.07891644117972148,37,2,0.33060373658607967,11420,10,0,1,0,1,0
0.15488594359590696,68,0,0.17610402681576734,4959,11,1,0,0,1,0
0.2673058649589874,45,0,0.18983229898178758,4109,8,0,2,0,2,1
0.14296697736395014,54,0,0.6692232382064999,2782,8,0,2,0,0,0
0.4032108944875983,34,0,0.18006511560555397,5398,7,0,0,0,0,0
0.15720068526070682,41,1,0.2860094276330126,11062,8,1,1,0,3,0
0.4541425178580872,22,0,0.41572845907649875,4896,9,0,0,1,1,0
0.19197372519104472,43,0,0.119308281330303,8932,8,0,1,0,0,0
0.49852512348352407,49,1,0.2510977932450091,11514,5,0,2,0,0,1
0.16808097872033365,43,2,0.5411826886649871,7907,6,0,0,1,1,1
0.3552450907824016,30,2,0.5337006053957681,3886,6,0,0,0,2,0
0.26324437176163573,29,0,0.47289527916066265,15835,8,0,0,0,1,0
0.2998252105033448,71,0,0.39110147636095743,2877,7,0,4,0,0,0
0.3511216918949249,43,0,0.6504873520612338,1654,7,0,2,0,1,1
0.33429083332792825,29,1,0.3433398331843713,2890,11,0,1,0,1,1
0.239407045071382,36,1,0.7319841831870674,3727,14,0,1,0,1,0
0.45339952037159664,38,1,0.6524977887143525,5736,15,1,1,0,1,1
0.41255994917939576,47,1,0.3019668721594891,3600,8,0,1,0,1,0
0.3672893694946349,63,0,0.35678340974323847,1286,7,0,2,1,1,0
0.20127622337798617,53,0,0.668316719220223,8313,10,0,3,0,0,1
0.0780406780400247,33,0,0.4695135237470679,3340,9,0,0,0,1,0
0.22843700595545358,75,2,0.38084221807470703,11344,8,0,1,0,2,1
0.38533557449757283,62,0,0.46390106510702084,15239,9,1,2,0,2,1
0.16846150923393888,82,2,0.29943882715617187,1478,6,0,2,1,0,0
0.25190791789204486,36,4,0.6227027650933171,1341,7,0,1,0,0,1
0.32371730616248806,18,1,0.3845573347189391,2412,6,0,0,2,0,0
0.08896606945852528,58,1,0.6534136092574152,2970,6,0,1,0,0,0
0.10674651983731287,57,1,0.30763310391981075,2376,10,0,1,1,0,0
0.32285435889851055,60,0,0.020781244005369282,4237,10,0,2,1,0,0
0.262190131627158,24,0,0.5211655607842015,7027,5,1,0,1,0,0
0.20151671564670046,22,0,0.30569286013204144,4745,8,0,0,0,0,0
0.22072514999773063,50,0,0.27237054849417935,1110,9,0,0,1,0,1
0.21643868794528223,32,2,0.5596037056475822,2927,5,0,2,0,1,0
0.3463000131259261,67,0,0.567450387550192,1950,5,1,2,1,2,0
0.4927116736304098,69,0,0.4437024706557197,6939,5,0,0,1,0,0
0.33065598897029796,25,0,0.4371606416603318,12453,6,0,1,1,1,0
0.1645442201035448,57,0,0.3595500194170868,8442,12,0,2,0,2,0
0.22288318605129714,33,0,0.296320253257052,9110,12,0,0,1,1,0
0.042912907725295345,50,0,0.33475968954052443,3323,7,0,0,1,2,0
0.22253485951547072,49,1,0.3115975805170046,5834,10,0,0,0,1,0
0.2457688315175017,58,0,0.04065927556948531,4712,9,0,1,0,0,0
0.30418700089978795,49,0,0.35352780182568944,4921,15,0,2,0,1,0
0.4459348721925676,50,0,0.23105104953501554,1108,8,1,0,0,2,0
0.38389625029068064,31,0,0.4796306819228772,3451,7,0,0,0,1,0
0.42033268402089324,58,0,0.1448208474448498,2124,5,0,1,0,1,0
0.2731261447420253,51,0,0.19858144153266236,8463,4,0,0,1,1,0
0.1704747596479689,41,1,0.5192062201535385,11326,8,1,1,3,1,0
0.09869036319755685,42,0,0.047626431346038486,6929,11,0,0,0,1,0
0.04425607532074692,53,0,0.22877562480374844,1754,7,0,1,0,1,0
0.29114846139984035,24,1,0.14179879076269686,7327,4,1,1,1,0,0
0.20603861760437325,43,0,0.0713318811598909,4520,6,0,2,0,2,0
0.19232400903597985,50,0,0.5896279920518993,5737,7,0,1,0,3,0
0.24063386473954473,62,1,0.16002510920352597,4486,12,0,1,0,1,0
0.22294513665114715,18,2,0.21545851163599145,5412,11,0,1,1,0,0
0.250218056495082,27,1,0.5215257637559809,5093,9,0,2,0,0,0
0.33212066355992337,44,1,0.7489065747123029,7149,7,0,0,2,0,0
0.25873781324448114,56,0,0.759864036359279,3792,7,0,2,0,3,0
0.24656752476876115,42,2,0.16174531957301236,1623,9,0,1,0,1,0
0.05676409131482753,55,0,0.5412201344360394,12310,9,0,0,1,2,0
0.14405581824454045,37,2,0.3282397576714344,3333,7,0,1,0,1,0
0.3240372909680528,62,0,0.40981098393484633,2343,7,0,0,0,1,1
0.2846715358535633,36,1,0.8247315887879548,4854,8,0,1,0,0,0
0.20327962034664449,61,0,0.23523613777558275,1640,7,0,1,0,0,0
0.12424238651645417,64,0,0.16954121168327124,2040,10,0,0,0,2,0
0.1037691396561859,51,0,0.5437563536635862,4177,7,0,2,0,1,0
0.2428251826916053,47,0,0.4806894654086031,1903,11,0,0,0,1,1
0.4052878839188485,81,1,0.6437041211554276,2901,5,0,0,0,1,0
0.2812725997720377,61,0,0.21178074366329064,11144,11,0,1,0,2,1
0.4458046280388911,56,2,0.48169460624239263,5380,6,0,1,0,1,1
0.18168871316847932,30,0,0.4525623598601271,3649,7,0,0,0,0,0
0.4312400203685855,62,1,0.3299880216016986,1671,12,1,3,1,1,1
0.03855699767869129,42,0,0.64017874856923,9721,7,0,0,0,0,1
0.39790162056590145,76,1,0.5791137283075316,5312,4,0,4,0,1,1
0.09083167051454284,40,1,0.19250179994807493,29445,9,0,2,0,0,0
0.40578788856919124,48,0,0.16038896674520706,4332,9,0,3,0,1,0
0.2119459496606964,41,1,0.7162909845999117,2952,4,0,0,1,2,0
0.2223033129043279,46,0,0.5029828328517223,8317,11,1,1,0,1,0
0.24100793835883455,44,0,0.6407862846795086,3903,5,0,0,0,3,0
0.16027666002422644,18,0,0.20366812956144517,3105,14,0,2,1,0,0
0.33210288360527795,35,0,0.43661685216928714,33534,3,0,0,0,0,0
0.1537567900048005,34,1,0.3446484458266773,11018,9,0,2,0,1,0
0.33103554775892197,50,0,0.3687320566060242,4469,11,0,0,0,0,1
0.23732290465953484,51,1,0.7072373273320031,6827,6,0,0,0,0,0
0.3905779698447181,31,2,0.39896483745120687,13193,9,0,0,0,2,0
0.15619034755734487,56,0,0.8234575594114713,1446,3,0,0,0,1,1
0.06991788858914519,46,0,0.30192172041441845,676,11,0,2,0,0,1
0.35238312107058367,53,0,0.5212814035808903,1662,7,0,0,1,1,0
0.45321727028458964,51,0,0.05044394687139838,2280,4,1,2,0,0,1
0.2984727945687269,26,1,0.6296998885706445,3204,6,0,1,1,1,0
0.2822163427680966,44,0,0.41951918338661476,12115,8,0,2,0,0,1
0.2616129743977782,56,0,0.12116504916304141,5477,11,0,0,0,0,0
0.34708701731031993,48,0,0.5634879051598654,12636,9,0,0,0,0,0
0.024024857168305932,49,1,0.25933530966547635,13968,7,0,4,0,2,0
0.09997711022757928,46,0,0.597742687445435,3479,3,0,0,0,0,0
0.24826545018039087,33,1,0.31968477706167886,4646,16,0,2,0,2,0
0.23142787484182684,53,0,0.37617766518573953,13632,9,0,0,0,2,1
0.16637059525052209,28,0,0.07960414600436029,5241,10,0,0,0,2,0
0.1420945188495032,38,2,0.3216374006212534,4060,5,1,3,2,2,0
0.11171681601270111,25,0,0.23353647904224897,2492,8,0,0,0,1,0
0.11194477842506362,51,0,0.2325517620539933,3122,8,0,1,1,0,0
0.34421885392049206,47,4,0.5817311771951073,4927,9,1,1,0,1,0
0.6371820511225604,56,0,0.617706034783272,1649,14,0,0,0,0,0
0.3180519432704581,44,0,0.059156898794891596,2564,7,0,1,0,2,0
0.3865335157456356,38,1,0.2724541219793506,1880,12,1,0,0,2,0
0.14710520858381432,48,0,0.15010647749027675,6321,10,0,2,0,0,0
0.44654316756591667,66,1,0.11318335177762966,35747,5,1,0,1,0,1
0.5349182980844841,71,0,0.61026797241726,20237,15,0,1,0,1,0
0.2972863769895829,49,0,0.04310258019354841,4866,13,0,1,1,0,0
0.11920552169425468,75,1,0.4419253408139849,2992,6,0,0,0,1,0
0.2844437780775179,57,0,0.37001882248181,2081,6,0,2,1,1,0
0.19959059172348664,47,0,0.36624436816288175,4384,15,1,2,0,1,1
0.5910127193177569,36,0,0.09926020413951761,5736,6,0,0,0,1,0
0.21285162788483047,55,0,0.465736307155565,6313,11,0,1,1,0,0
0.10115099587215191,35,1,0.4815062570220736,31582,8,0,2,0,0,0
0.6263019987469923,23,1,0.33509726896242614,7654,3,0,1,0,1,0
0.20543979191842754,40,1,0.48822408382765037,7935,6,0,3,1,1,0
0.3273943306264111,43,0,0.8297476529098085,2078,4,0,0,0,0,0
0.5349825724625756,42,1,0.39273359582541734,1216,9,1,3,1,1,0
0.40046057998376805,50,1,0.6773914487466608,4622,10,0,2,0,0,1
0.027787003540710512,57,0,0.503311223085885,1396,5,0,1,2,2,0
0.361205424376184,18,0,0.526368138558964,19412,6,1,0,0,3,1
0.18687641976454408,36,0,0.19767343143715754,5960,8,0,2,0,0,0
0.33504479579639107,31,1,0.3326925538149703,3990,6,0,0,1,1,1
0.30906355125410107,19,0,0.23089402011044077,1955,10,0,1,0,2,0
0.12852329867611914,45,0,0.08294951653499048,8015,4,0,1,0,0,0
0.06857593855486123,43,0,0.4076859614835878,3520,7,0,3,0,0,1
0.1328693693842819,55,1,0.5876084882735257,14108,3,0,0,1,1,0
0.2917074367209676,18,2,0.3881818757595232,2573,10,0,2,0,0,0
0.15239497944434455,18,0,0.634001790970144,1193,9,0,0,0,2,0
0.15047878874675139,46,0,0.2803764350340937,6041,10,0,2,0,1,0
0.3470835302388567,55,0,0.45374054609017705,5187,7,0,0,0,1,0
0.18586576619683395,48,0,0.601574785965289,13492,11,0,0,0,0,0
0.5086358752877465,30,0,0.3302757498564164,4644,2,0,0,1,1,1
0.5019177306659776,31,0,0.28455337461037217,8484,6,1,2,0,2,0
0.2604816139745189,37,0,0.44562104790186646,5003,7,0,4,0,0,1
0.3277181016924497,37,1,0.5112038016583216,8561,12,0,0,0,1,1
0.18308267677846818,58,1,0.6060946226792165,2165,8,1,0,2,0,0
0.24976091397927824,29,0,0.15248579072853802,2974,11,0,0,1,0,0
0.2795108887482322,58,1,0.3298824091399706,7240,10,0,3,0,3,1
0.05607254047121094,41,0,0.7045810288587059,8796,8,0,6,0,1,0
0.378651787451291,36,0,0.23001175962033388,3813,4,0,0,0,0,0
0.4090704013145092,55,0,0.11315746221185695,1931,5,1,1,0,1,1
0.4004218983981212,24,0,0.5573892052129009,3759,8,0,2,1,1,0
0.23084976237944266,46,0,0.48182573869672346,13846,5,0,2,0,0,0
0.5502118847623457,38,1,0.31281228252990406,6435,14,0,0,0,1,1
0.3948800968476748,45,0,0.6357632355372269,6372,8,0,0,1,0,0
0.24145402160454216,45,0,0.47161630418556466,5930,6,0,1,0,0,1
0.3210156090213127,40,0,0.8201784035046812,26510,11,0,0,1,0,0
0.5089075767505673,42,1,0.29531617944442307,1992,11,0,1,1,0,0
0.4474676802869108,18,0,0.2400996845691435,2188,8,0,1,1,1,1
0.2700142059896316,64,0,0.6220945643828243,7127,8,0,2,1,1,1
0.15841278399471104,46,0,0.5195364605618311,10255,9,0,3,0,0,0
0.10323660426653833,55,1,0.34916241240279755,11486,3,0,3,0,0,0
0.22676630165666825,51,1,0.5900127071544844,2468,11,0,1,1,2,1
0.26237407303770116,52,1,0.5403237275840121,10388,17,0,0,0,0,0
0.06868585710901548,43,0,0.19005506668077815,2584,7,0,0,0,1,0
0.21876394938150895,74,0,0.5977489421034702,1653,15,0,1,2,3,0
0.624362108151255,49,2,0.7819260171863595,4804,8,0,2,0,0,1
0.666847609010652,22,0,0.6711547520639677,15281,12,0,1,1,3,0
0.08841389679328901,44,1,0.37696621455647716,21091,5,0,1,0,1,1
0.15350265625516452,49,1,0.1870320827836549,12123,9,0,1,0,2,0
0.2139475771149244,43,0,0.44205579853435045,10834,12,0,0,0,3,0
0.4708529381799137,54,0,0.15495323533874167,6227,3,2,0,0,0,0
0.2509203087232291,45,0,0.36756585359726524,1484,10,1,1,0,1,0
0.5027192941771377,61,0,0.22919605365169116,4108,7,0,1,2,2,0
0.11894106547810511,52,0,0.4896229719497903,12862,8,0,0,0,1,0
0.13341452139212268,24,0,0.41281645341510304,1486,9,0,2,0,1,0
0.3766234834156963,30,0,0.7198743931796863,3327,9,1,3,0,1,0
0.6383320975393162,53,1,0.4626567044185441,1923,6,0,0,0,2,0
0.5269304690221005,35,1,0.44956861536575754,3300,8,1,0,1,1,1
0.29713731190803466,58,1,0.1600063375876886,6551,6,0,0,0,0,1
0.25938480587766266,41,0,0.4764917957090177,14825,4,1,2,0,0,1
0.23561979724857204,44,1,0.502208693569181,18051,9,0,1,1,2,1
0.2313732589699432,42,1,0.4465620201959233,3952,11,0,0,1,1,0
0.3532826285583841,41,0,0.42260631012640143,4144,13,0,1,0,0,0
0.09280712036260579,25,0,0.11229161056395631,3707,10,0,0,1,0,0
0.09911795062604375,27,1,0.19687847015675167,4355,9,0,2,0,0,0
0.3200301603493865,53,0,0.5170393933928791,4024,11,0,2,0,1,0
0.3907128614497701,26,0,0.3058706782931879,14691,2,0,1,0,4,0
0.5487785334154548,54,1,0.1334992173582007,1862,11,0,1,0,0,0
0.2040333862015528,47,1,0.45462183478949175,3468,7,1,1,0,0,0
0.2687558269789236,39,1,0.3273903127669493,4076,4,0,0,2,0,1
0.4191498516708244,34,0,0.3988511691704197,6116,6,0,0,0,1,0
0.5162064037223153,58,1,0.17628406056944648,12242,3,1,1,1,0,0
0.7139704912647853,51,2,0.269376365554474,4995,13,1,2,0,0,0
0.37193615818539894,37,0,0.31415753625770687,6725,10,1,2,0,1,1
0.22511445647715242,45,0,0.14362111453486104,3416,3,0,0,1,0,0
0.4421037742515165,41,2,0.29563199028642534,829,8,0,1,1,1,0
0.10112971971690861,42,0,0.2145794720761817,3145,7,1,0,0,0,0
0.049521950307405416,84,0,0.22068204892100673,3223,7,0,1,1,0,0
0.7663684279486219,54,1,0.2589934206837916,2969,10,0,2,0,2,0
0.36591692622986544,65,0,0.279371385586432,6788,7,0,2,0,3,0
0.33236268644599765,41,0,0.4846962913391225,23619,4,1,0,1,0,1
0.23293172970112602,18,0,0.4899077615642782,4776,6,0,0,1,2,1
0.29114660298004824,41,0,0.485913178081449,2888,8,0,0,0,3,0
0.2789490532337248,46,2,0.6911067194697966,9471,11,0,1,0,0,0
0.37005929421081235,40,2,0.580501396932082,5666,10,0,3,1,2,0
0.23343555192244303,48,0,0.16661039980002934,6478,8,0,2,0,2,0
0.1864766828801871,44,2,0.8444795731333572,3059,6,0,1,0,1,0
0.1763315764139287,44,0,0.07232708818806557,7009,8,0,1,0,2,0
0.016371488193214632,59,1,0.5159416441706233,1469,9,0,1,0,1,0
0.20462748080925597,52,0,0.39154424626379436,6711,9,0,0,1,0,0
0.18772872163550683,36,0,0.2470008535467292,8532,7,0,2,1,2,1
0.33082661177882117,83,1,0.17980043176601035,1538,10,0,0,0,0,0
0.7031597661782469,60,0,0.43121382305354966,16474,12,0,0,0,0,0
0.0793032246054485,62,0,0.10683372715408225,6431,6,0,0,1,0,0
0.1809663256964946,42,0,0.6058750946324251,4233,9,1,2,1,2,0
0.10966863368244943,60,0,0.47463558704817754,2675,10,0,0,0,3,0
0.2727681383413513,50,1,0.2808641314180606,1151,9,0,0,0,1,0
0.2646830681061562,37,0,0.7019719450589716,10026,9,0,0,1,1,0
0.1934316338077065,41,1,0.38168596957834117,6795,4,0,2,0,2,0
0.15912892112213028,36,0,0.5557627782237111,2175,9,0,1,0,2,0
0.3351702896318548,68,1,0.1253235133184096,13073,13,0,0,0,0,1
0.3738516119716175,45,0,0.347207166055753,9198,8,1,4,0,1,0
0.3158301649327497,39,1,0.19614417832739495,9105,6,1,2,1,1,1
0.11698701915878001,41,0,0.4443032275031337,4550,9,0,2,0,1,1
0.39566523627766514,55,0,0.1511122530192569,3014,13,0,1,1,0,0
0.3820286380169784,25,0,0.5658834752338638,1953,5,0,0,0,0,1
0.31532379110060965,34,0,0.3194481739853675,3252,9,0,0,1,2,1
0.5274033856895438,59,0,0.6662774965202444,5530,9,0,0,1,1,1
0.15617978105109007,48,0,0.6461612120413176,3854,12,0,0,0,3,0
0.12348507393123592,41,0,0.18394282680860807,11396,8,0,2,0,2,0
0.3960976360958516,68,0,0.8457825363513584,4216,9,0,0,0,1,0
0.4254935825549385,59,0,0.2149663576768914,6104,12,0,0,1,0,0
0.20676256001568744,58,0,0.36754404208880187,5340,9,0,1,0,0,0
0.4375932336877081,29,1,0.21092844008339473,5668,8,1,0,0,0,0
0.7432538060698377,38,0,0.09976781490373031,1846,8,0,3,0,0,0
0.26338311539351383,34,0,0.42866192630147953,6337,9,2,4,1,0,1
0.2558012362718746,47,1,0.6399284395414764,1956,12,0,2,3,1,0
0.1494391285823358,63,1,0.04574464573450253,2080,10,0,2,0,0,0
0.4778854494469668,63,0,0.3419537843201296,4497,11,0,1,0,1,1
0.20973880645562748,45,1,0.5876422597169287,4742,8,0,1,0,1,0
0.4317349694373889,43,0,0.6007171721527641,2107,10,0,3,1,1,0
0.20371672854842274,57,0,0.46764385026935446,1215,6,0,0,1,3,0
0.3986250750338873,40,0,0.3742860083461583,1180,9,0,0,0,1,0
0.10553930482973334,42,0,0.3031623594874377,6383,7,0,1,0,0,1
0.40123006164122,40,1,0.3409992102606591,5418,5,1,0,0,1,0
0.24338732187623335,64,0,0.12701226075341882,7531,8,0,0,0,0,1
0.3966377633013896,41,1,0.6018918129884043,7850,8,0,0,0,3,0
0.14777366476078582,39,0,0.39467502134143667,5267,7,0,1,0,1,1
0.2247456579806682,52,0,0.28302258768977034,6306,9,0,0,1,3,0
0.19949198657697387,79,0,0.17806278716880178,6182,3,0,1,0,5,1
0.562454155651141,44,0,0.23559235841572831,16619,7,0,2,0,0,0
0.48315803435291244,53,0,0.3445701105408729,4851,2,1,3,0,1,1
0.36020037969351515,42,0,0.2542205248561134,52135,12,0,1,0,1,0
0.16422969617587108,31,0,0.5337382943442435,3486,7,0,2,1,1,0
0.11221507674242698,39,2,0.5315892402844744,5017,13,0,0,0,1,0
0.3364066947886372,35,0,0.37447871026648105,40204,6,0,0,0,2,0
0.1584164284296026,62,0,0.32144930060871135,2607,6,0,0,1,0,0
0.1564219708191022,54,0,0.28649852068306,6408,6,2,2,1,1,0
0.3838149570531835,56,0,0.1559686783433682,3077,8,0,1,0,0,0
0.22420454636358617,43,1,0.36953409105597373,4114,7,0,1,1,1,1
0.33228603662262257,25,2,0.04738630418298681,25898,10,0,1,0,1,0
0.13971358076814355,46,1,0.33990180008144316,4118,11,0,0,0,2,0
0.28655514502558654,21,0,0.15426162025635473,14860,3,0,1,0,1,0
0.6765757678205582,18,1,0.3065030869704349,9224,6,0,1,0,0,0
0.4001431937494611,43,0,0.3033965704695659,2840,5,0,0,0,2,0
0.4096411557850117,18,0,0.22648671940676895,13415,5,0,2,0,0,0
0.1464590976340869,64,0,0.27687536475250496,1614,8,0,0,0,0,0
0.2513188764297886,64,2,0.7530215557252034,5173,8,0,2,0,3,0
0.7249188518456011,45,0,0.5333442862322828,5216,11,0,2,1,0,0
0.5053498856223289,33,0,0.5654065165230934,8575,7,0,0,0,0,0
0.1569374169566882,58,0,0.28949696065961755,7794,7,0,0,0,1,1
0.28851268285640785,87,0,0.09851267710560209,7058,7,0,0,2,1,0
0.4279626632952266,38,0,0.1935205225482542,2502,6,0,3,0,0,0
0.02324187143425823,63,0,0.2948630912996274,4864,4,0,2,0,1,0
0.3945931938717318,31,0,0.3075414156472024,7024,12,0,2,0,0,0
0.3546617418200203,58,0,0.6002134521149018,6063,8,0,1,0,1,0
0.3760072790159936,52,0,0.7977951346354032,6778,8,1,1,0,0,0
0.3415524132849448,34,0,0.7192366788501189,8657,8,0,0,0,1,1
0.4649983614262277,55,1,0.2955782655601422,3332,7,1,1,2,0,0
0.10173885316248087,41,1,0.6481716733182854,7615,11,1,2,0,0,0
0.20185226807183873,56,1,0.20325601801173132,14247,11,0,2,1,2,0
0.036305817253201145,48,0,0.5638739809057123,5131,13,0,0,0,2,0
0.2563426737880884,54,0,0.304671058088398,9143,8,0,0,1,0,1
0.3849962978794433,41,0,0.18166354209945196,31430,13,0,1,0,0,0
0.20803836411900498,30,0,0.7507222037665194,4834,15,1,4,0,0,0
0.07379911414736773,60,0,0.5094842923039393,2052,11,1,0,0,0,0
0.2741558544118662,35,0,0.19766181644176128,2715,8,0,1,1,1,0
0.22263639204654784,75,1,0.17692331821611923,6168,8,0,0,1,0,0
0.17860258863358916,28,0,0.46326701115876867,2778,10,0,0,0,3,1
0.13960119412532915,60,0,0.29085795015232885,4136,12,0,0,0,1,0
0.48913909979774217,66,1,0.4553628149410287,3046,4,0,0,0,1,0
0.11572772041317707,40,0,0.11863500681462706,1592,10,0,1,0,0,0
0.1399736392743141,46,0,0.3243835120951246,1949,7,0,1,0,0,0
0.31057809013125165,66,0,0.8652143523172839,2604,10,1,1,0,5,1
0.22833574688482505,38,0,0.23063901662025638,1442,8,0,1,0,3,1
0.3364761536045632,29,1,0.2607129021371717,9914,3,0,1,0,1,0
0.19781964475743227,60,0,0.17485576599171432,1371,4,0,2,0,1,0
0.3068994047873728,54,2,0.2735632513268663,3756,5,0,1,0,1,0
0.6012851178406902,18,1,0.17981550437375732,9829,4,0,4,0,2,0
0.06147742287720813,51,0,0.6815681619014546,2926,13,0,2,1,0,0
0.17611023373330137,63,1,0.4174919523252842,1446,14,0,0,2,1,0
0.08583277823308985,72,0,0.3707275786859313,7536,10,0,1,1,2,0
0.05321095943084417,48,0,0.15479111202987184,4713,11,0,0,1,1,1
0.13794686341850343,49,0,0.18299629058153283,10039,8,0,1,0,0,0
0.36874821483038817,73,0,0.4102719544678186,5189,7,0,1,0,0,1
0.32951764082308777,41,0,0.3448712389291149,19167,7,0,1,0,2,0
0.4410523374924298,48,0,0.5670150958119662,1854,9,0,0,0,2,0
0.407929184429142,26,0,0.25508107915378786,1245,10,1,3,1,2,0
0.3091963699570908,42,0,0.3070926319531332,4195,6,0,1,0,2,0
0.4009089992819411,39,2,0.42270287686961483,7971,8,0,2,1,1,0
0.1275837336884488,38,0,0.1587854302104348,3847,18,0,0,0,2,0
0.3125505957207144,37,0,0.5797058172773497,2925,13,0,1,1,0,0
0.3603710684760264,33,1,0.556207863005624,23366,7,0,2,0,2,0
0.14822629717922226,65,1,0.6311180186385368,15969,3,1,1,0,0,1
0.19913484205562604,42,0,0.5663404420319174,5389,12,0,1,0,0,0
0.5699276782314214,36,0,0.4532705833388925,7298,7,1,1,0,1,0
0.5120091314215854,42,0,0.4944694322864319,23796,6,0,2,0,1,1
0.14205716557788528,81,2,0.21192445158437254,7215,6,0,2,0,1,1
0.2831346218974033,62,1,0.07236206596005573,1972,4,0,2,0,1,0
0.3199836608461594,18,1,0.42161658038400224,6197,11,0,0,0,1,0
0.31123246811898764,44,2,0.3296613679633356,13589,8,0,0,0,4,0
0.022423696022669505,18,0,0.24442441981095075,2467,9,0,2,0,0,0
0.1065851622870497,51,2,0.18504016666841946,27930,8,0,2,0,1,0
0.6563203495053356,60,0,0.6870803994233459,1113,14,1,1,0,0,1
0.4511639783884664,43,1,0.2592901961388603,2685,9,1,1,0,0,1
0.2876351064028119,71,0,0.42914257970435316,3904,5,0,2,0,4,0
0.5199780092807589,59,0,0.3863123644915563,1168,7,1,1,0,0,0
0.1582003309134073,18,1,0.37326110816111985,2105,3,0,2,0,2,0
0.08837574071328191,56,0,0.6763529659499767,2765,9,0,1,0,2,0
0.1289076055561652,34,0,0.5654093875112304,15954,12,0,3,0,0,1
0.004018779199621512,56,0,0.20615765586316928,7368,5,1,0,0,0,1
0.3896578414405991,54,1,0.2939482726447656,2450,10,0,0,0,0,0
0.1922630958321333,25,0,0.252545604036228,9411,9,0,2,0,0,0
0.322249025478251,24,0,0.4861814138968534,5773,4,0,1,0,0,0
0.18152834422960182,48,1,0.3474564027749762,11332,10,0,0,2,2,0
0.1208712346567539,30,0,0.35773522055536305,5074,11,0,0,0,0,1
0.06364988528745467,27,0,0.5733834503123014,8538,12,0,1,2,2,0
0.27790426691905434,44,0,0.25811895887976405,7317,3,0,1,0,2,0
0.6165874772876713,39,1,0.1725644650253436,4312,7,1,1,0,4,0
0.5479219778555893,40,0,0.3129541509107335,7141,3,2,1,1,1,0
0.03694846958936316,27,1,0.12969130009475313,11490,10,0,0,0,0,0
0.14462500294165154,52,0,0.3187940700954495,4620,6,1,0,0,0,0
0.05258227467792647,42,2,0.4527691532209659,4124,8,0,2,0,0,1
0.02698304345989843,77,0,0.3488345534356343,3643,11,1,0,1,1,0
0.1560168420329787,40,1,0.3426247005367024,19414,7,0,1,1,0,1
0.10691042281671762,34,1,0.40724709415727994,890,7,1,2,0,2,0
0.05234356029710961,33,0,0.5586783068196757,3375,14,0,0,0,0,0
0.17164352634072078,47,0,0.26606795548452683,5342,7,1,3,1,1,0
0.05751563616270806,71,2,0.32429947673513404,1164,9,0,1,1,0,0
0.19273892243339885,46,0,0.5435625069453466,12733,6,0,0,0,0,0
0.47644584366336606,45,0,0.019939498003505605,3304,6,0,1,0,1,0
0.3259218271627359,49,0,0.5490894784548597,3079,5,1,1,0,2,0
0.358365511888128,21,0,0.5807866211193549,4546,9,0,1,0,1,0
0.19849087421785544,54,4,0.25596069663055965,2081,14,0,0,0,0,0
0.5291470310435905,31,0,0.2780860001312781,1680,16,0,0,0,2,0
0.4566417947139474,33,0,0.4017215459004361,8398,6,0,1,0,1,0
0.3928775827888437,62,0,0.47632060330340437,730,8,0,0,0,2,0
0.17630706769670734,44,0,0.5437188353229673,14591,6,1,1,2,0,0
0.2881451199739543,70,0,0.24806021291180871,3239,7,2,0,1,1,1
0.25679703981563756,18,1,0.3749553985508174,5665,10,2,3,1,0,0
0.7013190072892569,42,0,0.5036382429290756,3243,7,0,1,0,0,0
0.25753205968018983,52,0,0.36650093915585297,7688,8,1,0,1,2,0
0.5942394239372457,43,0,0.8370127397551334,3356,8,0,2,0,2,0
0.22699942516284874,67,0,0.45649800569666577,30658,10,0,0,0,0,0
0.314575547828858,29,0,0.2992795628625947,14837,6,0,1,0,0,0
0.031003561645638028,52,0,0.35340474945148403,4314,5,0,0,1,1,1
0.10137385799054713,64,0,0.11702348312877708,7579,8,0,4,0,2,1
0.5340918987263844,34,0,0.6018479724772952,2011,8,0,1,1,0,0
0.12738964104649944,18,1,0.6963294298500802,5630,7,0,1,0,0,0
0.09381175566227311,42,0,0.7793786417375074,2289,6,0,1,0,3,0
0.09720850685979465,45,1,0.6278604789991151,2752,11,0,0,0,0,0
0.5823601913455241,73,1,0.46494667570691467,8869,9,0,3,0,0,0
0.4555976967578003,66,1,0.5018037615836353,3894,7,0,0,1,2,0
0.36035795370972346,54,1,0.24132887718501211,14197,8,0,2,0,3,0
0.2294561582043575,40,1,0.22871082510086996,4252,9,0,0,0,2,0
0.22442971952763555,22,0,0.3641060964454273,6709,6,0,0,0,1,0
0.5576334940176436,47,1,0.8085847210604116,14122,11,0,0,0,1,0
0.12757123323254166,50,0,0.09797101587297823,5004,7,0,1,1,1,0
0.31740728269120894,56,0,0.64017780597684,1686,10,0,1,0,2,0
0.3807873803489087,64,0,0.49192934271974165,5252,5,0,0,0,2,0
0.3418093739785204,47,1,0.7192705498217729,4088,8,0,2,0,4,0
0.13193099468622588,75,1,0.5514867006648566,3772,6,0,2,0,1,1
0.3481784327798928,52,0,0.6489787689869694,4918,11,0,0,0,0,0
0.4661403529324647,48,4,0.3029306071665578,2681,9,0,0,0,0,1
0.12106114474021969,21,1,0.26289504781108053,3287,13,0,0,1,0,0
0.14992719920415276,45,0,0.1896038588104824,1183,6,0,0,0,1,0
0.3908577404409493,56,2,0.5878025133063765,18372,10,0,1,1,0,0
0.29361853729227555,62,0,0.18701963496934318,30239,13,0,0,0,0,0
0.07238714304310581,68,0,0.3996629436256921,14830,9,0,0,0,1,1
0.2698039986825133,40,0,0.23180971552638976,7864,10,0,0,0,1,0
0.3240370433147788,42,1,0.4661993283439015,2768,3,0,2,1,0,0
0.26820921032146366,60,0,0.68618118905118,714,10,0,1,0,0,0
0.47209407350519966,36,1,0.27735281483818813,13098,9,0,0,1,1,1
0.05001863328460981,45,0,0.2689686502013222,2600,7,0,0,0,1,0
0.3333598468796317,55,0,0.1488586678247905,4405,10,0,3,0,2,0
0.07552439968502267,30,2,0.46110540544216355,2845,15,0,0,0,2,0
0.31510244929637643,19,0,0.542552546153403,815,9,0,0,0,0,1
0.3651558524346066,29,0,0.2793217189444391,8333,6,0,1,0,2,1
0.06375047007744084,47,0,0.5291529702994114,3346,10,0,0,0,0,0
0.41994688833404714,39,0,0.13746319562378778,3455,7,0,2,0,0,0
0.036884558576389184,39,0,0.7469042232092873,3810,7,0,2,0,0,0
0.13672767858709567,28,3,0.9198907044764405,2416,6,1,0,1,1,0
0.11475978015736256,53,1,0.11727918644704435,6511,4,0,0,1,2,0
0.31562259225434125,25,1,0.5788682413320231,10486,8,0,1,0,2,0
0.5644092815022946,23,0,0.39310499415525346,3889,7,0,0,0,2,0
0.3443490729038077,46,1,0.2363505760577622,5730,9,0,0,0,1,0
0.015415465333206892,44,0,0.19593657193334768,2792,11,0,3,0,2,0
0.29976351398101053,28,0,0.23545265422895229,9234,3,0,2,0,2,0
0.5081623114830457,27,0,0.29155633008454795,4218,3,0,0,0,2,0
0.1136701464663482,45,0,0.7567064684376303,3363,7,0,3,0,3,0
0.5248843340297844,48,2,0.3118269813800329,3818,7,1,1,0,1,0
0.4200723927694424,44,1,0.4697797605892118,7289,14,0,1,0,0,0
0.32235669596052324,66,1,0.6514024009879017,6592,9,0,1,0,1,0
0.22045086944310377,30,2,0.650907912665644,2440,9,0,0,0,0,1
0.25277125741853756,25,0,0.6481244294099041,18768,9,0,2,1,1,0
0.24842551730573345,34,0,0.5293182342526684,2790,4,0,1,0,2,0
0.2978481739739763,68,0,0.08424833106701286,8224,9,0,3,0,1,0
0.7791923189033789,67,1,0.365012997540659,11052,7,0,2,0,0,0
0.08145149206819455,34,1,0.21056111798294255,8796,5,0,3,0,2,0
0.34882229079988764,21,0,0.22437544655503103,2136,10,0,0,0,1,0
0.09376935971182736,55,0,0.36350290647760425,3115,7,0,1,0,1,0
0.27224847173466854,40,1,0.3893575176393545,4367,9,0,2,1,2,0
0.07795693865824341,60,0,0.13104835229543393,3034,15,1,2,2,0,0
0.48329649274326797,49,0,0.0895949947904113,2474,8,1,1,0,1,0
0.08973549823585632,39,0,0.2772698564401971,3097,7,0,0,0,0,0
0.13226876521928646,44,1,0.21240312586485327,10977,9,3,1,0,0,1
0.13935426287601,53,0,0.26780845783797935,4743,7,0,0,0,1,0
0.08504148513414743,34,0,0.21619897271065602,2099,6,1,2,0,1,0
0.3016375815999939,49,0,0.38291359743402165,14085,10,0,2,0,0,0
0.07068331264217649,40,0,0.12550305334047765,14925,6,0,0,0,0,0
0.21551274239177193,31,0,0.31980958836218176,4233,13,0,0,0,2,1
0.20437286317651837,35,1,0.3191830879079768,6898,8,0,2,0,1,0
0.2992781760578609,50,0,0.38300873747612185,18189,7,0,2,0,2,1
0.09728235632468243,31,2,0.29468904672645313,3585,10,0,3,0,1,1
0.3247139506031986,48,0,0.3874781747375988,6930,8,1,1,2,2,0
0.6394902103540608,60,0,0.2638465648229169,8794,3,0,3,1,0,0
0.16328712563879574,18,0,0.341822299935237,24407,13,0,0,0,0,0
0.6584323070961616,23,0,0.24299332284993416,6768,9,0,2,0,1,1
0.36976458343093255,56,0,0.500259485822782,7878,10,0,1,0,1,1
0.11378045754464049,43,0,0.5059794809910992,2542,14,1,0,1,0,0
0.21212400757822067,49,1,0.40489935451473286,17672,11,0,1,0,1,0
0.49738828240950705,46,1,0.13498049349737362,4254,4,0,1,0,1,1
0.35201112681221663,50,0,0.726367066825252,677,11,0,0,1,0,0
0.15161560420350328,56,1,0.3391160631161741,6541,8,0,1,0,0,0
0.5158838983761941,57,0,0.11687278516281295,1621,2,0,2,0,2,0
0.16715808131238688,41,2,0.14550422307683966,1894,6,0,2,0,2,0
0.08992769515715808,56,0,0.5464639429352445,5738,10,0,3,0,0,0
0.14357491469545888,48,6,0.4140237527369174,1576,8,0,1,1,4,1
0.22841770940572176,33,1,0.22557613501382479,22771,7,1,2,0,1,0
0.07658043065604013,42,0,0.3272819188335274,4221,8,0,3,0,0,0
0.22249124346198415,59,3,0.4719906662087863,4765,5,1,4,0,1,1
0.0994318827916897,33,1,0.3875350600811973,4325,6,0,0,1,0,0
0.1128355432997066,68,2,0.5189971844062179,1378,15,0,1,1,0,0
0.3054170176669282,47,0,0.6862066430858543,2945,9,0,1,0,3,0
0.3108682662265197,60,1,0.48632715199265697,26345,5,1,1,0,0,1
0.017116552513697775,49,0,0.22684355177315085,2073,7,0,0,1,1,0
0.4621680371416506,36,1,0.7466226243301131,3531,10,0,1,1,0,1
0.29238432774965123,30,0,0.4175327170718873,3447,7,0,0,0,0,0
0.14233077326199997,37,0,0.4847960796864114,14457,4,0,0,0,5,0
0.7024752777820775,63,1,0.08083262593727979,6146,8,1,2,0,0,1
0.0623706054551161,64,0,0.15188617194816342,3793,14,1,1,0,1,0
0.09684226068042917,24,2,0.41346445527947095,5001,5,0,1,0,1,0
0.37006858310698404,23,0,0.44475929123846075,4087,8,0,0,0,0,0
0.4303163488446896,49,1,0.2105822171264594,39385,8,0,1,0,0,0
0.12828318166232572,42,0,0.10939649126308122,2734,9,1,3,0,1,0
0.27409633779731446,20,0,0.7117073147795684,2174,12,0,1,0,0,0
0.16975675317959174,79,0,0.1767230564183001,2217,8,0,0,0,1,1
0.29881641414659277,51,0,0.4288977116728911,1767,6,0,3,0,1,0
0.5855506846114052,57,0,0.19961826749714603,4928,8,0,0,1,1,1
0.14038292020818344,56,0,0.2869011233362092,5447,14,0,0,1,3,0
0.04619726966720606,41,0,0.13580943355648248,19388,10,0,3,0,1,0
0.26054730415700006,52,1,0.22770676206178544,1533,7,1,1,1,1,1
0.11321295818378743,58,0,0.20357652074083563,3056,14,0,0,0,0,0
0.30129283499755205,46,1,0.8704120636495626,3796,9,0,1,0,1,0
0.06999814446199745,68,0,0.7385669353594823,6054,15,0,0,0,2,1
0.42643084837773926,58,1,0.9175566458177263,3058,9,0,1,0,2,0
0.21827768291438854,22,0,0.6103263905200169,845,8,0,0,0,0,0
0.25352325966899764,56,0,0.36255209283619705,10198,7,0,0,0,1,0
0.1927714067176244,29,1,0.5427102507005246,4227,8,0,0,0,1,0
0.29619622063725826,25,0,0.08608080524777278,1670,15,1,0,1,2,0
0.4286673760184935,52,0,0.6899658704109414,2318,9,0,1,0,0,0
0.46731621860784306,42,1,0.3014763684119375,15124,6,0,4,0,0,1
0.4753555506275794,46,0,0.2315580355541432,4180,8,0,1,0,0,1
0.12387293745236137,18,0,0.33529094019613204,5814,11,0,1,0,0,0
0.23404252644248658,54,1,0.5959946271509875,11377,12,0,1,0,1,1
0.7611725283090389,67,1,0.5609088203696228,5198,9,0,3,0,1,0
0.3213980361850783,55,0,0.358475419839025,17253,5,0,1,0,2,0
0.20292322070599333,39,0,0.3305242072408481,4672,7,0,3,0,0,0
0.1528540779415347,36,0,0.4129760356469998,2385,13,0,2,1,1,0
0.47990894103096304,50,1,0.10865971844142096,2092,10,0,2,1,1,1
0.1993008856577863,50,0,0.4980263009947702,2528,10,0,1,1,0,0
0.178541449071611,51,0,0.48461103048786563,6021,4,1,1,0,0,0
0.3977526159784839,50,0,0.16857912257860916,3068,9,0,0,0,2,0
0.22335197398982698,66,0,0.7531453385024742,3294,8,0,0,0,0,0
0.3955559931601356,30,0,0.34744166658712233,4601,16,0,1,0,1,0
0.3949012003931471,18,0,0.4742826269036347,10716,11,0,1,0,1,1
0.1596113893145343,21,0,0.518077141219816,5612,8,0,0,0,1,1
0.3673181617422722,63,0,0.00835415586974336,603,6,0,0,0,0,0
0.11934943603010595,63,0,0.5196766566490566,1988,12,0,0,0,2,0
0.07370421302829804,62,0,0.27863432053700044,8958,5,0,0,0,0,0
0.2460392343680497,82,1,0.23244449908898254,2599,5,0,0,2,0,0
0.024890923097219967,54,1,0.1021360036387867,29235,5,0,1,0,0,0
0.18776409287826398,62,2,0.6284652435383837,4290,6,0,0,0,0,0
0.4748717270750777,45,1,0.5654415759649728,8567,3,0,0,1,2,0
0.1839868779011242,52,0,0.6663358513534876,5856,7,1,0,0,0,1
0.42026177654127644,76,0,0.5975801551612049,3114,5,1,0,1,0,1
0.4808184534029663,23,0,0.4587968739085208,1676,6,0,1,0,2,1
0.21095933892578836,52,0,0.3909840661892964,3332,4,0,0,0,1,0
0.09820609873990302,44,2,0.13774449773580888,7812,9,0,1,1,0,0
0.1971340971079475,49,0,0.38007010107469846,8400,6,0,2,0,2,0
0.11607422018980988,51,1,0.4069923388380636,6898,7,0,1,0,0,0
0.05844856957023737,18,0,0.37290831097391824,6061,6,1,2,0,0,1
0.08174410748147724,45,0,0.3372847300207154,11317,4,0,0,0,2,0
0.2976096551105954,29,0,0.5698007239830627,5124,7,1,1,1,4,1
0.24586344505737587,40,3,0.5858431727636191,4625,9,0,3,0,0,0
0.17514381740256263,51,0,0.18619147805424707,23057,10,0,0,0,0,0
0.1867676341812337,48,0,0.15783716555104646,13553,8,0,0,0,2,1
0.36906584683644317,49,1,0.37750095530383515,16585,5,0,1,0,4,0
0.13327026951314075,44,1,0.5417804757193184,5553,11,0,1,0,0,1
0.14699072641277572,18,0,0.7456816442928024,5323,11,0,1,0,1,0
0.36658214094728714,50,0,0.07481413108382473,10544,11,0,0,0,1,0
0.303380752724625,37,0,0.6584125324270937,2164,10,0,1,0,1,0
0.2841528467356724,44,1,0.8134345257630742,10395,4,0,1,0,2,0
0.4330487066276246,29,0,0.3749892214874203,6841,9,0,1,0,0,0
0.14455794606963218,44,0,0.2492589527267171,4425,6,0,0,0,2,1
0.2157398083215982,40,1,0.3819816283939899,9694,8,0,0,0,0,0
0.032879550429543505,33,1,0.6497761048909031,3180,7,0,0,0,0,0
0.5222317095537897,41,1,0.12007780111813868,1979,6,0,0,0,0,0
0.36884618639707895,32,0,0.28766799240736085,5953,10,0,0,0,1,0
0.3121608053279303,25,0,0.39071217322670465,3935,12,0,3,0,0,1
0.37231523487375384,55,0,0.6079074353756571,3437,11,0,0,0,1,0
0.46202890411276265,59,0,0.559690225568584,1509,9,0,2,0,1,0
0.3197076546825305,68,0,0.32687683030665654,2370,7,0,0,0,2,1
0.21144251360256902,27,1,0.27453645515122355,7245,10,1,0,0,1,0
0.24800196331759358,50,1,0.2837624224583138,4665,7,0,0,0,2,0
0.34071876027200904,53,2,0.5682625315718545,2163,9,0,0,0,1,1
0.23482724366185836,54,0,0.48522103191030086,4870,9,0,2,0,0,0
0.13422298051204043,45,1,0.3644308498562677,10128,8,1,1,0,0,0
0.3109031143559461,73,0,0.7029426225654453,1656,5,0,3,1,0,0
0.22493183697012953,37,1,0.029846383048801748,4614,7,0,0,1,1,0
0.08020148572186353,21,1,0.3936314296324445,4951,11,0,1,0,3,1
0.5202797449955949,66,1,0.20798883144359867,5114,7,0,0,0,0,1
0.20236574023881831,57,0,0.7310207172151956,4264,11,0,1,0,0,1
0.0459965100139443,63,2,0.6991541083132359,8584,9,1,3,0,0,0
0.16959221356157447,24,0,0.6645405217442715,32390,10,0,1,1,2,1
0.5681804040436372,22,1,0.5822146811696276,3666,8,0,0,0,0,0
0.29284733765052684,46,0,0.39811006695706685,1101,7,1,0,0,2,1
0.2298253656933525,29,0,0.16635013116174502,27960,11,0,0,0,1,1
0.4936879797613253,45,0,0.3093206821497224,8970,10,0,1,0,1,0
0.5051399330279456,24,0,0.5823527084126275,6446,16,0,0,0,1,0
0.6938501518624773,18,0,0.29538437646057064,9164,7,0,1,0,2,1
0.13155207620522338,35,0,0.44481323475881934,4045,6,0,1,0,1,0
0.4380530037555077,35,0,0.5893826823209933,4118,9,0,1,0,3,1
0.2939910709703732,40,0,0.2138753910756521,15649,13,0,0,3,1,0
0.0715429058116623,41,0,0.6860150889730363,15788,6,0,1,0,1,1
0.21850236186757815,57,0,0.11305028524882582,2642,6,0,2,0,0,1
0.06252144453360564,53,1,0.09278582017040865,11224,14,0,2,0,0,0
0.4016538520246541,42,0,0.46084342267007655,4650,12,0,0,0,0,1
0.13000933856838193,52,1,0.04686203817049911,4083,8,0,2,0,1,0
0.24735601801478144,54,0,0.2936920281212508,6124,4,0,1,1,1,0
0.3628861363450613,40,0,0.2114440205665257,4439,4,0,1,0,1,0
0.2616916214690648,43,0,0.32443526516606047,8110,14,0,2,0,1,0
0.42717058776193945,47,1,0.4579672790286259,14255,8,0,0,0,2,0
0.14589365977833635,43,1,0.5207589843573776,15005,11,0,1,0,0,1
0.09487225528887942,40,2,0.27500451773048684,1280,11,0,2,0,2,0
0.12269177187223464,46,0,0.287151785741421,1821,8,0,0,0,2,0
0.12529120008698252,49,0,0.6675157502739393,3567,13,0,0,0,2,0
0.28006847734697626,29,1,0.5714957208778325,6654,11,0,2,0,0,1
0.3236729150746455,55,1,0.10056028772623822,4083,10,0,1,0,1,0
0.16277851134893792,41,0,0.4738564605386796,4733,2,0,1,0,2,0
0.1506073931579965,35,0,0.723480080025838,3353,7,0,0,0,2,0
0.28795037906517396,36,0,0.31338269570116767,2090,5,0,1,0,2,0
0.38112293900918853,60,1,0.8709373479891368,3257,7,0,1,1,2,0
0.31163609395127023,39,0,0.1684151182360724,4449,10,0,2,0,1,0
0.31639807946384274,29,0,0.3994830164262951,3459,6,0,1,0,1,1
0.20173429683103833,33,0,0.3614113149411291,881,6,0,2,0,0,0
0.19568630390644826,49,0,0.8434104455004794,5756,9,0,0,0,1,0
0.6330955357230951,44,2,0.4041742553087942,4641,9,0,1,0,1,1
0.3909451927273597,59,1,0.5979029806273227,8814,8,0,0,0,1,1
0.08292091466639766,19,0,0.3696468245837238,3660,8,0,1,1,2,0
0.10899665429978996,59,1,0.6327611262288845,1919,5,1,0,0,0,0
0.27496784242074573,43,1,0.1176921343871808,3440,12,0,1,1,3,1
0.24623130539241633,40,0,0.35506768820707046,1267,11,0,1,0,0,0
0.15633185271835762,44,1,0.11886311386547543,7827,9,0,1,0,1,0
0.024994243357495907,68,0,0.6092164439519149,5175,5,1,2,0,0,0
0.4768322379786139,67,1,0.08570271120033154,4990,5,0,1,1,1,0
0.18228381131579485,63,1,0.7808687692335452,3290,2,0,1,0,1,0
0.33278186671516413,50,0,0.4497136143205739,6191,5,0,1,0,1,0
0.1511038362676605,75,0,0.4231998055721209,1170,8,0,1,0,1,0
0.2529146768131062,31,0,0.6172034067945292,2486,9,0,0,0,1,0
0.21790792197568135,28,1,0.4367787142504624,6685,9,0,0,0,1,1
0.30966234151756783,72,0,0.18292633090119273,20981,5,1,4,1,1,0
0.24064858729108418,28,0,0.0507430408229571,10547,10,1,0,1,0,1
0.10194150558972018,55,1,0.3502393432034992,4257,13,0,1,2,0,1
0.42454238444952563,70,2,0.5552743259574436,4907,9,0,1,1,1,0
0.09651049959965309,49,0,0.38415670996159706,11176,5,0,1,0,1,0
0.3527517695723423,63,0,0.28874715761604913,603,5,1,1,1,0,0
0.6722141722369229,28,0,0.15515826205774907,1939,8,0,1,0,1,0
0.2699332061908601,68,0,0.7348275758539995,5148,9,0,1,0,2,0
0.33935274296769735,55,1,0.09593614250075418,1736,9,0,0,0,0,1
0.49238165125163924,39,0,0.23648011095194116,2363,5,0,0,0,1,0
0.3504483138964735,18,0,0.5256388303792108,2859,8,1,0,0,0,1
0.4085852886434416,59,0,0.4869367549883577,2950,5,0,0,1,1,0
0.27304682301024774,34,0,0.5487821169852948,19441,9,0,0,0,1,0
0.6582480719112072,48,0,0.21020451192980447,2047,8,1,1,0,1,0
0.5613552505093662,42,1,0.19295568841967614,5246,12,1,0,1,0,1
0.315972746893697,51,0,0.483022319953211,4195,6,0,0,0,3,0
0.2434667221933914,54,0,0.16073196388193983,2052,8,0,0,0,3,0
0.2202923607863802,45,0,0.3225113410739972,6863,13,0,0,0,1,0
0.10206404027417292,52,1,0.2247184073985154,5587,7,1,2,0,0,0
0.44172931750249206,62,0,0.3891104630094556,1430,7,0,0,1,2,1
0.3318970892723671,28,1,0.31322663143776464,1848,5,0,2,0,0,1
0.18279266658790433,45,1,0.311088580389208,2549,9,0,2,0,1,0
0.34677673458466085,49,0,0.25369271890068495,25457,13,0,2,0,0,0
0.21596288087318793,34,1,0.6334071106270979,6128,4,0,1,0,2,0
0.37017260528915125,38,0,0.2646985691524158,5015,8,0,0,0,0,0
0.32214526926422743,36,1,0.2731902202687471,2090,6,0,0,1,2,0
0.046485402610308944,59,1,0.21821504048906512,4035,4,0,0,0,0,1
0.4488113515718747,49,1,0.4937789724421111,6122,9,0,2,0,0,0
0.1421671824565925,30,0,0.5801693312935778,10399,3,0,0,0,4,0
0.3203654941566891,43,0,0.27549588266801683,9168,9,0,1,0,1,0
0.3058380936270021,51,0,0.4441388588292755,2125,9,0,1,0,1,0
0.2972937756679392,69,0,0.23788804454340537,15840,9,0,0,0,0,1
0.3354766807878285,66,0,0.19450190654530464,7056,3,0,0,0,0,0
0.47302915303678833,59,1,0.6919012009786227,946,3,0,1,0,0,0
0.3502319117858311,73,0,0.282026297377845,5850,8,0,0,0,2,0
0.18382173384518677,41,0,0.2964656596942291,3960,4,0,1,0,3,0
0.2978433117586764,40,0,0.5253271911464985,1703,6,0,0,0,1,0
0.21844114961756575,62,0,0.5306319826325251,1516,7,0,0,0,0,0
0.41068503765332454,35,1,0.6540213277332334,5951,10,1,2,2,2,1
0.0955120619152358,42,0,0.34725722652498514,955,10,0,0,1,2,0
0.6953205015793592,73,2,0.33116373655486214,10857,5,1,0,2,2,0
0.14554466290416979,35,1,0.8039480842366803,4718,6,0,1,1,3,1
0.5549842704822061,53,0,0.12103522795651879,4421,8,0,2,0,1,0
0.306177502032749,35,2,0.6174598936983519,8818,9,0,0,1,1,1
0.4106111339088839,46,2,0.473232929519704,6108,5,0,1,0,1,0
0.1665512844820672,35,3,0.38323119448923443,1139,8,0,0,1,1,0
0.5188243468044025,39,0,0.4380005043839758,5067,10,0,2,2,1,0
0.22983972628202318,29,2,0.4814792473771742,3485,7,0,0,0,2,0
0.16460446684896876,50,0,0.6089953609482547,5396,10,0,1,0,0,0
0.291523080809749,38,1,0.3935084466223629,7596,12,1,0,1,1,0
0.39803658326507113,18,0,0.16675233774177847,2403,6,0,0,1,1,0
0.2772999850320259,74,2,0.4618452364600484,927,6,0,1,0,0,1
0.36366477594686514,48,1,0.24915846667612984,13129,8,0,2,0,2,0
0.15887389371232336,37,2,0.26780464430209505,10518,6,0,1,1,0,0
0.45315132962627347,55,0,0.44638234279691413,2964,11,0,0,0,0,0
0.26194217765599387,55,0,0.09513367621962317,7285,5,1,4,1,2,0
0.5549145682674536,45,0,0.7331744555412578,3819,12,0,2,3,0,0
0.20733724974521803,69,2,0.3522180577069417,2817,12,0,0,0,2,0
0.13423035195080749,63,0,0.29516425450365524,3076,10,1,1,0,1,0
0.2685500001603202,31,0,0.25389605724161685,3398,11,0,0,1,0,0
0.2204779446419881,62,1,0.09609546671809639,5863,10,0,1,0,0,0
0.3271098806803045,22,1,0.25483864608846346,13759,7,0,0,0,1,1
0.3086244406567565,41,0,0.6495942989479494,5647,7,0,1,0,2,0
0.46163509527717883,53,1,0.4415592562323468,1445,7,0,1,0,1,0
0.22350759266622108,47,0,0.5771442759810784,5938,4,1,0,0,0,0
0.3071333961615477,57,0,0.40437010251184907,8202,8,0,1,0,0,0
0.5330036488374018,37,0,0.23435884002883106,3220,8,0,2,0,1,0
0.2914050542446703,44,1,0.30654880336355805,2310,7,0,1,1,1,1
0.0959082454579577,24,0,0.49808653764789285,6342,5,0,1,2,2,0
0.38674589181516766,38,0,0.1967691888173425,8221,5,0,1,0,0,1
0.1964310942135224,20,1,0.7010837827933356,715,9,1,0,3,1,0
0.031071977687664194,33,1,0.8336906809240996,3100,4,0,1,0,2,1
0.3674621441884577,61,0,0.3978790999908705,7172,8,1,0,0,2,0
0.38968453731321456,41,0,0.14224043553151752,41822,7,0,0,0,4,0
0.4860457392272273,48,3,0.2597420992267229,1674,8,0,1,0,1,0
0.2001760175225714,50,0,0.6502064991576032,6005,9,0,3,0,1,0
0.4613214682292905,22,1,0.24790264802066303,5438,9,0,1,0,0,0
0.1276725482771167,37,0,0.33107734737922,2281,9,0,1,0,0,1
0.20059338170220492,39,1,0.3178266141288307,6794,2,0,1,0,0,0
0.2881531431956056,18,0,0.7178804883560453,3700,4,0,0,0,2,0
0.13552030612336533,36,1,0.15941114904917356,4961,4,0,0,0,2,0
0.10988333391183537,29,0,0.2310836655456257,3220,9,0,0,0,1,1
0.36771515615793127,41,0,0.18902212927430595,4077,7,1,2,0,2,1
0.24863262778160586,49,1,0.44392383725903783,9858,6,0,1,1,0,1
0.40001608494802066,48,0,0.12478218775529687,9395,7,0,3,0,1,1
0.478987857254214,59,0,0.5611519409550175,11102,3,0,1,0,1,1
0.15481593226406598,29,0,0.42428282619143187,14630,6,0,1,0,1,0
0.45727187593414875,57,2,0.2396534191972429,2732,11,0,3,2,2,0
0.37844967651311945,51,0,0.09604575255078585,2161,5,1,0,0,0,1
0.3821257951457419,42,2,0.18561755946948308,2023,10,0,1,0,2,0
0.10825740924843252,47,1,0.3709202944107755,2143,8,0,1,0,0,0
0.282039746306977,50,0,0.15905418486381778,5846,7,0,0,0,0,0
0.2752051524325316,31,3,0.36894956318225325,18591,4,0,1,1,0,1
0.5173566010361195,24,0,0.5999888280520503,5371,8,0,0,0,1,1
0.16974432532108244,33,2,0.5017397574963692,14087,9,1,1,0,3,0
0.6002078057954253,47,1,0.6281636733502174,8115,11,0,0,0,1,0
0.24409962608508037,43,0,0.27621376976157835,5635,7,1,2,0,4,0
0.21185643041922586,57,2,0.360614265642588,3480,8,0,0,0,0,0
0.4662907601809389,26,0,0.3484918590359142,1890,7,2,2,0,1,1
0.3622571987786148,34,1,0.3974258302913802,1122,10,0,1,0,1,0
0.27787737677005225,56,0,0.177829976999755,1417,9,1,1,1,2,0
0.3872491389682994,32,1,0.559122794326287,2739,6,0,0,1,1,0
0.16982374401256584,20,0,0.32559519950197247,3388,7,0,4,1,1,1
0.18091792904063356,57,0,0.1730975307674012,4890,13,0,2,0,0,0
0.3022172496271532,63,2,0.14207802116807378,4968,13,0,0,0,1,1
0.1309656964997706,45,2,0.6645833904463883,2202,12,0,2,1,0,1
0.35831897466979834,61,2,0.22453876907229336,2947,14,0,2,0,1,0
0.2746540346137921,59,3,0.40944279668843714,6555,6,0,1,0,0,0
0.22232823423035733,37,1,0.6154629641418863,2370,10,2,1,1,2,0
0.3165773421893008,98,0,0.7189959144342501,4535,8,0,0,0,0,0
0.27834584857637906,42,0,0.18194106862818518,4380,8,0,1,1,1,0
0.4068663857647249,41,0,0.7276120333188677,1307,13,0,2,0,1,0
0.4334468799573204,55,0,0.5999775489155457,6589,3,0,0,0,1,0
0.07838866659159117,18,0,0.3560766228225604,4483,11,1,0,1,1,0
0.4464685119101739,66,0,0.6016797887069436,26503,7,0,1,0,2,1
0.4332522672801148,37,1,0.3870837897847338,8546,6,1,0,0,1,0
0.2427190575050658,25,0,0.18625109964399605,4150,11,0,1,1,1,0
0.38190211606533553,40,1,0.35869562944048666,1875,9,0,1,0,0,0
0.4796273779191618,24,0,0.5001900320903244,1317,12,0,0,0,0,0
0.07414207632029686,73,0,0.46102577019263496,3449,7,0,0,1,0,0
0.232384970499128,30,1,0.22328956478822015,11176,9,0,2,0,2,0
0.3913734265452795,49,0,0.5474289596810331,1906,5,0,1,0,0,0
0.43738247159645344,46,0,0.4716659226406445,1786,9,0,1,1,1,0
0.0977370110968176,36,0,0.11441177199387666,11841,10,0,2,1,1,0
0.27604529405135975,41,0,0.08161122126203835,1801,6,0,0,0,3,0
0.5335051975273128,41,0,0.48347356368567634,9132,8,0,1,0,1,0
0.4550458704495872,33,0,0.21646062342832292,6535,9,0,1,0,1,0
0.35301702440219446,71,0,0.5945388841653149,6135,9,0,2,0,1,1
0.15648518945193618,32,0,0.6617025283882155,8616,8,0,0,0,0,0
0.320241960677889,60,0,0.2843299426038802,3931,9,0,1,2,2,0
0.389078876612101,28,1,0.567912628064384,3419,9,0,0,0,0,1
0.24626284991157035,56,0,0.46029157017980354,9929,13,0,2,0,2,1
0.30692298457346306,58,0,0.6269273624545473,6704,9,0,2,1,0,0
0.15728102970567231,35,0,0.167528007685001,3089,10,0,0,1,0,0
0.18242552026560543,55,1,0.19316958845500812,2926,9,0,0,1,4,0
0.20751374033664158,42,2,0.32216672408971814,1889,8,0,3,1,2,0
0.015058308766384573,20,0,0.24237573666934473,10874,6,1,1,0,1,1
0.757024457931508,25,1,0.3451542170619779,10824,8,0,0,0,0,0
0.48736038767785905,56,1,0.23737049353516704,7756,10,0,1,0,1,0
0.3089978274377282,28,1,0.3560597586131196,5576,5,0,3,0,0,0
0.38707538464191527,46,1,0.19420357483196699,5402,7,0,1,1,1,0
0.2248562012969772,47,1,0.661340831892336,4268,12,0,0,0,0,0
0.13347066278859723,49,1,0.17584325728050176,8900,10,0,1,0,0,0
0.06358271551698044,45,1,0.4879821630486458,17789,9,0,1,1,0,0
0.35266235420259057,49,0,0.3369015938559577,3476,6,1,1,0,1,0
0.1975969698837309,66,0,0.1014846385445415,10487,6,0,0,0,1,0
0.45119145525820464,68,1,0.5003426448653306,1319,10,0,2,1,1,0
0.19430512189921922,31,0,0.17740409210084435,21776,7,1,2,0,1,0
0.22500567957595186,31,0,0.29328702521858313,5670,6,1,0,0,4,0
0.3152729812271319,43,3,0.7494862846652041,2433,10,1,1,0,2,1
0.059826300892817645,30,1,0.15727659090841142,8805,7,1,0,0,0,1
0.14590124231521628,36,1,0.1952562944313728,25806,7,0,1,0,0,1
0.5169486163577315,30,0,0.6552847876703626,13359,11,0,2,0,0,1
0.40497597964862647,66,2,0.15552822331973265,17503,6,0,1,0,0,0
0.04782972536704888,43,2,0.3610701388478548,3183,4,0,0,0,3,0
0.148892942990895,57,2,0.39482029195676005,14525,5,0,1,0,0,0
0.4311884888059915,56,0,0.32709993524195957,20580,6,1,0,0,2,1
0.2494039633613043,33,1,0.6655940984945566,2564,14,0,0,0,1,0
0.4876630638006429,31,0,0.536971805797584,4634,8,0,3,0,1,1
0.1826926018398075,51,1,0.06189513421284572,7121,7,0,0,0,0,0
0.2027218581639804,70,0,0.40371760796427714,3009,6,0,2,0,0,0
0.5254439974515005,57,0,0.4384289172932883,18029,4,0,0,0,1,0
0.3494259731551877,32,0,0.36820792575286426,3556,5,0,1,0,2,0
0.2448467874224704,54,0,0.2665232629835241,4325,10,0,1,0,1,0
0.4119683055104052,46,0,0.6005109663118842,1730,3,0,0,0,2,0
0.4085387605743849,56,0,0.35060651010638083,17960,9,0,1,0,2,1
0.7250279840968672,40,2,0.06269343695999029,8826,7,0,0,1,2,1
0.0912121038957837,61,1,0.0730419453552165,5075,6,0,1,0,1,0
0.43789077080336747,30,0,0.2654732657826192,5028,5,0,2,0,1,0
0.22815622575374914,55,0,0.40123148615361254,3361,13,0,1,1,5,1
0.12395247067856623,54,1,0.11651037287427844,4531,3,0,3,0,0,0
0.15650259928983107,45,0,0.4777895613870324,10209,8,1,0,0,2,0
0.4107451605740697,54,0,0.3120305251652876,4472,1,0,2,0,0,1
0.07532414665364029,52,0,0.4594046363519255,2774,9,0,1,0,1,0
0.43322086012960687,37,0,0.5368984228264541,7707,5,0,1,0,1,1
0.07706613319487071,37,0,0.6220921584329782,1293,11,0,2,2,0,1
0.024523703292510413,22,1,0.5866319058228562,8602,6,0,0,0,1,1
0.378150112147963,46,0,0.340419843163078,2513,8,0,0,0,1,0
0.23776131310863713,18,0,0.70309830318779,1420,11,1,1,0,0,1
0.06493942300937229,61,0,0.07629192804870165,5319,13,1,1,1,1,0
0.3621506567528344,47,1,0.32659850002435287,13346,9,0,0,0,0,0
0.3103177306773801,36,1,0.31289236332641224,9253,10,0,3,0,0,0
0.132706414458682,66,1,0.36967197597221113,14415,6,1,0,0,0,0
0.2647158762897764,52,0,0.16283027217320398,2581,4,0,4,1,0,1
0.5120995382629242,40,0,0.1996274144549805,5585,15,0,0,1,1,0
0.15571653334255453,54,1,0.46242796822487336,2320,7,0,1,3,1,0
0.5238576702805345,53,0,0.49155321485446557,28317,5,0,1,1,1,0
0.359006077129912,66,0,0.5755169138057835,14657,15,0,1,0,1,0
0.26839895197342584,38,0,0.4011688542015184,7023,10,0,0,0,2,0
0.47575193705604446,55,0,0.6343433874809746,10028,9,0,2,0,1,1
0.3584781760470894,62,0,0.25809454783589536,3234,10,0,0,0,1,1
0.3211115221148688,75,0,0.6498735729549953,6968,15,0,0,0,1,0
0.4272310416553147,57,0,0.1711141929589951,1685,4,0,0,0,3,0
0.10229062808954958,44,0,0.2709734009262398,24441,7,0,0,1,0,0
0.2117582179307014,31,0,0.13855363491230152,6507,5,0,2,0,0,0
0.5493039343734131,34,0,0.038470844605389666,5173,9,0,1,0,0,0
0.676079928691406,31,0,0.190615489433156,7355,8,0,1,0,0,0
0.06328985517130038,49,1,0.16698405174247774,12801,6,0,1,1,2,0
0.48716968420211154,33,1,0.11026793239413038,5119,13,0,1,0,1,0
0.3818080915535711,48,1,0.2340609034790689,3620,7,0,0,0,0,0
0.25496766105981683,53,0,0.16713458943261245,1618,2,1,0,0,1,1
0.4599818618015647,54,0,0.5155164459052521,4985,4,0,1,0,1,0
0.2099441516105604,48,0,0.2917382563145173,16040,11,0,2,0,1,0
0.23800788546757903,57,0,0.2136707336011598,20071,10,1,1,0,0,0
0.026026984143484106,41,0,0.3350104953179867,9148,8,0,0,0,0,1
0.16001283369746946,37,2,0.31848828660314,2958,11,1,1,0,0,0
0.26223920812541085,48,0,0.3085755651140271,5041,7,0,2,0,0,0
0.3452369140607815,36,1,0.592009957581022,20786,11,0,3,1,1,1
0.49738959074491285,49,0,0.7006598205780189,5514,12,0,1,1,0,1
0.32006256861229615,30,0,0.4099636745077544,13214,7,0,2,0,1,0
0.1893004784251411,57,0,0.4396214520448039,6595,12,0,2,1,0,0
0.6568526739802085,52,0,0.15305271219405858,3206,8,0,1,0,2,0
0.40547612240838177,48,0,0.35564129921944904,3738,1,1,0,1,3,0
0.39181176645837446,44,1,0.3461167313640205,9941,5,0,3,0,0,0
0.2580513083995378,19,1,0.02868137061426026,2863,4,0,2,2,0,0
0.5407702690905317,75,0,0.1849111491776266,10510,6,0,0,0,1,0
0.21725393519493466,56,0,0.6675037700590093,3022,5,0,1,1,0,0
0.6153354760723473,74,0,0.6222203808801058,2669,9,0,2,0,0,0
0.35516056266543455,63,0,0.35287450645021246,10175,6,0,0,0,1,0
0.2303160656642299,65,0,0.36509491360188784,2381,8,0,1,2,0,0
0.3670991620947439,29,0,0.6890180122255692,8458,6,0,1,0,2,0
0.33745957334468,53,0,0.789124841115485,13412,4,0,0,0,1,1
0.0527800518879897,58,0,0.27257951886271986,1655,4,0,2,0,0,0
0.039497696450490005,59,0,0.6598844508107965,6398,4,0,1,0,1,0
0.04975344310633216,53,1,0.5300021061334165,19281,10,0,1,1,1,0
0.5789335337437798,46,0,0.7860157481559457,34823,16,0,1,0,1,1
0.3345353937527059,56,0,0.21726347337925203,6560,11,0,1,0,1,0
0.08596543800825678,50,1,0.8677678968425414,3674,9,1,1,0,0,0
0.025306113740600628,40,0,0.40181089639897016,4038,8,0,2,0,1,0
0.7304358273221664,62,1,0.6528818758454389,2116,15,0,2,0,2,0
0.11260430339145233,63,0,0.1998032826147348,6090,9,0,1,1,1,0
0.06221717245215125,31,0,0.48831271063544895,5868,10,0,1,0,0,0
0.14689283427210864,35,2,0.09153386644910874,11964,5,1,0,0,2,0
0.13317621176857564,31,0,0.3041633075961854,1412,7,0,0,2,2,0
0.22075640097408264,19,1,0.37969093195720754,5142,4,1,2,1,1,1
0.6015147783680874,64,0,0.2693351096952061,9934,10,0,0,1,1,0
0.2621133149295963,93,0,0.4508727579834187,10200,4,0,1,0,0,0
0.41836904013093457,57,0,0.23108704047994663,15203,9,0,3,0,2,0
0.10201068744313972,40,2,0.29520628626192097,7411,8,0,0,0,0,0
0.46054569202472107,35,1,0.396411184005852,2621,6,0,1,0,1,1
0.5145878076684983,29,2,0.4920773742896955,10196,14,1,1,0,0,1
0.11467108460420514,64,1,0.6156122606383401,6210,12,0,0,0,1,0
0.49152741597256777,28,0,0.5251956495910237,2308,6,0,1,0,1,0
0.2477521739219685,54,0,0.21430012118596126,15867,10,0,0,0,0,1
0.4266316206276289,44,0,0.4671742807847862,4182,12,0,0,0,2,0
0.42588105634588935,53,0,0.5066310885077896,11363,9,0,0,0,1,0
0.23962184065067957,56,0,0.57559402420817,10103,10,0,1,0,1,0
0.22273544859286468,45,2,0.1628322279173194,2372,4,0,1,2,0,0
0.12323137350530454,29,1,0.19148592324682734,3875,14,1,0,1,1,0
0.3312788048094012,67,0,0.35937405946286977,2489,7,1,1,0,0,0
0.11504712979935873,61,1,0.4700556050622061,3322,10,0,0,2,0,0
0.16806298297924255,39,0,0.46574155872181644,3003,8,0,4,0,2,0
0.31919591317606655,42,1,0.48001625241550905,2973,8,0,2,0,1,0
0.32708438791774835,49,0,0.06496962404334562,4989,6,0,1,1,4,0
0.4739430882819558,65,0,0.5122847460965412,6877,9,1,0,1,2,1
0.12341036258389504,74,0,0.6781648560013824,14975,4,1,0,0,0,0
0.025286994542109163,38,1,0.6623064158952943,2173,5,0,0,0,0,0
0.18621379147803854,18,0,0.6712654952186485,4874,6,0,2,0,1,0
0.6643777120003205,42,0,0.29531480550762806,7298,11,1,2,1,0,0
0.25103063598861997,48,0,0.5502849089374258,33543,5,1,0,0,1,0
0.13109108008250206,71,2,0.7092807053041794,5393,9,0,0,1,0,0
0.1299874258645815,53,0,0.33536129943061327,3146,4,0,0,1,1,0
0.620152042536649,32,0,0.4413704006954545,2832,9,0,1,1,1,1
0.44893488876852744,64,0,0.5981565244975402,2366,8,0,0,0,1,0
0.19593528361124293,36,0,0.4591241443202345,23420,8,0,1,0,3,0
0.1748068634338086,45,0,0.5465570627707426,2701,10,0,0,0,1,0
0.1818875799886911,51,0,0.22414342974663098,2534,9,0,2,0,0,0
0.3828286251321636,49,2,0.525693882200789,8541,10,0,0,1,1,0
0.21791147316306345,69,1,0.33197237957740183,1842,6,1,0,0,0,0
0.6683502504691494,45,1,0.49368917808320795,2150,6,0,0,0,0,0
0.18543895578483605,51,0,0.20759685038142375,2780,10,0,1,0,2,0
0.10695821826400546,18,0,0.3005607731633098,5528,7,0,1,2,1,0
0.22622762005034916,31,0,0.1472779635767402,5265,5,0,1,1,3,0
0.16616248956602203,36,0,0.10203624374650343,16416,9,0,0,0,0,1
0.05582480046907436,27,1,0.7885005962195977,17300,13,0,3,0,0,0
0.019559800691819562,36,1,0.6061119305312326,3653,9,0,2,2,2,0
0.2059630047039998,47,0,0.5232134790411962,6260,4,1,0,1,2,0
0.36776939066173703,18,0,0.43636264519791,12277,6,0,2,0,0,0
0.5204973439859732,39,0,0.26409993833792605,13088,10,0,1,0,2,0
0.2778780150355222,47,1,0.8050400662247679,2259,8,0,0,0,1,0
0.22355516298693495,51,1,0.30274952607008815,16953,10,0,2,0,0,0
0.08737463353661967,60,0,0.4761255067945942,2669,6,0,1,1,0,0
0.37037002482898784,64,1,0.028099335065985952,11659,11,0,3,0,0,1
0.02794704053923504,28,0,0.11014732660009217,2422,13,0,1,0,0,0
0.31027006163993415,59,0,0.6631114569991784,8935,7,0,2,1,0,0
0.2128994665001449,37,0,0.7339099495095219,2454,6,0,3,0,0,0
0.3143600862588853,76,0,0.32729960929102186,2741,5,0,0,1,0,0
0.1473659484857173,32,1,0.5951077759305937,4922,12,0,0,1,1,0
0.033110559212781575,77,1,0.0232136939396436,2575,4,0,0,0,2,0
0.23458247645354988,36,0,0.27942002888645184,6618,8,0,0,0,0,0
0.16275008110182523,63,0,0.5602121456770965,3434,7,0,1,0,0,0
0.21357796884816688,38,0,0.31971256682671123,1016,9,0,0,0,2,0
0.4052958310153603,52,1,0.40202631400065386,4863,5,0,2,1,0,0
0.41223577711210047,44,0,0.7510327055621212,7194,5,1,1,0,3,0
0.12927943334669226,61,2,0.7053554319223485,3210,9,0,0,0,0,0
0.17429415792436462,27,0,0.3471936344515458,5169,5,0,2,0,0,0
0.2867124012680952,18,0,0.06409264645145152,11077,8,0,0,0,0,0
0.10606603981354405,29,0,0.49928130596481696,2677,4,0,0,1,1,0
0.3973374829477404,57,0,0.68187575402807,2520,9,0,0,1,2,0
0.14826517357569224,57,0,0.40998218780508194,431,6,0,0,0,2,0
0.7264923668076808,73,1,0.3417839267271122,10965,9,0,1,1,2,1
0.43235443568049303,59,1,0.19696122238409647,8439,7,0,3,1,1,0
0.3118108413467466,28,0,0.5148391776839818,3564,10,0,1,1,0,1
0.06440046329903364,54,0,0.5754122009952082,21861,7,0,2,0,3,1
0.49886188756530064,39,0,0.2180133170493236,4401,9,1,0,1,0,0
0.4275973927803373,43,0,0.2472329307710236,1454,3,0,1,0,0,0
0.23281394981760306,48,0,0.11784791681451194,7248,9,0,2,0,2,0
0.17006845154904165,89,0,0.28716729996716384,9644,8,1,0,0,1,0
0.15715068835074056,43,0,0.3900648589175585,2004,9,1,0,0,4,0
0.18607859726128953,36,0,0.22220014225132761,8327,5,0,2,0,2,0
0.581677327057509,42,2,0.25815736012287693,20532,5,0,2,1,1,0
0.0889765722299582,35,0,0.31172174204882735,4028,10,0,0,0,1,0
0.2293248446301801,70,0,0.4449431380438149,3748,7,0,3,0,0,0
0.4530759483059789,51,0,0.2975316899426688,4752,7,1,0,0,2,0
0.08506290188466738,49,0,0.12294374796575064,5327,10,0,1,0,2,0
0.3252946963138232,71,1,0.2693675233793471,16450,12,0,4,0,1,0
0.11922782729294758,51,2,0.5426606544732844,4551,9,0,0,0,0,0
0.46274883675990935,33,1,0.38869550500652206,5899,4,0,1,1,0,0
0.20839719916737331,57,0,0.23576149598054166,13012,11,0,0,0,1,0
0.13555478014139247,58,1,0.22561220838385465,1634,9,0,1,1,0,1
0.10008823704526788,43,0,0.21559971312918486,13106,5,0,0,2,1,0
0.05859450987065802,37,0,0.23978087241300947,1356,8,0,0,0,0,0
0.17467831971695222,71,0,0.19722051861710702,5597,10,0,0,0,0,0
0.590218624637759,36,1,0.5316458825493806,2327,16,0,3,0,2,1
0.18096805270863614,39,3,0.4448775480293925,3793,8,0,0,0,1,1
0.2252853168875125,43,1,0.5104857150404836,14064,11,0,0,0,1,1
0.14564143456354917,45,0,0.37248794112535555,2351,8,0,0,0,0,0
0.3317666709625685,35,1,0.755615528444681,7908,10,1,1,0,0,0
0.1718443216245827,32,0,0.28124162949051673,10922,12,0,2,0,0,0
0.16586164387235686,71,1,0.1470173175433371,11548,5,0,2,0,1,0
0.4027977308613397,40,1,0.19212254393022615,4021,11,0,2,0,0,1
0.041788217866199226,29,1,0.3906626719422624,1962,11,2,0,1,0,0
0.11295673466175336,26,1,0.4242431172095806,2947,6,0,2,0,1,0
0.4673510394633033,48,2,0.43716477110519275,10244,7,0,0,1,1,0
0.16787026341155473,25,1,0.7393976441286702,2805,10,0,1,0,0,0
0.2624045965834533,32,3,0.3752526963710095,6017,11,0,3,1,1,1
0.4847919550548626,40,1,0.4047082743699489,12901,13,0,2,1,0,0
0.12384521660719469,75,0,0.4134403343714875,2248,3,0,0,0,1,0
0.6481907411898363,38,1,0.14898781444672224,5983,5,1,1,2,0,0
0.42295078831579613,71,1,0.5206973562667103,14769,7,0,2,1,0,0
0.47817164048262406,42,1,0.22890373688133347,1473,2,0,1,2,2,0
0.7242733790700219,18,1,0.3615925053806475,2739,6,0,3,0,1,0
0.10008708382997729,77,0,0.6467306720438932,7435,11,0,0,1,2,0
0.2050132915297279,39,1,0.19956340908943668,9784,7,0,1,1,0,0
0.1516614965695173,27,1,0.6009482778642199,10725,4,0,0,1,0,1
0.11359772497417756,26,1,0.8681080483441955,2280,4,0,2,0,0,0
0.4146034137739325,41,0,0.4999658621313061,4715,5,0,1,0,1,0
0.35795397077105534,47,0,0.18566329083290203,1387,6,0,3,2,0,0
0.32326264489688783,40,1,0.1988272004590294,27170,7,0,1,1,1,1
0.6044739861486129,49,0,0.13610936265102708,23394,9,0,1,0,4,0
0.038432574047628634,22,0,0.25781418169316145,17701,8,0,1,0,1,0
0.5915593949194875,51,0,0.5294588695785328,4251,4,0,0,0,0,0
0.5090469981209129,21,1,0.09678197476632576,3510,7,0,4,2,0,0
0.23868029792465298,56,0,0.30739698802711385,1947,7,0,1,0,3,0
0.15210800496051236,37,1,0.6638761956968441,2294,8,0,2,1,0,0
0.09667160613409832,54,0,0.25262171218098395,6543,12,0,1,0,2,0
0.10882046921725862,58,1,0.17591315815813083,5994,14,0,0,1,1,0
0.2744511337175927,68,1,0.8117072201020926,3262,8,0,0,0,3,0
0.3191657156745074,50,0,0.7461526268623471,4770,8,1,0,0,0,0
0.32741297318368084,24,0,0.4032225146403916,3108,11,0,3,0,0,1
0.4279536557802087,51,1,0.8562936215926864,5764,7,1,0,0,0,0
0.5319544477518497,40,1,0.45699640148683235,922,14,0,0,0,0,0
0.2966052639752553,48,0,0.20811205261917312,3209,8,0,0,0,0,0
0.4834266185336087,42,0,0.4000632406854016,6120,5,1,2,0,1,1
0.35418642243101867,32,0,0.09562701672700974,3417,9,0,0,0,1,0
0.6120738019644576,60,0,0.6621011793405558,3991,13,0,1,0,0,0
0.6036168717152437,59,0,0.39942293078706403,1353,5,0,0,1,1,0
0.3470682082237198,41,0,0.3632190615596188,1457,3,0,0,0,1,0
0.20541852397550495,53,0,0.46265845264430755,5967,7,0,0,0,0,0
0.3367041946062536,50,0,0.1191594854089968,10835,10,0,1,0,0,1
0.4338485714867426,39,2,0.09770958337150813,2391,11,0,3,0,1,0
0.378940871953926,30,0,0.13772337400412848,3554,8,0,0,0,1,1
0.43765154831663505,63,1,0.39167145683319277,3823,7,0,2,0,1,1
0.48206639945024393,71,1,0.5104348398327513,10957,3,0,0,0,1,0
0.4703513617191075,64,0,0.8183638886052439,1521,6,0,0,0,1,0
0.3465956758301323,40,0,0.23922367694099617,2391,14,0,0,1,1,0
0.5102643430877235,28,1,0.3781207520093243,5272,6,0,1,0,1,1
0.5082583960822649,42,0,0.36713484072570035,11108,8,1,2,1,2,1
0.05589979955776486,39,3,0.45279601581968143,6431,6,0,2,0,1,1
0.649534885057701,58,1,0.7206988851305685,6366,8,0,1,0,0,0
0.3841809190952003,40,0,0.5034694049787336,4055,6,0,4,1,2,0
0.23855786718998273,32,1,0.20706701150088055,1726,11,0,0,0,1,0
0.3439175729961949,66,0,0.2793344703110801,5966,7,0,1,0,0,0
0.7500679805771897,57,0,0.22268303819029484,9071,10,0,1,0,0,0
0.29508174306520035,49,2,0.49029281656858326,4731,14,0,3,0,1,0
0.3101428914723944,40,1,0.4679983674714364,2747,10,0,1,0,1,1
0.385197973326015,53,2,0.07466796955887446,1647,8,0,1,1,1,0
0.2604818068118366,62,0,0.512635389453552,15811,11,0,2,1,0,0
0.09946099215550877,26,0,0.7441359883284122,10545,10,0,0,0,3,0
0.17938905815518663,28,1,0.4055321495400033,3549,8,0,2,0,0,0
0.09961733908819581,24,1,0.5596930278442248,10827,7,0,3,0,0,0
0.3448995573645423,39,0,0.6138419194347756,3387,6,0,3,0,0,0
0.5444127380201242,41,0,0.7441266403567015,8813,15,0,1,0,1,1
0.2512513018422025,76,1,0.2626303295129293,9765,4,0,2,0,0,1
0.1668475359097328,27,0,0.3953328013468837,8014,7,1,1,0,0,0
0.4873436843650279,46,1,0.11122569238784645,2737,5,0,1,0,0,0
0.38956291676127963,46,0,0.2457219706620989,1830,11,1,1,0,1,1
0.35030269416984505,48,1,0.2835316494892767,2361,11,1,0,0,1,0
0.22330113141036803,44,1,0.568842241323529,26488,7,0,1,1,0,0
0.325521069841025,43,0,0.24942843852126842,1344,9,1,0,0,0,0
0.5707695458479333,79,0,0.6591836132388583,1805,6,0,0,0,0,0
0.21959572228890042,31,1,0.6923165171859926,6548,7,0,0,0,2,0
0.3372644431223295,24,0,0.7944035817914454,3762,9,1,0,0,1,1
0.4501061508395087,38,0,0.6825361377077411,8149,6,1,2,0,1,0
0.27181333779574285,53,0,0.6571999919837616,5939,8,0,1,0,0,0
0.13409070185362224,69,0,0.2850518993766172,5254,10,0,1,0,0,0
0.14896793594353708,60,1,0.4267242299252087,14085,10,0,0,0,1,0
0.6149047460744345,46,0,0.21932319199193742,6771,10,0,1,0,1,0
0.2259993675785302,39,0,0.7194791664252309,3597,5,1,0,0,1,0
0.07756895120612975,51,3,0.36152031731677736,14194,7,0,1,0,1,0
0.3731748504176799,29,0,0.10385241051914665,4884,5,0,0,0,0,0
0.08600342496397462,27,3,0.3720265967121521,2759,6,0,0,0,2,0
0.11987425108172524,52,0,0.020952634750445488,4962,10,0,1,0,1,0
0.3139593658299014,33,0,0.18348487659319626,7179,16,0,0,0,1,0
0.25421713693647774,36,0,0.1417207228744846,3898,8,0,0,0,1,0
0.17178459941252952,76,0,0.6386145371081726,8064,5,0,1,0,3,0
0.2771601606601787,77,0,0.19949195277749898,14963,11,0,0,0,1,0
0.34766154567601015,46,0,0.14094006829585984,2968,10,0,3,0,0,0
0.0066479837636584625,33,0,0.562202355816551,5537,10,0,3,0,0,0
0.3733903799058703,73,0,0.5721281091096261,8153,7,0,1,1,0,0
0.02475991750895897,41,0,0.34599857174912046,3959,12,0,1,2,0,0
0.4104272102003874,63,1,0.17267847987670248,2942,1,1,0,0,0,1
0.28717107954229254,46,0,0.06730215642742728,2725,6,0,0,0,1,0
0.1399149725487148,64,1,0.24406467333077997,3685,7,0,0,0,1,0
0.6632872768752915,37,1,0.3433973503165521,5885,8,0,1,0,1,0
0.004855659586731129,42,1,0.030002193487595124,1162,6,0,1,1,1,0
0.22983880553542052,43,1,0.5649787103788492,2384,4,0,2,0,2,0
0.43462549563452957,41,1,0.3388282172542809,43657,8,1,0,0,4,1
0.2498817655970539,19,0,0.32897411928966563,32885,5,0,0,0,1,0
0.5413637466498656,45,0,0.5185498035903605,17851,7,0,0,0,1,0
0.10452720441905179,47,0,0.12945556114784246,1835,6,0,0,0,2,0
0.5312146610327846,38,0,0.6149676938901514,2565,3,0,0,0,1,0
0.10399160321808254,25,0,0.2952077379370256,4662,7,1,1,0,1,1
0.327692165849636,55,0,0.45482044240291997,5985,7,2,2,1,0,1
0.17225838520637812,23,0,0.5740125851624605,3212,6,1,0,1,1,0
0.25489994555144396,66,1,0.14150081820284205,2777,9,0,1,0,0,0
0.2392779878402874,24,0,0.3237850222973157,7233,6,0,0,1,0,0
0.7337793419857233,28,2,0.6102300654488838,29689,4,0,0,0,1,0
0.566806854619194,60,0,0.23798630230189388,2254,9,2,1,1,0,0
0.42470437659164634,45,0,0.6547828358593334,7161,8,0,2,1,0,0
0.25787119847574835,47,1,0.7309421580623884,2122,3,0,0,1,2,0
0.13235755168355856,35,1,0.33722399042318113,1434,7,0,2,1,0,1
0.6427257232293834,66,2,0.43014582330183554,3098,8,0,0,0,3,1
0.7239844870753704,66,0,0.407648412559411,12186,8,0,0,0,1,0
0.31008025262025124,65,0,0.37467712147899707,1094,9,0,0,2,1,1
0.08635656900873516,45,0,0.2495277879016402,6780,9,0,0,0,0,0
0.24013462006758227,63,1,0.3727891635718649,6150,10,0,1,0,2,0
0.14022180074488808,32,1,0.2798572877273609,9372,9,0,1,1,1,0
0.15787301778972732,55,1,0.27934161734505053,5994,3,0,1,0,0,0
0.40880780986943044,44,1,0.3538783271474601,1800,8,0,2,1,1,0
0.22237073310410588,46,1,0.2595500187545264,9651,3,0,2,0,2,0
0.15907260568704035,53,2,0.42743404607561586,13912,11,0,2,1,0,0
0.3326830426144032,51,3,0.49685236727379717,16955,17,0,1,1,1,0
0.1988703331336657,54,0,0.4324138087558452,865,6,1,1,1,0,0
0.29606510866448416,26,2,0.7424883745166914,10119,11,0,0,0,1,0
0.386461264097216,39,0,0.5497865020420291,4302,11,0,2,2,0,0
0.2804965544761441,45,1,0.41520418025335454,4158,10,0,2,2,1,0
0.43708885828534805,34,1,0.1988212933747213,13856,8,0,2,2,1,0
0.05755809447471199,39,0,0.7819552549513741,17372,14,0,1,0,0,0
0.24010275662346262,21,1,0.14414963772452175,4131,7,0,0,0,1,1
0.16701783411607524,35,1,0.2154302042108614,9275,7,0,1,0,1,0
0.05519540254399795,23,0,0.725028490531382,1915,10,0,1,1,1,0
0.14192696113554812,72,0,0.39750875388132784,4875,8,0,1,0,1,1
0.26763635202601344,48,2,0.8189521156441079,3669,9,0,2,1,3,0
0.36432769707618234,59,1,0.1565569780563555,3747,9,0,2,0,0,0
0.43961239048977274,57,1,0.05671378282306229,972,7,0,0,1,1,1
0.13586910946405267,35,0,0.2940778058426149,6442,8,1,0,0,1,1
0.3265685967334782,26,1,0.9238267401900168,5096,5,1,3,0,1,0
0.6334783677965928,30,0,0.3955678039182291,9531,5,1,3,0,2,1
0.33360100479012367,39,0,0.26048644788660175,4646,5,0,2,0,0,0
0.6037560826707274,51,1,0.4069821373867022,7719,2,1,0,1,1,0
0.2981317740524032,47,0,0.26694142145931293,2042,9,0,0,1,1,0
0.07960615331615657,43,0,0.21362326472607912,20598,10,1,1,0,0,0
0.13601989963615474,36,0,0.6609318604004637,9191,10,0,3,0,2,1
0.4372175467237996,50,1,0.4723122192290886,12859,8,0,0,0,0,0
0.10957285881693146,50,0,0.4498717481607315,5951,7,0,1,0,3,1
0.152937173169241,22,0,0.5939056288510787,4580,12,0,0,0,1,0
0.35230729510739034,67,1,0.22508425931425774,3121,10,0,0,0,0,0
0.025179511813091818,50,1,0.3641279954156757,7405,6,0,0,0,1,0
0.29074190507213205,37,0,0.23951777980613173,4476,7,0,1,1,1,0
0.44217918845774357,41,1,0.21008335294177852,11264,9,0,2,0,1,1
0.4491351719519358,18,3,0.6638444274457633,7483,7,1,0,0,1,0
0.4292437727401366,45,0,0.6988560264627509,9212,13,0,1,2,3,0
0.09328020318023755,35,1,0.4117778187968458,4830,4,0,2,2,0,0
0.510158787777392,57,0,0.35656292435599685,11228,9,0,0,1,1,0
0.27069334770579423,26,0,0.506343243994147,16639,6,0,0,0,0,0
0.3488197548504012,39,0,0.4874925327317743,14272,6,1,0,0,0,0
0.2926538740044351,30,0,0.862107358197624,7721,4,0,0,0,0,0
0.39441159504782486,18,1,0.5034008808136723,4676,5,0,0,1,1,1
0.021840490596939644,69,0,0.5539079479986282,9013,11,1,0,0,0,0
0.35099138353487025,47,1,0.45910986953304905,6006,10,0,0,1,1,0
0.5802759276891305,44,2,0.6286829237408438,11058,7,0,1,1,1,1
0.028454635868305843,18,0,0.32599861723072554,5289,10,0,1,0,1,1
0.14413017961297842,36,1,0.29040208722834154,8501,9,0,0,0,0,1
0.3158273121613605,47,0,0.33987638582193364,2006,6,0,2,0,2,0
0.08939531343796238,50,0,0.2895377710237037,7020,10,0,1,0,1,0
0.3083905270425567,50,1,0.3901681279041298,6257,8,1,0,0,2,1
0.05957831033695305,47,1,0.6239147923469304,28558,7,0,0,0,0,0
0.3946637104242885,29,4,0.0698484523526384,6570,6,0,1,1,0,1
0.3425303802574277,66,1,0.12194109217193676,3484,10,0,1,0,2,0
0.17011724127832736,56,0,0.4959272690976018,3101,6,0,0,0,1,0
0.201918452437664,38,0,0.2414966106063715,2736,5,0,0,1,1,0
0.3201418478320394,37,0,0.2788421053721216,4198,5,0,3,0,2,0
0.38774249473111033,27,0,0.39316106528753836,15234,7,0,2,0,1,0
0.24598005065579,38,0,0.32368832840730316,4588,11,0,0,1,1,1
0.17609964238274267,52,0,0.27493655699491,8138,11,1,1,0,1,1
0.34262741194396645,65,0,0.3211339216063238,19589,10,0,1,1,1,0
0.4435569968311611,43,0,0.15707555423953892,2794,6,1,1,0,1,0
0.2620594412637317,67,0,0.3823741138775055,5457,7,0,0,0,1,0
0.1489123219906242,66,1,0.595130978911729,1953,5,0,1,0,0,0
0.16211830255146648,31,0,0.4581722983242145,863,4,0,0,0,1,0
0.3586863722163175,41,0,0.3806202349732301,1716,9,0,2,0,0,0
0.14451588532437687,47,0,0.16853969213982536,19865,5,0,0,0,0,0
0.28499790670697656,58,1,0.3148354745975166,1859,12,1,0,0,0,0
0.3285290960405789,37,0,0.5657762738518474,2666,9,0,0,1,2,0
0.11991983094205949,58,0,0.1199366380312791,3765,9,0,2,0,2,1
0.16263669267184902,33,0,0.3857219840524293,6727,9,0,0,0,5,0
0.0804791757257574,39,2,0.3284456374122379,3077,15,0,0,0,1,1
0.5879760965266179,43,0,0.2865277383077972,16887,11,0,1,0,1,0
0.02498655397597463,18,1,0.4832082063487823,10743,7,0,1,1,3,0
0.5663966015407701,45,1,0.5581083143906943,1924,10,0,1,0,0,0
0.36388803744170567,43,1,0.24821586399597512,3832,6,0,3,0,1,1
0.33568050000179983,43,1,0.1989370137891256,1410,8,1,0,0,2,1
0.17243412315750178,59,0,0.3745656154090722,17892,13,1,1,0,1,0
0.25938505785636284,36,0,0.16186910989538447,13111,10,0,1,0,1,1
0.6193306505795718,44,0,0.5873628768204368,26274,7,0,0,1,3,0
0.4060525352502181,26,0,0.3506412609194049,1677,11,1,1,0,1,0
0.3575533366637008,31,0,0.3547835418135902,9254,10,1,0,0,2,0
0.14362358293087718,46,0,0.29753405501538754,4994,6,0,1,0,0,0
0.23745950853196496,55,0,0.29414991903797455,9057,10,0,1,0,0,0
0.3678538326230593,88,0,0.32842567907651216,4220,9,1,0,0,1,0
0.3734985598681824,59,0,0.08631087368554129,4749,10,0,1,0,0,0
0.18014105757109683,54,3,0.5248822049657467,3515,6,0,1,0,2,0
0.40744105166336614,46,1,0.28685517765160473,6081,1,1,0,0,1,0
0.2480150947614453,63,1,0.6190648179904605,9913,11,1,2,0,0,1
0.31401559026471926,75,0,0.2600491547720855,6286,14,0,4,0,1,0
0.04153969463035716,58,1,0.7205765830428797,11155,8,0,1,0,0,0
0.10815525241661532,38,0,0.28561010487864685,7733,8,1,1,1,3,1
0.10947604326466055,45,2,0.25176066519401225,4170,6,0,3,2,2,0
0.22635130899370692,57,0,0.566517351413327,48196,8,0,2,0,0,0
0.050067829858659506,55,1,0.13713960438566675,9570,5,0,2,0,3,0
0.538134351584941,20,1,0.9188224843494807,7491,8,0,1,0,1,0
0.3826049908700407,33,0,0.23953892111203887,6719,8,0,2,0,0,0
0.3684591641589236,28,0,0.3254401094144271,4508,4,1,0,1,0,0
0.4039676817662342,20,1,0.7515090762076388,1825,12,0,0,0,0,0
0.312061646902851,42,2,0.273650185170233,5761,7,0,2,0,0,1
0.09373171006333705,50,0,0.2589078390603262,1541,9,0,2,1,0,1
0.34295848629152414,40,0,0.235371835819803,4627,7,0,3,0,4,0
0.338515080122611,41,1,0.25927384029680023,3428,16,1,0,1,3,0
0.416831099108515,18,0,0.7947274863561608,2495,16,0,2,0,0,0
0.3780438877606392,29,2,0.4539632265287407,23198,8,0,1,0,1,0
0.3886844640995653,38,0,0.25950057387810954,1108,7,0,1,1,0,1
0.07293529264337163,42,1,0.524323933167128,5220,7,1,0,0,1,0
0.17611270353786432,60,0,0.2263133295010383,2600,7,0,1,0,3,1
0.19246660822314857,39,1,0.3990415849263691,5453,10,0,0,0,2,0
0.3220571517960093,59,1,0.5539853164181953,9502,6,0,0,0,0,0
0.1756686148793972,50,0,0.21317253032496328,3945,10,1,2,0,0,0
0.11899921413423922,50,0,0.23707498836289853,3863,2,0,0,0,1,0
0.4497908539399466,19,0,0.9290126615387588,24505,10,0,3,0,2,0
0.3031397602034394,42,0,0.5284662544782789,4164,6,1,0,0,1,0
0.2809226013197497,59,0,0.13483205661742004,9162,10,0,0,1,0,0
0.48041508901959445,18,0,0.14185735184933998,716,10,0,3,0,0,0
0.16680539672532688,60,1,0.8102930128924403,4882,3,0,2,0,0,1
0.36969492123448083,80,0,0.40600913938206895,4503,4,0,2,0,2,0
0.3654754448503877,20,0,0.08718759972043694,5248,13,1,1,0,2,1
0.33808496729145454,23,0,0.572511197987259,3898,9,1,2,0,2,0
0.1796419318074471,53,0,0.23239684073950787,3877,5,0,0,1,0,1
0.33290627624117747,47,1,0.19696177244995544,8716,7,0,1,0,0,0
0.3278159497293298,25,2,0.4990735860400271,3574,8,0,0,1,1,0
0.1677585465741829,63,0,0.38955621897906323,3023,14,1,1,0,1,1
0.2604992488340437,34,0,0.5437223162286807,6932,10,0,2,0,0,0
0.5260995037408791,22,0,0.6839607393577929,5492,10,0,1,0,0,1
0.29949250913204184,39,1,0.3097202722953654,6147,9,0,1,1,3,0
0.331220486545284,65,1,0.3510210846194234,1032,6,0,1,1,0,0
0.3233206433961878,35,0,0.24094491559792963,5518,8,0,2,0,3,0
0.2563108381731367,50,0,0.46709543277436427,4408,9,0,0,0,2,0
0.314172863171678,23,1,0.46503333216246096,1331,8,0,0,0,3,0
0.48462153001754915,66,0,0.2790199280994408,5811,8,0,2,1,0,0
0.015841993846827242,25,0,0.5977535739595689,1494,3,0,1,1,1,0
0.22429014650482007,40,1,0.37287237116826866,8856,4,0,0,0,3,1
0.38659481785766925,69,0,0.7872136505228029,12762,10,0,0,1,2,1
0.1530803135015035,23,0,0.4191309944614005,13093,8,0,1,0,1,0
0.2501383474534856,40,0,0.403501268988387,3947,9,0,2,0,1,1
0.14351862018070655,35,0,0.6886321517620648,3317,9,0,0,0,1,0
0.40095422548564885,57,0,0.6624120150033337,5959,6,0,0,0,1,0
0.6000414304991164,35,1,0.1679902131541194,5380,12,0,0,1,3,0
0.15815786906921372,56,0,0.6454535722376546,12331,10,0,1,0,1,0
0.3570749813100034,34,0,0.34001222706436013,26222,11,0,1,3,1,0
0.32644009883179725,42,1,0.46050065241415744,1244,5,0,1,1,1,0
0.5945991384239514,71,1,0.3131596382564745,5649,11,0,0,0,0,0
0.28300219070902305,42,0,0.1255408172475145,2812,5,0,1,2,0,0
0.2050642973531038,68,0,0.4389211176782868,5545,6,0,1,0,0,0
0.2911733382276167,52,0,0.1339331534673573,1949,5,0,2,0,2,0
0.19090535371346454,59,1,0.46380325029719405,27244,11,0,3,0,2,1
0.24897674756660165,47,0,0.43832162262042806,3214,9,0,1,0,0,0
0.5280824751206121,25,1,0.2807458508426857,2546,10,0,0,0,2,0
0.159369589039802,18,2,0.4233798959560429,2862,4,0,0,0,1,0
0.39210658152043043,27,0,0.4756018237481721,2803,8,0,1,0,0,0
0.2565461294218458,53,0,0.46435870714158173,2180,11,0,0,0,1,1
0.17287691220182053,34,0,0.3313625810100032,4587,4,0,1,0,1,0
0.4951167476048817,18,1,0.04519990133771843,6879,9,0,3,0,2,1
0.2613814411924283,18,0,0.39254374716016854,945,4,0,0,0,3,0
0.18652064502809107,77,0,0.6102250223157084,9221,9,0,1,0,1,0
0.2552718515705117,50,0,0.7105201685249878,2969,9,0,1,1,0,1
0.18646766561865233,62,0,0.6911828864752598,28941,9,0,0,1,0,1
0.4392291426803032,37,0,0.41628300734224866,6479,6,0,3,0,2,1
0.5166839338908755,61,0,0.7168745535961951,1118,12,0,0,0,2,0
0.16115258888156855,59,0,0.6146272096518441,2480,5,0,1,0,0,0
0.19695720677507783,73,0,0.2901112072994176,5623,13,1,3,1,2,0
0.09783855870209782,51,1,0.11031373769715563,7227,5,1,2,0,0,0
0.33828365475752764,59,0,0.11892998484709442,3502,7,0,1,0,0,0
0.2451429678062793,45,0,0.8184102941235283,2667,10,1,1,1,0,1
0.2841415068733054,37,1,0.1209227330124184,4445,8,0,0,1,2,0
0.41379866594028175,65,0,0.1355437483246765,1841,13,0,3,0,1,0
0.4980569705008715,58,0,0.47555461048580944,21830,12,2,1,0,1,1
0.41267763819217573,51,1,0.5740461083399361,3846,4,1,1,0,2,0
0.05588397921116872,47,0,0.19098253436596202,9573,5,0,1,0,1,1
0.3652029444155238,38,1,0.06300654668979581,2076,9,0,3,0,1,0
0.31841243806804115,44,0,0.5059353168486539,8837,5,0,2,1,0,0
0.11577219138567586,44,0,0.31744264823648966,1210,11,0,1,0,1,0
0.08869529803661215,43,0,0.5417344036876289,4213,6,0,1,2,0,0
0.19694138604816883,44,1,0.38791946978472025,5141,16,1,0,0,0,0
0.2369439519438777,34,1,0.20892793612721663,3467,5,0,1,1,0,0
0.24268659650141788,31,1,0.4583977513947178,10590,6,0,0,0,1,1
0.20645286497954207,66,0,0.4892440414998669,19495,12,1,2,0,0,0
0.3358490975861665,48,0,0.18709064016928578,2180,6,0,1,0,0,1
0.439187295678552,36,0,0.35074105742655887,6741,8,0,0,0,1,0
0.11136362141154439,62,0,0.4254829940188981,8715,7,0,0,0,2,0
0.23328336585132947,76,0,0.1612298807299803,3002,2,1,1,0,3,0
0.7550355541550772,45,0,0.6951862544068137,6317,9,0,1,0,1,0
0.5636030426567236,97,1,0.7014758484982019,2987,9,0,0,0,0,1
0.24921588287658988,26,0,0.2612716648269011,3526,14,0,1,1,1,0
0.3502921920145012,63,0,0.427257922216387,11954,10,0,0,1,1,0
0.3896050527205185,18,0,0.2746359024208948,13905,11,0,0,0,1,1
0.17621371909409594,36,0,0.8161264675753862,3527,8,0,2,1,0,0
0.15057944566665063,24,0,0.7172980771403692,695,7,0,0,0,0,1
0.32918140220079295,22,1,0.4150454078225218,16516,7,0,0,1,3,0
0.40419800666353956,37,3,0.7832172130303805,8459,7,0,0,1,2,1
0.2559373268282715,44,0,0.042533046493891884,5796,10,0,1,0,5,0
0.30907887972707804,19,1,0.401874417371451,2485,7,0,1,0,0,1
0.2288354799756642,41,0,0.6030088052882707,4603,9,0,1,0,0,0
0.12940996682047526,54,0,0.18391828866282525,6841,7,0,1,0,0,0
0.2247859235564557,59,0,0.2232170147011728,4118,9,0,0,0,0,0
0.05784987115277156,57,0,0.5789975250328787,1559,7,3,2,0,1,0
0.5760036431448216,47,1,0.3601873807032224,5546,8,0,0,0,0,1
0.11945719299309195,26,0,0.06652240128371037,3611,7,0,3,1,1,0
0.16117220234605495,54,0,0.24377837230538074,1086,9,0,2,1,1,0
0.37699269687748377,33,1,0.8196228627353258,4751,4,0,1,1,2,0
0.2052934222690428,24,1,0.4222409696885595,6205,6,0,0,0,0,0
0.18923027108011953,34,0,0.40555288092571834,7578,6,0,1,1,1,0
0.03413220856092663,45,1,0.28402865381670866,1996,8,0,0,0,0,0
0.15254524390580484,47,0,0.43122082478499074,16968,13,0,2,1,0,1
0.1497975226132752,43,0,0.09124901730997009,4357,9,0,1,0,0,0
0.14358459969937168,64,2,0.6029097668534382,7991,6,0,0,0,2,0
0.35304953369710435,58,0,0.5058177326862638,7432,4,0,1,1,0,0
0.41870245460285904,57,0,0.48061142332243406,4448,4,0,1,0,2,0
0.5230783941101962,31,0,0.5534225219100043,22057,11,0,0,1,0,0
0.3097013880412063,36,1,0.3179758122736347,4122,9,0,0,0,0,1
0.17788938753564232,35,0,0.43379594323347115,5700,8,1,1,0,0,0
0.06208298074610154,65,0,0.4030122256505088,4431,2,0,0,0,2,0
0.2111867119143532,23,0,0.4274469381160319,15845,9,0,3,0,0,0
0.286167299253997,44,3,0.1109848978461271,2350,4,0,1,0,1,0
0.8546894597650958,47,1,0.6554608034391188,5995,7,0,1,0,3,1
0.3517581147446564,59,1,0.596211122782082,4758,10,1,0,0,0,1
0.22633851228473822,71,1,0.5408570474802802,6854,7,0,0,1,1,0
0.26853984944777415,47,0,0.17476928699133404,6447,7,0,2,1,1,0
0.05118962058160437,50,2,0.3598372995834691,1732,8,0,0,0,1,0
0.09022566921951469,46,0,0.07775856734751463,3731,4,0,0,0,0,0
0.46961810347124694,53,1,0.2747751671921674,2693,7,0,2,0,0,0
0.351283637253009,36,1,0.4840585985849151,9976,14,0,0,0,1,0
0.17378996356709325,70,0,0.3164099257659802,1765,10,0,1,0,2,0
0.2980703504279221,47,1,0.4991361757236247,6304,11,0,0,1,0,1
0.3917267218421129,39,0,0.3877237159065239,17351,11,0,0,0,0,0
0.3604229548849866,24,0,0.44589579142123165,2985,7,0,1,1,1,1
0.15629257472482586,49,1,0.5035449390209085,1727,9,0,0,0,4,0
0.40154877464384575,65,2,0.23251863553971927,9283,9,0,1,0,1,0
0.36559262591243274,39,1,0.5161562169154099,1431,7,0,2,0,0,0
0.4130435296592684,52,0,0.5218088658691373,3211,9,0,1,0,1,1
0.3146968574308063,49,0,0.3730112151902116,2194,6,0,0,0,0,1
0.3459689425135878,51,0,0.4661287130735765,7106,4,1,3,0,2,0
0.3858980003930409,24,1,0.8725134543361429,6269,8,0,1,1,1,1
0.3595843752650343,44,0,0.20891183304242006,5585,6,0,1,0,0,0
0.3355284227040654,46,2,0.5378420834635337,3969,10,0,0,0,2,0
0.3457598219951009,41,0,0.39581809467915374,3990,8,0,1,1,4,1
0.27310552631821017,30,0,0.19973577721536664,5517,5,0,1,0,2,0
0.19935315840628667,41,1,0.7041847694420131,4022,8,0,1,1,0,0
0.2487250410412722,59,0,0.20686307157269085,2129,8,1,1,0,2,0
0.32652792514425577,42,0,0.5767908306084751,21169,7,0,1,0,0,0
0.30572666707282414,44,0,0.18201759917239008,1365,10,0,1,0,0,0
0.615868451683666,47,1,0.19637702288366393,5546,9,0,0,0,1,1
0.3753458523523814,45,0,0.3893688862759874,5742,5,0,0,0,2,0
0.33147133341989593,56,1,0.2445203393494559,11230,6,0,1,0,0,0
0.0827752567714182,33,2,0.6772594007450395,6179,10,0,1,0,1,0
0.26971189071603424,38,0,0.19871096958317475,38851,5,0,0,0,0,1
0.5627441135614025,29,0,0.796692407695465,4860,12,1,0,0,0,0
0.31697945042044096,23,1,0.0974713396653419,7501,11,0,1,0,1,0
0.16125620062615165,51,1,0.29178772515002943,6917,7,0,0,0,1,0
0.3393212437743872,57,0,0.8483301441623042,4020,5,0,0,0,3,1
0.24636032423413645,40,0,0.38642041894406204,3354,12,0,1,0,1,0
0.10524061829126563,37,0,0.2860693282086282,2847,12,0,2,0,1,0
0.2505293155019654,40,0,0.40612174325561673,7246,4,0,1,0,1,0
0.4576136043223277,18,0,0.1500570593261974,16611,8,1,0,0,0,1
0.6439591639771799,42,1,0.12443786899205161,7797,5,0,0,0,0,0
0.05830486198244287,24,0,0.7264531783242831,3586,7,0,0,1,2,0
0.11430896916781129,23,0,0.33131602357210493,9451,8,1,1,1,1,1
0.5166974225325396,43,1,0.5201978146211662,2224,5,1,0,2,1,0
0.0035692426209687047,60,1,0.3993301640665286,12445,11,0,1,0,0,1
0.051667262894787236,40,1,0.3407767396988848,3260,11,0,1,0,5,0
0.20479462678574945,72,0,0.5780182185747901,1490,2,0,2,0,1,0
0.311302568427516,55,2,0.30280733278762123,4302,9,1,2,1,2,1
0.3859043807042509,42,1,0.8216437318797513,6282,4,0,0,0,2,0
0.1722968480891415,73,0,0.2979041158454735,4120,13,0,2,0,1,0
0.40355166639364376,18,0,0.24569618666941484,11626,10,0,2,0,1,0
0.1452369708938957,56,0,0.6003898847942946,5473,7,0,0,0,0,0
0.19055167271205656,61,0,0.19087489374077343,4022,7,0,0,1,2,1
0.2296223710326654,36,1,0.6492210104571069,3083,14,0,2,0,2,0
0.263337892248354,66,0,0.19712113374972148,5756,17,0,0,1,3,0
0.2525180866642288,33,0,0.1553246866301681,9244,4,0,5,0,0,0
0.6336328945936479,42,0,0.5050421505891729,13970,7,0,0,0,1,0
0.2640212705443424,50,0,0.3620474976978729,7217,5,0,1,0,0,0
0.08348904566166801,39,0,0.03504098408165838,13074,5,0,2,0,0,0
0.25059878717636896,36,1,0.03464228974747322,1187,13,0,1,0,1,0
0.5869225517743824,35,1,0.7841483566045938,3614,4,0,1,1,1,0
0.5722247074256751,39,1,0.09107040856011367,2928,7,1,0,0,1,1
0.5804995830976749,60,0,0.275545411277589,3642,10,0,1,0,2,0
0.0594511737023057,70,1,0.10687125985123756,4671,10,0,0,0,1,0
0.1410690121057633,18,0,0.09987954561672398,11221,7,0,1,0,0,1
0.2421826286741536,55,0,0.6789123239509379,1756,13,0,1,0,2,0
0.21393531739853522,33,1,0.4127659615334059,3535,6,2,0,0,1,1
0.2348199008255219,61,1,0.29185778280917163,21208,9,0,3,0,1,0
0.2266480206995415,57,0,0.07555136495832154,3285,11,0,1,1,1,0
0.1829264004893831,32,1,0.7274269119856794,3145,9,0,0,0,1,0
0.3118681722138071,36,1,0.26155880925612707,11044,7,0,0,1,0,0
0.03199955439680491,40,0,0.8728993368659368,4726,3,0,2,0,2,1
0.4722205340118275,57,0,0.5072442250616878,11247,9,0,1,0,2,0
0.43643413761409905,45,0,0.6052578147890251,11714,7,0,2,0,0,0
0.30803847507944376,32,0,0.47748540076830837,5377,9,1,1,1,0,0
0.597634076452376,37,1,0.41816148720924323,2233,5,0,1,0,1,1
0.5062357875884834,56,0,0.4861791030060136,5045,6,0,1,0,3,0
0.5126304501372169,59,0,0.4429643547666453,6551,7,0,1,0,0,1
0.46574773561393235,22,2,0.09823064273919205,6373,14,0,1,0,0,1
0.7156752441054202,48,1,0.6501746641348735,1751,5,0,0,0,1,0
0.11166334024140044,25,1,0.8540573909623693,599,7,0,1,0,1,0
0.30638393172834627,51,0,0.4801423294225972,3928,11,0,0,0,1,0
0.031016285688821418,44,1,0.3971287180711222,4083,10,0,0,0,0,0
0.07939074021064305,51,0,0.34232875031231746,5777,5,0,0,1,1,0
0.45942071233563725,27,0,0.5597641722775348,4298,6,0,1,1,0,1
0.3347429331001487,70,1,0.3993871404091951,4480,8,0,1,0,0,0
0.3805520841881581,57,1,0.8977432489377094,5997,12,0,0,1,1,0
0.42269288065504745,45,0,0.48089241222521245,3205,7,0,1,0,0,1
0.36778860764356336,65,0,0.44331584932470525,2307,3,0,0,0,0,0
0.44339152033100643,72,0,0.7452751725675008,10287,8,0,1,0,0,1
0.6915089482440732,38,1,0.14629151351211198,2307,5,0,1,0,1,0
0.4645598957525055,41,0,0.3962324591714936,1108,7,2,1,2,1,0
0.2952356221608887,56,0,0.5519042730131697,5696,9,0,0,0,1,0
0.3034520347389427,18,0,0.2727117304666927,1088,6,0,0,1,1,0
0.5542350683782923,36,1,0.25041522596334204,5093,10,0,0,0,2,0
0.2475557613039282,34,0,0.13150058115445873,3329,7,0,0,0,0,0
0.10128846944084786,48,1,0.6554618125605279,655,7,0,1,1,0,0
0.10112267483561418,27,0,0.5136542289298031,4513,9,1,2,0,1,0
0.3129064887649389,30,1,0.25680896858629015,3745,9,0,3,0,0,0
0.3776736109738989,71,1,0.6106671235681096,29773,6,0,1,0,3,0
0.1892881017725316,72,0,0.5802391934874302,1628,5,0,0,0,1,0
0.4042525515806811,68,1,0.5360950649417626,3235,7,0,1,0,1,1
0.14993094199405818,18,0,0.381083417393131,2779,4,0,0,0,1,0
0.12462131896204746,42,3,0.6791801908783373,9202,8,0,4,0,1,0
0.13369279216452037,42,0,0.5736448402512948,5058,7,0,0,0,2,0
0.228067850655879,71,0,0.2572806691325557,6924,10,0,2,0,2,0
0.17003027334072016,53,0,0.3031366520806437,3212,6,0,0,0,1,0
0.15059413586036155,22,1,0.6209780783134023,13117,6,0,1,0,1,1
0.2805582583504483,53,1,0.33938011863201367,4408,1,0,0,0,0,0
0.05177297027509945,32,0,0.18796596819946285,4659,7,0,0,0,1,0
0.04672900500175454,43,0,0.2596525264656333,7953,9,1,2,0,0,0
0.2753865717960096,37,1,0.6281635140672492,1836,7,1,2,1,0,0
0.37090272600485874,49,1,0.2465704029183161,7910,10,0,1,0,1,1
0.3623171385472596,53,0,0.22921056966751668,3920,9,1,0,0,0,0
0.18241266301904688,49,1,0.7956875381898546,1701,5,2,1,1,1,0
0.3267699252080705,36,0,0.5829087434122807,12089,4,0,2,1,1,1
0.4902713938533375,45,1,0.16529397639138435,1172,8,1,1,1,2,0
0.30749911668218266,28,0,0.11355746230434108,2674,10,0,1,0,0,0
0.18071471872683792,41,0,0.7975143450210009,6907,10,0,2,2,3,0
0.6537108097732472,35,1,0.6417709062203683,5505,9,1,1,0,2,1
0.16297698483859405,18,0,0.36670507806784736,2555,7,1,0,1,1,0
0.2671818130250444,47,0,0.6563692260976705,9013,8,1,0,0,0,1
0.33856893387534465,33,0,0.5144581047436453,7192,9,0,1,0,1,0
0.12025761379226023,27,1,0.6804569148099777,2781,6,0,0,0,2,0
0.4186949842562833,64,1,0.0774655047763223,4675,11,0,0,0,4,1
0.3793190639899807,30,0,0.35844965249443894,4023,9,0,2,0,0,0
0.3126367883234504,65,1,0.23277218426666288,7273,8,0,4,1,1,1
0.2965426213165944,34,0,0.5044699649999507,6070,7,0,1,0,1,0
0.09951005631232097,20,0,0.5668619498624049,7400,9,1,1,0,1,0
0.3317675064659947,43,1,0.6074763012954667,5667,5,0,2,0,1,0
0.2090248091870617,49,1,0.31488880473648734,4704,5,0,3,0,0,1
0.14564094489342155,54,0,0.5818370502031048,15553,9,0,0,1,1,0
0.5520292121767183,34,0,0.04756149256006638,4845,8,0,1,0,2,1
0.6107936617284205,32,0,0.06337282514695709,801,7,0,2,0,4,0
0.2276059881376813,52,0,0.6265945725150416,4454,9,0,0,0,1,0
0.03375167048216653,50,1,0.6813600629994105,8141,13,0,0,0,0,1
0.28145903043755294,63,0,0.419646198862471,23093,6,0,0,0,2,0
0.09648241048935219,29,0,0.2984396565991577,4428,1,0,0,1,1,0
0.47724139143717914,25,1,0.37594037176001344,5140,5,1,1,0,0,0
0.1727093044730024,36,0,0.6975087946783346,6504,5,0,0,0,0,0
0.07356862909520928,60,1,0.8893194137604008,864,10,0,1,0,1,1
0.08444205302060385,30,0,0.7366073013568961,4550,8,0,1,0,2,0
0.472209190643335,32,1,0.09837855046743789,3978,9,0,0,0,0,0
0.38820474551451234,40,0,0.2746038635886743,11237,13,0,0,0,1,0
0.10488952650543615,51,2,0.7517677576677804,1613,7,0,2,0,0,0
0.0853056514231858,59,0,0.37450303675366564,8394,4,0,0,2,1,1
0.21770478582095734,35,0,0.7734694506898361,6747,9,0,1,1,2,0
0.11600752372047335,69,0,0.8904770558983963,3293,4,0,3,1,2,1
0.3532039617839263,31,0,0.709369342282213,4018,9,0,1,0,1,1
0.5884077992672512,48,1,0.538842998971618,6201,14,0,1,0,4,0
0.38452071337607857,36,1,0.312271481955168,8533,8,1,0,0,0,0
0.32978191400425033,53,1,0.09803504966214749,14045,9,0,1,0,1,0
0.29868197970241706,73,0,0.6220265530476323,27645,12,0,2,0,0,0
0.3419275362889134,31,0,0.36241521038623536,2585,9,0,0,0,0,1
0.11466376504287638,41,2,0.5410497281449286,6148,9,0,1,0,0,0
0.07931413752162708,52,0,0.5599940576157112,1544,10,0,1,0,0,1
0.10728394355031176,37,0,0.19652475736645805,7610,8,2,2,1,0,0
0.5155446202135551,48,0,0.3234967569323162,2134,10,0,3,0,0,0
0.5231168179658969,57,1,0.6099624877020401,3249,4,0,0,1,0,0
0.3922891057804526,47,0,0.3111532228153787,3332,8,0,2,1,0,0
0.08997188206755061,20,2,0.43253948622223626,8041,11,0,0,0,0,0
0.3488328205430756,35,1,0.2483689030383471,9006,8,0,1,0,1,0
0.45754514567413407,28,2,0.4853920463680144,5766,3,0,3,0,1,1
0.2198405092266509,22,0,0.6244605574138022,483,4,0,1,1,1,0
0.1121046299749005,63,1,0.35337634896947395,3477,7,1,0,0,4,1
0.5240610070052281,41,0,0.5902796088554143,1070,4,0,0,0,1,0
0.5245261571471376,26,1,0.7303296023851821,9155,9,0,0,1,1,0
0.34488285787585066,63,0,0.12241080751552708,4078,5,0,0,0,2,0
0.44869018795359605,54,1,0.29394704120405274,3164,4,1,0,0,1,0
0.18882023597925543,19,1,0.21433023991712666,5383,10,0,0,1,1,0
0.1023977106591225,50,0,0.4090699195531388,2320,6,0,1,0,1,0
0.15562512750925017,55,0,0.7596911865392751,6738,10,0,1,0,1,1
0.18638582679652316,31,0,0.36438286558252914,5945,15,0,0,0,1,0
0.1080753134273249,34,0,0.1638255970702532,8480,9,0,0,1,0,0
0.13113552537421208,49,1,0.4306827512735877,38871,7,1,2,0,1,1
0.3663321819832917,56,1,0.25110384011483744,8609,5,0,0,0,2,0
0.2835353625969597,48,1,0.5361489767291572,6841,13,0,1,0,1,0
0.21593518708284454,18,0,0.5293736006331938,6222,9,0,2,0,0,0
0.48119064858528876,25,1,0.14092781892561013,6367,7,0,0,0,0,0
0.3750992403914101,46,0,0.2414475403989316,3089,5,0,1,0,1,0
0.12128060588235604,18,2,0.2653669704188478,6570,7,0,1,0,1,0
0.12581406175705317,49,0,0.35182126723943924,4140,7,0,1,0,1,0
0.25383175950724257,30,0,0.756243392778991,29567,3,0,0,0,2,0
0.2825331545837975,53,0,0.33232957982684425,7019,7,0,3,1,0,1
0.15408617947533831,57,0,0.18002230014465873,6340,9,0,1,1,4,0
0.1272548218662276,57,0,0.3990402199475043,4610,5,0,1,0,4,1
0.3399065564030107,18,0,0.28596985832356886,5821,8,0,2,0,2,0
0.5984900416314171,34,1,0.3642573840996155,6803,7,0,0,0,0,1
0.4742252084876092,53,0,0.336349834441517,10637,4,1,1,0,2,0
0.1987934103182245,37,0,0.42016558213745214,4179,6,0,1,0,3,0
0.23653893414500216,73,0,0.29454735315628333,7168,10,1,1,1,2,0
0.1520238500274305,59,0,0.2580429165654082,16549,13,1,0,0,1,0
0.5554357576115267,52,1,0.4232388473701124,5049,7,2,0,0,0,0
0.27410049087358673,22,0,0.6153714426935526,9350,7,0,0,0,1,0
0.3411269994992103,45,0,0.3400355036861911,8433,12,0,2,0,1,0
0.18459295393683328,24,0,0.3093664598060921,2605,10,1,2,1,1,0
0.05736212859317704,48,1,0.6115334999345737,3404,5,0,3,1,2,0
0.21559661241191802,44,0,0.17687877364976728,11648,9,0,0,0,1,0
0.10278452389744808,56,0,0.4405726227523932,2900,7,0,0,1,0,0
0.34010287787238896,53,1,0.1936495533934618,25409,9,0,0,1,1,1
0.1928692153928155,23,0,0.6769327962241626,5321,10,0,2,0,0,0
0.06957042716798933,51,2,0.23716028627825214,1548,15,0,2,0,0,0
0.17543811531643816,41,0,0.5297539480440031,6492,8,0,2,0,0,1
0.1340008901765113,29,2,0.23170752925621693,33200,8,1,1,0,0,0
0.10235198814136824,40,0,0.6699871428749803,2881,11,0,1,0,1,1
0.3194724988280985,40,0,0.6794661820828499,9462,10,0,2,0,1,0
0.4143724267134178,57,1,0.7543328038366257,19813,6,1,3,1,1,0
0.5530210503747314,59,0,0.45688251438370847,2510,8,1,1,0,0,0
0.5407307315011923,50,0,0.2749138122302646,12001,8,0,0,0,1,0
0.2048292329899579,56,1,0.6686110636830307,3194,8,1,0,0,2,0
0.6430668936597682,45,0,0.3154748794398446,5890,7,0,0,0,1,0
0.12605748002746553,35,1,0.3632368131563834,1446,7,0,3,0,2,0
0.5056402392636058,65,0,0.79766810946891,18503,8,0,0,0,1,0
0.26631577564125924,63,0,0.2665538234447061,2574,7,0,1,0,0,0
0.17446829344899473,59,0,0.5798116242652855,3464,5,0,0,2,4,0
0.4634091477818822,75,1,0.5283519383540685,5432,6,0,1,0,1,0
0.039349326324953283,39,1,0.5191745793535029,6269,6,0,0,0,2,1
0.15036562332475165,50,0,0.4391662298755604,9198,8,2,1,0,2,1
0.5454417128689598,32,1,0.2324340349055948,7143,9,1,1,1,1,0
0.5195509460390733,50,1,0.014751994964681698,3410,5,0,0,0,0,0
0.23074265698358776,57,0,0.28205240486214994,4947,3,0,1,0,2,0
0.0397188474897906,25,0,0.6767026242145526,5765,9,0,0,0,0,0
0.1521029127039893,29,0,0.43452220298928684,2322,8,0,1,0,4,0
0.2900974637650897,39,0,0.23966294403948193,3430,7,0,2,0,2,0
0.5498761883908374,65,1,0.08495229869779805,27722,5,0,2,0,1,0
0.3125595291050609,63,1,0.5252271978587549,3548,6,0,1,0,2,1
0.2224715025181269,48,0,0.4894990995807397,5533,10,0,0,0,0,1
0.45495704642639895,43,0,0.27172708539957957,2524,13,0,1,0,0,0
0.4352191638452363,45,1,0.7543334652730942,2298,8,1,1,0,1,0
0.18385891653001002,53,1,0.6672001922326946,4185,7,0,0,0,3,0
0.5585123141130409,70,0,0.2825239151707335,512,7,0,2,0,0,0
0.29240509496180933,48,0,0.8352766398400153,7546,7,1,0,0,1,0
0.41060879882161916,25,2,0.5262194400871499,12278,13,0,1,0,0,1
0.43413958245905593,31,0,0.8734164934123172,2817,10,0,0,2,3,0
0.4412333776768655,47,0,0.6384400035088953,5503,5,0,1,0,3,1
0.3667063878195837,32,1,0.3483653517257706,4399,7,0,2,0,2,0
0.4641470906413297,46,0,0.445941981808412,7903,10,0,1,0,1,0
0.3343412399900632,48,0,0.3528189804244421,2316,7,0,1,0,1,0
0.4385837242797731,36,0,0.14006349090512538,15613,8,2,0,0,3,1
0.6638876446156886,41,1,0.5754763827079763,2159,5,0,0,0,0,0
0.17579600231713863,62,1,0.1712315091104252,14423,6,0,2,0,2,1
0.15095367406545904,29,0,0.1814964980372424,3052,10,0,1,1,0,1
0.48373552695874755,18,1,0.08137153992057727,4535,9,0,0,0,1,1
0.47359340060568117,57,0,0.5268399351727177,4990,7,1,2,0,1,1
0.26371372054433667,47,1,0.21134004857150543,3070,9,0,1,1,0,0
0.2571539041177858,59,2,0.49659333968783265,16795,9,0,1,2,0,0
0.6026974624175595,42,1,0.5864588128154301,5411,5,0,1,0,0,0
0.11169414407795833,73,0,0.17044982170001238,7298,9,0,2,1,0,0
0.25285865173142413,35,0,0.3915912120819212,15486,6,0,1,0,0,0
0.26774699254989576,38,0,0.36180775178662794,7409,9,0,2,0,0,0
0.2339687111167621,50,1,0.4032173480754449,4226,12,0,1,0,3,1
0.24730166475946816,59,0,0.6760188344592093,1811,9,0,0,1,3,0
0.2770664582141741,51,0,0.3902543239326395,8832,5,0,3,1,1,0
0.2858795785970283,35,0,0.36198148519399403,808,7,0,2,0,0,0
0.5251828904736668,45,0,0.6155254249534173,8681,13,0,1,0,1,1
0.2545062972943568,53,1,0.6944007996112146,3322,8,0,1,1,3,1
0.1664020257920695,49,2,0.2690011492093643,6245,9,0,0,0,2,0
0.36323559005869455,65,1,0.6859979515275414,9434,13,0,3,1,1,0
0.1478431423592319,30,0,0.6633461385682067,1281,4,1,0,0,2,0
0.18721266009716783,46,1,0.5913434192595334,12263,7,0,1,0,1,1
0.1975389909682508,35,0,0.6080148085114351,2404,12,0,0,1,1,1
0.12597073191442168,52,0,0.3170307246669207,4086,7,0,1,0,2,0
0.2555914100642713,26,0,0.27104942384007263,3088,11,2,1,0,2,0
0.3676584155752576,35,1,0.5379979579775038,4595,7,0,1,0,0,0
0.10835569354116353,33,0,0.6267620017157169,4689,8,0,1,0,1,0
0.2907251986967614,50,1,0.37928990226849124,3908,8,0,0,2,3,0
0.25315570724703657,23,1,0.3408238236041362,6955,6,0,0,1,3,1
0.16625943730778145,69,2,0.33880855757878925,2159,7,0,3,0,0,0
0.16106349835573733,75,1,0.45733825457181926,10032,10,0,1,1,3,0
0.2399454907383573,44,0,0.5127381174366813,6739,1,0,1,0,0,1
0.6003692539088389,45,1,0.5813785332719797,3733,3,0,0,0,2,0
0.41261314509464436,60,1,0.30645212247207515,8747,4,1,0,0,0,0
0.131502382070876,62,0,0.4601200294728273,18442,9,0,0,1,0,0
0.24924225964032368,40,1,0.2581228496052402,12148,7,0,0,2,1,0
0.52342485665873,45,0,0.09891577748653045,2167,6,1,0,1,0,0
0.44190585062101284,40,1,0.5049428577355822,11144,7,0,0,1,0,0
0.5812061263258691,43,1,0.30417458980008033,14646,9,0,0,0,0,0
0.32273347044537803,47,0,0.4298017044322597,1752,12,1,2,0,0,1
0.5785724869613966,38,0,0.4117678057625309,1602,6,0,0,0,0,1
0.3541469779928103,35,1,0.26627628959741567,6009,6,0,0,0,1,0
0.1562104326760296,38,1,0.260771313590656,1796,5,0,1,1,1,0
0.15458938164947567,61,0,0.2763372845722605,15537,4,2,1,1,1,1
0.09317861637463835,48,0,0.17655704294843655,10252,14,0,3,0,0,0
0.0697811203606233,69,1,0.4199550171451472,15394,9,0,1,0,0,0
0.37969388485222516,18,1,0.407667971906321,2991,9,1,1,0,3,0
0.1524959434876338,32,0,0.24967154286024168,15586,2,1,2,0,3,0
0.3900057486631549,50,1,0.49485015902987173,5137,8,2,2,0,0,1
0.3184568129737172,52,0,0.1235326556980681,3207,5,0,1,0,1,0
0.29443166885396305,67,0,0.7921106238938461,2073,8,0,0,0,0,0
0.0916348866231651,42,1,0.28650603043355993,5601,5,1,1,1,2,1
0.15022130923603327,52,1,0.5984055811371276,2271,9,0,1,0,2,0
0.08843564014702943,24,1,0.11882672319693238,2347,9,1,0,0,1,0
0.15570526252787562,42,0,0.37250191390913273,4101,4,0,2,2,2,0
0.21947752767401169,77,0,0.3456390348667316,9999,9,0,1,0,0,0
0.21678419126417384,46,0,0.6674931755925184,10035,6,0,2,1,2,0
0.2732763090417919,32,0,0.390723436564326,12779,12,0,0,0,0,0
0.26306871810033694,66,0,0.10913347821448968,1825,7,0,2,0,1,0
0.14940170384263665,46,2,0.28226902960028843,24257,9,1,2,0,3,1
0.23113838443854878,27,0,0.590717946184057,11284,7,1,2,1,1,0
0.4893902464357307,67,1,0.26251422487381254,9118,10,0,0,0,4,0
0.4164828247266218,26,0,0.3519025242245677,4294,11,1,0,0,0,0
0.2140145342719267,68,0,0.6810571107143064,8354,13,0,1,1,1,0
0.3799297149129089,26,1,0.33693247071555704,2431,6,0,2,1,1,0
0.0676858005790278,49,1,0.767566992712998,4639,9,0,1,0,2,0
0.061615716864048986,56,1,0.47569423020735335,17620,3,0,1,1,0,0
0.35181567892976456,37,2,0.28714891357213546,3218,9,0,1,0,0,0
0.13055777316831138,43,0,0.7632524701898736,618,11,0,1,0,1,0
0.3305969063083718,34,1,0.30256063624611346,7262,9,1,0,0,0,0
0.46316430660189645,25,1,0.15000902407832098,17296,7,0,1,0,0,0
0.17823519561487738,28,0,0.5173366849138851,4226,5,0,1,0,4,0
0.31013958151674065,59,0,0.3858007544670582,2403,4,0,1,0,2,0
0.2877730464711963,67,0,0.5340419649097337,7626,6,0,3,0,1,0
0.15874394900248756,48,0,0.24982926207619574,1058,9,0,0,0,0,0
0.4362185225850202,70,0,0.24735879270102965,5880,8,0,1,0,0,0
0.25231830573730696,68,1,0.42992656926527345,8988,11,0,0,0,2,0
0.053802748331937746,74,0,0.2530115588752172,1497,11,0,1,1,1,0
0.3665486045960267,61,0,0.6251749096740108,2250,9,0,1,0,0,1
0.26616068174044505,74,0,0.2310869850306068,2206,15,0,1,0,1,1
0.1807098716219653,27,1,0.7217573825975864,2760,7,0,2,0,1,0
0.05587175560579192,62,2,0.1080059643889192,3554,12,0,1,0,2,0
0.26740383682005325,30,0,0.22899065305894212,5888,6,0,0,1,2,0
0.12755618389438167,73,2,0.5867401938912075,5613,11,0,0,0,0,0
0.2434261385590608,22,1,0.49597756168084,14607,9,0,1,1,0,0
0.39597186677478347,75,1,0.561821826983723,2041,12,0,2,0,2,1
0.519660180736119,47,0,0.4896766884030595,1657,7,0,0,2,1,0
0.3189716138252032,67,0,0.07073025438878035,11234,10,0,1,0,1,0
0.48267425680763704,45,2,0.6452435543825776,3857,12,0,2,0,2,0
0.13935902657596924,38,0,0.12364956338680244,3564,7,1,0,1,1,1
0.3620146445140705,32,2,0.22620100342248609,21900,7,0,2,0,1,0
0.15271229511580006,60,2,0.29491745440744743,5606,4,1,0,0,2,0
0.32951216751435014,56,1,0.3988065406563865,1677,9,0,0,1,0,0
0.19274031484930687,36,1,0.2715874412434439,18582,11,0,0,0,0,0
0.14699601840079826,60,1,0.6834981741952083,6493,6,0,0,0,2,0
0.32921349389226834,21,1,0.5438077888319681,4066,4,0,1,0,0,0
0.2817841231652667,46,1,0.3488997961585666,1898,2,0,1,0,1,0
0.12181059315473633,68,1,0.4534646184784037,10590,10,1,0,0,0,0
0.3914148413438208,53,1,0.3099962415825352,6784,7,0,2,0,0,0
0.11019117158410602,18,2,0.22873719980875468,6644,8,0,2,0,1,1
0.08341539477053068,20,1,0.6193137486899202,3801,9,1,0,0,2,0
0.12120731839074918,18,1,0.4169169236566052,2481,6,0,0,1,0,0
0.20430170027176064,62,1,0.3858628563925745,8174,12,1,2,0,0,0
0.48437953780077664,28,2,0.21733196249644288,10480,9,0,2,0,3,0
0.4041435391626468,61,2,0.6014829306128546,7866,7,0,1,0,1,0
0.182280353450293,53,3,0.3082863739824495,4458,9,0,3,1,1,1
0.43820308840386346,35,0,0.21108169165751348,4953,6,0,2,0,1,0
0.3622714482977927,56,1,0.23126905588525232,3317,11,0,1,1,3,1
0.5361829372985282,26,0,0.4415111323127596,4973,8,0,4,1,3,0
0.20095160013265104,36,2,0.4168177135758548,11802,11,0,0,0,3,0
0.17793909319689452,24,1,0.7094037676061825,8021,9,0,1,0,0,0
0.2457775886163395,33,1,0.44504188288507973,1638,17,0,0,0,2,0
0.04196524557791742,50,0,0.172648419274352,10384,5,1,2,0,0,0
0.28896740277179034,37,1,0.3213146587102997,6228,9,0,1,0,0,0
0.39183625451479753,25,1,0.1194664227868831,3323,9,0,0,0,2,0
0.22520571949164384,28,0,0.12315530629844575,9106,4,1,0,2,0,1
0.3092646550693053,27,0,0.3252801107021621,2788,11,0,1,0,0,0
0.2530622555449389,45,0,0.38322138041174975,2464,13,0,0,2,0,0
0.10222475529415047,38,0,0.11209396152536413,6203,10,0,0,0,2,0
0.20531974358709404,33,1,0.5086399960188133,4802,13,0,1,0,2,0
0.14941794070705822,60,0,0.2585217392098693,4628,3,1,1,1,1,0
0.328208039013237,64,0,0.20513057716166533,5925,4,0,0,0,0,0
0.1730288006331727,78,0,0.3557624933013841,14023,11,0,1,1,2,1
0.05805544862340442,47,0,0.44138310740624376,3392,7,0,1,1,0,0
0.4607035866345185,34,1,0.6353727751796475,11492,9,0,0,0,1,0
0.4223653895091958,43,1,0.44096380476509095,2410,10,0,1,0,1,0
0.04711376712777901,60,0,0.44759185280724745,16641,11,0,0,0,1,0
0.4431566727649894,42,0,0.05325188074342939,12077,10,0,1,0,1,0
0.2666743258488615,42,0,0.3463816943856197,4883,3,0,1,0,2,0
0.13001435940868963,33,1,0.533225012028998,3556,10,0,1,0,3,0
0.6030131685051939,60,1,0.0644006828739745,5015,4,0,1,0,1,0
0.24494248696579002,61,0,0.3835405775616293,4540,10,1,2,0,1,0
0.1491215177205364,45,3,0.4773393714909118,12309,7,1,0,0,0,1
0.07882955001411207,59,0,0.5959624255982008,5446,8,0,1,0,0,1
0.2486979314870288,32,0,0.46216004109195946,692,5,0,2,0,4,0
0.07380601632250784,28,0,0.2507202220027454,1805,12,2,0,0,2,0
0.4651744826350512,48,0,0.22785919224577186,3062,9,0,3,0,1,0
0.07960909464455664,60,1,0.1469983128442548,16020,13,1,2,0,0,0
0.25164209097765605,46,1,0.5849039010622349,3614,10,0,0,1,2,0
0.202680788210316,30,0,0.6116544866673035,1904,7,0,0,1,0,0
0.26875295667166726,23,2,0.09452412061516675,1838,6,1,2,0,1,0
0.5373228484706365,40,1,0.3476684115246695,7115,13,2,1,0,1,0
0.2779507187165371,38,0,0.6860127908479688,8325,9,0,3,0,0,0
0.25293349857293457,70,1,0.25004214274062037,8964,13,0,2,0,0,0
0.3511359350518449,55,0,0.08927923650010038,3797,6,0,0,0,0,0
0.21062622382018797,28,0,0.6459129049417357,1511,6,0,0,1,1,0
0.07587833317702948,53,0,0.5096291151952447,2392,5,0,3,1,2,0
0.16196441866681183,53,1,0.5913620863189558,24203,6,0,1,0,2,0
0.07589897153078082,32,0,0.12706698858335616,8079,3,0,0,1,0,0
0.29704654654627216,35,0,0.7651767281150388,14417,12,0,0,1,1,0
0.375405192570455,34,0,0.10893420035250823,7905,13,0,1,1,0,0
0.229791866375191,59,0,0.8606559541113085,3267,9,0,1,0,3,0
0.4521363101321598,68,1,0.5115032796924864,14461,7,0,1,0,1,0
0.49313346540511377,33,0,0.23841048513069424,4090,13,0,1,0,1,0
0.023958601221446447,30,1,0.14654526639248694,1795,9,0,1,0,0,0
0.2985202233052808,18,0,0.3645543080221004,6320,4,1,3,0,1,0
0.1078162786685836,65,0,0.0993979271038419,9360,10,0,0,0,1,0
0.25900810110182143,29,2,0.6692465934221928,2272,11,0,0,0,1,0
0.4481751245338597,18,0,0.43421602405857657,5655,6,0,1,0,2,0
0.10215499065612095,30,1,0.34380205129541325,17077,5,0,1,0,1,0
0.4917081770613848,58,0,0.19215375168835713,12713,9,0,1,2,4,0
0.664710915210639,43,2,0.5670116636178809,8076,8,0,1,0,1,0
0.3944540986828038,33,0,0.40268635795337526,4889,9,0,2,0,0,0
0.15871211033836033,47,1,0.4365981511679042,6832,6,1,0,2,2,0
0.49943507592382225,18,0,0.25820377429777097,4306,6,0,2,0,2,0
0.1492269432760463,45,0,0.7246764559516551,4998,12,0,2,1,1,0
0.16562809317568192,32,0,0.14780760967402531,2560,9,0,2,2,0,0
0.10122781393909709,65,0,0.44724222425597887,5260,8,0,1,0,0,1
0.2741430708988998,46,0,0.14200784588057966,3567,8,1,2,0,2,0
0.186389779802077,21,0,0.4418312723132236,6944,9,0,2,0,4,0
0.20085741447742836,47,1,0.18146454928531633,9084,10,0,0,0,2,0
0.12002653782883388,62,0,0.5425297877650558,2635,7,0,1,0,0,0
0.1607586356301299,24,1,0.38448330277118975,5768,10,0,1,1,2,1
0.16223418924698024,44,0,0.258950545651809,897,10,0,0,2,1,1
0.14435668071044383,46,0,0.5151783348604303,28543,12,0,2,1,0,0
0.22601101620342137,33,0,0.6403670694854505,5367,8,0,0,0,1,0
0.38354844333047,36,1,0.41236919430837143,2075,9,0,1,0,0,0
0.10856824545003156,32,0,0.08034551552761521,3622,9,0,1,0,2,1
0.11169164399234889,42,0,0.11836929088823836,3448,5,0,1,0,4,0
0.4686901658486989,41,1,0.2532889696595039,2604,10,0,0,0,1,0
0.13883000495207787,38,0,0.7417690671971073,3163,7,0,2,0,0,1
0.10369612188949577,57,0,0.19234187376006054,11872,7,0,0,0,0,0
0.3156350227470953,44,0,0.5832102280384979,6525,10,0,3,0,0,0
0.23806068446225676,22,0,0.2846907554933942,5541,5,0,0,0,1,0
0.3813355637555993,46,0,0.41445680822185677,3712,7,0,1,0,0,1
0.2923322341168757,18,0,0.6256651060470876,12669,5,0,0,0,1,0
0.1857443491804414,42,2,0.4400339067235871,1595,4,0,1,1,3,0
0.25780289747680485,41,0,0.15809518446057316,4891,8,0,3,1,1,1
0.5419127583066152,58,0,0.3586527786035465,1267,4,1,1,0,0,0
0.12684518120715751,46,0,0.6091485119733451,5924,8,0,1,0,0,0
0.0492800949218619,39,0,0.20253543006017571,5135,9,0,3,0,0,1
0.5784781507446854,26,1,0.17944007134611606,2147,10,0,1,0,0,0
0.16409532563549345,47,0,0.26920063761174523,6527,16,0,3,0,2,0
0.2509823493324847,61,0,0.32083551049404085,5212,7,0,1,1,0,0
0.219925501357355,43,0,0.5123915113711044,2416,6,0,2,0,2,0
0.2135177863504384,18,0,0.4158106785635828,12111,14,0,0,1,0,0
0.029519068543436108,41,0,0.32596217528675453,15186,11,0,2,0,1,0
0.16667873780495515,45,0,0.48657557598047163,5004,4,0,0,1,1,0
0.30901087899230045,48,1,0.4615777585608974,4408,10,0,1,0,0,0
0.368308790010385,51,0,0.7259703652958103,4836,11,0,1,0,2,0
0.16500958795393406,18,0,0.6869041972253018,7097,10,3,0,0,1,0
0.6312456323844888,54,0,0.8009167411168798,10196,6,1,3,0,1,0
0.11954686827522316,51,1,0.3094971110993301,2336,6,0,1,0,1,0
0.38293670987204664,38,0,0.33279221343589294,732,4,0,0,1,2,0
0.42390320443124396,50,1,0.3568547149815801,6792,11,0,0,0,0,0
0.2742687576717208,66,1,0.24717536581103333,2534,3,0,1,0,2,0
0.5923582087030289,82,1,0.3158423914871313,20409,11,1,0,0,0,0
0.46110985405617244,41,0,0.2934738815906797,4785,3,0,2,0,0,0
0.4658609856645682,39,1,0.37828865327105127,8895,10,0,2,0,0,0
0.518519002627878,46,1,0.3152468019070783,4788,9,0,1,0,0,1
0.21666287973808587,40,0,0.7035319519546999,5025,7,0,0,1,1,1
0.33894845519078004,28,0,0.8439970706412385,2781,11,0,1,0,0,0
0.2426627163851377,29,0,0.5871548166837431,1069,7,0,1,0,0,1
0.44191255098395893,46,0,0.2209444109975787,4748,6,1,0,0,2,0
0.4699537643297431,41,1,0.4114166422331595,3263,13,0,1,0,2,1
0.3047515495095925,55,0,0.09005328221675235,6878,7,0,1,0,3,0
0.6658134748412704,41,0,0.4634814056010587,2102,6,0,1,0,2,0
0.12099281343412914,41,0,0.3352313094872335,7146,10,0,0,0,0,1
0.2987744562435336,48,0,0.453602438949806,1669,8,0,0,0,0,0
0.05425651118172591,67,0,0.3409441949300286,7271,10,1,0,0,3,0
0.12437361491097708,69,1,0.2937262640896796,6762,10,0,1,0,2,1
0.1120081026627851,31,1,0.23256300565032856,6269,8,0,1,2,1,0
0.09958624403428745,39,0,0.20390910897483347,3845,4,0,0,0,0,0
0.31752507966230564,56,0,0.6774376654839342,11875,7,1,2,0,1,1
0.3886274843408956,18,0,0.5792047245686732,1959,9,0,3,0,0,0
0.3000196678378083,30,0,0.4151488479756207,6903,6,0,1,0,0,0
0.20175084487196882,48,0,0.3302934141857477,14578,7,0,4,0,4,0
0.41081514539565034,54,0,0.5152919460660313,2722,7,0,0,0,1,0
0.29783579705446867,46,2,0.3813940084285243,6499,8,1,0,0,2,1
0.12018725903316778,46,0,0.7492333686788791,4872,3,0,0,0,1,1
0.10692290844253495,23,1,0.8230055097840544,7109,8,0,1,0,1,0
0.4203972835715912,33,1,0.7602164664443174,8512,5,0,0,1,1,0
0.4864759197395925,40,0,0.6756466405714545,13017,9,0,2,0,1,0
0.6325385471903539,33,1,0.10442289284029299,5332,5,0,1,0,2,1
0.22268108995576108,32,0,0.5109999566922961,5476,9,0,0,1,3,0
0.1477909844452848,57,0,0.826382759315241,4968,9,0,0,0,0,1
0.3217848463428851,62,1,0.7323489265438629,2994,15,0,1,0,0,0
0.09757585722868846,51,1,0.3105352466755789,19633,11,0,3,0,0,0
0.049952471748872934,60,0,0.21688008967178501,25069,11,0,1,0,0,0
0.4823985643092452,20,0,0.7108193935242931,2021,5,0,1,0,1,0
0.4016082501070802,41,0,0.24539653170985615,4277,3,0,1,0,0,0
0.22376837347513662,50,0,0.6182521165294694,1150,1,0,2,0,3,0
0.15072518464545587,48,1,0.4055882360458311,4794,7,0,1,0,3,0
0.1049265802994971,31,0,0.34161811108207296,4800,8,0,2,0,0,0
0.19503739798344466,33,0,0.6092764067968829,12795,6,0,3,0,1,0
0.33158794296913346,37,0,0.3750163414569507,4986,3,0,0,0,1,0
0.11944635266761369,34,1,0.37813207213865285,651,4,0,2,1,1,1
0.24018689911433466,25,1,0.5521374760962209,3628,8,0,2,0,0,0
0.3799119641304267,69,1,0.13511117691352434,1878,11,0,0,0,1,0
0.465236305507553,41,0,0.4034982031928849,3682,9,0,0,0,0,0
0.07811206809026681,45,1,0.4547157694358203,2432,4,1,2,0,1,0
0.07659573874069822,46,0,0.5894525363977356,4450,11,0,1,1,0,0
0.2135224537216313,47,0,0.42298676879013924,3148,9,0,0,0,0,0
0.4930364557790723,38,0,0.660321628429027,8215,11,1,1,0,1,0
0.23459498113942412,68,0,0.45353269553898434,1586,8,0,0,0,1,0
0.23619522118474387,41,0,0.6110720764842575,23181,10,0,0,0,2,0
0.22343660109708788,58,1,0.6292493285175573,10481,12,0,0,0,1,0
0.42467705854438426,56,0,0.540336245377294,7719,13,0,2,0,0,0
0.4213702613023291,67,0,0.8290568716197464,1101,9,0,1,1,1,0
0.43510542981456996,26,0,0.512842699560915,22243,5,0,0,0,0,1
0.17288605130954557,64,0,0.6172081645184857,3044,6,0,3,0,0,0
0.21626386365678532,21,0,0.20692328124316853,2805,8,0,0,0,1,1
0.31078609779921357,36,1,0.6411382023384314,11082,8,0,0,1,0,0
0.1979595442824616,41,0,0.5482213098073166,1465,7,0,2,0,2,0
0.33005563393745735,44,0,0.27529229548045686,1945,7,0,1,0,3,0
0.17115428892326484,37,1,0.3461134347359249,1178,7,0,2,0,1,0
0.442751045978977,28,0,0.15865701591721287,2211,9,0,2,0,0,1
0.08421769051942311,41,1,0.33375405361245886,6628,4,0,1,0,0,0
0.19058385158755672,27,0,0.6439413617932627,3279,6,0,1,1,1,1
0.05010780325479139,68,1,0.6619611064228528,6277,8,0,0,0,0,0
0.1506383998589908,40,0,0.13568964529449928,20665,4,0,0,0,0,0
0.4838759388451193,18,0,0.27301740158574633,2956,13,0,2,0,1,0
0.12604259551665167,69,0,0.46519098565686684,10426,7,0,1,0,1,0
0.040856458345748435,18,0,0.44103246167678656,3955,4,0,0,0,2,0
0.6862993724204458,57,0,0.10033191004258903,16825,11,1,1,0,3,0
0.38921081330905627,45,0,0.4447158308394677,4721,8,1,1,0,1,1
0.4215783212923349,36,0,0.18607512123497966,7202,7,0,1,0,1,0
0.1571709276594938,27,0,0.4779936471471413,8951,11,1,0,0,3,1
0.21959054778317244,80,1,0.7544763878484214,1898,10,0,3,0,2,1
0.4132193529094781,35,2,0.4968232074399507,4458,13,1,1,0,1,1
0.3094192451434918,42,2,0.8724045329837582,3410,6,0,1,1,0,0
0.06500273755609942,52,1,0.340968707608728,7605,2,1,0,0,1,0
0.5905545609603448,33,0,0.4272483298705089,2894,13,1,0,0,0,0
0.2113398817480739,43,0,0.5317469672259498,3356,9,0,1,0,1,0
0.34799273683059445,54,0,0.6706107911666407,4596,10,0,1,0,1,0
0.29038222460320073,32,1,0.3256707728537995,8604,2,1,1,0,1,0
0.6770233033284254,38,1,0.10938342258237191,7457,4,0,2,1,2,0
0.5261962682766876,33,1,0.20681324500435344,16339,11,0,0,0,2,1
0.3767168846700912,60,0,0.11754865269084856,11227,8,0,1,0,0,1
0.4127689823538734,67,0,0.5106267848207132,5119,2,0,0,0,2,0
0.06642837986720365,44,0,0.5233765980815678,37966,7,0,0,1,0,0
0.39099789550742636,41,0,0.1327782009758423,939,10,0,2,0,3,0
0.6000972878648378,24,1,0.4419126245686412,6045,7,0,2,0,2,0
0.042296520644014804,32,0,0.21616488420833774,2527,4,0,3,1,0,0
0.26417195841072366,39,0,0.8279832062364766,3125,9,0,1,0,1,0
0.7015056394496134,75,1,0.4273839319388954,8695,3,1,0,0,3,0
0.18294012251805272,64,0,0.44540242210170766,1350,11,1,0,0,3,1
0.47131040771185057,50,0,0.41888138909810113,20454,9,0,0,0,0,0
0.7053308777698806,45,0,0.2323190848610635,792,6,0,1,0,1,0
0.0520975647523574,20,2,0.056154878340995446,25283,14,0,0,0,1,1
0.12314475206370377,32,2,0.1706281415503856,1549,9,0,0,0,2,0
0.19612106105866914,52,1,0.0503495744914238,1088,6,2,1,0,1,1
0.39987596548803156,44,1,0.1195082403712831,2570,6,0,4,0,0,0
0.04805170697788996,36,0,0.01633419376570602,7282,6,0,0,0,1,0
0.35618883362026255,35,1,0.4490589496206384,10020,7,0,1,0,1,1
0.2603469305451405,55,0,0.3892276067101386,2412,7,0,0,0,3,1
0.6273928664976272,52,0,0.4131719052580952,4595,5,0,2,0,0,0
0.3394044674191878,44,1,0.32076983465270476,5218,7,0,1,0,0,0
0.2689986734634636,41,1,0.8597191419114651,14420,7,0,1,0,1,1
0.08873921501107541,51,0,0.5066433985632691,3746,16,0,2,1,1,0
0.31152928422377196,44,0,0.24936852160663753,8288,8,0,1,0,2,0
0.22904112213260294,33,0,0.2931630586887556,6073,6,0,0,0,1,0
0.19682630154519565,54,0,0.6625973097789779,3437,7,0,1,0,0,1
0.2691166195880841,32,0,0.11927546990632072,3372,7,0,1,0,1,0
0.3565818895008087,54,0,0.22134577473214,2354,8,0,1,0,0,1
0.015095990269686041,49,3,0.6845092672010317,1043,12,0,1,1,2,1
0.08062701151827453,40,0,0.10995637076584576,17689,5,1,2,0,0,0
0.2471484928120105,18,1,0.2232442463863224,2975,20,1,1,1,0,0
0.6773382223010729,19,0,0.3659826887279025,3063,10,1,0,0,0,0
0.08083289641722383,49,1,0.3766239181000263,829,13,1,1,0,0,0
0.32277705043990296,21,0,0.168147422606679,5257,12,0,0,0,1,0
0.3840831492716408,59,1,0.34409253389354066,2791,7,0,1,0,1,0
0.19286444284401447,18,0,0.0674824686015962,3668,12,0,2,0,2,0
0.3170735227038136,39,0,0.3776513442717133,28690,9,0,1,0,0,0
0.05797432403002346,42,0,0.41643155308198415,26377,5,0,1,0,1,0
0.43335694202961533,68,1,0.3004239494288953,9686,9,0,1,0,1,1
0.34165921052363685,57,0,0.28032664165560706,1639,11,0,0,2,2,0
0.25870179006750044,28,0,0.3005191062630595,6216,3,0,0,0,3,0
0.13485810927833322,62,0,0.4870460381821896,951,9,0,2,1,1,0
0.21939965853401988,50,0,0.5272246416297843,11897,9,0,2,1,0,1
0.13125048603635867,31,0,0.3222665920171981,8062,9,0,0,0,1,0
0.08922767167352925,64,1,0.31543773979530626,2184,7,1,1,0,0,0
0.3833044599988873,34,0,0.4396787250358946,5801,6,0,2,0,1,1
0.18471357245138412,18,0,0.1419131716924379,3428,9,0,1,0,0,0
0.12499033892854565,34,0,0.5168051423462373,13940,8,1,2,0,0,0
0.3011350025074536,45,0,0.8259559266890126,7613,9,0,1,0,2,1
0.17086168625301532,67,1,0.20638564109411398,1118,6,0,2,0,0,0
0.10515371084879152,37,0,0.800538036537645,3025,6,2,0,1,2,0
0.22478158030668444,23,0,0.3879159590336455,22272,8,0,1,0,0,0
0.16005649547202097,48,1,0.7997777727219784,2635,8,1,1,0,0,0
0.30034014135816584,37,0,0.21994579208749185,3219,6,0,2,0,3,0
0.21142563957145563,64,0,0.5808006569451202,5951,10,0,0,0,0,0
0.16022676965944638,73,2,0.5790959326485421,3606,7,0,1,1,1,1
0.3162960902853881,18,0,0.08766909054717387,10547,11,0,1,0,1,0
0.26218427967637464,42,1,0.6599728787117873,4961,9,0,0,1,3,0
0.7925167377766273,36,0,0.2759687811957104,6691,10,0,0,1,0,0
0.21483013541670742,29,1,0.482979808471197,1732,11,0,0,0,2,0
0.38046116230384963,53,2,0.36917294912785914,12917,14,0,0,0,2,0
0.3147268810315088,70,1,0.38404875819739576,6151,11,0,1,1,1,0
0.522415579251088,50,1,0.2443654628040808,5750,1,0,1,0,1,1
0.34993864728022095,51,0,0.2718336012349059,7502,12,0,0,0,2,0
0.7153127101916117,25,0,0.417468181940026,10175,5,0,0,0,0,0
0.11509564304267948,38,0,0.36510751404391084,8586,8,0,2,1,1,0
0.2277777615286861,53,0,0.27037309876748417,2162,7,1,0,0,0,1
0.36299640564912566,71,0,0.050009664577161904,7881,8,0,0,0,1,0
0.6897563357511075,68,1,0.3517386193013836,7754,7,1,1,1,0,1
0.2742673947129734,53,0,0.9004835326542996,4171,5,0,0,0,0,1
0.4326581263229305,28,1,0.13601102964444753,4128,7,1,0,0,0,1
0.08847203602278436,44,0,0.5985359301976872,5854,11,1,0,2,1,0
0.19894178941168894,35,1,0.5420334396414819,2732,5,2,1,0,0,0
0.41384386740406437,44,0,0.4810075749959002,2577,13,0,1,0,1,0
0.26704716523052985,57,1,0.7565046392289457,10212,12,0,3,0,0,0
0.21235216870015397,34,0,0.33577482307124995,29404,6,0,2,0,1,1
0.6918649789859445,46,0,0.664812892553642,8692,7,1,1,0,1,0
0.11273315146504154,33,0,0.5851038111862606,2965,8,0,1,0,1,0
0.13802526768682905,57,0,0.4420314349183168,1917,7,0,2,1,0,0
0.2544728557030887,49,0,0.2782955127167519,3632,6,0,2,0,5,0
0.29967815877838067,53,0,0.5636096410486462,4595,7,2,1,0,0,0
0.23323846211085744,62,0,0.7010241191667853,3812,16,1,1,1,0,1
0.3178698012765412,42,1,0.31488458877545333,8077,13,0,1,0,2,0
0.4128765900525886,27,0,0.528412263286744,1897,9,0,1,0,1,0
0.4737032381166395,57,1,0.10604898710778941,11524,10,0,3,0,2,1
0.8873012548960831,51,0,0.5342873197609947,10658,12,0,0,0,1,0
0.353380743409098,40,1,0.6055725568346286,3817,9,0,2,0,1,1
0.3226106042342657,46,1,0.46292580818059414,4773,8,0,2,0,1,0
0.0510515909022814,36,1,0.6234970908659972,4373,6,0,1,0,1,0
0.5645547397140538,48,0,0.2150405077283468,4805,6,0,0,0,0,0
0.22250542914079532,35,2,0.2850846543461913,2049,11,1,1,0,5,0
0.0728956700569373,45,0,0.35443111711153585,6558,6,0,0,0,0,0
0.5250219518645223,36,0,0.5746191130093765,4268,10,2,0,0,1,0
0.1557596542285867,56,0,0.5654993329844613,4702,8,1,1,1,0,0
0.3732982097410473,48,1,0.511662025553325,1914,7,2,0,0,0,1
0.10649751532813964,39,0,0.5112106606570572,14087,6,1,0,0,2,0
0.47605380616719045,46,0,0.42041193850503583,2822,4,1,3,0,0,0
0.16710659878326412,23,1,0.12973965672472695,6122,14,0,0,2,1,1
0.16501026580658104,24,0,0.6825133913467318,6336,7,0,1,0,0,1
0.10168337218952551,37,0,0.22743953929003802,5003,11,0,0,0,0,0
0.3612748296967607,33,0,0.15451911951644878,26818,11,0,3,0,0,1
0.25802226269436307,30,0,0.11670504195524106,11295,7,0,1,0,0,0
0.07817283259322926,22,0,0.30650887418000733,1555,6,0,1,0,1,0
0.4053596776218111,41,1,0.5852736129420891,2676,7,0,2,0,2,0
0.41764739387345495,38,0,0.4252771257513916,3028,4,1,2,0,2,0
0.11096495469515875,30,0,0.5021873438009077,8017,9,0,2,0,1,0
0.17196408057476673,44,1,0.25554553616008097,8485,14,1,1,0,2,0
0.07230646683044749,58,1,0.04413976629606026,2997,10,0,0,0,1,0
0.025513757246985087,27,0,0.2728549822386713,5072,5,0,1,0,0,1
0.3636617608194352,62,1,0.5458371504796791,3385,10,0,1,0,2,1
0.609690426038826,18,0,0.38757479557649,3635,15,1,1,0,0,0
0.11641476219819935,45,2,0.047639915768970045,3265,4,1,5,0,0,1
0.4565193145246865,61,0,0.353085730393356,2166,12,0,0,0,1,0
0.25774033157816684,57,1,0.21778576386890727,2562,7,0,0,0,0,0
0.08254416334457464,49,1,0.8167750217290132,1357,8,1,2,1,1,0
0.09138262981839863,52,2,0.32659101394140305,18049,11,0,0,0,2,0
0.5929011458226511,46,0,0.2387657132827612,3188,12,0,0,0,1,0
0.2744362498349879,42,0,0.13779352037437728,1663,7,0,0,0,0,0
0.3856825535886474,35,1,0.28164284996233174,11713,12,0,2,0,0,0
0.28110123088936473,37,0,0.42461595524306556,641,3,0,0,0,0,1
0.3554736354374295,51,0,0.17800693917205476,5431,8,0,1,0,0,0
0.22471485356447815,36,0,0.7249743474970457,3883,6,0,0,0,1,1
0.19179153479660588,40,0,0.33693762717433406,3201,6,0,1,1,0,0
0.28563940150854855,55,1,0.49596757990238893,3662,14,0,0,0,1,0
0.16372716594686854,36,0,0.5915586837345905,5997,4,0,2,0,0,0
0.2816588539824107,43,0,0.5915087053848712,2844,5,1,1,0,4,1
0.4744572052720676,41,0,0.5197009584020267,3435,12,0,1,0,1,0
0.44538899427042633,45,1,0.20280758626704642,6128,7,0,0,1,1,0
0.13586874854931533,24,0,0.44154815612314535,9077,4,0,2,0,1,0
0.5358001332909049,42,1,0.5334194431579129,5820,7,1,2,1,0,0
0.6615265162698059,50,3,0.4442387028111683,6713,2,0,0,1,0,1
0.43497089820162976,45,0,0.6897910204657881,1496,10,1,1,0,0,0
0.07653062216481572,39,1,0.2680814237796135,4453,6,0,1,0,2,1
0.5384151960400727,42,0,0.2818895951388779,3237,8,0,2,0,1,1
0.09732544811887364,30,1,0.7941756842357021,1839,10,0,1,0,3,0
0.2822154880227978,68,0,0.35844713125506733,21212,4,0,0,2,0,0
0.6826953023045677,76,0,0.1974097124949964,9250,11,0,1,0,1,0
0.6023796098837363,48,2,0.12244523817817916,5738,8,0,0,1,2,1
0.22020874268875198,51,0,0.5821907133589547,19050,8,0,0,0,1,0
0.5749123242760356,35,1,0.6646349252721739,1895,6,0,1,0,3,0
0.594488203659924,72,1,0.23707573158540401,7164,8,1,0,0,0,0
0.21887390140525803,28,0,0.5821581771660932,5322,6,0,0,0,1,1
0.6329366933658512,48,1,0.4833940764511063,3334,13,0,0,1,0,0
0.38614521265955276,61,1,0.27889953812549323,1488,7,0,1,0,0,0
0.0828938122543655,69,1,0.03648680312392443,2281,3,2,0,0,0,0
0.4055073067451727,34,0,0.4165609665392409,4089,6,0,1,0,1,0
0.3014915509192975,50,0,0.4985103020217575,6320,4,1,1,1,2,0
0.5982276190002592,32,0,0.6272733631440969,3947,9,1,0,0,2,0
0.3637315918874343,33,0,0.6690590225577259,4409,12,0,0,1,1,0
0.025455622769280727,36,0,0.19860588641863638,14888,9,1,0,0,2,0
0.412539578002889,70,1,0.02585296547721228,4128,9,0,0,1,1,0
0.4258279375885553,53,0,0.15398045056515308,15623,11,0,0,1,1,0
0.5171127478897122,34,1,0.6805373753148262,4479,13,0,1,1,1,0
0.145976999633481,55,0,0.5750571709513961,11811,8,1,1,0,4,0
0.3522472385841921,34,0,0.6628844076148573,7104,11,0,2,0,2,1
0.30388582163712863,39,1,0.19885917753475826,10614,6,0,0,0,1,0
0.29717197397766454,71,0,0.09117373416631275,8953,4,0,1,0,1,0
0.0419209964051618,79,0,0.763486111076217,9123,10,0,2,0,0,0
0.031935380804305566,31,2,0.7026994134827786,2562,6,0,5,0,1,0
0.103838550209847,61,1,0.15063366505675077,3149,6,0,1,1,2,0
0.25044035551900934,58,0,0.5414998823993903,1958,8,0,2,0,0,0
0.22484793940361356,57,2,0.5768345740534577,6644,13,0,3,0,0,1
0.1965669972766957,33,0,0.7730805817894929,3066,10,0,1,1,1,1
0.25265353548410724,64,1,0.39570954043966544,2393,9,0,1,1,0,1
0.1817225297255712,36,0,0.43326640204987876,4676,6,0,1,1,1,1
0.37821436270740466,48,1,0.5303119840894189,3564,4,0,0,0,1,0
0.7183486556570169,54,1,0.81035331741994,6474,10,0,0,0,1,0
0.19098136405324476,35,0,0.19753745687088217,4749,7,0,0,0,1,0
0.5362836301822924,39,0,0.5306360399504746,10411,12,1,0,0,4,0
0.32057722560981905,18,1,0.3172338709472636,5031,7,0,0,0,1,0
0.41979684117423516,31,1,0.4234294359517131,4026,8,1,0,1,1,0
0.23811629103893395,50,1,0.806959541687477,1769,6,0,2,0,0,1
0.5029606589324621,50,1,0.29098647380826637,6436,12,0,0,1,2,0
0.11112257153119097,42,1,0.17039951294515093,3962,7,0,3,0,0,0
0.23167004471639352,70,2,0.7129993020633973,5120,8,0,1,1,0,0
0.17729173294885836,35,0,0.42325546873409575,5495,6,0,2,0,0,0
0.27097433586812547,80,0,0.5702620432644713,4653,12,1,1,0,1,0
0.263327521543232,35,0,0.21094972824564895,7128,7,0,1,1,3,0
0.3840161244440186,36,0,0.388138918801688,3922,4,1,2,0,1,0
0.38447481165284814,58,0,0.36652902886906064,2703,6,0,3,0,1,0
0.3462298471115142,18,0,0.37825241397530973,8524,5,0,1,1,1,0
0.06182354397680957,39,0,0.43513803421768427,5457,11,0,1,0,1,1
0.2971906979531284,39,1,0.6766516043955519,12254,8,0,0,0,1,0
0.37117307306874797,66,0,0.30420538740741465,40813,11,0,0,0,3,0
0.3556865184147194,43,1,0.03505626118939499,4655,13,0,1,2,0,1
0.4817137084284473,60,1,0.12745933393792036,28946,6,0,0,1,3,0
0.08839352065363747,27,2,0.5632719785884756,6381,10,0,2,1,0,0
0.22338566097192275,32,1,0.19597979314486308,10653,3,1,2,0,0,0
0.27045492413089234,29,0,0.866580221932998,2170,12,0,0,0,1,1
0.26099933852071017,49,1,0.4817873320328005,1336,5,0,0,0,1,0
0.18770886643133816,49,0,0.5074487020651315,7361,5,0,0,0,2,1
0.15682816921190873,35,0,0.7092486034601214,3401,11,0,0,0,0,0
0.3029956173674298,42,1,0.37555767423628156,11152,3,0,1,0,0,0
0.08664300129503447,56,2,0.6648069778831458,7978,8,1,1,0,1,0
0.7205244957649531,46,0,0.6519773302628956,5270,7,0,1,0,2,0
0.6092202418692627,22,1,0.13273877441439857,5275,6,0,0,0,0,0
0.1291575747908378,49,1,0.32404841668963824,7884,6,0,0,0,0,0
0.5735380733429807,30,1,0.23159177989054403,10646,2,0,0,0,0,0
0.7032602824429101,65,1,0.6952495047248026,2459,6,0,0,0,1,0
0.1130660347733042,38,0,0.5637793565773989,2636,8,0,2,0,0,0
0.12694719844505126,41,1,0.8332266776856454,2349,8,0,0,0,1,1
0.22672584541664395,38,0,0.5600985748348942,1474,2,0,2,1,0,1
0.20690797962774857,50,0,0.30063738676922525,2521,11,0,0,0,2,1
0.15036430865753997,49,1,0.23956650430377996,9415,6,0,1,1,0,0
0.4349626866593732,37,0,0.3101837896646449,1378,7,0,1,0,3,0
0.43961339374231134,56,2,0.12591479213549994,10660,10,0,1,0,0,0
0.10317985570854528,36,0,0.6429482324095196,7028,5,0,0,0,1,1
0.2598317182693316,29,1,0.6200730680859518,11475,12,1,1,0,0,0
0.28181612784049737,49,2,0.16005915497713188,3835,7,0,3,2,0,1
0.1487614021324587,52,1,0.3876249047443589,5322,7,0,1,0,0,0
0.5492276993403744,18,0,0.31344348955819334,5533,8,0,3,0,1,0
0.6194067455776611,29,1,0.6285684706482778,4689,8,0,1,0,1,1
0.11185527909598345,59,0,0.5998685582937692,6446,6,0,2,0,3,0
0.1462113218316269,54,1,0.6723152586117992,11191,13,1,1,1,2,0
0.14778075485514744,72,0,0.4783528838230728,3777,6,0,1,0,1,0
0.5731991821533593,23,0,0.6909180140910962,1624,5,0,0,0,0,0
0.4703795000960759,27,0,0.797270905781438,3440,6,0,2,0,1,0
0.25159695196243886,65,1,0.3548253827483899,1715,8,0,1,0,1,0
0.25715777663446043,40,1,0.30475504872025316,8398,7,0,1,1,1,0
0.18413896254124681,57,1,0.2644564051584783,8514,10,0,0,0,1,0
0.12709508789207227,36,2,0.5365113955974568,4766,9,1,1,1,0,0
0.550624723450099,33,1,0.14560433873687523,3860,11,1,0,0,0,0
0.4255245227280218,45,1,0.34128236734382394,10711,7,1,1,1,2,0
0.3673319581159459,58,0,0.9173495375897558,2461,6,0,1,0,2,0
0.02055857590074995,32,0,0.07352023654112809,2856,9,0,1,0,3,0
0.27813523676062196,38,0,0.142520145335751,18271,5,0,1,0,0,0
0.33301129169364974,47,3,0.48856586773722677,8268,10,0,2,0,2,1
0.28438570447544137,32,1,0.5141627499453663,3461,6,0,1,0,1,0
0.2927619222897658,77,0,0.8206855966933442,3379,8,0,5,0,1,0
0.0874561515427158,53,0,0.41187435925169474,7522,10,0,0,1,3,0
0.4391468523138901,50,2,0.4429681942057313,1482,7,0,2,1,2,1
0.3821484215591712,34,0,0.39349416126957976,4990,4,0,0,1,1,0
0.1690058245527911,39,1,0.30967984729296877,2123,9,0,2,0,0,0
0.3436349056073148,31,0,0.40322622582561124,2548,7,0,0,0,4,0
0.34950465798105823,55,0,0.7262601478027704,9391,9,1,1,0,0,0
0.20062473802592032,41,1,0.650079362155175,3162,9,0,2,0,1,0
0.08651687671558435,29,0,0.7466053504936996,2238,9,0,1,0,0,0
0.28509670645399215,21,1,0.3882304509515602,1665,5,0,2,0,1,1
0.07802329543752387,18,1,0.09661819345413081,3543,14,0,0,0,1,1
0.20691991603607499,19,0,0.1614584306402481,5435,3,0,1,0,0,0
0.26366273277152646,42,0,0.09549147738970497,5596,11,0,2,0,1,0
0.38137537296693935,64,0,0.20028297125539038,6946,7,0,0,0,0,1
0.1444265750247971,40,1,0.06305556085143481,10288,13,0,1,0,0,0
0.14441529277841247,33,0,0.36396359537474193,7295,6,0,1,0,0,0
0.3906014606048964,28,1,0.1905974994016265,3875,6,0,2,0,1,0
0.13935272617117633,18,0,0.2584176930926802,1500,6,0,3,0,1,0
0.07468100125999438,34,0,0.45949131446768043,7893,13,0,1,1,1,0
0.15322696820496487,47,1,0.4281048206864825,10672,5,0,0,0,0,0
0.03157462707106108,41,0,0.8967132524054789,5092,9,0,1,0,0,0
0.21449147911011518,62,1,0.31268622933705326,898,2,0,1,0,1,0
0.14148159286465423,39,0,0.1987748204911874,2998,3,0,1,1,1,0
0.25634035029756524,59,1,0.31376024836753724,12510,8,0,2,0,2,0
0.14186742960261467,32,1,0.6565102002133233,2496,2,0,1,0,0,0
0.33666859107583014,57,0,0.26221582527763,6964,7,0,0,0,0,0
0.40336476959638845,58,0,0.3354731746575853,9828,10,0,0,1,0,0
0.6134977043403668,36,0,0.04612268226047563,4736,5,0,1,0,1,0
0.3189268554485644,47,1,0.11880216725714537,2605,6,0,1,0,1,0
0.11653000986113263,46,0,0.7258997767846647,12964,6,0,0,0,2,1
0.33366587743124787,54,0,0.05106395742469169,4944,9,0,2,0,0,0
0.20928933429110094,63,0,0.8248417650681892,6220,8,0,0,0,0,1
0.27948408842787326,66,0,0.41672484679782923,4516,6,0,0,1,1,0
0.3043814638486602,38,0,0.4190451974089881,2338,12,0,0,0,1,0
0.5487528472286946,43,0,0.7103363622525245,37728,6,0,2,0,1,0
0.3492055455168914,29,0,0.24239262506238893,5674,8,0,0,1,0,0
0.27578045873696977,38,0,0.374605342628111,1335,4,0,0,0,1,0
0.25075093518987995,58,0,0.6183926391938027,1947,9,0,1,3,1,1
0.16160720720306562,59,0,0.3227163917911481,3057,17,0,1,0,3,0
0.14762275758870144,43,0,0.07007689937094688,5281,7,0,3,0,0,0
0.45374734997749844,24,0,0.44047627679515394,4759,9,0,2,0,1,0
0.053912686213994865,48,0,0.30666859343618535,1991,12,0,0,0,3,1
0.2663608276248427,61,0,0.3085651654157313,1648,10,1,4,0,2,0
0.5603087984254985,41,0,0.4034740490713111,2448,6,1,1,0,2,0
0.09405590114619293,65,1,0.22238778932547387,14364,7,0,0,1,0,1
0.24542920224223536,26,2,0.42757976589448166,2793,4,0,0,0,2,0
0.17049730333495502,38,0,0.35294107640076006,2655,16,0,0,0,2,0
0.15367856067388563,71,0,0.4240783358006503,5301,8,0,2,0,4,0
0.2929525546740666,63,3,0.18651482885993198,13849,6,0,2,0,0,0
0.3597066370419021,66,0,0.44801641719511176,7913,6,2,0,1,4,0
0.1494327582475836,30,1,0.4277266059503254,4078,6,1,1,0,2,0
0.22148289163067014,66,0,0.3959723301372051,5102,11,0,1,1,0,0
0.23326761700606544,18,2,0.24240949995831745,3450,11,0,0,0,1,0
0.17595475791616744,43,0,0.6647497602249663,3842,10,0,0,0,1,0
0.1466425636372872,44,0,0.17447374377745986,13653,14,0,2,1,0,0
0.15449637943473998,39,1,0.2869744374134677,8825,5,0,0,1,0,0
0.30055689050414525,27,1,0.513768434014857,4289,6,0,0,0,0,1
0.5802805931637781,18,0,0.8562961345942411,5081,9,0,0,1,2,0
0.22318101386883601,47,0,0.2018543115324182,2936,12,0,0,1,1,0
0.1579981884755663,42,1,0.3666027871333076,10017,11,0,0,0,2,0
0.2667624715662322,44,0,0.7050823686708712,1949,9,0,0,0,0,0
0.18044082386019228,57,0,0.5214350981901934,2805,9,1,3,1,3,0
0.5124480961621861,38,0,0.2531771959981793,2451,9,0,1,0,0,1
0.2631444173652371,24,1,0.6394102431758549,3986,8,0,1,0,1,1
0.6034754283722432,54,0,0.30825477798288686,4782,4,0,3,1,1,1
0.07368822669627957,70,1,0.5787689277827596,5056,11,0,2,0,1,1
0.7807116935694961,45,0,0.19190281245807161,3626,9,0,1,0,2,0
0.27493966019561283,41,1,0.3843737613379788,4979,13,0,1,1,0,0
0.23126388750977067,40,2,0.6898182203675794,4199,10,0,4,0,0,1
0.33072234298084796,40,1,0.3705708798148302,3154,8,0,0,1,1,0
0.1847446202213949,51,0,0.5413573071901998,3915,8,0,0,0,2,1
0.1708613295310805,72,2,0.7532089516435208,3779,6,0,1,0,2,0
0.1372454486707805,42,0,0.45314909148612464,3867,8,0,1,0,1,0
0.12208048812573814,33,1,0.6785079509257681,5309,5,0,0,0,1,0
0.08034855986378986,50,0,0.41817479715502504,780,6,0,0,0,1,0
0.09676032731776918,52,0,0.6597636163526073,7986,12,1,0,0,1,0
0.40211494535892217,29,0,0.38934822757984916,4922,11,0,2,0,1,0
0.29369724822400733,61,1,0.28674794468461856,4181,5,1,1,0,0,0
0.11614887177194787,62,0,0.4188465854875077,1900,6,0,3,1,3,0
0.1751905051872676,61,0,0.15729927842775543,7120,3,0,1,0,0,0
0.27540862027182517,42,0,0.15389211440048656,4663,9,0,0,0,1,0
0.10425247944529183,45,0,0.2334052264013871,11644,9,0,0,0,2,0
0.5868574853749191,32,1,0.6116914843784662,680,7,0,0,1,1,0
0.33912554656815996,59,0,0.2154381216030652,1055,5,0,1,0,1,0
0.12022827592986164,33,0,0.5902299570285762,2358,6,0,2,1,0,0
0.27919253783799364,37,1,0.13632463499527994,1698,8,0,0,3,2,0
0.10953167725873762,53,1,0.18424511772846355,1294,12,1,0,1,0,0
0.1869886290840178,56,0,0.749980773379501,9972,6,0,0,0,1,0
0.5803728124096983,37,0,0.5989763153011508,2693,3,0,1,0,2,0
0.44746640137042454,18,0,0.12832609869933376,4648,7,0,2,1,0,0
0.23637720311694685,63,1,0.6075254020929041,857,8,0,0,0,2,1
0.2042363755832975,45,0,0.29497077535468214,15912,14,1,0,0,0,1
0.37517084709642284,77,0,0.0752587976768005,2107,5,0,0,1,0,0
0.12394309862899257,46,2,0.48221677648951383,5065,6,0,0,0,1,0
0.3975276906463363,27,1,0.5035874463170457,1903,7,0,1,0,1,1
0.4526495829405927,48,0,0.8782000169228419,691,11,0,1,0,0,1
0.5130084529754944,28,1,0.4362693886927123,4131,4,0,1,3,0,0
0.18242553854639038,48,0,0.5655988137470764,4693,7,0,3,0,0,0
0.48542308182979155,46,0,0.25126927221074724,10595,5,0,0,0,0,0
0.3549633037455071,55,0,0.41601828305712624,4440,10,1,1,1,1,0
0.550950997595819,40,1,0.24579364718822153,7201,3,0,0,0,3,0
0.3147768811335624,18,1,0.3795585060236209,56679,5,0,3,1,0,0
0.22718260219875144,34,0,0.7705885265382959,3765,7,0,0,1,0,0
0.2023515761393247,37,0,0.1726631793959928,5296,9,0,1,0,1,0
0.046317780388636834,28,0,0.3236235814778917,10492,8,0,0,2,1,0
0.2912499453948952,51,1,0.09526445280378902,5834,7,1,1,1,0,0
0.30520825839011123,33,2,0.6816510298083454,3169,5,0,0,1,1,0
0.5390518453398594,26,0,0.6651293157867865,3041,9,0,0,0,2,1
0.6809783970730968,30,2,0.2674886186926908,20495,9,0,1,0,0,0
0.5629186914468576,33,0,0.5402899460249982,8459,8,0,1,0,2,0
0.07904692941684792,53,0,0.5678838206414294,6344,7,0,2,1,1,0
0.23064757865244764,71,1,0.6843942982145468,5959,8,0,0,1,2,0
0.2728008531878179,51,0,0.74059873075393,630,7,1,1,2,1,0
0.31273389991696166,46,0,0.2064218158146415,5202,6,0,0,0,0,0
0.33981167824951575,43,0,0.12738816498574593,5628,8,0,1,0,1,0
0.2970895187089768,61,1,0.1836747029493982,2412,8,0,2,1,3,0
0.2955261816880236,54,1,0.29226056321427496,10694,13,0,2,0,1,0
0.16137905314783949,67,0,0.8184799198902248,3675,3,0,0,1,0,1
0.1042851897071812,42,0,0.6030801274463943,6293,7,0,1,0,0,0
0.23453281097671574,54,0,0.5796264256838013,3529,12,0,2,1,0,0
0.3921925090597439,54,1,0.4664946344895851,3678,13,0,1,1,1,1
0.25411598575368494,75,0,0.48394210357374584,10035,7,1,1,1,3,0
0.11764996813816576,40,0,0.5594633149208637,6290,4,0,0,0,0,0
0.3323316248762343,46,1,0.15252562838217174,14077,5,0,0,0,1,0
0.32045790288839204,76,0,0.09963981678441242,4494,5,0,0,0,0,1
0.18250397416930284,55,0,0.38676132776084926,15739,4,0,1,2,3,1
0.10507515115491164,46,0,0.7217695424568786,5543,9,1,1,0,1,0
0.3767646539624878,46,1,0.11287385000155067,1229,14,0,0,0,1,0
0.31909271570084063,62,1,0.5016714026757608,2091,7,0,0,1,1,0
0.07052542794883385,53,0,0.5111852814329183,8123,14,0,0,0,1,0
0.03080317810122439,71,0,0.5033105207401666,3244,8,2,0,0,1,1
0.5437647559449295,66,0,0.5218166881590994,2239,6,1,1,0,1,1
0.3128481874173094,46,2,0.4534699674436131,7561,9,0,3,0,0,0
0.48126926046015484,18,1,0.5602371985855502,8100,6,1,1,0,2,1
0.1971003891860417,44,1,0.17721851166229893,1668,8,0,1,0,0,0
0.14287164697870416,28,0,0.16137327942329305,7434,5,0,1,0,0,1
0.060082765066080804,25,0,0.06193584946550048,1920,6,1,1,0,1,1
0.08678848570087846,33,0,0.3242377940482269,3704,4,0,0,0,1,0
0.3378785716935971,36,0,0.2782011372510507,1652,7,0,0,0,1,0
0.28138861718524166,66,0,0.48936019644779394,14864,2,0,0,0,0,1
0.12402796442544106,20,0,0.6966302533779779,1226,5,0,1,0,0,0
0.17820687060877138,57,2,0.564706671321657,4891,3,0,1,0,2,0
0.08219620464337143,23,0,0.26738302299793765,3317,9,0,1,0,2,0
0.127620645420242,39,0,0.28501963118720003,8431,11,1,1,0,2,0
0.2939085173972909,75,0,0.45234180053594675,1653,8,1,2,0,3,1
0.13967168200788557,37,2,0.058326980545819085,10027,9,0,1,0,0,0
0.2964463857804882,28,0,0.3211670351646825,7453,8,0,1,0,0,1
0.243180225630313,18,1,0.313048889008953,2670,7,0,1,0,1,0
0.29784081584052413,66,0,0.3181028043037153,1283,13,0,0,0,0,0
0.3095199217855349,18,1,0.5869854434595442,4699,9,0,1,1,1,0
0.26482683093441267,37,1,0.3966274347301231,2490,6,0,0,0,1,1
0.28747034251057435,42,0,0.5705324835171635,3837,6,1,2,1,0,0
0.14607478038063143,33,0,0.14535110775185686,11845,8,1,3,1,2,1
0.5854048439964095,58,1,0.21161140234400017,3179,5,0,3,0,2,0
0.5808043073832756,61,1,0.39315848054682895,7989,6,0,1,0,1,0
0.29448842012880155,50,0,0.13351016355766832,2220,6,0,3,0,1,0
0.4018594797370861,30,1,0.6690573527373199,1266,13,0,3,0,2,0
0.5436263564404403,62,0,0.49559415950763924,5656,7,1,0,1,2,0
0.15120407908320488,18,1,0.14528862788394176,1697,7,0,1,1,1,0
0.461004921660404,67,1,0.30170662646627167,2501,5,0,0,0,0,0
0.2184021100516911,38,0,0.5995259082970967,10971,4,0,0,0,2,0
0.16617406519086897,32,2,0.17962680176979973,1312,8,0,2,0,0,0
0.14237409472205864,31,0,0.3857365771717469,2473,10,0,2,1,3,0
0.3682839741529879,41,1,0.07430482735413226,1362,11,0,1,1,0,0
0.2053552738801709,45,0,0.3045143398073788,13880,8,0,1,0,1,0
0.3194980000323399,26,0,0.11250072217039887,3618,7,0,3,0,2,1
0.134719803271577,49,1,0.5642743477936345,766,5,0,3,0,2,0
0.0703674743902159,55,0,0.3771040087213088,4178,9,0,0,0,1,0
0.2556214208247393,23,0,0.695092758456475,558,6,0,2,1,1,0
0.5700386704817496,67,0,0.7266585498918975,16116,8,0,1,1,0,0
0.3449851251352745,24,0,0.41044730472967056,7323,6,0,2,0,0,1
0.4140610205943156,42,1,0.6023012290809194,3275,7,0,1,1,2,0
0.1983703743447481,50,0,0.34424526357672214,2965,4,1,1,0,2,0
0.3463690554442717,46,0,0.330257920273397,3692,5,1,0,0,1,1
0.42423052939748246,58,0,0.40055047783379,1382,8,1,0,0,1,0
0.4249845804227833,46,2,0.2683300605923443,2827,10,0,2,0,3,0
0.2434874130281134,23,2,0.1484588385582385,6014,8,0,0,0,1,0
0.5984312481452722,33,1,0.9320500978045727,5817,9,0,0,1,0,1
0.17532744279571374,37,0,0.07553723443024295,3448,11,1,2,2,2,0
0.07047963785387466,68,0,0.6179000084706434,13911,4,1,0,0,3,0
0.472503524003254,39,0,0.10456661019115114,2674,19,0,4,1,0,0
0.42122186782706666,27,2,0.3331013348542517,949,6,0,0,0,5,0
0.2718563772938703,81,1,0.8697262243592759,5055,8,0,3,0,0,1
0.45588659794894404,34,0,0.3346450896561637,2813,9,0,2,0,1,0
0.029241152883180827,41,0,0.2933966447854828,33921,8,0,2,0,0,0
0.4257877610917267,20,0,0.24562568791692654,7112,6,1,3,0,0,0
0.15319586676551764,44,1,0.7895156183302515,1344,3,0,0,0,1,0
0.5136205234034694,53,0,0.11824828645514107,7004,5,1,0,0,0,0
0.28032191329203127,57,1,0.3389403705408921,1932,13,0,0,0,2,0
0.18825373504951273,47,0,0.612417385337709,1741,6,1,1,0,1,0
0.2920834703661081,48,1,0.5430683909086627,6674,7,0,0,0,1,0
0.14950477217809438,35,0,0.367853410747079,2136,6,1,0,2,2,0
0.3648629028428879,29,0,0.2923595271575656,9181,6,0,0,1,2,0
0.13634837154577295,42,0,0.42937636763947057,7430,12,0,3,0,1,0
0.5692462241219054,28,0,0.8122542347238852,7785,5,1,1,0,1,0
0.3575348841266462,44,0,0.31708861305236274,8561,11,1,0,0,1,0
0.269315794918296,43,4,0.6749257316588234,3916,9,0,1,0,0,1
0.4782692671219478,44,0,0.485353437028606,656,8,0,0,1,2,0
0.09026614131624786,46,1,0.8270279151724266,1849,7,0,3,1,1,1
0.20626665122982935,60,1,0.27052844791159847,4176,8,0,0,0,1,0
0.30535364223447437,43,0,0.6074238378355309,9685,9,0,0,0,1,0
0.2690503705544559,53,0,0.17512412637735647,2884,7,0,2,0,1,1
0.07568337746991417,46,0,0.4274518502668894,13827,7,0,1,1,1,0
0.21383892808062682,56,2,0.11726660634377137,4501,9,0,0,0,0,0
0.23555538703833379,45,0,0.7586489689526793,13224,9,1,2,0,0,0
0.23235267931308728,41,1,0.18847702535676034,10570,3,0,2,0,0,0
0.651754913144259,55,0,0.4680247111395989,1359,5,0,1,0,2,1
0.10096964000600284,41,1,0.6023079732540424,3579,7,0,1,0,0,1
0.33927720387108645,49,1,0.5722934058845955,4208,11,1,1,0,0,1
0.0939715111433366,57,2,0.1946321603269562,8077,7,0,0,1,1,0
0.12280482569573925,57,0,0.6065047318707434,8710,10,1,1,0,3,1
0.7878486569059115,42,0,0.19094147800966696,8677,8,0,2,0,0,0
0.4484581757655423,52,0,0.308140687681834,2949,7,0,1,0,1,0
0.5427166751607359,86,0,0.8148720759013294,8635,8,0,0,1,2,0
0.29578541405513287,42,0,0.17649323034085426,10063,6,1,0,0,1,0
0.27334627833841746,48,0,0.5558172302559705,2040,9,1,0,0,1,0
0.26643339065918936,48,0,0.366773746015117,1107,8,0,0,1,0,0
0.25864019929535764,36,0,0.26096067594926325,1398,12,0,2,0,1,0
0.2935405670462376,42,0,0.8096012956588403,2825,11,0,0,0,0,0
0.13285093935647121,32,0,0.5401389333272133,3001,5,0,2,0,4,0
0.18639097014865677,51,1,0.12806558908769466,7801,9,0,3,1,1,0
0.2652925269740215,48,1,0.13481370428038972,2298,10,0,2,1,2,0
0.2849039893784203,38,0,0.18975464945288975,3478,7,0,1,0,3,0
0.03195008148964769,47,1,0.6955987926975443,13016,14,1,1,2,2,0
0.3306955345278985,38,2,0.623575201919181,1724,8,0,2,2,0,0
0.14273667649568178,42,0,0.300950439474123,3664,13,0,1,1,1,0
0.2850228604027009,50,3,0.18396328392945785,1964,5,0,0,0,1,0
0.19017454381433066,31,1,0.008743798633276253,1336,5,0,1,0,0,0
0.4437632712170812,59,0,0.2215508604105399,8909,10,0,0,0,0,1
0.34758484161379727,29,0,0.4933064796866645,5966,7,0,2,0,1,0
0.578212066534304,36,0,0.7358391390151606,2549,13,0,2,1,0,0
0.14178248534454818,32,1,0.4592462896049364,2304,8,1,0,0,2,0
0.17534096186698186,37,0,0.42410113244774694,10553,7,0,1,1,0,0
0.4599805283128784,76,1,0.8027779002992215,1892,11,1,1,1,0,0
0.25314094570046747,61,0,0.2513316264426585,15106,10,0,0,0,1,1
0.384408882943401,72,3,0.3223104277017062,5354,7,0,2,1,0,0
0.1860519086005076,54,0,0.204140161879892,15981,11,0,0,0,1,1
0.050997445383244605,18,0,0.3871531628558842,2364,17,0,0,0,2,0
0.1693601908691436,47,0,0.15953771140846054,1250,10,0,0,0,3,0
0.4007401937728327,34,0,0.6536119413143049,2572,7,0,2,0,1,0
0.172764202264863,38,0,0.5256977972713552,11800,4,0,0,0,0,0
0.11021056035303636,41,1,0.34540802893895095,16167,3,0,0,1,0,1
0.12666260847323577,75,0,0.3377380292489742,3815,5,0,1,0,0,0
0.1033475190238182,39,1,0.7863732723137319,6029,4,0,0,0,2,1
0.10620301040963831,24,1,0.4962538598947883,8260,9,0,0,0,0,0
0.19942555194658038,58,0,0.07522808786035967,3473,2,0,2,0,2,0
0.20267471888215635,59,0,0.450625963936731,2502,8,0,1,0,2,0
0.17449841692942608,38,0,0.027486920853915294,3662,7,2,1,0,1,1
0.33329698900232246,49,1,0.5047907916411247,6881,3,0,1,0,0,0
0.1808539523202404,39,0,0.5770533664076634,2478,7,0,0,1,0,0
0.47415079591551473,40,0,0.28833040142143057,3440,8,1,0,1,0,0
0.5153412958890419,38,0,0.543540872659389,6345,9,0,3,0,1,1
0.24794435574448917,58,0,0.2248681463981171,7248,8,0,0,0,1,0
0.14636349869443,28,0,0.060127927397794746,10221,13,0,1,0,1,0
0.05663668723765994,23,0,0.5054566894015209,902,7,0,0,0,2,0
0.20265201242789996,59,0,0.41871040443464863,21901,8,0,0,0,2,0
0.3363848351247408,36,0,0.39479009241764373,4657,9,0,2,0,1,1
0.5539195410243462,41,2,0.48691628707803536,9565,6,0,0,1,1,0
0.29003379226854903,18,0,0.13489537539404858,7945,5,0,1,0,0,1
0.2910978565513523,60,1,0.7904113925201011,1852,10,0,0,0,0,1
0.07871226093491601,18,0,0.03353305369049217,5981,11,0,1,0,0,0
0.3921832908404404,40,1,0.6602713748571679,4329,11,0,1,0,2,1
0.44550366326896673,43,1,0.4993517001021691,6968,10,0,0,0,0,0
0.4557560006742931,34,0,0.5919408528506912,8068,13,0,1,0,0,0
0.3220388138381013,35,0,0.5183517087264707,6541,7,0,2,0,0,0
0.20955251817857884,42,0,0.1512808177665398,5505,10,0,1,0,1,0
0.30837759213916205,40,1,0.3852508157747807,8113,3,0,0,1,5,0
0.24152091782497467,43,0,0.11523807425153931,9369,9,0,1,1,0,0
0.32937101779823363,51,0,0.17704517593248328,4523,11,0,0,0,0,0
0.2624636667473977,47,1,0.3612698768678963,2931,7,1,0,0,1,0
0.41400021101164913,46,1,0.02313899741108579,7117,7,0,2,0,1,0
0.14210134437211924,21,0,0.4099655654412419,4781,5,1,2,0,0,1
0.5800140956731574,23,1,0.6732791165910219,6545,7,1,2,0,0,0
0.2832504206717498,53,0,0.22121403181662752,8225,9,0,0,1,1,1
0.17356527888725753,28,1,0.5587359937263139,10638,4,0,0,1,2,0
0.10620116662083792,30,0,0.5722129318209142,2341,9,0,0,0,0,0
0.26224210694219846,62,0,0.29779691679151044,4509,7,0,0,0,0,0
0.33016863055539686,58,0,0.39241131799851975,10673,6,0,1,1,1,0
0.31212362500907964,68,0,0.40343548468188734,8057,2,0,1,0,0,0
0.6158353342145028,58,1,0.29587301134618754,3316,3,0,1,0,0,0
0.2201891084346981,56,1,0.4514583948323118,3314,4,0,3,0,0,0
0.57317168694154,52,2,0.08406679362752151,11484,7,0,2,0,1,0
0.26458326604944876,53,1,0.42399690991918526,5679,8,1,1,0,0,1
0.24168931215261732,63,0,0.4139000266958591,7352,14,0,1,0,2,0
0.15136943549436188,21,1,0.1717299838597821,4262,8,0,1,0,1,0
0.348071680040981,18,0,0.6878081093718438,2519,4,0,1,1,3,0
0.31638617182914297,56,2,0.7953258162483617,3671,8,0,0,0,1,0
0.3847149918131917,49,0,0.296149258448606,4155,6,1,0,0,1,1
0.2854694028712536,70,0,0.5064412613558056,3341,11,0,0,0,0,0
0.08320798286397484,55,1,0.513516649665639,6153,5,1,0,0,2,0
0.2771606575769926,70,0,0.36036189715563927,6801,6,0,0,1,1,0
0.13115867294405484,55,2,0.5152702612386324,5950,7,1,1,3,3,0
0.21264790131675534,67,2,0.5368936027849013,17339,5,0,0,0,0,1
0.635887692499818,57,0,0.1119919652919949,2307,8,0,1,0,1,0
0.1273336409067802,56,1,0.4340619131544854,6124,8,1,1,0,2,1
0.2801265258646275,58,2,0.18758995504458337,22544,8,0,0,0,4,0
0.1598317999558366,59,0,0.09633728407486845,8601,11,0,0,2,1,0
0.47599768833255685,42,1,0.7556852885965332,2038,6,2,3,0,1,1
0.1468639640446972,43,1,0.5228598010052186,5457,7,0,1,0,3,0
0.4231486910645091,54,2,0.49349922398531737,4166,7,0,1,0,1,0
0.39213631105988017,58,0,0.3973878606645422,7317,14,1,1,0,2,1
0.23940056366701273,27,0,0.37803445115903067,3752,4,0,1,0,0,0
0.08338379051697935,48,0,0.07853578875191133,3772,12,0,0,0,0,0
0.3333608063373479,53,1,0.23790197467700772,1578,11,0,2,0,1,0
0.19195193384958323,42,0,0.2924657592202969,11969,6,0,0,0,2,0
0.3088603614190012,59,0,0.6551322539806337,13777,9,0,1,0,0,0
0.12598357283217992,28,0,0.2673857510155538,875,6,0,2,0,2,0
0.22731415111352965,66,0,0.4948675825930325,13258,13,1,0,1,0,0
0.37768729785962313,74,1,0.7259861059080092,3816,10,0,0,0,1,0
0.73058242015079,43,0,0.8494791488572944,4746,9,0,1,1,0,0
0.07946414562320966,41,1,0.6547389894602051,4187,10,0,1,1,4,0
0.05399973897863591,32,1,0.8049567729399246,6948,7,1,0,1,0,1
0.27547329077045707,50,2,0.4404700522306676,4582,8,0,0,0,0,0
0.38075198969873536,32,0,0.15914565071064354,5612,10,1,1,0,4,0
0.2737823172166918,18,0,0.43408365554009515,4479,6,1,0,0,0,0
0.4126559695203353,33,1,0.6049259036897253,6633,7,1,2,1,0,1
0.15288468847948966,63,0,0.6078362376409683,7428,5,0,1,0,0,0
0.2744915829164037,42,0,0.39205850117216334,2423,9,0,1,0,3,1
0.17277442926202627,46,0,0.2309922999978327,7149,3,0,1,0,1,1
0.2127149398787183,35,0,0.5342230025378482,11739,7,1,1,0,2,0
0.07087532026109387,65,0,0.07549840261099958,1266,6,0,0,0,1,0
0.38217312918788787,35,0,0.4648892427554626,6698,8,0,2,0,0,0
0.15364523463539953,37,0,0.28103455743155203,8836,12,0,3,0,2,0
0.3176802748791441,61,0,0.3795402452591804,4953,6,0,1,0,0,1
0.4098847687812021,18,0,0.14984335456188003,3901,9,1,1,0,2,1
0.19527898417208256,29,0,0.615264975429657,13191,9,0,0,0,1,0
0.4029565522867794,63,1,0.5221706959319915,16762,7,0,0,0,0,0
0.21740842883660752,41,0,0.1827691265851557,2709,10,0,1,0,1,0
0.14073935143185673,32,0,0.7023157779502224,1855,8,0,2,0,0,0
0.4729571693413611,44,1,0.10341300288948609,3731,7,0,1,0,3,0
0.06058866918487698,46,1,0.4923424240097581,1831,5,0,2,0,0,0
0.1893572412747017,63,0,0.2414283105559783,2678,9,0,1,0,1,0
0.22075522955341556,39,0,0.5198902350491309,9582,12,0,1,0,3,0
0.19723288008671028,34,1,0.31024104295643135,3685,9,0,0,0,4,0
0.17497431881510211,68,1,0.48576798492723866,9642,10,0,0,0,0,0
0.5228101439458338,60,1,0.3975041439754861,4837,9,0,0,0,0,0
0.5513435559287875,47,0,0.2460314238501577,3245,11,0,1,0,0,0
0.5342646315949346,48,0,0.13193700655856375,6947,6,0,0,0,1,0
0.6751521785273165,66,1,0.24804341916200143,14289,4,0,0,0,1,0
0.558101148493447,38,0,0.18710845450147226,3769,5,0,1,0,2,0
0.5252899603727662,53,1,0.12654587497894837,5071,8,0,2,0,1,0
0.21568130354806367,51,0,0.6034653985053828,3672,3,0,0,0,0,0
0.3071282337667025,22,0,0.5731545057926034,4414,6,0,0,2,0,0
0.1419433779229078,18,0,0.4661263843248797,3190,10,0,0,0,1,0
0.32634023505034093,33,0,0.32346788047292196,11085,4,0,3,0,1,0
0.3388099242702167,38,0,0.5892618255115846,2022,7,0,0,0,1,0
0.5636304649065678,56,1,0.6477896988881426,13282,9,0,0,1,1,1
0.2013413299373855,34,1,0.4619415441676436,5781,15,0,0,1,0,1
0.4088879850053755,39,0,0.27104299665334963,3767,12,0,2,0,0,1
0.23980106813821328,20,0,0.10478419805551806,2287,6,1,3,0,2,1
0.24207513439420417,45,0,0.505612513593773,6880,12,0,2,0,0,0
0.04743084544522064,36,1,0.6114489121810743,1393,6,0,2,0,0,0
0.24834234120290444,28,1,0.6180971912808514,3836,4,0,0,0,1,0
0.2005834353000885,48,0,0.6472969171573241,2025,10,0,1,1,0,0
0.22087372811330963,35,0,0.2755762928564968,2223,12,0,2,0,0,0
0.3224739652996,38,0,0.19350056194355672,3467,9,0,1,1,0,0
0.12736661004455802,47,1,0.5279754068039213,3603,7,0,1,0,1,0
0.16948973090102595,75,0,0.6968214443413915,4035,10,0,3,0,1,0
0.2560073699742416,59,1,0.302580963098377,11069,7,0,0,1,1,0
0.0032310307810807103,66,1,0.17790359490557628,2100,9,0,1,1,1,0
0.5132912981830716,19,0,0.060484550204604526,2958,10,0,1,1,2,0
0.1609881659946061,42,0,0.7409685961678993,2848,6,0,1,0,1,0
0.22518892038838603,21,0,0.3780783342459426,4631,10,0,1,0,0,0
0.25710268004928294,33,0,0.621849253188198,4349,10,1,2,0,1,0
0.17728940271016103,18,1,0.6490913820227231,10567,8,0,3,0,1,0
0.5351136277360071,18,1,0.427984610788802,2288,7,0,0,0,2,0
0.5729892093728101,56,3,0.4398895405742519,2071,7,0,1,0,1,0
0.3643315595701144,56,2,0.5904412770740899,1478,8,0,1,1,0,0
0.5617766351335873,68,0,0.35390089686271325,28016,7,0,0,0,1,0
0.210552504177229,47,1,0.1339092224796712,4091,9,0,3,0,0,0
0.55573669369769,60,0,0.7885982984706352,5637,10,0,0,2,1,1
0.4069576658746,58,0,0.5646502522194157,1487,6,0,3,1,1,0
0.45982163631047773,25,0,0.07178932582113438,2427,7,1,0,1,3,0
0.27125462967372616,51,0,0.5060810203244126,7338,5,0,0,1,0,0
0.14644560684433022,46,0,0.1780998408520349,2697,2,0,1,1,4,0
0.3751127097134118,49,0,0.14961882788620193,3808,9,2,0,2,2,0
0.213419462005812,66,1,0.41323628011339936,2517,10,0,2,0,0,1
0.8016679178012888,44,0,0.39138941640215563,44424,6,0,1,0,0,0
0.2529599352200398,18,0,0.3389634998398905,1053,5,0,2,0,0,0
0.33161256420479285,18,1,0.5656776704270758,6904,9,0,0,0,0,0
0.2719416890138255,44,1,0.3029417521477395,5185,9,0,1,0,3,1
0.4996930422044219,35,0,0.16002447136336875,1253,6,1,1,0,2,0
0.5045936457616493,24,0,0.4610934634533792,3781,14,0,2,2,3,1
0.3994838726283251,31,0,0.5281228794877796,5861,10,0,1,0,0,0
0.1493170174559183,58,1,0.5391943382535448,4233,7,0,0,0,0,1
0.5046000970502329,49,0,0.592974707082351,3796,6,0,2,0,2,0
0.40802513267355406,45,0,0.7040202047934254,5108,9,0,2,0,0,0
0.5791791661248704,47,0,0.6747394273732609,2187,10,0,1,0,0,0
0.38770574894221804,48,0,0.31564229059143606,2984,4,0,0,0,1,0
0.0941736676126834,59,0,0.3287391646219513,9753,7,0,2,0,0,0
0.47767805308327466,43,0,0.6897914971773096,11079,10,0,0,0,0,0
0.5454002713065083,20,0,0.44741362510648514,2741,6,0,2,0,1,0
0.13870561885851337,49,0,0.8656667496942979,4439,9,0,0,0,1,0
0.24349753726930382,50,1,0.39625965563801674,4124,5,0,1,0,0,0
0.3248761359223703,50,0,0.19830124217842215,13718,2,0,0,0,2,0
0.4027837081747912,58,0,0.8130336510338756,2532,7,1,2,0,1,0
0.5942997142147926,33,0,0.6532334735486033,2877,9,0,2,0,0,0
0.08737929964117594,54,1,0.6820742769670038,2603,8,0,2,1,3,0
0.36277391170877304,69,0,0.47215987339099535,3583,8,0,2,0,0,0
0.46404264501861725,38,2,0.4740564992852778,17313,6,0,2,0,1,0
0.3123220602652827,47,0,0.6220921419491394,2957,5,0,0,0,1,0
0.3358197577485191,43,1,0.338571434313765,3017,6,0,1,1,0,1
0.22645372703800445,27,0,0.5670239021045647,3666,9,0,0,0,1,0
0.48714764571814984,62,1,0.09971601845492763,18934,7,1,1,0,2,0
0.533011933170229,43,0,0.2971801364291092,9338,8,0,0,0,0,1
0.12514653769052891,37,0,0.4078770917343923,3360,7,0,2,0,1,0
0.29647436162237645,55,0,0.18583908776367616,3878,8,0,1,0,2,0
0.08522627134938572,62,0,0.34182357814650843,993,6,0,0,0,0,0
0.4019893808367623,37,1,0.17274151366318669,6029,10,0,1,1,1,0
0.3881397767001959,42,0,0.025984745660956234,1365,8,0,4,0,1,1
0.4341322847453466,32,1,0.17317286174053884,10460,5,0,1,0,0,0
0.5479342429733826,37,0,0.39589813665964224,35921,5,0,0,0,1,0
0.2634719083845051,31,0,0.1633079474058871,14512,7,0,1,2,0,0
0.3157272255982362,32,0,0.5062559883226465,2537,8,1,1,0,1,0
0.24856343368303532,41,1,0.40061373478591017,3878,12,0,0,1,0,0
0.1310399590128044,52,0,0.29965363971092945,6661,8,0,1,0,0,0
0.25909285599338283,57,0,0.5136043056769228,863,9,0,2,1,2,0
0.4186799649290133,31,2,0.6951418162870578,7950,7,0,1,0,1,0
0.3980218851154906,50,0,0.2850379761904646,8040,8,0,1,0,2,0
0.3755611479620634,71,0,0.07041496714016823,4790,10,0,2,1,2,0
0.5319425724369096,44,1,0.23693781575583056,8026,6,0,1,0,2,0
0.09584992769577069,39,1,0.32969601679335603,4275,9,0,0,0,1,0
0.4789166970973591,45,0,0.44618647419806995,3367,10,0,1,0,2,1
0.11626126717381509,51,0,0.2859360857187713,72968,5,0,2,0,1,0
0.34422831555301153,52,0,0.10320626897972696,21848,9,0,0,0,0,0
0.29376641249356455,52,1,0.14444539715014573,2057,14,0,0,0,1,0
0.3003225638488969,65,0,0.6640446815188773,2585,6,0,2,1,1,0
0.39559757530221407,41,0,0.5486789345313218,5167,7,1,0,0,1,0
0.46607872027866104,57,1,0.5238562890774503,2098,7,0,0,1,0,0
0.4157365522254084,49,0,0.20678548110397119,13115,11,0,1,1,1,1
0.2985010119953286,52,0,0.7384874944318836,1589,8,0,0,0,0,0
0.10404467054226021,46,0,0.16292348078343125,12242,10,0,1,0,0,1
0.31997700252096906,45,0,0.12231060814643409,2276,11,1,2,0,1,0
0.06456705643575494,52,1,0.17551689575711127,5054,3,1,2,1,2,0
0.21059470389375767,20,2,0.5528184966357984,4713,8,0,0,1,1,0
0.3013685917290578,59,1,0.6558262924024245,2245,10,0,0,0,3,0
0.23848175906535882,32,0,0.5006741873883395,1950,7,0,2,1,2,0
0.1858405607445356,28,0,0.4629722353296196,1576,8,1,2,0,0,0
0.4105913995624057,24,0,0.5634743269600817,12410,9,1,3,0,0,0
0.36498184057942695,52,0,0.21294357366308483,1780,7,0,4,0,1,0
0.10828010035575207,44,0,0.49457438199943987,3770,8,0,1,1,0,0
0.682532192535502,55,0,0.40634224337720753,1846,9,0,0,2,0,0
0.024703177436042254,86,1,0.2511042167831591,10732,10,0,0,0,1,0
0.45730759329599413,27,0,0.3276155378723982,3928,6,0,1,0,0,0
0.2179370594682824,55,0,0.7443216587336211,10366,12,0,0,2,1,0
0.16701122705749744,50,0,0.5367611843072445,7316,11,0,2,0,1,0
0.23129244682077374,66,0,0.46957460800301676,1390,9,0,0,1,0,0
0.23653459556909168,23,2,0.5581056775239401,5023,13,0,0,1,0,1
0.45258278419915676,18,1,0.003770799120136374,1877,8,0,1,0,0,0
0.4281603572033663,38,1,0.32570579134430433,8058,14,0,3,0,1,0
0.08268217350220709,42,0,0.6811161290262376,2549,10,0,1,0,1,0
0.2730798223428831,30,0,0.632816081488472,2675,8,0,1,0,1,1
0.7115019685005326,36,0,0.7798755101518128,13278,6,1,0,0,2,1
0.31929584065088484,48,0,0.32306319558772695,6267,7,0,1,0,0,0
0.42805192004476084,52,2,0.4606446008080182,2454,9,1,1,0,0,0
0.19346253578883404,39,2,0.7234565375955067,2151,9,0,3,0,2,0
0.10788131205389274,46,0,0.4807766286793612,4538,7,0,2,0,0,0
0.4898481278235458,38,0,0.07359418445722642,7422,7,0,0,0,0,0
0.1913286975423106,56,0,0.35280476931779287,3811,10,0,2,1,1,1
0.2870845770506746,31,2,0.6613420998507845,2207,8,0,3,1,2,1
0.23000699168530522,36,0,0.4271299873850488,9438,4,0,0,0,0,0
0.2229676318187883,61,1,0.4521993707461034,4309,4,0,0,1,2,0
0.4551471898729184,26,0,0.7649664728224042,8699,3,0,1,0,1,0
0.12292460107569105,45,0,0.4482583005732946,6460,9,0,2,1,0,1
0.08908026087192614,52,1,0.2902911314538728,769,10,0,1,0,3,0
0.7138666999306601,68,0,0.22969027892112664,1293,7,0,0,0,2,1
0.13875492594180436,39,0,0.6078697849492208,6193,9,0,2,0,1,0
0.22444010694367975,19,0,0.3813472613445937,3529,9,1,1,0,1,0
0.316659024078501,43,0,0.12097262361766574,9858,8,0,1,0,1,0
0.47200814428100535,46,0,0.5368006907439592,2031,9,0,2,0,0,0
0.40011175429141116,48,2,0.423009945323544,9385,10,0,0,0,1,0
0.1539634089344666,43,0,0.10950614698132223,3971,7,0,2,0,1,0
0.44355300486096094,28,1,0.05841880731800294,4707,7,0,1,0,1,0
0.31098990086255557,18,0,0.5602093484840966,25353,8,0,1,1,1,0
0.7339937207907216,18,0,0.06457303486748246,4010,10,0,1,1,1,0
0.1589076572515627,25,0,0.25677757216035546,4941,4,0,1,0,0,0
0.2985698761318018,40,2,0.2554690777120624,5116,4,0,2,0,1,0
0.49720164160312835,33,0,0.2962140985624821,2066,9,0,1,0,2,0
0.1706862725394417,67,0,0.6234183471701331,2635,9,0,1,0,1,0
0.22779154701019888,63,1,0.19839202622406626,2389,12,0,0,0,0,1
0.2923528649630904,28,0,0.5056658690597656,2535,11,0,0,0,0,0
0.10693691396631679,30,0,0.6829321597489267,11861,12,0,0,0,0,0
0.2450039442066321,38,1,0.32537725257278105,4247,7,0,1,1,0,0
0.1955774152692374,18,2,0.4055962426773323,6150,6,0,1,0,1,0
0.015007162918494327,64,0,0.42778439136783813,4050,7,0,1,0,0,0
0.304659932646001,45,1,0.12013133543989926,9382,12,0,0,0,0,0
0.1367370094767542,39,0,0.7167092480330998,11077,10,0,1,0,1,0
0.29110231964237,46,0,0.7575023460771791,1113,8,0,3,0,1,0
0.4052241922129251,64,0,0.8170933610615849,8220,10,0,0,1,1,1
0.41159603773736786,24,0,0.2928055697672689,2710,6,0,3,0,1,1
0.08968389949649604,40,1,0.36444862961476554,2755,11,0,1,1,2,0
0.5618159278015079,54,0,0.18352917159638824,2685,5,0,3,1,0,1
0.21428694163117967,43,0,0.6452613234238592,4436,6,0,1,1,0,0
0.5585873732727326,32,0,0.35458607877035575,5521,9,0,0,0,1,1
0.5409431943988486,25,1,0.10049019335504164,8125,6,0,3,1,4,1
0.261537963139451,42,0,0.14463381270838874,2658,8,0,2,0,1,0
0.24007128273875336,59,1,0.3002023725326113,31518,14,0,0,0,0,0
0.36132145885183714,50,2,0.4188003818861616,5240,9,1,0,1,0,0
0.27268364720611893,57,0,0.3856527035159961,14999,4,0,0,0,1,0
0.3743360716873249,68,1,0.3464430627208578,3025,4,0,2,0,0,0
0.15573526332166798,30,0,0.36900576730847495,712,9,0,1,1,0,0
0.20039698621099328,47,1,0.3648778882771834,44361,11,0,0,0,0,0
0.38007670670521787,33,1,0.19368632602100688,858,7,0,1,1,1,1
0.43789854875884554,44,1,0.1107817071854195,7623,8,0,1,0,1,0
0.12085299778767263,57,1,0.10498754683394688,1984,11,0,0,0,0,0
0.06639289089999012,34,0,0.3360822094802069,5308,8,0,2,0,1,0
0.36660949858643727,47,2,0.4075722709779798,8232,12,0,0,0,0,1
0.20002493540541091,22,1,0.543286223098311,1768,7,0,2,2,1,0
0.5926158642736937,32,1,0.4512681542434393,14027,9,0,3,1,1,0
0.34472226359056496,59,0,0.48011556654890286,8195,12,0,2,1,0,0
0.29783387443356607,49,1,0.32752826307346294,1423,5,0,1,0,1,0
0.283354245034855,20,1,0.20405450093590582,2371,9,0,1,1,1,0
0.24526550968688673,48,0,0.31652137348695863,18154,16,0,1,0,2,0
0.28222942889196695,36,0,0.21107083032946375,19955,7,0,0,1,1,0
0.4793897673063293,20,0,0.39590422749905474,1271,10,0,1,0,0,1
0.27323359226624794,30,0,0.17473650551025668,1718,11,0,0,0,0,0
0.5458747623736379,35,0,0.30077655415800186,4836,14,0,1,0,2,0
0.23711402266654502,57,1,0.4341633500622006,2141,8,0,1,0,0,0
0.22558194389562486,45,0,0.5382496534981968,5783,8,0,1,0,1,0
0.01954718200894823,32,0,0.0239416605459621,4630,11,0,0,1,1,0
0.2623117576715139,19,0,0.5158984128719157,1713,4,1,3,0,2,1
0.16803007356704025,78,0,0.45127930028953894,3932,10,1,1,1,0,0
0.133943559250256,38,0,0.34222243541560765,2993,3,0,3,0,1,0
0.28141046137399583,52,1,0.5495159295948756,4250,8,1,0,0,0,1
0.5124082342653161,18,0,0.42518084538453244,4047,8,0,0,0,1,0
0.5113987520169917,27,0,0.29478390613174654,2937,9,0,1,1,1,0
0.31497345598406845,33,1,0.5275675553746971,21909,8,0,1,0,2,0
0.3101579178210976,44,3,0.19630405237320556,10109,7,0,0,0,1,1
0.41308342957519856,34,1,0.03750396467829315,6640,5,0,0,0,1,0
0.2338966656102776,66,1,0.6129382076388683,1311,9,0,1,0,0,1
0.3451124476788266,61,0,0.4989568681515872,4001,5,0,3,0,0,0
0.1735248084867394,50,0,0.07908692661817021,2894,6,0,0,1,0,1
0.3570216047784827,38,0,0.38736614162246324,4555,6,0,2,0,1,1
0.06023341768620712,34,1,0.3198241035969506,18930,4,0,0,1,0,0
0.3933182827500951,68,1,0.5507808995314518,6231,9,0,3,0,1,0
0.13031271033858896,29,0,0.18798874730366277,2130,11,0,3,0,1,0
0.21908366535889257,40,0,0.30576755032514963,20606,8,0,1,1,0,0
0.23757464309398357,18,0,0.33835158910309415,896,6,0,2,1,0,0
0.26239046839413094,40,1,0.20027846915299807,4348,11,0,1,0,1,1
0.3881424593805181,64,0,0.40096798436968495,3639,10,0,1,0,1,0
0.11429714859120667,32,2,0.5284918140637026,22508,7,0,0,0,2,0
0.12819710344714058,81,0,0.08024621310983132,1360,10,0,1,1,1,0
0.35507754298348404,66,1,0.2936931637775524,3732,8,0,0,0,0,0
0.5857416885805055,31,1,0.4085468210841511,3870,7,0,0,0,0,0
0.19322662066424423,25,0,0.7334586980845839,4381,11,0,1,0,0,1
0.20065173244628232,33,0,0.24231273643943957,6620,5,0,1,1,1,0
0.2766264750505402,39,0,0.2383751486389156,1440,5,0,0,0,2,0
0.5570302612032972,27,0,0.7488047368005091,1177,11,0,1,0,1,1
0.5526789648724488,73,1,0.4479271406061422,12732,9,0,1,0,2,0
0.4253582649309275,50,0,0.4886548755272989,38904,10,0,0,0,0,1
0.10091351951099863,47,1,0.185947601241824,27734,11,0,1,0,2,0
0.2819908664749865,52,1,0.4757545981822364,21889,10,0,0,0,2,0
0.21287416888992866,26,0,0.14790054592309293,8254,9,0,0,0,1,0
0.06926022789252421,38,0,0.19529066834028863,4060,5,0,2,0,0,0
0.24866938658477197,55,1,0.7889630259759659,13192,7,0,3,0,0,0
0.45957028787087767,31,1,0.5882854296954962,4007,5,0,0,0,2,0
0.14709064297311017,54,1,0.23942343874258407,4121,6,0,1,0,0,1
0.45018571614951247,53,0,0.22684370023495923,3386,7,0,0,0,0,0
0.4447001571230255,54,2,0.4075413968218077,6611,13,0,2,0,1,0
0.5504911855384319,51,2,0.34850409244890806,1399,9,0,1,1,0,0
0.017696530737617008,45,0,0.6049178213629505,2110,10,1,0,0,0,1
0.44987841598126993,44,1,0.17884468444742757,6682,7,0,3,1,0,0
0.19383455255893114,53,0,0.18069157418807122,4464,9,0,0,1,0,0
0.4059397072195173,60,0,0.2050512667169619,7986,8,0,0,0,3,1
0.4449750452359287,22,2,0.45655487093062586,4168,7,1,0,0,0,1
0.11904457014629961,60,0,0.2614038332059478,2408,8,0,1,1,3,0
0.36982750711463375,24,1,0.24032609478204797,7676,7,0,1,1,1,1
0.5088054818894859,54,1,0.5637878255356462,4109,5,1,2,1,1,1
0.6761762663420365,50,0,0.6042166256447599,5156,8,0,2,4,1,0
0.26561230553800397,47,0,0.6712371577823363,2490,6,0,1,0,1,0
0.5726936987353084,29,0,0.5080246722882382,22680,6,0,1,0,3,0
0.17609606258271815,40,0,0.3857023421309183,2706,6,0,0,1,1,0
0.28586344358834453,59,1,0.452807768098794,2633,13,0,1,0,2,0
0.5349576285343994,47,1,0.16284794408010866,7705,6,0,0,0,0,1
0.1683888145770869,41,0,0.22922807149523958,4032,10,0,2,1,2,0
0.1525577371583843,57,0,0.12698503761144356,1519,10,0,2,0,1,0
0.3372447646137723,48,0,0.32900588360773236,3172,6,0,2,0,0,0
0.2027317346687495,43,3,0.4147498591922574,8608,10,0,0,0,0,0
0.39475673636932723,41,0,0.5542388029933766,18873,7,0,1,0,0,0
0.14129715018745692,32,0,0.09633632566786474,5656,9,0,1,0,1,0
0.16436066174782415,38,1,0.5820717100547728,1022,8,0,1,0,0,0
0.17621671324134916,43,0,0.23697860042417962,746,7,0,1,0,0,1
0.14944179165367685,58,0,0.42241457613309313,8716,9,0,0,0,2,0
0.4218596580235532,60,2,0.48177311059042494,2618,8,0,2,1,1,1
0.449165088680412,28,1,0.32224971085798165,3476,7,1,2,0,3,0
0.3186718807750767,50,0,0.1396272667910023,12204,13,0,0,0,1,0
0.29185864646008974,49,0,0.21589760599442434,15521,6,0,0,0,0,0
0.39469866205037624,26,1,0.4746604969228846,10304,0,0,1,0,4,0
0.1959610186448538,40,0,0.3657181290799712,2808,8,0,3,1,1,0
0.17099065622931015,71,2,0.2583585145842132,10473,8,0,1,0,0,1
0.512696799957969,40,1,0.9018332440857607,1039,10,0,4,1,0,0
0.2778186532361854,34,0,0.45927625931962945,13285,5,0,1,0,2,1
0.28810771687935544,36,0,0.35080869818810645,4120,5,0,0,1,2,0
0.09811713574853348,40,4,0.45289509944599055,19356,10,0,1,0,1,1
0.08051160372856571,39,1,0.764499779836085,3657,12,0,2,1,0,0
0.08893080575963838,62,0,0.5970960140624982,1010,13,0,0,0,0,0
0.30645693231827675,20,1,0.16311885777466573,39178,15,0,1,0,1,0
0.2809723815950214,41,0,0.29925786556956746,7007,12,0,0,0,0,0
0.1466974653806196,72,0,0.3166457109436477,4507,6,0,1,1,1,0
0.18624914562523154,45,1,0.6273414180719041,5940,5,0,0,0,5,1
0.22974167458903305,67,0,0.08278690628826314,3297,11,0,2,0,0,1
0.1930507667603153,29,0,0.22650579004360746,1424,5,0,0,0,2,0
0.3516170732937975,21,0,0.4699981687108219,15951,7,0,0,0,2,0
0.620378039849029,73,0,0.7664476793226506,8984,8,0,1,0,0,1
0.1767050012737804,52,2,0.4399898116100219,3205,10,1,0,0,1,1
0.30321998178528003,60,1,0.49922438810528935,10647,5,0,2,0,0,1
0.31729069179241254,35,0,0.25001811523297757,4123,10,0,0,0,2,0
0.3806860535449288,43,0,0.2561645346042799,7495,8,0,2,0,1,1
0.617311718403681,63,0,0.6644188742975451,1976,7,0,1,0,1,1
0.07058758178225613,25,1,0.24290391079060764,3750,9,1,0,0,0,0
0.31014825639757665,50,1,0.3537466476746541,6391,4,0,2,0,0,0
0.08418080640123415,65,2,0.5730164425873912,9786,5,0,1,0,0,1
0.16542698839877548,39,0,0.11002070151322235,4421,9,0,1,1,0,0
0.24483099679706977,61,0,0.1785899350180994,5337,6,0,2,0,1,0
0.3136281554614492,35,0,0.10396944933457244,2550,9,0,2,0,0,0
0.18711604784121402,55,2,0.20759182706760926,3710,6,0,1,1,0,0
0.11973890042368036,34,1,0.6223307643918605,5730,3,0,2,0,0,0
0.06498204204474818,18,1,0.4753997434741189,9808,10,0,3,0,1,0
0.34212437480781194,64,2,0.8409593779473082,1294,8,0,0,0,2,0
0.4628260364933473,54,0,0.7598783833949697,6645,5,0,0,0,1,0
0.1413398798612385,55,1,0.3083184583058738,9824,6,0,0,0,1,0
0.25325218181375403,56,1,0.3224770941575904,4986,10,0,1,1,1,0
0.1689792077245929,56,1,0.8261890010122311,9485,7,0,0,0,0,0
0.3779948935778393,47,0,0.08242592589751048,25544,3,0,0,0,2,0
0.20719294203155453,42,0,0.5375539663011222,3378,10,0,0,0,0,0
0.11190665106252622,34,0,0.32868687504030114,3759,13,1,1,0,1,1
0.41067512422798885,78,2,0.2987826586363892,1642,9,0,1,0,1,0
0.07144917172060841,33,1,0.5692764382178234,2223,7,1,0,0,4,1
0.3523078262081751,29,0,0.17879720981150435,1942,6,0,2,0,1,0
0.34244653277191744,46,1,0.3114383679630134,14295,9,0,0,1,0,0
0.24943599013838053,46,0,0.1585930619519424,3796,6,0,2,0,1,0
0.37590845001189904,57,0,0.45952767710439335,3101,7,1,0,0,1,0
0.11253407768616362,31,1,0.3775968754366487,44832,7,0,1,1,2,0
0.4115783477938113,61,0,0.5326522942749716,23920,8,0,0,0,3,0
0.19966904679169273,32,0,0.14768496862286187,7677,6,0,0,0,3,0
0.233675769080072,18,1,0.6447974639942728,17296,7,0,0,1,3,0
0.4507936609094288,67,0,0.3167174953937754,8763,12,0,2,1,1,0
0.20808893880480253,36,1,0.14103284448856027,11190,6,0,1,0,1,0
0.1597169281348237,46,4,0.2653151583768091,4681,11,0,4,0,0,0
0.059295274330493364,58,0,0.541577900116921,7359,9,0,1,0,2,0
0.042722128013787865,54,5,0.46684187425438284,2400,8,1,2,0,1,0
0.43323428604683234,22,1,0.3884236227462561,3441,3,0,1,1,0,0
0.4390263403191834,18,0,0.7271230360114145,2338,4,0,1,0,1,0
0.42958666087734787,42,1,0.45620136511168363,6186,5,1,0,1,1,1
0.4434287982248774,79,0,0.6127457393058112,11847,11,1,2,0,0,0
0.0417322527438168,32,0,0.4066078985896773,4377,8,0,2,0,1,1
0.1918371454385975,37,0,0.42450831748810836,28025,8,1,1,1,1,0
0.2922730079328558,68,1,0.6323754510661083,10051,10,0,2,0,1,1
0.4667534642908943,47,0,0.2045728506693468,4159,9,0,2,0,1,0
0.3028570529450324,67,0,0.17250165984424584,1691,6,0,1,0,0,0
0.1358892159899455,64,0,0.47240481003750223,4965,5,1,1,1,3,0
0.20334748849542286,56,0,0.398835265984288,2970,9,0,1,0,2,0
0.10145107176270483,37,0,0.5624408473516185,4293,6,0,0,0,2,0
0.40752220456164834,32,0,0.1321676641194208,6096,10,0,0,0,0,0
0.16678993337556122,39,0,0.44417369954231095,3044,8,0,1,1,4,0
0.509482313294592,25,1,0.3340290808555467,5456,7,0,3,0,1,0
0.05606883106634736,35,0,0.5980656715317718,9373,4,0,0,0,1,0
0.13470502847156532,27,0,0.45439850139039983,21272,12,0,0,0,0,0
0.15896083085859578,48,1,0.3085150331933838,4282,14,0,2,2,1,0
0.6190880288830519,49,0,0.6675982876163855,6912,9,1,1,1,0,0
0.14668587942030215,39,1,0.645694639387244,3488,6,0,4,0,0,1
0.40001086079330644,49,0,0.21248050816020408,10172,5,0,1,0,0,0
0.43029041660218753,34,0,0.7640224958952226,2302,3,1,0,0,2,1
0.09944321424248215,67,0,0.1689006308337776,11417,5,0,0,0,2,0
0.34573517731503756,47,0,0.41606638643478433,9586,7,1,1,0,1,0
0.06805063659384493,34,0,0.21772187801499016,5202,7,0,0,0,0,0
0.5516580421178064,27,0,0.3478116249487756,16038,10,0,0,0,1,0
0.5404820379220904,54,1,0.15448700898492163,1768,3,0,1,0,0,0
0.1726555198819829,57,1,0.287616846227445,3279,7,0,0,0,0,0
0.10347682018891335,53,1,0.2860272344518536,7634,9,0,1,0,1,0
0.4160206847012638,59,1,0.21403142047943713,3989,9,0,0,0,1,0
0.3578982758630744,44,0,0.29439104569090957,5527,11,0,0,1,0,1
0.1279961580435864,55,2,0.32569743930701067,6747,9,0,2,0,0,0
0.15085685951408373,45,1,0.3192152380236945,6050,4,0,3,0,1,0
0.1599969417718929,29,2,0.5409506381317118,4286,10,0,1,0,2,1
0.19536252388145342,26,1,0.5721087319555879,2591,10,0,0,0,0,0
0.013536872602469755,27,0,0.6007738674209698,7099,2,0,1,0,0,1
0.34588168764613525,18,0,0.3032091887463216,5246,8,0,2,0,3,0
0.35822640331166106,19,0,0.46096756747222395,12359,11,0,1,0,1,0
0.38589242465707896,44,1,0.45932734017458576,2100,3,0,0,0,0,0
0.3421845295468434,18,0,0.501756938657815,2408,7,0,0,1,2,0
0.20587217074584563,28,0,0.5880809648191639,28958,10,0,0,1,0,0
0.2813537489385577,37,1,0.13291189213664728,888,7,2,0,0,1,1
0.22899014692830408,55,1,0.35148784324880106,4738,5,1,1,0,2,0
0.3362687267454786,78,0,0.31225390090295596,1393,10,1,2,1,2,0
0.2067246008777865,42,0,0.29375456704738667,4456,7,0,1,0,1,0
0.4274275730561638,28,0,0.22202467367556628,12736,10,0,0,0,2,1
0.43867415808263294,39,0,0.7801168499007868,2289,11,0,2,1,0,0
0.1979903500415295,65,0,0.44617292713531187,3724,8,1,1,0,0,0
0.3154878952109778,62,1,0.36198708678033825,6336,7,0,0,0,1,1
0.4196678485697611,65,1,0.17133071742384126,2986,8,0,2,0,0,0
0.09604976247701193,64,2,0.0983108754373345,11405,6,0,0,1,2,1
0.16214927227985518,29,0,0.43112206730478553,4155,5,1,0,0,0,1
0.39305653017210385,26,0,0.1959781500031505,3823,9,0,0,0,1,0
0.07409563129354654,22,1,0.2373862727269141,2944,18,0,0,0,3,1
0.28163507494942436,37,0,0.8316185700630353,16429,9,0,3,0,1,1
0.6865314820852502,40,0,0.5008078447497185,4569,5,0,0,0,2,0
0.2562985953758817,54,0,0.6590240343503025,7864,6,0,0,0,1,1
0.6185952330529527,47,0,0.4044335426369675,5425,8,0,1,0,1,0
0.31824762242639076,31,0,0.4833572698635531,12102,14,0,1,0,2,0
0.24687987284986707,52,1,0.06524359723749741,3386,9,0,0,0,4,0
0.43565588293145574,35,0,0.06911604088445511,4119,5,2,1,1,0,0
0.17914461754178376,67,0,0.43247131886784435,3004,5,0,0,1,1,1
0.3150504409515199,49,0,0.25071134425407327,5316,9,0,2,0,0,0
0.18554335370454836,54,0,0.28187323744441695,2722,9,0,2,0,0,0
0.4196666392797573,48,0,0.5258923097143307,4956,7,0,1,0,0,1
0.11665117462457178,33,0,0.5814907833693878,1617,8,0,1,0,1,0
0.12639082170366825,38,0,0.16866575444165072,5252,6,0,0,0,0,0
0.18604760750443952,53,0,0.012997366182551883,1784,6,0,1,0,0,0
0.16979578051870373,48,0,0.43610634683999455,2648,7,1,0,0,1,0
0.14849225360317878,58,1,0.5093248511609685,14074,11,0,2,0,0,0
0.3358355038160604,48,1,0.3225645739411933,9628,10,0,3,0,1,0
0.3777907924264863,49,0,0.28651361555864246,1472,9,1,1,0,1,0
0.3300312652984581,58,0,0.259486720398973,15843,7,0,1,1,1,0
0.08212332708236116,18,0,0.5278651667698153,5984,10,0,0,0,1,0
0.2337311566018963,37,1,0.32905229605743574,21082,9,0,1,0,0,1
0.24291783134585454,53,0,0.30804932426545295,1728,5,0,0,1,0,1
0.30878518257799,29,0,0.3992581122096667,9353,13,1,3,0,1,0
0.4927037723409174,46,1,0.29742932140563344,11852,8,0,1,0,1,1
0.45582712780224005,49,1,0.3080786692902814,2450,11,0,0,1,1,0
0.26701476087688353,22,0,0.44275451358803647,1865,5,1,1,1,1,0
0.17017215446796863,65,0,0.19709934899796616,2080,6,0,1,0,0,1
0.2802653691408397,55,2,0.47007037039372257,6847,9,0,2,0,2,1
0.3647253724551576,50,1,0.6187143129870506,5094,7,0,1,0,3,0
0.06247540041284886,31,0,0.669407264584072,20800,8,0,0,0,2,0
0.20342174859557002,66,0,0.5357200498549045,2205,9,1,2,0,0,0
0.09886350091907563,18,0,0.10887994072598305,11333,14,0,2,0,1,0
0.3947132522276023,46,0,0.40206853219701766,3831,10,1,2,0,0,1
0.3449289058610714,29,0,0.25824873987186436,1416,7,0,4,0,0,0
0.5605267774077848,72,0,0.359239939302819,8722,7,0,3,2,0,0
0.16464587449865217,37,1,0.3475145038704089,2588,6,0,2,0,1,0
0.15061262697352584,52,3,0.06474754280794066,13445,6,0,1,1,0,1
0.19442100313985922,34,1,0.8507121491068645,25172,9,0,0,1,0,1
0.04294486936439699,34,1,0.09676175384962472,10752,6,0,0,2,0,0
0.09395778239919417,61,1,0.6122501125069304,6852,9,0,1,1,1,0
0.17823578858911793,50,0,0.5027274988998979,2004,10,1,2,0,2,0
0.29499366516029696,26,0,0.0995401170319921,2352,5,1,2,1,1,1
0.09903807102108679,71,0,0.26256119024055535,5754,6,1,1,0,0,0
0.20655456079854914,60,1,0.3977834496862443,1943,8,0,2,0,1,1
0.4850747280986723,52,0,0.8050040272069546,3824,9,0,2,0,0,0
0.4133547116014294,18,0,0.19360087124863656,4275,8,0,0,1,1,0
0.4130954406433174,65,0,0.30330276609055185,2486,9,1,2,1,0,0
0.07018763974770992,50,0,0.46207830569368236,5000,9,0,0,0,0,0
0.23342962086737365,58,2,0.32485708790311124,4694,4,0,1,0,2,0
0.391808596818227,61,1,0.30077322023372427,2186,7,1,0,0,0,0
0.25405540900686774,18,1,0.2729295744622399,16720,16,0,0,0,2,1
0.2943398196530715,29,0,0.1825137115535037,2942,5,0,1,0,0,1
0.23151915184151065,84,0,0.21366039240674914,6997,8,0,2,0,1,1
0.49805567883577184,27,0,0.7102965415446865,6162,10,0,0,0,2,1
0.33290045591233836,61,0,0.24426694494546747,2839,8,0,2,1,1,0
0.6372341898180631,51,0,0.6546679314359648,3603,11,1,1,0,0,0
0.7955889079058814,44,1,0.10070177128929053,2630,8,1,0,0,0,0
0.43394953276484427,32,1,0.04342273826643149,3049,4,0,0,0,0,0
0.5259206390470308,37,0,0.6487824909840653,5981,5,0,1,0,1,0
0.45925499867702085,47,1,0.6421962116505064,12328,9,0,0,1,0,0
0.29611023131966957,37,1,0.5811870469834244,12441,9,0,1,0,1,0
0.4932959829990592,48,0,0.08000140798733096,11026,11,0,2,0,1,0
0.09836493817970586,29,1,0.46005625661227695,2620,6,0,1,0,2,0
0.03407467048815495,35,0,0.4924915145451349,3141,5,1,1,0,1,0
0.409350369269162,38,0,0.11555242730359115,4231,9,0,2,0,0,0
0.24563340776781634,49,0,0.12666563406445325,2742,8,0,1,0,1,0
0.33230158261232323,49,1,0.3871825756688732,2049,16,0,1,1,2,1
0.13928014876363906,35,3,0.2567504236257825,6324,10,0,1,0,0,0
0.6609596014919896,63,0,0.3476962716611442,916,5,0,4,0,2,0
0.4216675748249389,43,0,0.07260021047877906,2288,12,0,0,1,1,1
0.8369489211036121,43,0,0.5951280523652447,1548,11,1,1,1,2,1
0.4834055345022812,65,1,0.16895531680260512,2971,11,1,2,0,1,1
0.04178697621854936,52,0,0.48387369273784775,12700,8,0,1,0,0,0
0.4940456536033273,45,2,0.38384814892363156,1860,5,0,1,0,0,0
0.3373377951481738,49,0,0.418479900649345,5383,13,1,2,0,0,0
0.6600602237977994,18,0,0.4617126988693478,4903,12,0,0,0,2,0
0.441993794163047,36,1,0.03247302774401112,13908,8,0,1,0,2,0
0.37603877886786513,20,0,0.493208447918276,9969,4,0,0,1,1,0
0.5075494203672057,30,0,0.2678773611128431,1657,4,0,0,0,1,0
0.18716636445951543,65,1,0.5733620053704526,4378,7,0,0,0,0,0
0.13088413231387117,34,1,0.2619322830346549,3267,5,0,1,0,0,0
0.11321955065854805,76,0,0.2688060521861748,3429,4,0,3,0,3,0
0.2050487399915835,29,1,0.5254201598778937,1997,4,1,1,0,1,0
0.1608728573962339,51,0,0.11282645035455237,4208,9,0,0,0,0,0
0.19457227029576185,55,0,0.296462440653682,8812,14,0,1,0,3,0
0.289018171961952,47,0,0.3323508924189172,6194,7,0,1,3,1,0
0.45949395723269887,41,0,0.29347127024762965,11416,5,0,0,0,3,0
0.34615787940069265,27,2,0.3092431982148373,7054,12,0,0,0,0,0
0.1563516564159807,65,1,0.394216511548517,4439,10,0,0,0,1,0
0.27354767781754624,75,0,0.13377890325986191,3788,5,0,1,0,2,0
0.346089724891821,21,0,0.3785851094791682,1936,8,0,2,0,0,0
0.3543456520220951,33,2,0.09822683798326208,2753,9,0,1,1,0,0
0.29762564979155565,48,0,0.16621820759855388,9665,6,0,1,0,0,0
0.4355304987822781,23,0,0.3525621248582876,2846,7,0,2,0,0,1
0.26375753136916613,45,1,0.3299289423404752,1481,6,0,0,0,0,0
0.3380543691095747,41,0,0.4595879434914191,2023,10,0,2,0,0,0
0.1853992967760939,22,1,0.5797263040512592,2190,8,0,0,0,0,0
0.15454112666860334,28,1,0.6308141382237943,13533,9,1,1,0,1,0
0.056977289592516585,49,0,0.7898779855033654,4956,6,0,0,0,1,0
0.3983514345618136,59,2,0.21665536837438734,4904,9,0,0,1,0,0
0.43668224127631716,42,1,0.583989028617999,3171,8,0,1,0,5,0
0.02477494587302297,66,0,0.4592757324362228,3861,13,0,0,0,2,0
0.42887386258227994,45,1,0.3942973020199327,25383,9,0,2,1,0,0
0.27860004913309405,38,0,0.5572936591193708,33760,10,0,2,0,1,0
0.2360959158935139,42,0,0.3330892342120935,4191,8,0,2,0,0,0
0.3393914959647027,57,0,0.6516487215694531,4154,9,0,1,1,0,0
0.36295704317334526,54,1,0.153646400857912,5009,7,2,4,0,0,0
0.3954850767915131,51,1,0.2688846398721647,12615,8,1,2,1,1,0
0.5706890961081694,56,0,0.14429994195165016,7910,7,0,0,0,1,1
0.39889793974315285,58,1,0.5007950586905788,3413,6,0,1,0,2,1
0.13339339898862582,40,2,0.5746144914006416,8634,8,0,1,0,1,0
0.38512105445912603,33,0,0.7809603089830245,4056,8,0,0,0,1,0
0.45063380635781886,58,1,0.22020725747443154,6829,5,0,1,0,2,1
0.26543611070710127,31,0,0.27216562672514116,7121,11,0,2,0,2,0
0.48653893193554765,61,0,0.681842552128165,1262,7,0,1,0,0,0
0.31635025405994704,48,1,0.5697528391412934,2157,7,0,1,0,2,1
0.22223590986792574,61,0,0.29532358843618856,8516,5,0,0,0,1,0
0.3351920038207604,28,1,0.20736604553636412,6755,8,0,0,0,2,0
0.25001876792328076,39,0,0.257940436056406,5656,6,0,0,0,2,0
0.12490321486824588,36,0,0.5728215179508038,32300,7,1,1,0,0,0
0.34588017607038596,24,0,0.7386788710924536,14280,8,2,4,2,1,1
0.2440555633217491,42,0,0.20396119657272238,17751,7,0,3,0,1,0
0.6284893981845212,35,0,0.6119985508531663,14818,12,0,1,0,0,0
0.23825639618685907,34,1,0.5298136492264213,7327,5,0,2,0,1,0
0.34196682732489764,37,0,0.32247452856273795,7801,9,0,0,0,0,1
0.24640070255117028,64,0,0.303445796222519,6783,3,0,0,0,1,1
0.11913406584428164,57,1,0.2126733161159437,1690,9,1,1,0,0,0
0.0901393426925179,18,0,0.2874102356387567,7204,13,0,0,0,0,0
0.09086816483782023,65,0,0.16013602214701997,15116,4,0,2,0,2,0
0.2214976266068247,29,2,0.0871341220128294,2541,10,0,0,0,0,0
0.08229397337788033,48,1,0.24936736979469123,5217,8,0,0,1,1,0
0.4553372177908114,50,0,0.5898620484258449,7534,12,1,1,1,0,1
0.26494151319116155,84,1,0.1281676468969889,5656,12,0,1,1,0,1
0.16808838520820146,51,0,0.34238774998121446,1712,13,0,0,0,3,0
0.2915194501525067,33,0,0.1588214561490032,3536,6,0,2,0,1,0
0.40142868324769926,50,0,0.2703302673721686,8300,6,0,0,1,4,1
0.5541635725894896,71,0,0.2706294161092318,6250,10,0,0,0,1,0
0.20423028319757167,35,1,0.7110319363219993,2689,7,1,1,1,4,0
0.29516966729977573,56,0,0.23111324089618526,5395,7,0,3,0,1,0
0.22134197972025288,19,0,0.7088717488964326,1777,5,0,1,0,2,0
0.5376910104306377,39,0,0.39842376421196524,6060,9,0,1,0,1,1
0.4989935761361279,56,1,0.37040657702985913,7472,5,0,1,0,2,0
0.6915408574191463,47,0,0.4134612476016532,3588,7,0,1,2,0,0
0.11429333950495761,32,1,0.24111958301061598,13675,13,0,1,0,2,1
0.1091260022618507,44,0,0.48435783554698086,4297,9,0,0,0,1,0
0.17903442787622215,55,2,0.1805490826684036,2038,3,1,0,1,1,0
0.010719781941520384,55,0,0.5836094210366893,9376,12,0,0,0,1,0
0.04162327801187243,49,0,0.04094062731563902,4769,7,1,0,0,1,0
0.05225214416587974,61,0,0.26674424168063526,7667,6,0,0,0,1,0
0.316280022193013,49,0,0.4488064220042923,5415,11,0,0,0,1,1
0.5037223156658265,52,1,0.6080752193622644,4880,7,0,0,0,0,0
0.14622391126160098,34,2,0.2807167144405165,4268,5,0,2,0,1,0
0.1781734934225881,64,0,0.3545089660821644,9256,5,0,1,0,4,1
0.17952916193633287,64,0,0.334233414947804,2866,9,0,2,0,0,0
0.32092478547713615,48,1,0.2807690670232655,4352,2,0,2,0,1,1
0.3700475788828156,59,0,0.4428631260915035,5260,13,0,0,1,0,0
0.15550099652015514,24,0,0.5246923027747971,2243,11,1,2,0,2,0
0.3621219475965027,31,0,0.4768461074513803,27521,8,0,2,0,1,1
0.10670015545484676,55,3,0.5377174603351103,5507,6,0,0,0,1,0
0.3131089408677481,18,1,0.4803571764338183,1134,14,1,1,0,0,1
0.4469398146047759,18,2,0.28760868517133414,7110,8,0,0,0,0,0
0.24082095287556687,26,1,0.4235953476233579,5147,5,0,1,0,1,1
0.3044148522826048,62,0,0.24085511695026143,10016,7,0,2,0,2,0
0.3550387025725225,35,0,0.6272584084933626,3881,10,0,1,0,2,0
0.31153092683578465,45,0,0.6112260207126669,952,4,0,0,1,1,0
0.43820428043873094,31,0,0.40733008996774134,4860,8,0,0,0,2,0
0.1731414753126232,62,0,0.030942642739482155,5560,5,0,0,0,0,0
0.4143764678284971,47,0,0.15557928765313933,2053,4,0,3,1,1,0
0.2618907563852632,36,1,0.4726895116021334,9907,5,0,1,0,1,0
0.27740842412366085,59,1,0.5762637258701355,2118,10,0,1,0,1,0
0.40706752230386456,47,1,0.4155783510160741,14897,8,0,1,0,1,0
0.2686092106583614,35,1,0.2114861184580595,7908,9,0,0,0,0,1
0.24687593342222952,50,1,0.7967207158534247,1464,4,0,1,0,0,0
0.1401934764554914,53,1,0.28831984446305775,4987,10,0,0,0,2,1
0.38981186111070126,66,1,0.5280859738932924,4074,12,0,0,2,2,0
0.41769415934461557,64,1,0.039904932495753845,4124,4,0,0,0,2,0
0.28395477975829153,37,1,0.563013738197976,14830,6,0,1,1,0,0
0.5214094140102069,39,1,0.15155774520137844,2979,5,0,1,0,2,0
0.43025050082553934,56,0,0.28615311108682345,2274,6,0,0,1,2,1
0.10725622780686761,52,0,0.1679365690127112,1812,4,0,0,0,0,0
0.09937769048391365,72,1,0.21692731312159,2251,11,1,1,1,0,1
0.12193453956801213,47,0,0.2064087525641582,4377,9,0,0,0,4,0
0.41932032865186536,41,0,0.22051885825046996,6098,8,1,0,0,1,0
0.10036178433129647,53,0,0.5162018448811072,16005,6,0,5,0,0,0
0.18784470654359997,56,1,0.07230643397823457,4831,9,0,1,1,2,0
0.5720411185951659,57,0,0.09484196008304537,6251,7,0,0,0,1,0
0.20683632824552592,72,0,0.5410987878981816,16513,11,0,2,1,0,0
0.3669220285910541,72,1,0.42574352292623535,15242,10,0,0,1,2,1
0.12714885193579784,42,0,0.3231895350682003,3866,15,0,0,0,2,0
0.03722423277652037,76,0,0.5521492776050333,6540,8,0,2,0,0,0
0.3666544226326486,19,0,0.4489568926113778,2007,9,0,0,1,1,0
0.5370125271084416,64,1,0.29536057142754774,3174,10,1,0,0,2,0
0.4127770914487356,50,2,0.36442865927243934,5281,3,0,0,0,0,1
0.4469543877261612,44,0,0.20558519503721567,7651,11,1,1,0,0,1
0.19022865702402236,41,0,0.06625316717420698,2377,6,0,0,1,1,0
0.23219665873568546,35,0,0.3671536438642888,3448,8,0,0,0,0,1
0.34021236075491945,41,0,0.027678071269995042,2772,16,0,0,0,0,0
0.25682745327180556,32,1,0.5966858924665205,4144,12,0,1,1,3,0
0.0995138929766534,37,0,0.847008252225577,10536,5,0,1,0,2,0
0.6099017208726681,51,0,0.07163397398797575,3972,9,0,1,0,1,0
0.15704256980825404,59,0,0.0796608400895213,3658,3,0,2,0,1,0
0.16242970138995225,44,0,0.2906060222338344,4771,6,0,1,0,0,1
0.22902992915047804,59,0,0.09694935882165101,4935,9,0,0,1,0,0
0.25313516949361764,31,3,0.4095779651415602,11328,13,0,0,0,0,1
0.1241047973040305,63,0,0.5910730015325724,14214,9,0,0,0,1,0
0.04254173179642329,61,0,0.10380686413528994,37820,3,0,4,1,0,0
0.6184305946264227,54,1,0.11789203637423686,22114,7,0,0,1,2,1
0.2904773013872902,46,0,0.5946074232739899,6599,9,0,0,0,1,1
0.5065642478067259,18,1,0.1661730344454277,7615,5,0,0,0,2,0
0.14689425300657716,40,2,0.8379856196276005,7088,7,0,2,0,1,1
0.10888460271006319,47,1,0.6560263790965458,3947,7,0,0,1,0,0
0.2888999753540322,41,1,0.5937838670995962,1516,3,0,2,0,4,0
0.5281912603837843,30,1,0.5215682808425276,1411,12,1,1,0,0,0
0.5054174505663718,31,1,0.23704037866714472,31040,7,0,2,0,0,0
0.038502011796617525,38,1,0.4925032807588646,3584,7,0,2,0,2,0
0.37086394797689753,35,1,0.5980428692983869,5065,13,0,0,0,0,0
0.21537580863369238,56,1,0.5020729261837303,2534,9,1,0,2,0,0
0.11647337465668556,66,0,0.4717002767157304,3120,6,0,0,0,2,0
0.6621073945714315,26,0,0.2925326726060202,1776,8,1,0,0,0,0
0.5966618954610067,42,2,0.47074224610211773,2999,9,0,1,0,0,0
0.028631519404563696,45,0,0.21584346604244017,7695,11,0,1,0,3,1
0.1336754792142971,48,0,0.0330879650540417,7388,6,0,1,1,1,0
0.35299043244784833,35,1,0.571127630663574,15439,5,0,0,0,0,1
0.6624639627587251,29,0,0.3140266346365297,961,5,0,1,1,1,0
0.2420405031447662,51,0,0.1405246666197766,779,9,0,0,0,1,0
0.15363015132964078,41,0,0.38740770504372746,2967,7,1,2,0,1,0
0.07230135956027171,63,1,0.5351786109152249,699,7,0,1,0,0,0
0.014019126407553187,50,1,0.3708821237351139,3609,9,0,0,0,1,0
0.0810620263253476,43,2,0.2922214129117328,18563,11,1,1,1,0,0
0.18100596316867015,18,0,0.3358108120824958,10704,7,0,1,0,1,0
0.4338408606489822,28,1,0.3112645617320894,3493,7,1,0,1,2,0
0.42678840134851304,42,0,0.17557236368729195,12774,10,1,1,2,1,0
0.059111798483018736,44,1,0.5744351876177245,4042,9,0,0,2,0,0
0.06565215250619892,79,0,0.18285227678092872,5569,16,1,1,1,1,1
0.11181206520481694,45,1,0.6887553867945911,4125,3,0,1,0,3,0
0.1541641562090171,49,0,0.8302966881639086,2593,5,0,1,0,2,0
0.2097732134444018,43,1,0.7327819012526631,1911,7,1,2,0,1,0
0.47990141384751933,45,2,0.17525329740995663,3646,8,0,0,0,1,0
0.18547849390265583,31,0,0.18800247912737061,4330,10,0,2,0,1,0
0.15303336846790416,39,0,0.2803626611070244,2021,6,0,2,0,2,1
0.5744046259185063,18,1,0.45629416505606535,2123,6,1,2,0,2,0
0.4458270073461867,35,0,0.08946661195872775,4783,7,0,3,0,4,1
0.3506390903583414,43,0,0.3179454514091991,2637,4,0,1,0,1,0
0.01227653630059573,73,0,0.21642083674624038,1582,8,0,1,0,0,0
0.13206333040835433,49,0,0.5684305937108826,2929,9,0,1,2,0,0
0.2682524632966419,49,2,0.5158223943431605,11444,13,0,1,2,0,0
0.4465393019121026,31,1,0.13761167834343144,1779,7,0,0,0,1,0
0.4952146115078914,39,0,0.4819772456710583,5188,4,0,1,0,1,0
0.04585426784922459,53,0,0.09169134381531671,8197,9,0,1,1,0,0
0.2740464770517858,31,1,0.6172065284805525,5898,9,0,0,1,0,0
0.5877804907061991,42,0,0.453884185588754,4893,7,0,0,2,3,0
0.38588152994414104,67,0,0.13173282485864776,5093,11,0,1,0,1,0
0.647072444730242,41,1,0.36544331322703283,28712,7,0,3,1,2,1
0.40030962586730245,52,0,0.7740539402647191,8923,7,0,1,1,1,0
0.21494719887329256,22,1,0.20293876382079715,8811,17,0,1,1,2,0
0.457165280041104,39,1,0.2062178671164228,2912,11,2,0,0,2,0
0.25939446770838387,33,1,0.20084505967636915,2225,7,0,2,0,4,0
0.27838012383009864,58,1,0.2408960727235687,3598,11,0,1,0,0,1
0.5529448032318102,56,1,0.027200631536148566,3396,13,0,1,1,0,0
0.3894840411680767,52,0,0.2306303853183757,7015,7,0,1,0,1,0
0.3693803795942166,50,0,0.6432187045019329,2371,10,0,2,0,1,0
0.18354146433589455,65,0,0.5037122893982848,4514,10,0,4,0,0,0
0.5067373928433699,18,1,0.35435529379353853,5463,13,0,2,0,0,0
0.4476992196446466,77,0,0.35198828832663603,1706,4,1,5,0,2,0
0.44830878260378676,39,1,0.3129634731379867,2734,4,0,0,1,1,0
0.6622296973606429,90,2,0.8754816541177148,10145,5,1,0,1,0,1
0.08502814283991454,39,0,0.6387811801988722,1392,6,0,1,0,0,0
0.17539806265481162,56,1,0.7613949525129965,28843,8,0,1,1,0,0
0.09669379303614008,65,1,0.3961867859278047,853,8,0,1,0,1,0
0.11021216578693921,45,1,0.5322765334883135,8391,7,0,1,0,1,1
0.44456482432783745,19,0,0.6202990810036313,1042,3,0,0,0,1,1
0.3404234973734156,36,0,0.21941118656496403,909,11,0,2,0,0,0
0.148611311997389,43,1,0.7141396521660692,7757,5,0,1,0,1,0
0.2185843546487161,22,0,0.6763313939158528,9777,10,0,0,0,0,0
0.24639424623950554,35,3,0.16689414685834145,3384,8,0,2,1,2,0
0.20474193745887997,37,0,0.4133308829164961,7464,5,0,1,0,1,0
0.23698553867475186,31,2,0.09941966992151263,1643,11,1,0,0,0,0
0.12567092859828177,55,0,0.6999282153673393,22090,4,0,1,1,2,1
0.4673068195735958,49,0,0.3495138339776976,1209,8,0,1,0,1,0
0.33672908408089985,48,0,0.36582814891938564,3018,14,0,1,0,4,0
0.21009019944530782,53,0,0.4812249270304979,3007,7,0,0,0,1,0
0.23887393482455688,56,0,0.17151230655376792,9097,6,1,2,1,1,0
0.4045411312933969,43,1,0.2933853710911291,2471,6,0,0,0,0,0
0.44699773598533254,24,0,0.4679840343760221,8898,7,0,2,1,5,0
0.4291156437649921,34,1,0.018731525375441867,6044,6,0,0,0,1,0
0.23119076817334736,28,0,0.017699725997284248,2117,7,0,2,0,1,0
0.2601410423860316,36,1,0.09835790894479353,3056,5,0,0,1,2,0
0.16654827482068985,38,0,0.787389479280812,2376,10,0,1,1,0,0
0.14480497479148158,59,0,0.5521974080572437,8242,10,1,2,0,1,0
0.3898406190169513,53,0,0.1148618655858238,3288,6,0,1,0,1,1
0.1033704686910913,54,0,0.33408672521511096,5483,11,0,1,1,0,0
0.21736450963946818,18,0,0.48480903329254915,6807,7,0,2,0,0,0
0.0602044986813304,44,0,0.3330086166853631,4061,9,0,0,0,0,0
0.07544123532328716,25,0,0.29813508406612,4024,11,0,0,0,1,0
0.02105272738666113,55,1,0.25008434218933423,5914,8,0,2,0,1,0
0.4578940239505704,51,0,0.44485314157845124,4924,7,0,0,0,3,0
0.3381086935776503,18,0,0.10610918161283371,1934,14,1,1,0,2,1
0.32773558434727557,53,0,0.5821591391669474,2021,6,0,2,0,0,0
0.26166342301193857,39,1,0.5570692694651928,1487,5,0,2,2,0,0
0.2700884409803555,71,0,0.522972223608456,4727,9,0,2,0,1,0
0.3845001756114478,25,0,0.29613430393787604,2363,10,1,1,0,1,0
0.14494038980093304,56,1,0.2503027677759741,15828,12,0,2,0,3,0
0.3678085729400245,59,0,0.3417673782034885,5202,4,1,0,0,1,0
0.34793863132081404,23,0,0.6378601865101788,2665,7,1,1,0,1,1
0.5111295330001767,73,1,0.19258696408846293,4878,9,0,1,1,1,0
0.35298637108509034,19,0,0.42351891059948804,20283,9,1,1,0,0,0
0.3385354392089408,32,1,0.3085225177871252,1052,9,0,0,1,0,1
0.017309435037125398,53,0,0.3567018593430731,4065,4,0,2,0,1,0
0.32084966962295514,41,0,0.4590343595161905,1349,7,0,2,1,4,0
0.1293109190892016,50,1,0.4093677091541974,1567,8,0,1,0,0,0
0.3471342044985422,41,0,0.18626140558278867,5401,8,0,1,0,0,0
0.5127209500048244,30,0,0.09978918639560132,22622,5,0,4,0,0,1
0.23528494412254788,61,0,0.6659076582574844,16888,8,0,1,0,1,0
0.3237888065194742,24,2,0.44565300147222714,12415,9,0,0,0,3,0
0.19840123580342528,54,0,0.35309705264710994,2129,6,0,1,0,0,0
0.1902205339827152,52,0,0.5522740878992047,15666,14,0,1,0,1,0
0.36203699213954893,43,0,0.4316928614843521,4240,10,0,1,0,0,0
0.1504162411646252,18,1,0.5068552627614173,8910,13,1,0,1,1,0
0.16342943802824125,34,0,0.40487510595970855,2387,6,0,0,1,1,0
0.1192899427039176,48,0,0.26865093314073074,3033,11,0,0,0,1,0
0.27274352692164533,69,1,0.16185930549853464,8421,7,0,1,0,0,0
0.024897252311199325,69,2,0.3131454867106142,21033,8,1,1,0,0,1
0.17202574226692544,64,0,0.4186483816492861,8985,9,0,2,0,2,0
0.26714922881876263,45,0,0.360747740342688,5028,10,0,2,2,3,0
0.15427153343228994,57,0,0.39470442932237115,1612,5,0,2,0,0,0
0.06562073319158591,53,1,0.25655239770978155,5208,5,0,1,0,1,0
0.3934900753059506,43,1,0.4375540010710869,7955,6,0,0,1,0,0
0.3003446891742366,62,0,0.19049987048562586,11300,7,0,1,0,0,1
0.2054046289344907,41,1,0.09765842160806373,4988,9,1,0,1,2,1
0.4407837721693154,33,0,0.4490297370570788,3120,9,0,1,0,1,0
0.5376814470264015,44,1,0.28152203646245505,4348,8,0,1,0,0,1
0.18289462390096237,37,0,0.7884358789729938,9379,10,0,3,1,0,0
0.16657263616365903,31,1,0.5186504407140319,17987,4,1,0,0,2,0
0.09658703208645521,37,0,0.5003102769643119,4221,7,1,1,0,1,0
0.1839875220719602,18,2,0.48585921250950975,21250,7,0,2,1,0,1
0.35822762803995056,48,0,0.3839858119315233,1751,3,1,1,1,0,0
0.24658652717733104,57,0,0.37489856774374125,2554,6,1,1,0,1,0
0.23385253224837999,49,0,0.7400458798059398,7878,7,0,2,1,1,1
0.314705983722292,57,0,0.3446449934127783,2953,5,1,0,1,2,0
0.5348244550562069,33,0,0.5507392952779144,5134,8,0,1,1,0,0
0.6952657525678964,21,1,0.66170779965756,3410,12,0,1,0,0,0
0.305619378560566,24,0,0.5758656186371545,2754,10,2,1,0,2,0
0.2242779925390914,40,0,0.5607259418351538,1290,10,0,2,0,0,1
0.18170579433189052,48,1,0.3704702155161473,6452,8,0,0,2,0,0
0.35780545736083336,43,0,0.6072418621811659,2007,14,0,0,0,1,0
0.5616628835392611,48,1,0.245402762933691,6713,10,1,1,0,1,1
0.11921207445237741,46,1,0.3305710984505664,11660,6,0,0,0,1,0
0.741722505891861,42,0,0.4657006395204299,6618,8,0,0,0,0,1
0.2440143160044899,33,0,0.5972082779982809,1830,11,0,1,0,0,0
0.11950595458683141,26,1,0.12490865152700983,8957,7,0,2,0,0,1
0.5595279912639398,27,2,0.38986412863654424,3177,10,0,2,1,1,0
0.3346135145155367,68,0,0.28338789128822883,2558,15,0,2,0,1,0
0.09868472742323268,65,0,0.03311455625225901,5521,8,0,0,0,0,0
0.2858239430841732,46,0,0.09012997237285533,5308,9,0,1,0,0,1
0.5394768665156037,69,1,0.603164491802357,3159,3,1,1,0,1,0
0.5595223575352027,46,0,0.5517657759348027,2563,9,0,1,0,1,0
0.6148736648407479,76,1,0.5063333317823748,3006,5,1,1,1,2,0
0.2432238523306116,55,1,0.5322632041324492,3674,5,0,1,2,1,1
0.21310896962753145,56,2,0.6861715081779681,7748,7,0,2,0,1,0
0.34283990906604705,69,1,0.3110225193933391,8260,5,0,0,1,2,1
0.059850359143096124,55,1,0.3910500148779241,3169,7,1,3,1,0,0
0.19897750406342724,57,0,0.5098533611638907,8896,11,0,1,1,1,0
0.44890338403985014,51,1,0.6939114507194375,7459,8,1,1,0,1,0
0.30895303443587346,60,0,0.039061020742924196,4244,8,1,4,0,2,0
0.3729017921539363,53,0,0.3827204395459484,7451,7,0,0,1,1,0
0.3456364178551939,58,0,0.675800580874464,10330,9,0,0,0,0,0
0.2785518451155828,39,1,0.6981288678611481,10271,10,0,0,0,1,1
0.707266845911551,19,0,0.10605053794405928,4771,8,0,2,0,0,0
0.14142696907252017,47,0,0.6473752606112939,29683,8,0,2,0,1,0
0.396218968706875,34,2,0.6844926769303602,4805,9,0,1,0,1,0
0.12921986260342558,52,0,0.635380080102008,3629,8,0,1,0,1,0
0.306001973330957,38,0,0.1481869636689984,20573,5,0,0,0,1,1
0.46930342667619396,26,0,0.291466907909363,9579,9,1,1,0,2,0
0.12922396999004335,31,0,0.3984901336711495,2788,9,0,0,0,2,0
0.6004498230386769,40,0,0.12518895714399397,2154,6,0,1,1,0,1
0.3570881487140067,61,0,0.5479067464575258,6195,5,1,2,1,1,0
0.27384505388030406,56,0,0.4455594375482488,9424,11,0,3,0,0,0
0.09556541338266905,47,0,0.5725547115171828,6871,3,1,1,0,0,0
0.4941897184542518,18,0,0.14524263018795755,6406,16,0,1,0,0,0
0.551650629071843,62,0,0.11670972465267823,7677,9,0,0,0,0,0
0.1853449895476964,58,3,0.5116629790104044,5475,2,1,1,0,0,0
0.14668743084774807,46,0,0.37184767015309034,12434,7,0,2,0,2,0
0.40784061520371534,48,1,0.3454236292348906,16425,4,1,1,1,2,0
0.253871975415718,56,0,0.05939512447082251,3311,7,1,0,0,0,0
0.06001810245506031,74,0,0.21402525980551054,1641,6,1,0,0,2,0
0.5865230606148388,56,0,0.4990556970792613,3306,8,0,1,0,1,0
0.24563332436121663,25,0,0.7669427843593318,4418,9,0,2,0,1,0
0.2146714581475127,59,0,0.1123444903727732,1468,13,0,2,0,0,1
0.3312765080782392,67,0,0.12524562418655458,731,4,0,2,1,2,0
0.06948668175326579,47,0,0.25457814282374364,2023,8,0,0,0,0,0
0.24921452405276473,66,0,0.8122884927264657,16694,13,0,1,0,1,0
0.05461256583786638,38,0,0.5830721012756518,2156,10,0,0,0,1,1
0.4248807606116852,54,0,0.14692537509386022,7606,7,1,0,0,0,0
0.42777635540153547,63,2,0.18169153830001142,5140,9,1,2,0,0,0
0.28371813174147964,46,0,0.6390413243966399,3383,9,0,1,1,2,0
0.11639269962875078,20,1,0.3056472365499368,2774,10,0,1,0,1,0
0.11712930854786333,46,2,0.6634728040821148,3296,6,0,1,0,2,0
0.5533133896776502,28,0,0.5840218259624922,5538,6,0,0,0,2,0
0.07546545435685102,56,0,0.17239272701767638,5202,7,1,2,0,0,0
0.09668801298057078,51,0,0.5046958160597885,10100,13,0,1,0,1,0
0.32883402540145923,58,0,0.039422268169096955,7349,4,0,2,1,1,0
0.07799258129136682,26,1,0.3361980907307908,4910,8,0,2,1,2,0
0.4569897328569258,35,0,0.4454518653032917,6317,7,1,0,0,2,0
0.12279436247636503,54,0,0.407496223109414,1286,7,1,2,0,0,0
0.2998797949263007,45,0,0.2140572918650211,5441,10,0,2,0,1,0
0.679179528376734,46,0,0.4993026059475102,13952,8,0,1,1,0,0
0.18346989435881308,64,1,0.5634831560796156,7358,11,1,2,0,0,1
0.41087481511933066,54,0,0.10286777188877713,2120,12,0,2,1,1,0
0.20345964791734128,42,0,0.767441024925042,2036,7,0,2,0,2,0
0.40099563039457625,32,2,0.5659368735384731,7114,4,0,1,0,0,0
0.13874626212818106,39,0,0.5280789059873118,5748,11,1,1,0,1,1
0.12577305461127553,58,0,0.5492231960596365,1189,9,0,3,1,1,0
0.6161143806367655,65,0,0.26201132890787077,4743,4,0,0,0,2,0
0.4092645391879583,27,0,0.362539480517513,4993,10,0,1,0,2,0
0.4835062900845531,33,1,0.21059127495390623,4929,8,0,1,0,0,0
0.20469981404897336,98,2,0.6776151805871581,5650,12,0,2,1,1,0
0.20081569913442138,65,1,0.557304773307526,13634,5,0,1,0,0,0
0.3461056826842793,32,0,0.6085198385142186,4123,7,0,1,0,1,0
0.25373140343674394,66,0,0.35726446074345214,14787,10,0,1,2,2,1
0.3810819255429227,29,1,0.42705237726753653,4040,8,0,3,0,2,0
0.4755674761035598,34,1,0.3839763574411174,2406,7,0,2,1,0,0
0.30832017488360824,21,1,0.05347635196357993,1458,9,0,1,1,3,0
0.46324570410073945,57,2,0.07636528203658699,7235,6,0,0,1,0,0
0.2959202734797315,19,1,0.2413990804813988,4461,12,0,0,1,0,0
0.20016461828115914,44,0,0.20722743803674631,12372,8,0,1,0,1,0
0.3890032636000712,61,1,0.3435791447628318,1841,5,1,0,0,1,0
0.07895638819427529,44,0,0.08992394851922167,13343,6,0,0,0,1,0
0.3594384554647429,46,0,0.33491656465902886,7719,15,0,1,2,0,1
0.23072750025903183,56,0,0.37995880716161096,11538,10,1,2,0,1,0
0.22475790633826237,49,2,0.3395157557440875,9702,10,0,0,0,0,0
0.0691680940579997,58,0,0.182923959087031,4583,8,1,2,0,1,1
0.34759681198172626,53,0,0.32798185517764994,13134,9,0,2,0,0,0
0.2708081202106562,41,1,0.26223775494702006,1756,12,1,1,0,0,1
0.08110335808097843,43,0,0.6921735546536644,11649,8,1,3,1,1,1
0.39048486219942014,45,0,0.11798971824303656,846,7,0,2,0,1,1
0.40514371541316296,35,0,0.4663889729279612,9648,8,0,3,0,2,0
0.4511194466374181,38,1,0.7204980971432619,1183,10,0,2,0,0,0
0.5150502358493707,73,2,0.5012376053537083,3294,11,0,1,0,1,1
0.18634149651115398,21,0,0.613103907761747,4130,11,0,2,0,0,0
0.2540099304742975,41,0,0.5829824378231723,5054,9,0,1,0,1,1
0.36171722403489615,21,0,0.1834164394873192,11077,9,0,3,0,2,1
0.25092572070619096,65,1,0.301679937623884,10267,6,0,1,0,1,0
0.22459586133112433,39,1,0.3331746789883002,7191,6,0,0,0,4,0
0.2486422202854175,52,0,0.3161834220193731,19793,11,1,0,0,0,0
0.09272315776102166,37,1,0.45448949415425366,3861,9,0,0,0,0,0
0.558943842827253,52,1,0.16127485789009627,2004,13,0,1,0,0,0
0.027501015310840173,56,0,0.5362739775292542,3058,8,0,3,0,0,0
0.3417043144502517,41,1,0.06549235412298332,5059,10,1,1,0,2,1
0.05235342347718209,63,0,0.6661344086270398,5566,5,0,3,0,0,0
0.16542259191864755,18,0,0.1772346618282641,10914,8,0,2,1,0,0
0.37161590662287236,47,0,0.39959217562109306,1858,7,0,0,1,3,0
0.44271822296411056,36,0,0.6211358706124684,31046,5,0,1,0,3,0
0.11315178446559192,29,0,0.1916877451826609,6156,9,0,0,1,2,0
0.4191758378888148,42,0,0.12165233727918832,12801,6,0,0,0,0,0
0.22214962270733896,53,0,0.2035350039237522,6182,3,0,0,2,3,0
0.08472775913380666,36,2,0.13655838371569035,2319,7,0,0,0,4,1
0.2956566139750752,74,0,0.48805086170033907,816,6,1,2,0,2,0
0.07985519140133436,42,0,0.20375500918492823,2334,10,0,0,0,1,1
0.488352204686695,18,1,0.6810104077197523,2157,9,0,1,0,0,0
0.24843253748541141,51,0,0.34619223368476293,15321,8,0,0,1,0,0
0.067610870454507,45,0,0.21252378990189527,2327,9,0,2,1,1,0
0.09647555024053298,36,0,0.4456873274869598,1748,9,1,0,0,2,0
0.20209779513553092,43,0,0.24815021449765748,1554,8,0,1,1,1,0
0.3361579722231375,24,0,0.42413057056053016,6090,7,0,3,0,3,0
0.6036863612000223,58,0,0.3378456508792386,3073,4,0,5,0,1,0
0.08395350804439528,63,2,0.5183779599401148,4458,8,0,0,0,2,0
0.34437071756623827,49,0,0.20275990634258786,11005,11,0,0,0,1,0
0.19982633441674097,42,0,0.6476949753002598,22314,11,0,1,0,1,0
0.32792937638759373,37,0,0.5610582208149122,5172,8,0,0,1,0,1
0.4890081779570239,38,0,0.5167893716920341,4435,8,0,1,0,2,1
0.1967477809959698,25,0,0.2229499008940045,12924,8,0,2,0,1,0
0.35685167579420374,56,0,0.2923953694804617,2776,10,0,0,1,2,1
0.0655009196279061,43,2,0.5122343580693958,4874,5,1,1,0,1,0
0.24165838595140474,33,0,0.158215433363703,1970,9,0,0,0,0,0
0.7971726547660853,38,1,0.08435228497439341,7549,6,2,3,0,1,0
0.6207633753348089,50,0,0.1691516479977353,2949,9,0,0,0,0,0
0.30507484595713724,36,0,0.6420013463188272,3895,7,0,1,1,1,1
0.07632662463881343,53,0,0.5063135812266645,6486,14,0,0,0,0,0
0.4230473657119049,44,1,0.3021022285070918,5631,9,0,3,1,1,0
0.09575763978674366,51,1,0.263837920687891,14366,9,0,2,0,0,0
0.16297980778004195,44,3,0.09003022947217693,7102,5,0,0,0,0,0
0.13395579855095946,60,0,0.7082364486500936,1995,6,0,1,0,0,0
0.537727825182919,49,1,0.23390947883797666,23005,7,0,2,0,2,0
0.2608024209527233,24,1,0.458795586463191,5683,4,0,1,0,3,0
0.37434091196966796,64,0,0.3149175012346173,1412,11,1,1,0,0,0
0.1997027375805434,42,1,0.14682079036823864,2903,12,1,0,0,2,0
0.378347729635223,20,1,0.32604806761109717,2465,9,0,2,0,0,1
0.6876840907781937,79,1,0.5082130563203663,2229,11,0,3,0,0,1
0.32170470550864516,43,0,0.843676492167815,2152,9,1,1,0,3,0
0.09114820807247574,56,0,0.20943846887511527,5212,10,0,1,0,1,1
0.27763017517690924,28,1,0.5396101607200583,3787,6,0,0,1,0,0
0.19524786972624206,45,0,0.43388989646645365,2405,4,0,0,0,1,0
0.36792604933441914,60,0,0.5189701961583741,104435,7,0,0,1,1,0
0.45314920592624525,61,1,0.6537076948257533,5116,5,0,1,0,0,0
0.15397725893863295,63,0,0.5038942111223642,2938,6,1,0,0,0,0
0.49729052639132126,35,0,0.49426711363709885,13972,3,2,0,1,1,0
0.07648406334377528,51,0,0.8095265582798123,2055,8,0,0,0,2,0
0.2268992466430166,27,0,0.6319088492116168,23260,11,0,0,0,2,0
0.32367197492389965,25,0,0.5769942829995884,10449,8,0,0,0,0,0
0.6519977524706334,43,0,0.21198022032861266,18691,6,0,1,0,0,1
0.1364574467484068,38,0,0.257380603449488,16802,3,0,0,0,3,0
0.6271297666175094,43,0,0.231677885595561,2875,7,0,1,0,0,0
0.36518820273371266,40,0,0.522305880167645,5502,9,0,1,0,1,0
0.10416200777514689,36,2,0.23628208904932005,2359,10,1,1,1,2,0
0.09659990753249871,48,0,0.03360339879684656,1169,8,0,1,1,0,0
0.26468061632304163,59,1,0.3339605124375566,8239,10,0,1,0,0,1
0.20093912197928504,55,2,0.17791710593832338,5507,6,0,0,0,0,0
0.3466276086947292,53,0,0.3130072979681628,10700,11,2,2,0,1,0
0.19179222191251352,22,0,0.3981313055747737,13824,7,0,1,0,2,1
0.3455709980140494,44,0,0.6380392755743101,4808,7,0,2,0,0,0
0.24341071618406393,35,1,0.6809065915588388,2232,7,0,1,0,1,1
0.24393133005498038,63,0,0.4636181336332058,11519,9,0,0,0,3,0
0.4435774854145237,41,1,0.5472968460389753,6150,8,0,1,0,2,0
0.30357030297454635,80,0,0.6113665985289275,6077,6,0,1,0,1,1
0.21591147761555232,49,0,0.5900519224361322,6945,10,0,4,0,0,0
0.49837383441671856,56,0,0.3084156840267172,15097,8,0,2,0,0,1
0.21256478001588824,34,0,0.5886946908717651,3149,9,0,2,1,3,0
0.19429139238187326,55,0,0.21194378606182496,4624,5,0,1,2,0,0
0.413232606729126,33,2,0.3008817318617075,21666,6,0,1,0,2,1
0.3530079576158166,56,1,0.5205704497927505,5009,11,0,1,0,0,1
0.2769775772125984,46,2,0.6460918475486284,5944,13,0,1,1,3,0
0.4614426469665601,18,1,0.7388041305235653,8939,7,0,1,1,0,0
0.3894332261210338,42,0,0.43629034261918215,2767,7,0,2,1,2,0
0.24792012528200028,46,0,0.2824920959460485,1812,9,0,0,0,0,0
0.2477558165308114,36,0,0.0757824272128636,2650,9,0,1,0,0,0
0.13363962508712515,51,1,0.13500341493145465,6399,6,0,2,0,1,0
0.1513455510209344,33,1,0.6064795557192929,936,10,1,1,1,1,0
0.16569851586241016,61,0,0.33926846450324055,3677,9,1,2,0,0,0
0.5454876937465343,50,0,0.43349920512848045,3113,12,0,1,0,2,0
0.2939584652079778,51,0,0.3366911997855382,4791,4,2,0,0,0,0
0.32732379431533765,32,0,0.37673361888796786,3835,8,0,0,0,1,0
0.1425698232524053,61,0,0.7749937227940432,5211,5,0,0,0,0,0
0.5524493702504875,51,2,0.7362245056957403,8923,11,0,1,0,1,0
0.22511761493765395,63,0,0.08356598329460024,4445,6,0,2,0,0,0
0.14219913624996133,35,1,0.4959755923009797,5261,4,0,0,0,1,0
0.25215366740224604,39,0,0.467632694870619,5608,7,1,0,0,1,0
0.17454492441203243,52,0,0.46408758833076846,5976,9,0,0,0,1,1
0.3030091607939554,43,0,0.6671696576818027,8246,6,0,0,0,0,0
0.17275305082706466,39,0,0.34851507086558087,1711,8,1,1,0,0,0
0.4216020808000784,20,2,0.4478518218090747,5275,8,0,1,1,0,1
0.09327370999462394,53,3,0.23907805196749918,6656,8,0,1,1,3,0
0.6364697270546111,41,0,0.35585614027128926,14100,10,0,0,1,0,0
0.258964408931505,40,3,0.3324055556837874,987,9,0,1,0,2,0
0.09194157369354426,29,0,0.7409282342356616,3084,7,0,1,0,0,0
0.30018551019875706,54,0,0.19194895161882264,4693,9,0,0,0,1,0
0.052910580472565354,40,0,0.17946779004773666,1594,10,0,0,0,0,0
0.4960409123791836,66,0,0.46371656878137446,3645,5,0,1,0,0,0
0.06345367449704158,43,1,0.023219971575946057,5353,6,0,0,1,0,0
0.15785788919998206,53,0,0.2946983847774149,29414,12,0,0,1,1,0
0.22639930127321,57,0,0.17643263483350152,3526,7,0,3,0,0,0
0.16919198933235738,28,0,0.41487232466510693,12347,7,0,1,0,2,0
0.3937845396206438,53,1,0.47012053848705987,7542,11,0,1,0,1,1
0.2472219665334442,23,1,0.2915172499035558,3731,5,1,2,0,0,0
0.26648772886291977,47,0,0.37867640209658876,4612,5,0,0,0,2,0
0.4243095929156095,38,2,0.14981679510676815,7686,6,0,1,0,2,1
0.16149603038449487,42,1,0.5975767204081325,1916,6,0,1,1,0,0
0.28004668412217504,37,1,0.19450830245837883,14216,5,0,1,0,0,0
0.2751942913447201,43,2,0.3146581636846011,6498,8,1,2,0,1,0
0.4093966767748612,47,1,0.24508302899859533,1596,9,1,1,1,0,1
0.08823068562958837,18,2,0.40553073873680956,5042,12,0,0,0,0,1
0.14536933509532882,61,1,0.20532830180427872,4352,9,0,2,0,0,0
0.3445032767388903,45,0,0.6191101221820037,4620,8,0,1,0,1,0
0.08642395192478372,36,0,0.24065482002158484,1943,10,0,0,0,2,0
0.20257942545949095,47,0,0.46355083169917105,16995,10,1,0,1,1,0
0.2873524604377637,47,1,0.49680386340643096,17393,7,0,1,0,0,1
0.3078833287357869,73,1,0.5775304115254848,3303,7,0,1,0,0,1
0.25398390825221856,50,0,0.6795232199915111,4720,9,0,0,0,1,0
0.1936878014984791,41,0,0.28712148529442344,3130,5,0,0,0,1,0
0.12770722922106878,41,0,0.26732545427566623,2930,8,2,1,0,2,1
0.15535482750866295,34,0,0.3854507898678202,7575,8,0,0,0,0,0
0.05313962340957432,55,0,0.472768794166018,775,12,0,1,0,0,0
0.2083289685826706,67,2,0.31708907155759697,5719,9,0,1,0,0,0
0.5381774649188666,56,0,0.253374158072927,3667,4,0,0,1,0,1
0.2686558444470029,46,0,0.35842787551417243,2258,2,1,0,0,2,1
0.37490585298182044,45,0,0.40176820520880446,5091,12,0,0,0,0,1
0.16887663427672142,59,1,0.20894770972702206,16836,11,0,1,0,1,0
0.19126462138331252,53,1,0.04643795560962564,8119,3,0,2,0,3,0
0.1041611421196253,46,2,0.4372324433190567,1148,12,1,2,2,1,0
0.10457290655433395,30,1,0.5961299643664522,3854,5,0,3,0,2,1
0.35244915982580294,48,3,0.13494434330203248,4178,7,0,0,0,1,0
0.4317857464962666,51,1,0.21319277286637056,12974,11,0,0,0,5,0
0.1570552308572916,28,0,0.4970153365925755,5054,7,0,0,0,3,0
0.054929853527070575,18,0,0.38231070313598925,1312,12,0,0,0,2,1
0.30648534552995726,36,0,0.33020894781410975,1680,8,0,1,0,3,0
0.29367631568509617,42,1,0.07769422543027242,893,4,0,0,1,3,1
0.3668609330521446,62,2,0.1344985087476896,3680,9,0,1,0,3,0
0.1321753282586371,38,0,0.49030861059324565,6479,5,0,2,0,1,0
0.15967480384430682,61,1,0.18821915223195018,7041,7,0,2,0,3,1
0.2990847104211574,39,0,0.5111447715078551,10832,10,0,1,0,3,1
0.17947400980190376,18,0,0.1453421018457195,2370,5,1,0,1,1,1
0.5563916664510495,20,1,0.5567921750602556,7307,9,1,0,0,1,0
0.17072681838737028,51,0,0.7248467469244512,1726,5,0,1,1,1,0
0.3569038971642571,50,0,0.12180141977197952,8621,7,1,1,0,0,1
0.25496504945400333,46,0,0.3003371716244967,2963,12,0,1,0,2,0
0.3191971697699033,39,0,0.9361627715154677,2250,7,1,0,0,2,1
0.25748359624974465,41,2,0.320505319445332,4545,13,0,0,0,3,1
0.3060189003149122,72,0,0.09320014351017952,7252,9,0,3,1,1,0
0.5936639809006703,43,0,0.5134407099628643,18608,5,0,1,0,1,0
0.2567542974001956,31,0,0.35947195295233,6924,12,0,0,0,3,0
0.103698060773049,63,1,0.06618659358768147,3453,9,0,0,1,2,0
0.2095317888416408,53,0,0.22965555504122995,7481,12,0,1,0,0,0
0.19241509880380653,53,0,0.7873803708130648,11908,6,0,2,0,0,0
0.049892738379694795,52,0,0.4794664617699417,2995,8,1,2,0,0,1
0.28932261649063196,56,0,0.6750848055528895,5957,8,0,1,2,0,0
0.39722279469470534,24,0,0.26785198306542524,2529,13,0,1,0,1,0
0.15627322460314497,30,0,0.5343059841294912,5535,5,1,1,1,1,0
0.13763938226304157,27,1,0.5991823058746054,6582,7,0,0,0,0,0
0.34225345807734914,22,2,0.385501540268014,5542,7,0,0,0,0,0
0.11763407382513694,45,2,0.45713378905936114,4649,7,1,1,0,1,0
0.09172425648437864,18,2,0.7201959063359499,5757,6,0,0,0,0,0
0.42041426208036753,33,0,0.8272083145965563,3274,12,0,0,1,3,0
0.363309627723192,39,1,0.3654976579566457,8704,4,0,1,0,0,0
0.30135170855260124,38,2,0.23571296963785146,6569,11,0,0,0,2,0
0.18544243536828595,29,0,0.11741679025983413,12492,9,0,1,0,2,0
0.11411561164491153,53,0,0.49244900509761114,8724,10,1,3,0,0,0
0.30060080295829983,67,0,0.31920537180125275,6041,7,1,0,0,0,0
0.55672196301346,33,0,0.39470142545786085,8276,10,0,0,0,1,0
0.12011823161293449,26,0,0.29103950715729476,28138,11,0,1,0,0,0
0.33171704523661644,37,1,0.6344176121335757,2984,8,0,0,1,1,0
0.1505738313254089,73,3,0.3123005428124216,3364,10,0,1,0,1,1
0.031710271057781673,53,0,0.1485331769252961,6412,13,0,2,0,1,1
0.09881372611709818,46,0,0.5241874621446211,4548,10,0,0,0,0,0
0.2355940787784652,45,1,0.4340299166854308,9446,11,0,0,0,2,1
0.30583658505442063,60,0,0.24688650776357698,10746,9,0,1,0,1,1
0.021491019262346683,38,0,0.2855341517613392,1539,13,0,0,0,0,1
0.7167308318970356,45,0,0.6160400922325118,1599,12,0,2,0,2,1
0.11366177516791592,56,1,0.14234057846793213,13080,6,0,1,1,0,0
0.4794481549900629,57,2,0.6165193490544524,1960,12,0,0,0,1,0
0.20268270459605253,58,2,0.3795777988429092,3461,15,0,1,0,2,0
0.4145047513354228,53,0,0.4472370113643992,15215,6,0,2,0,1,0
0.44870143647767424,38,0,0.31012218480314385,713,11,0,0,0,3,0
0.5140096878544381,38,0,0.2603500033179727,6530,14,0,3,1,0,0
0.05558689401562021,26,2,0.46459877949998263,10590,3,0,0,0,0,0
0.38725604708148903,40,0,0.5866318103134758,4904,6,2,0,0,1,0
0.15323395892200614,60,0,0.4581167231522248,5933,6,1,1,1,0,0
0.5743465131479931,64,0,0.3976182720929861,1858,5,1,0,1,0,0
0.06940441929857505,41,1,0.47863968740266677,5027,7,0,0,0,2,1
0.24295519191429088,29,0,0.33800697597986484,9730,15,1,1,1,1,1
0.44871555334835983,37,0,0.36592114399754283,7807,6,0,0,1,2,0
0.4536381591786565,31,1,0.1493284681404671,7878,7,0,1,2,0,0
0.4024325987588344,25,0,0.1292378126103213,8488,9,0,2,1,3,0
0.3006329307287905,19,2,0.6911647450099114,6355,6,0,0,2,2,1
0.2355879338774501,34,0,0.4372549579244942,1630,5,1,1,2,2,1
0.24379712413835555,23,0,0.143653225195707,2276,10,0,0,0,0,0
0.504552181515814,25,0,0.27374117573604373,4479,5,0,1,0,0,0
0.165183090032376,46,0,0.42314690742086725,15887,11,0,2,1,2,0
0.3652635642270428,43,0,0.41732362831632897,9076,7,0,1,0,1,0
0.1648314994547704,65,1,0.14473455918351485,26399,6,0,0,0,0,0
0.2605579052798706,65,2,0.20708369840758376,15882,5,0,1,0,0,0
0.1527561209063467,57,2,0.5713408183639075,2853,8,0,1,0,2,1
0.20722249049891533,58,0,0.5224761912010227,2386,10,1,1,1,2,0
0.22414992850175816,44,1,0.5334636215142199,2386,3,0,0,0,0,0
0.8109067760698726,53,0,0.3579146274413331,681,11,1,0,0,1,0
0.12618585558164427,48,0,0.12567272133469146,13067,9,0,0,0,1,1
0.32324578474630605,53,0,0.07606128655948019,11657,3,0,0,0,3,0
0.37812933923944364,33,1,0.5511865758293552,5537,9,2,1,0,1,0
0.3739443979737839,46,0,0.530331466806582,3708,9,0,0,1,1,0
0.2396163853020755,54,1,0.053187273100061584,25208,4,0,2,0,2,0
0.2007149535225731,30,2,0.2904589423590716,7408,10,0,1,0,2,0
0.22553315698099313,47,1,0.16556492048674795,11968,7,0,0,1,0,0
0.15570455971949188,66,1,0.23653720706654235,1119,7,2,1,0,1,1
0.15950445565711258,55,1,0.6515166839839405,3977,1,0,0,0,0,0
0.2724826569567594,41,0,0.09647314130434208,1592,9,0,0,0,0,1
0.38253905070117245,57,1,0.5625909648026495,1305,8,0,2,0,1,0
0.09477525729782091,54,2,0.7157972862492857,13805,4,1,2,1,2,0
0.3069327667077413,42,0,0.40637835790438426,3896,4,2,1,0,0,1
0.46781005998293296,20,0,0.4217215690023633,5039,8,0,0,0,1,1
0.17236975885480008,50,0,0.5298244673122698,2480,8,0,2,0,0,0
0.3922281248227503,49,2,0.3233893288220317,2141,8,0,0,1,2,0
0.3329420266180742,41,0,0.7590874927839446,13743,8,0,2,1,0,0
0.03981806471877003,18,0,0.4610870677747935,3716,10,0,3,1,0,0
0.052949729062123134,56,0,0.4343159120530434,10757,7,0,2,1,1,0
0.7213416651429904,32,1,0.7028117892703071,6522,8,0,1,0,2,0
0.15370401772472778,52,0,0.4089150537619572,1910,6,1,0,0,0,0
0.36357083230721887,59,0,0.28257886434927126,2826,8,0,0,0,1,0
0.05587552862906978,37,0,0.3909190379327687,5889,6,0,0,0,1,0
0.44056765006704457,37,3,0.4869468344122399,10544,9,0,1,0,4,0
0.03090824750805882,64,0,0.35780954811983146,30885,9,0,1,1,2,1
0.1417391800320823,18,0,0.6438780111143224,19147,7,0,1,0,3,1
0.2728481210869733,34,0,0.5605133602938533,3237,7,0,0,1,0,0
0.055723806780402105,19,0,0.6994918982318834,6357,9,0,2,0,0,0
0.16086615998294831,18,1,0.6348413500748694,6668,9,0,0,0,0,0
0.4007214039717962,61,0,0.29782139933514135,2394,9,0,0,0,1,1
0.36707263151537045,63,1,0.27028605921361426,1979,13,0,1,0,2,1
0.373240031611789,34,1,0.7443945369402111,13921,12,1,2,0,2,0
0.47263322292228693,56,1,0.2657050419679978,17482,9,0,2,0,1,0
0.12637856672230352,32,0,0.39509342041712703,15124,10,0,2,0,0,0
0.10055362804400503,31,0,0.25271383201276915,3994,4,0,2,0,0,0
0.32252514208091454,55,1,0.2203476767497826,8736,2,0,1,0,2,0
0.3415781308844896,34,0,0.672589503698529,2597,9,0,0,0,2,1
0.47249827032019504,50,1,0.09870740409329899,3052,6,0,3,0,0,0
0.4662050593869722,27,2,0.5533120336335111,4812,4,0,2,0,2,0
0.3933375904044715,38,0,0.6579686668542444,17683,2,0,1,1,1,0
0.0874886852015663,43,0,0.3057887394252392,8578,8,0,0,1,1,0
0.16679092455247077,25,1,0.5675881409328711,10304,6,0,0,1,3,1
0.17721657288290962,46,0,0.5176765519675866,11006,9,0,0,0,2,0
0.22590000563939813,55,1,0.4888188469086064,4813,6,0,2,0,0,0
0.06928462329398882,53,1,0.4721709630589476,19102,7,1,0,1,1,1
0.19629007911529206,39,1,0.7448117222776328,2367,9,0,2,1,1,1
0.14210361727259888,37,0,0.7136391439195827,5615,10,1,3,2,1,0
0.044380111833670514,42,0,0.7542172725056496,4966,10,1,0,0,1,1
0.016280251354399946,34,1,0.39159333223867626,8326,7,0,1,0,1,1
0.29957377852511585,52,0,0.21559133318861076,20667,6,0,2,0,1,1
0.18583677580883806,55,0,0.572382787222251,7008,5,2,1,0,2,0
0.2574927661440983,56,0,0.36786938401534525,2630,4,0,0,0,0,0
0.14871152615290162,80,0,0.5196233488355213,7237,6,1,1,0,4,0
0.13016889354392225,66,1,0.6594970143440774,3368,5,0,1,0,0,0
0.5403359263245565,38,0,0.581473308344884,9026,7,0,1,1,0,0
0.16229354902114737,42,0,0.2253413052171563,16638,7,0,0,1,0,0
0.2606723997097681,42,0,0.37472477115993086,7347,11,0,0,0,1,0
0.10712848290550278,39,0,0.3166275145812648,15862,7,0,2,0,3,0
0.3660036375530111,50,1,0.8013735896183146,6049,9,0,2,0,0,0
0.2771286994089295,43,0,0.38090708831472764,1389,4,0,2,0,1,0
0.07274831127857125,67,0,0.08787737064161649,4702,10,0,3,1,3,0
0.17357046053204375,57,0,0.6605381958434807,4108,10,1,1,0,1,0
0.1741962419921735,36,1,0.5898097214136047,5396,8,0,1,0,2,0
0.14463211444815932,38,2,0.29296072226964853,5593,7,0,2,0,0,0
0.27548730136413774,45,0,0.32716418834058725,3479,8,1,0,0,2,0
0.15743129731187527,42,0,0.5747701958347173,5873,9,0,1,0,2,0
0.40661667136018037,65,0,0.32641511221563885,7369,2,0,0,0,0,0
0.2562612404377355,42,1,0.530185030593896,39797,6,0,0,1,1,0
0.4315416225078265,61,0,0.6905580303021754,9577,8,1,2,0,0,0
0.026567893676120072,60,2,0.22202366743500151,3060,12,0,0,0,1,0
0.2146031099270097,70,0,0.3618146986746955,5169,8,0,2,0,1,0
0.3714714711939924,47,1,0.28279779212044664,5744,4,1,0,0,1,0
0.6108937668863093,24,1,0.3861143770126458,8527,11,1,0,0,1,0
0.054511770061242096,59,1,0.704270660432979,7886,13,1,1,0,1,0
0.019994764117145757,46,1,0.6645844912747219,16771,8,0,3,1,0,0
0.19596842757387622,50,1,0.1724932631177126,10299,8,0,1,0,0,1
0.3467819431556794,56,0,0.3715298610893845,7945,12,0,2,0,1,0
0.33071621576851085,40,0,0.34475436051429836,10487,6,0,1,1,2,0
0.04273740403325114,59,1,0.2458531071693032,5140,6,0,2,0,0,0
0.09725952878010932,43,2,0.36137543127312727,3916,7,0,0,0,1,1
0.438642895190089,24,0,0.35481623961882086,4339,9,0,0,0,1,0
0.3855724114521631,57,0,0.35564397932237335,8084,10,0,0,0,0,0
0.22605948035651663,47,0,0.22501435519013807,7984,10,0,1,0,1,1
0.05157347784800853,48,2,0.3623866793472178,9652,12,0,1,0,0,0
0.2637818062659771,29,1,0.7963886767672429,11644,3,0,0,2,6,1
0.20252649471296386,30,1,0.3156963652452213,3402,12,0,1,0,1,0
0.6448764204645097,47,2,0.5060246001654994,2045,3,0,1,0,1,0
0.3093839201667685,62,0,0.17125786198860823,4143,6,0,0,0,1,0
0.6178372066853828,25,1,0.16337342366757032,6778,13,0,1,0,1,0
0.025759728132345807,26,1,0.7196534187845303,12149,9,0,2,1,2,0
0.2771505598421272,57,1,0.12311889972390266,3035,13,0,1,3,0,0
0.35765452093179545,54,0,0.5886678726204638,2635,8,0,0,0,0,0
0.4103580588827313,21,1,0.25427184908810746,7654,4,1,0,1,1,0
0.5536532937254114,60,0,0.6026177331016015,4432,10,0,2,0,2,1
0.05431094813627773,18,0,0.06069220756351428,1623,13,0,0,0,0,0
0.23202896309824386,31,0,0.4057136374665216,8900,8,0,1,0,2,0
0.45141594594679973,53,0,0.705507607118421,2621,5,1,0,0,3,0
0.27754776380102547,47,1,0.06960413513218638,3928,8,0,1,0,1,0
0.282964793367506,55,1,0.3892923312771225,9631,8,0,1,0,0,0
0.1739441951348385,48,0,0.7153924476350909,2963,10,1,2,0,1,1
0.18393061313663925,45,0,0.6289920206440908,3400,7,0,0,0,0,1
0.30348941891312897,47,0,0.29480073569526427,850,11,0,1,0,0,0
0.45272578892222864,53,0,0.6002586955991854,4342,5,0,1,1,0,0
0.3296495099674697,44,1,0.4892159299976941,2696,9,1,0,0,2,1
0.13437291517659095,62,0,0.4422087602778544,22419,9,0,3,1,1,0
0.20841181264426484,50,0,0.4560486743807564,17732,6,1,3,0,0,0
0.12202334284698162,37,0,0.2619516419327457,9354,8,0,0,0,0,1
0.5781012221875709,33,0,0.3660717895039659,7640,6,0,3,1,1,0
0.18852813376382765,41,1,0.6746808624742225,12136,8,0,0,0,0,0
0.11385813317703584,52,0,0.4576473786539045,2693,4,0,0,0,0,0
0.2598104896943794,65,1,0.5048070416182322,7226,11,1,0,0,0,1
0.2813233342316547,30,0,0.359051315483796,6473,10,0,3,0,0,0
0.24248081539093144,57,1,0.1813875957627367,2955,9,0,0,0,0,0
0.16549271414347239,42,0,0.6386571142943798,11411,4,0,0,0,0,0
0.3323449602213096,51,0,0.18919892425970714,5681,10,0,2,0,3,0
0.22808351483642725,24,0,0.7237917718378585,6536,6,0,0,0,2,1
0.4165706784853758,43,0,0.26556874992231394,9636,10,0,0,0,1,0
0.13490679471808478,18,0,0.5463690976654811,3088,4,1,0,0,2,0
0.29089754324674905,44,0,0.20208795725498582,4757,5,0,0,0,0,0
0.22179057902029747,72,1,0.36851872659504936,7981,5,1,1,0,0,1
0.45083218500158306,38,0,0.697539828391929,1059,12,0,1,1,4,0
0.2540225264749865,49,0,0.3688627524362955,5410,8,0,0,0,0,0
0.13871358415926882,55,1,0.3475850657286811,4134,11,0,0,0,1,1
0.08972612308761097,39,2,0.7654712532562731,5945,11,0,1,0,0,1
0.12186107505058903,18,0,0.11354533691785801,6968,10,0,0,0,2,0
0.03056291148097481,36,1,0.11261028023911784,8196,10,2,0,0,1,1
0.43701932380045744,23,2,0.19383969730608866,3303,5,0,0,1,0,1
0.34229769597322923,25,0,0.5969054668327376,3737,11,0,2,0,3,0
0.4858096327618711,56,1,0.369977531181971,8375,9,2,2,0,0,0
0.6560293452138029,34,1,0.39573105439623424,4396,7,0,1,0,0,0
0.19372979683988384,45,1,0.6827000351216009,6994,6,0,0,0,1,0
0.20705953477083225,35,1,0.7374966344418562,1932,5,1,0,2,3,0
0.6841232213042796,35,0,0.2874285809420913,2424,9,0,0,1,1,0
0.31828646055064375,45,0,0.5287670332190482,3384,14,0,4,0,1,1
0.3054642096799681,45,0,0.40227974494510044,2836,8,1,2,0,0,1
0.484995634202864,41,1,0.4252335492510167,3298,5,0,2,0,0,1
0.5260361011209745,37,1,0.24494467854687335,3740,4,0,1,0,0,1
0.29263566409740815,52,1,0.4969721952170503,9175,15,1,2,0,1,1
0.3758308061921326,43,1,0.4702926578942413,2729,6,0,2,0,0,0
0.4146817372430825,41,2,0.3887763170756287,4640,7,0,3,1,1,0
0.16922299098926694,20,1,0.6697697461960872,3481,9,0,1,0,3,0
0.4381490474282959,24,1,0.41646169269392574,12551,8,0,4,0,1,0
0.4739092784825675,21,1,0.6380064066379094,47661,6,0,0,1,1,0
0.2772328630533742,36,0,0.352098588637245,6622,8,0,4,0,1,0
0.31517538864554584,18,1,0.6686368896204851,2525,8,0,1,0,1,0
0.5617850701544861,37,1,0.23311709961873303,3168,10,1,0,0,1,1
0.16177583397785328,40,1,0.48020145078297677,6515,8,0,2,0,2,0
0.0732885377135375,32,2,0.7924352494618215,2477,8,0,0,0,1,0
0.08613198147452425,43,0,0.485981737088353,1629,6,0,1,0,1,0
0.3440477679703469,64,1,0.6790764914784844,2152,10,0,1,0,1,0
0.7623709156310648,39,0,0.11809198670492287,3464,7,0,0,0,0,0
0.12372812672206582,62,0,0.2953332637614651,8906,6,0,3,1,0,0
0.269367248761556,52,0,0.37669570255603124,2263,9,0,0,0,0,0
0.2849867328668554,35,0,0.4233372551126158,4215,2,0,0,0,0,0
0.3919734835831765,53,1,0.3346787463267924,8530,8,0,0,0,0,0
0.22692586011024962,59,0,0.332445966687782,2704,5,0,1,0,0,1
0.3856561443112422,67,0,0.4083840394160035,5704,7,0,0,1,1,1
0.21442050150440808,36,0,0.32344086948956785,6270,6,0,0,1,2,1
0.1714753397882755,63,0,0.33467632884427356,3306,6,0,0,0,2,0
0.05840704175812738,51,0,0.6693794945445469,2366,5,0,0,1,3,0
0.34095356594858195,59,0,0.5598028815043506,8598,12,1,3,0,1,0
0.24194105086068443,47,0,0.31655529797529725,7295,7,0,0,0,2,1
0.1756623605003515,63,1,0.34455600223741484,14055,6,0,2,0,2,0
0.2649519440645903,31,0,0.7288141330820206,7169,10,0,0,1,1,0
0.28667028498329766,58,2,0.5840543171516925,8885,3,0,0,1,3,0
0.15374881347368125,18,0,0.2659264491459807,16496,6,0,0,0,0,0
0.16938140787641132,58,0,0.5659854022215269,3069,7,0,1,0,0,1
0.35095397988080945,42,1,0.4842913472975084,7646,14,0,1,1,0,0
0.5846331785534162,43,0,0.5007798798106651,1286,8,0,0,0,0,0
0.2200976280725455,57,0,0.4231598052823014,4865,6,1,1,0,0,1
0.32930705442531183,72,0,0.1498380670836036,2944,11,1,1,0,2,0
0.2671823421806834,18,0,0.2801190422683789,3860,5,1,1,0,0,0
0.15840491473576981,38,0,0.15355739256589576,1623,4,0,3,0,0,0
0.4467382186072185,70,0,0.5201161521005176,11517,4,0,0,0,3,1
0.3767071969340818,42,3,0.23659615809687437,6582,7,0,2,0,1,0
0.08542493225231028,35,0,0.31512240582117584,4282,10,0,1,0,0,0
0.36194667998180186,39,0,0.5038656278603062,8602,8,0,3,1,0,0
0.06743509297068427,57,0,0.3430185804119708,3991,10,1,0,0,2,0
0.23917844708888106,73,1,0.13460104059575123,7384,11,0,1,1,2,0
0.13569930010360184,51,1,0.49326009127875103,4739,14,0,2,0,2,0
0.3297322321387327,43,2,0.40947845110579406,4622,7,1,0,0,2,0
0.3810182354627869,46,0,0.21464177405769952,3712,9,0,0,0,3,0
0.35863501137316256,22,0,0.1503354343802006,8569,11,0,3,0,1,1
0.32962166973250784,67,1,0.40359667570856994,3648,7,0,2,0,0,1
0.2973673375750169,41,2,0.3867276506769512,3769,6,0,0,0,2,0
0.2606883430919806,36,1,0.18415378093947232,8388,8,0,0,0,0,0
0.30952036953479883,31,1,0.7165917332052711,6315,9,0,0,0,0,1
0.2812982119250423,64,2,0.15837464793446512,10447,12,0,0,0,1,0
0.17493806793241654,58,0,0.437817373728058,16674,10,0,1,0,1,0
0.3016236028501526,26,0,0.6424960119169512,2526,9,0,0,1,1,0
0.30005866544970305,41,1,0.31783763822626104,2692,10,1,1,0,2,0
0.4292024485957655,49,1,0.864498875284754,29967,6,1,0,0,0,0
0.3586749131062239,73,2,0.20127355005950107,2143,9,0,1,0,0,1
0.2660490352699976,44,1,0.6060811924853835,14986,12,0,1,1,1,0
0.08969172801552716,18,0,0.44256215451446373,3373,13,0,1,0,1,0
0.4222487302999841,29,1,0.6775615501449269,5722,6,0,0,0,1,0
0.27479999085966383,42,2,0.18876062631552806,1488,13,0,0,0,1,0
0.371601890543127,59,1,0.745948138074827,4806,4,0,0,1,0,1
0.07696146486801138,56,0,0.35475564580110425,10260,8,0,1,0,0,1
0.450576376119273,55,0,0.442058225930655,3529,11,0,0,1,1,0
0.18896121184716286,45,0,0.2012764804441218,3597,7,0,1,0,0,0
0.19831813341985755,51,1,0.37057928266120554,4048,5,0,1,0,0,0
0.15080354563915932,50,1,0.26292116849844305,16625,8,0,0,0,2,1
0.28063021443808217,27,0,0.37811469459864744,982,8,1,0,0,1,0
0.3481930426768929,44,0,0.09612509427341893,5283,3,0,0,0,2,0
0.5978123288238335,35,0,0.369301036253794,20043,5,0,1,0,1,1
0.015165813243536708,50,0,0.6176776011870995,3808,8,0,1,0,3,0
0.3272578199321532,51,1,0.0916719215974302,17935,8,0,2,0,0,0
0.24802030763961594,45,0,0.6454969641007012,4235,5,0,1,0,3,0
0.48884360941432403,33,0,0.6622581633388878,20432,7,0,2,0,0,1
0.37355879322751984,43,1,0.7203419576990688,2801,11,0,1,0,1,0
0.19575081264258937,48,1,0.22113848730037894,11152,7,0,2,0,1,0
0.035413165727796514,37,0,0.18799550228886674,15465,5,0,0,0,0,1
0.1572302659327504,70,0,0.35243216326157034,3646,8,0,0,1,2,0
0.15710702109758365,32,1,0.2118944659367728,5563,12,0,0,1,5,0
0.5141065622778769,20,0,0.8616929775888849,5860,7,1,0,0,2,1
0.2956489321024708,34,0,0.30975378489196925,2991,5,0,2,0,0,0
0.03833693151063631,30,0,0.8196962039843707,691,9,0,2,0,0,0
0.27735392439701934,33,1,0.4089040906536231,2617,6,2,1,0,0,1
0.4555488229445821,23,0,0.24875637795697,2160,6,0,0,0,1,0
0.06015766322522815,39,0,0.6596126696688827,3028,6,0,0,0,2,0
0.24890240545800976,64,1,0.5657490399165966,3292,6,0,1,0,2,0
0.13861852598347915,59,1,0.05973909823751124,5770,9,0,0,0,0,0
0.20706984181974067,35,2,0.6352095369146037,2467,5,0,1,0,1,0
0.3127128669307817,41,0,0.7144520415005696,8427,7,0,0,0,1,0
0.0644781634078074,54,0,0.07601003755131042,684,8,1,0,0,2,0
0.48599962600886926,34,1,0.5293189251978946,8522,6,0,2,0,3,0
0.7138716954986808,40,0,0.32920691398810203,10576,4,1,1,0,2,0
0.21342672876681418,28,0,0.26040523035547014,6216,8,0,0,1,1,1
0.3153431095008607,41,3,0.4245501162852343,2765,6,0,3,0,1,0
0.22716049013026537,53,0,0.5808813743923449,3315,8,0,0,0,1,0
0.162991335850764,27,0,0.423725401004117,9286,4,0,5,0,1,0
0.31102897590150747,72,3,0.1450060635802829,4742,9,2,2,1,1,1
0.37762593756752133,44,0,0.14583432101966817,13463,8,0,1,0,1,0
0.573286727160394,19,0,0.5367690873408798,5746,10,0,1,1,1,1
0.22392702541271867,57,1,0.4127463600124442,6832,10,0,2,1,1,0
0.16718243350008388,34,1,0.45508182708721706,4569,8,0,1,1,1,0
0.09289203384164249,30,1,0.40569905983145865,3743,7,0,1,0,0,0
0.23312890157314353,44,0,0.3140797821649802,10544,12,0,2,0,1,0
0.12748037285954328,20,0,0.35657462247416405,5104,13,0,2,0,2,0
0.3169957158836092,40,0,0.2059972101822136,6505,4,0,0,0,1,0
0.3505334723304786,62,0,0.1685133705114901,3305,9,0,1,0,0,1
0.16903140160471553,43,2,0.38370603277777005,6409,9,0,0,2,1,0
0.4949300558042792,18,0,0.11911684022541688,4833,7,0,0,2,1,0
0.07966446075752133,38,2,0.3421890000919492,5976,14,2,1,0,0,0
0.2443593827291581,43,0,0.5355274647994438,2409,10,1,0,1,5,1
0.38501381334900525,25,0,0.653209971258057,6417,4,0,0,0,0,0
0.08510349642076734,27,0,0.9086500989841143,6377,9,0,1,0,0,0
0.2719570494589384,32,1,0.6980032442768211,2058,6,1,1,0,0,0
0.26447050001540184,53,0,0.3985300264996591,16678,5,0,1,0,0,0
0.577234923958616,21,0,0.272430106491725,878,6,0,0,0,1,0
0.3932642119414375,61,0,0.654549179878483,1471,7,0,0,0,0,0
0.32723830465978654,67,0,0.661043538449913,5633,7,0,0,1,4,0
0.28990379959228624,55,0,0.36607121040274043,1422,11,0,0,0,0,0
0.08424142958197976,47,0,0.36561383973262446,3062,16,0,0,1,1,0
0.17273140058478959,37,0,0.18749588618821955,2506,5,1,1,0,0,0
0.20964936123003083,21,0,0.464478111396804,804,7,0,2,0,3,0
0.11598237469450019,40,0,0.6436539030794418,1204,13,0,1,1,3,0
0.2424115849980102,64,0,0.08776198185040587,2626,9,0,0,0,2,0
0.2426458747528301,38,0,0.5951266155380858,883,12,0,3,0,0,0
0.32942098085784194,68,0,0.36141268218521205,3565,7,0,1,1,1,0
0.31801205920403863,49,0,0.3788989596938238,5717,5,1,0,0,0,0
0.15215452675143787,49,0,0.47843215538716827,6072,10,0,0,1,0,0
0.10399560951129003,56,1,0.2539121865216325,5590,9,0,1,0,2,0
0.13079890438016295,37,1,0.7898706783535195,2689,9,0,0,0,0,0
0.646210020596514,37,0,0.24839746516397548,10611,7,1,0,0,0,0
0.26503929515546515,39,0,0.2661834845306672,3110,7,1,1,0,1,0
0.22814371776230477,41,1,0.26977079936869003,5748,7,0,1,1,1,0
0.3452180048156985,42,1,0.19899894616219432,6928,12,0,1,0,1,1
0.2506272700372121,60,0,0.7092849869773157,3238,8,0,3,0,0,0
0.14690539918028386,44,1,0.23647731019222248,4439,11,0,3,1,0,0
0.11832221195733243,41,0,0.7234473027180655,1508,9,0,0,0,1,0
0.6721552406178647,44,0,0.6322812833228485,4401,5,1,2,0,2,0
0.5151341666546372,18,0,0.5354366972010354,4525,8,0,1,1,1,0
0.23141181714624534,35,1,0.2516831755992993,6450,8,0,1,0,0,0
0.269485754481595,38,1,0.26074016212013,4303,12,0,3,0,2,1
0.15343205067526305,52,1,0.2056330681866877,1618,3,0,1,0,4,0
0.35783510665214696,48,0,0.5700060123760892,1163,12,0,1,0,1,0
0.37010053686461,52,1,0.45183671009213766,929,11,0,2,0,1,0
0.33637935139320896,56,0,0.12123382922778528,7235,10,0,2,0,0,1
0.21819189823190271,54,0,0.5414247166528108,2227,9,0,1,0,0,0
0.24056286281209285,42,0,0.4695427622540764,7423,5,0,0,0,3,0
0.12859139817701712,48,2,0.7747929132010976,2900,11,0,2,0,0,0
0.4231462405555512,53,0,0.5894336679986577,1006,7,0,2,0,2,0
0.07131670975201464,68,0,0.32528339827929564,2859,6,0,5,1,1,1
0.5489293722641424,34,0,0.11822973731160244,9958,7,0,1,0,1,1
0.5330272857407805,18,1,0.3902973092972549,15904,13,0,1,0,0,1
0.16220386916118287,56,1,0.14746122680589882,3273,7,0,1,0,2,0
0.28336276238168134,24,0,0.2005528279902244,881,8,0,1,0,4,0
0.3712444790265569,48,1,0.621186857198249,6570,7,0,1,0,3,0
0.4462289830405121,54,0,0.6608987507286402,8645,5,0,2,1,0,0
0.16729830008885352,48,2,0.19949893539717806,5820,4,0,0,0,2,0
0.18649744591056303,18,0,0.36549220557774953,1200,9,1,1,0,0,1
0.2245776000118571,50,1,0.47041684656480937,3148,7,0,1,0,0,1
0.29198998181655866,46,0,0.44212951758096086,2592,3,0,4,0,0,0
0.676149962298206,50,1,0.219830255176735,2307,16,0,1,0,1,0
0.15213855658537226,18,0,0.2604963092778439,17017,9,0,0,0,2,1
0.22133153450614126,53,1,0.34193896236513777,2819,9,1,1,0,1,0
0.2889374325989204,41,2,0.3815440206032049,2447,9,0,0,0,0,1
0.4662984321410344,90,1,0.3478903708007143,1416,3,2,1,0,2,1
0.3097050518004867,35,0,0.5458539706752453,4330,7,0,0,0,2,0
0.5757803084268632,61,0,0.4091196469430351,11632,11,0,0,1,2,0
0.7484614285206497,55,0,0.40974724879040236,4113,8,0,0,0,0,0
0.07298806565294137,47,0,0.3361137024958069,14125,6,0,1,0,0,0
0.386215288103788,60,1,0.1630244481059487,9388,7,0,1,2,1,1
0.4218392651479685,24,2,0.2733967837845549,4781,7,1,1,0,0,1
0.49127725483462775,24,0,0.3273889112830585,3826,9,1,1,0,0,1
0.2948420840830913,82,0,0.847255380806129,26327,7,0,2,0,2,0
0.1283528248528088,49,0,0.774348741169259,11980,6,1,1,0,0,1
0.0967319920414454,22,0,0.5343765449346334,2683,6,0,2,0,0,1
0.25281765341348833,48,0,0.7065965269946657,6522,6,0,1,0,3,0
0.3763301928650422,39,0,0.4925238674252254,2688,12,1,0,0,0,0
0.4446371458639704,39,2,0.27451867466032953,6895,8,0,0,1,2,0
0.1786609866746167,41,0,0.28040565415224583,5000,9,0,2,0,0,1
0.06871649735016337,43,0,0.07605555562100473,4083,12,0,0,0,2,0
0.15622313033917343,18,0,0.44179017449216035,10735,8,0,2,0,1,0
0.34258096627027157,33,1,0.38535894884488114,16890,4,0,0,0,2,0
0.32650238958697037,42,0,0.6371927695315308,6240,8,0,0,0,0,0
0.319045679406102,62,0,0.4264833301199152,5576,10,0,1,1,1,1
0.3883944968901032,27,0,0.7154744493217786,2992,8,0,1,0,1,0
0.5891279292165018,19,1,0.31162143857584035,2399,6,0,1,2,3,1
0.0898952079061701,35,0,0.30308608918168695,14160,6,0,0,0,0,0
0.15983445393937876,39,0,0.6874141988249537,1400,11,0,3,0,0,0
0.21581628238281403,30,0,0.2997100691028624,1429,5,1,2,1,2,0
0.25844024694799245,38,0,0.7713859763330916,2954,8,0,0,1,0,0
0.08370243962560205,66,0,0.3261688807366577,10150,7,0,0,0,1,0
0.5154625281565639,70,2,0.27401800751854244,4788,5,1,4,0,1,1
0.20075427270110305,43,0,0.2893672314794842,2620,7,0,1,0,0,0
0.3798566690146554,41,0,0.48786625532968175,12072,12,0,1,1,1,0
0.3038251793372779,59,0,0.484581997974558,11529,11,0,0,0,1,0
0.2567100583839607,44,2,0.4116342109947525,6667,9,0,3,0,2,0
0.4006033446614337,72,0,0.7110783924450598,3476,8,0,4,1,1,0
0.063267577819086,51,1,0.12478551922405517,18104,6,0,1,0,2,0
0.41912011466871585,35,0,0.25775565357431013,16162,5,0,2,1,2,0
0.1426554509445274,60,0,0.21727341972363162,7838,6,0,0,0,2,1
0.5196200499408512,49,0,0.1682605499945417,22873,9,0,0,1,2,0
0.3521729781523119,58,0,0.2987397145657896,3232,8,0,0,1,1,0
0.634670757514005,61,1,0.3451466799779674,1786,9,0,0,0,1,0
0.08618527425058671,29,1,0.44571464776541037,6516,11,0,1,0,0,0
0.11151887036583094,50,0,0.26521513229400967,685,10,0,0,2,0,1
0.41294438862267363,57,0,0.3717366825319444,15808,7,0,0,0,0,0
0.37815317158761214,66,0,0.4749914652458441,1751,8,0,0,0,1,0
0.21176332856112462,68,0,0.8905985014601749,3549,2,0,2,0,1,0
0.2246951268595883,51,1,0.6784197906627331,5553,11,0,0,0,1,0
0.4306670900917494,50,1,0.23639310752383297,4481,13,1,1,0,2,0
0.17271210430634262,36,0,0.22851684410275314,5428,9,0,0,0,1,0
0.20231890379819828,42,1,0.28476439067941056,4464,6,0,3,0,2,0
0.564963424488171,47,0,0.505970612484662,15740,5,0,3,1,0,0
0.36102912011672356,54,1,0.2850252712596135,4933,8,0,0,0,0,0
0.1531534913826334,49,2,0.5340100559086794,5076,12,0,1,0,0,0
0.12172511549737276,50,2,0.46489172704349285,5087,6,0,1,0,1,0
0.3102227146212341,35,0,0.5713500229686543,5170,10,1,0,1,1,0
0.5619001576809975,27,1,0.8124739693600648,4806,7,0,0,0,0,0
0.5685268850849287,54,0,0.10538172824690735,940,10,0,1,0,1,0
0.4876163457866956,51,0,0.2935651589214347,1718,5,0,1,1,3,1
0.09708485182499722,43,1,0.39740009786038194,15738,12,0,1,0,0,0
0.3532552392852431,36,0,0.027214994914549078,10182,9,0,2,0,0,1
0.4166107355978058,41,0,0.3860744188644656,8425,8,0,0,0,0,0
0.42030295378823773,48,0,0.5778961905335226,3712,10,0,1,1,1,0
0.19707922283186766,48,0,0.3328950876967344,5705,5,0,3,1,1,0
0.16605761486869425,39,0,0.37667558519498756,6033,13,0,0,1,4,0
0.2629487244739411,23,2,0.7347322208180385,6712,9,0,0,1,0,0
0.3691749973636653,55,0,0.3282017524693157,3645,9,0,1,0,2,0
0.2194322326812001,40,0,0.40684823613633736,2582,6,0,0,0,3,1
0.2508469304888566,60,0,0.67674070483203,8119,9,0,0,0,2,1
0.2954536200988765,28,0,0.7114724363934791,1954,6,0,2,0,1,0
0.40368480610623164,25,1,0.12937890473207841,3195,4,0,2,0,0,0
0.33969697015296424,61,0,0.4787808529037176,8045,11,0,0,0,1,0
0.12092776737099574,21,0,0.2553626658125339,5328,8,0,1,0,0,0
0.20915072257761166,26,1,0.5605936471485318,2328,7,0,1,0,2,0
0.3452298827101395,26,0,0.5403745926500021,1830,6,1,0,0,1,0
0.06771493474613631,23,1,0.5082041654194667,7927,8,1,1,0,1,1
0.09645179777272414,60,0,0.4104100417326754,3763,5,0,1,0,0,1
0.2364317359258112,29,0,0.5339325471236631,1606,5,1,1,0,1,0
0.2693488538706534,29,0,0.1863550081849756,2735,9,0,1,0,1,1
0.02893477872404072,43,1,0.6317270822696073,11678,9,0,0,0,0,0
0.15395529210306608,45,1,0.21041624980847787,6341,4,0,1,0,1,0
0.25978916910378264,61,0,0.598238331073224,9325,8,0,2,1,0,1
0.3914059311858501,41,1,0.5760238836486385,6197,10,0,1,0,2,0
0.19537539216883765,38,1,0.5883670868275036,27410,4,0,2,0,1,0
0.40055597058683856,31,0,0.45914924584352923,4320,8,0,0,0,3,0
0.3054329820659264,18,0,0.45947900290855415,8030,8,1,1,1,1,0
0.1231322811847612,50,0,0.7788789436347537,2749,3,1,1,0,0,1
0.4337493617487102,47,1,0.6084852002234135,2669,9,0,1,0,1,0
0.10517219992026015,21,1,0.13469679160165937,6071,8,0,0,0,4,1
0.44512167312854983,37,0,0.23302775621502433,10968,6,1,0,1,0,1
0.1171592335111621,18,0,0.4208562187765056,7365,6,0,2,0,1,0
0.02099393223588398,29,1,0.7272717599545648,15491,8,0,1,0,0,0
0.41384648180395217,33,0,0.18000762337394202,3699,4,0,1,0,0,0
0.4025423616797157,53,0,0.582930959455228,1322,7,0,0,1,1,1
0.40113986518582356,66,0,0.761968919632206,6497,5,0,1,0,0,0
0.22605835118363962,39,0,0.2421408150423943,2553,8,0,1,0,2,1
0.14329250889859776,40,0,0.30108567915485623,2467,12,1,3,0,2,1
0.49437797088669766,50,1,0.3055831933050983,9537,6,0,0,0,1,0
0.23055166791056173,50,0,0.4163399451396384,3985,8,0,0,0,3,1
0.45604457023784034,18,0,0.04229106890186166,6206,8,0,0,0,1,0
0.3926257397548432,48,1,0.570318939836257,29714,10,0,2,2,2,0
0.6512618752400804,44,0,0.5114851241381124,4079,6,0,2,1,1,0
0.10037318468035952,41,0,0.12019297896091985,10331,10,0,1,1,1,1
0.27577474004052455,43,1,0.4333667583214677,5714,8,0,1,0,1,0
0.46339937863165026,38,1,0.3846910448784337,13417,10,0,3,0,1,0
0.08866011961817737,23,1,0.2436894512587822,5306,8,0,0,0,1,0
0.5584051136284874,55,0,0.5920970019440721,6926,11,0,0,0,1,1
0.17132804626169304,76,0,0.8220200213491322,1805,8,0,2,0,0,0
0.06062507855986488,20,1,0.28799785958657076,7076,13,0,0,0,2,0
0.5641914677421103,18,0,0.3143955145055361,1058,2,0,0,0,2,0
0.19240321117019457,42,0,0.730239289113719,15278,5,0,2,0,2,0
0.036459041240465895,41,0,0.3739755592817701,4224,8,1,0,1,2,0
0.4061493463426681,53,1,0.39700664059643315,1734,7,0,1,0,0,1
0.20918749427285335,43,2,0.25129467452401355,21691,10,0,1,0,0,0
0.5359790458704004,47,0,0.3693841614738738,9253,12,0,1,0,2,0
0.22748894448748117,61,0,0.3151180119703009,1941,6,0,2,0,0,0
0.34547819634825155,56,0,0.24430312997899462,5321,12,0,3,0,2,0
0.10423219630384997,55,0,0.20944803503821374,797,7,0,2,0,2,0
0.18812051124400525,35,0,0.29309068417891804,5534,6,0,0,0,0,0
0.4619690476923502,58,1,0.19541171690307146,2466,8,0,0,0,0,0
0.4437380380658007,52,2,0.5200538356578647,13056,8,0,1,0,1,0
0.07081968572008307,42,0,0.3751951419779769,4598,8,0,0,0,1,0
0.7907180252876437,32,0,0.4107071973585959,16126,7,0,2,0,2,0
0.7495074243379812,54,0,0.18161439717509165,4379,13,0,1,0,0,1
0.3822493914870701,48,0,0.48724067579485864,5486,5,0,4,1,1,0
0.7285714402991708,64,0,0.29745107981999636,6954,6,0,1,0,0,1
0.2478882140127987,59,0,0.0868327194110383,1763,9,0,1,1,1,1
0.3578077068670976,57,1,0.5693952188844987,6541,7,0,1,1,3,0
0.12765593722853735,38,0,0.04493784713137904,7792,5,0,0,0,3,0
0.5543618137993632,42,0,0.30811089289056726,7903,10,0,2,0,2,0
0.15535387814034154,26,1,0.5885345775203112,3338,7,0,1,0,0,0
0.503941615800524,38,1,0.06317698147509987,13176,4,1,2,0,2,0
0.19329733999335075,76,0,0.45799317431188497,5113,2,0,2,0,1,0
0.44649274809987,68,0,0.2372331544930066,7848,10,0,0,1,0,1
0.2978584925395179,20,0,0.5324676446092449,5659,7,0,0,0,0,1
0.2948997594154615,21,1,0.8070133606849207,8079,5,0,0,1,1,0
0.4697129651881712,35,0,0.2913267947354668,10321,9,0,0,1,2,0
0.22780036585360472,23,0,0.5944536967135967,84014,8,0,1,0,4,1
0.48731220082133386,33,0,0.7235297694131089,1580,13,0,2,0,0,0
0.28894687846252604,58,1,0.6859219634277007,17691,10,0,1,0,2,0
0.7934993618768507,62,1,0.3253995449749736,4519,8,1,2,0,0,0
0.29920197474436655,37,0,0.6478086888217259,1876,12,0,1,1,2,0
0.37933902056317825,31,2,0.5136982268443936,5281,7,0,1,0,0,0
0.1915108288934011,39,0,0.7204990245389855,1994,4,0,0,0,1,0
0.547659068075387,62,1,0.6593157750755421,1641,9,0,3,1,3,0
0.34659880954326816,74,0,0.2873490855205302,726,9,0,0,0,1,0
0.26804159046983306,45,0,0.7413106506783101,17178,7,0,1,0,0,0
0.18242185004268116,84,1,0.20413110012776522,6372,14,0,1,0,0,0
0.35575667697635827,49,0,0.410062012327537,6713,6,1,2,0,0,0
0.22678447579983663,18,1,0.04985056471721758,5065,7,0,2,0,0,0
0.3046959427944649,70,0,0.1997271755949129,2961,10,0,2,0,1,0
0.5808568513277359,47,0,0.08649036750831102,4353,7,0,0,0,0,1
0.17741453689149184,64,1,0.46707832563860036,2557,7,0,0,2,1,0
0.2201165043930854,32,1,0.4042821630436497,3469,9,0,2,1,1,0
0.12127331096898293,56,0,0.6724546820756869,4973,9,1,1,0,0,1
0.3097737441768143,41,0,0.14365561211986286,2438,7,0,3,1,2,0
0.12780524212301902,31,2,0.24530911565103455,8854,5,0,0,0,1,0
0.0869543172857639,28,0,0.39018137866946073,5452,6,0,0,1,0,0
0.4389642074627819,20,2,0.3630815173615675,21931,8,1,0,0,1,0
0.2461850914005427,28,0,0.8140270591663378,4422,14,1,2,1,0,0
0.2245899888500981,46,1,0.48963308883888806,4824,7,0,0,0,1,0
0.22691202945810132,53,0,0.181831816489466,2182,4,0,0,0,2,1
0.6278663416136536,33,1,0.5647991243809924,2607,4,0,0,1,2,0
0.42756120615321896,24,1,0.465710120744024,2615,8,0,1,1,1,0
0.30881079631604236,73,2,0.6886663716075253,6372,11,0,1,0,1,1
0.2597252084051788,37,1,0.09290377060298297,5027,8,0,1,2,0,1
0.4163183343248972,68,0,0.15308671548117245,3105,6,0,2,1,1,0
0.1273591923420081,36,2,0.5563408095877225,5288,5,0,0,0,0,1
0.2312097109939045,37,0,0.6479386618243655,4164,7,0,3,1,1,0
0.21997996361707123,54,1,0.2205229195638264,4040,8,0,2,1,1,0
0.18191858777652642,39,0,0.6690939841245607,11366,9,0,1,0,1,1
0.17798312937669533,67,0,0.5164514902741673,942,9,1,0,0,2,0
0.6355293463570267,56,0,0.4120587606120642,4078,6,0,3,0,1,0
0.27894335759115785,22,0,0.19725207380754212,5513,7,0,1,1,1,0
0.10913715318281318,38,0,0.5583206354931803,2810,4,2,2,0,1,0
0.0405107872609518,35,1,0.27686852729132244,2648,9,0,2,0,0,0
0.18025156297557993,53,0,0.2980280052586664,1769,16,0,2,0,0,0
0.2417377363554944,55,0,0.21211358454437534,4931,6,0,3,1,2,0
0.34940360349381966,19,2,0.19593856559211992,2026,14,0,4,0,0,1
0.06871793105511745,62,1,0.518113222556206,2663,8,0,1,0,0,0
0.19498680246442762,31,0,0.6432001600393218,6556,8,2,1,0,1,0
0.3937167751381968,64,0,0.6753473557504464,1480,9,0,1,0,1,1
0.17671457028006635,53,1,0.36593307969681876,2136,11,1,0,1,0,0
0.7886623697725337,53,0,0.15053601417889229,4208,13,0,2,0,2,1
0.44902267132915896,29,0,0.2779375415356993,14019,5,0,2,0,1,1
0.2780954743706577,80,0,0.6381320212178774,10325,10,1,1,0,0,0
0.19494187889636935,24,1,0.47174051607863293,9727,8,1,0,1,0,0
0.3868688732954584,40,1,0.23584500114485435,6598,9,0,0,0,3,0
0.5789934893952533,43,1,0.12711751170269742,3549,8,0,1,0,0,0
0.19139001780362314,21,0,0.38609128247102925,16137,10,0,4,1,1,0
0.31545731229952517,61,0,0.29160307598006413,9982,4,0,1,0,3,0
0.1685547240464863,63,1,0.1772222240397848,3127,9,0,0,1,1,1
0.12597997750123308,48,2,0.572872179222439,4470,6,0,3,0,0,0
0.1832459706220027,36,0,0.1805290930112723,3251,13,1,1,0,1,0
0.4104032817333448,60,3,0.4664364760748821,13204,4,0,0,1,0,0
0.009705260757270108,42,0,0.11556855651501391,1170,8,0,0,2,2,0
0.3525358630102326,35,0,0.46254139139618544,3351,9,0,1,0,1,0
0.254080969108847,24,1,0.16702743923191984,2055,9,0,0,0,0,0
0.13110559241188957,18,0,0.496035480259828,1856,8,0,1,0,1,0
0.24784865133401565,27,0,0.7436936582120781,3690,5,0,2,0,1,0
0.4298292999174296,70,0,0.7092051709480569,3035,9,0,0,2,1,0
0.12125617168032644,29,0,0.5861640233847107,6926,4,0,0,0,2,1
0.22396406287289494,65,2,0.42738819234335534,1557,5,0,1,0,0,0
0.08951376792769074,22,0,0.11350757317561326,2608,10,0,2,0,3,0
0.432088816858358,48,1,0.31347452338421755,4793,14,0,2,0,2,1
0.1884390927602009,41,1,0.1463019858469959,4191,4,0,2,0,2,0
0.32160280594684354,40,0,0.5980447096029201,4460,7,0,0,0,0,0
0.27275965284771214,31,0,0.2688921421154381,3168,11,0,0,0,2,0
0.382491351262807,42,0,0.6312226189321212,4163,10,2,2,0,0,0
0.7965709561352662,61,0,0.7706263651989615,7672,8,1,1,0,2,0
0.22628962805693958,55,0,0.6117228380666543,2946,8,0,1,0,2,0
0.17111408836516986,56,0,0.15912169489779676,6230,5,0,2,0,1,0
0.6417114079392693,47,0,0.0946844670932871,6809,10,0,0,0,2,0
0.3103718667849102,57,1,0.5621538052374315,8132,9,0,0,0,0,1
0.3395686204135913,53,1,0.5209963643687574,1228,8,0,1,0,2,0
0.3339356016149217,41,0,0.10690220624687173,9847,10,1,1,1,0,1
0.12528910656618955,64,1,0.08876064277246237,1879,7,0,1,0,1,0
0.38675655817113375,54,0,0.09758760270645499,963,12,0,0,0,1,0
0.17068424863194342,37,1,0.33447873847830906,1776,4,0,2,1,0,0
0.0753804830045131,42,0,0.21894331753626586,4475,8,0,3,0,0,0
0.1968405139307053,18,0,0.031105882700651295,5691,6,1,1,0,2,0
0.39873527823664723,25,0,0.7215946929652491,5576,8,0,0,0,0,1
0.0682919839110176,30,0,0.4250858460182287,10925,5,0,1,0,2,0
0.155177867519552,54,0,0.30384483448258454,1627,7,0,0,1,0,0
0.3304969344697963,18,0,0.6755237942922764,1250,7,0,0,1,2,0
0.20068539172639363,43,0,0.2583005429678223,1764,9,0,1,1,0,0
0.40890521766233096,27,0,0.39035345532085225,4573,2,0,1,0,1,0
0.23966529673556247,18,0,0.1781372280116389,14561,10,0,0,0,2,0
0.2593479145754272,38,0,0.08744822574611649,6088,13,0,0,0,0,0
0.13135363300921735,39,2,0.6345898498326118,11881,12,0,4,0,1,0
0.37671231807940975,39,0,0.23864403935814987,16361,13,0,3,1,1,0
0.0972829391672702,55,2,0.6193823865425871,1376,8,0,2,0,0,1
0.13187529839273016,44,1,0.30274948472087904,11373,9,0,3,0,1,0
0.19494921311409424,37,0,0.4539756836977908,6596,8,0,0,0,2,0
0.3897201273988308,44,1,0.4835556037820156,3316,15,0,0,0,1,0
0.08951416385761066,45,0,0.19056360712900228,5349,9,0,2,0,2,0
0.21308368524547494,32,0,0.30111430079246465,529,6,1,0,2,2,0
0.38052979211255367,40,0,0.673945248472182,16297,5,1,3,0,0,0
0.31144391429931895,59,1,0.14692117962596835,3830,6,1,2,0,0,1
0.10342317898402674,59,2,0.12151289539633717,1889,1,0,0,0,2,0
0.14447478310491302,48,0,0.4768260646142199,3458,7,0,2,0,3,0
0.6017851481742647,40,0,0.16414115672609278,9551,11,0,0,1,1,0
0.13572086446006337,47,0,0.6759997309285517,7231,7,0,0,1,0,0
0.4651081444465685,63,0,0.38615688794359554,1887,8,0,1,0,2,0
0.39123166073298876,61,0,0.4009081531744652,1851,7,0,0,0,0,0
0.6144709470819679,49,0,0.3436538666005584,1993,5,0,0,1,0,0
0.26171119394031633,50,0,0.5932130694872693,1412,9,0,1,0,0,0
0.6384820845132214,31,0,0.5010711818257441,2085,8,0,0,0,2,1
0.25859134417990587,30,0,0.4400610393101734,3949,10,0,0,0,1,0
0.42305177138413685,53,1,0.5949975691251593,3745,5,0,2,0,2,1
0.0755020028690092,58,0,0.5000535577245152,5075,6,0,1,2,0,0
0.45315811079278473,48,1,0.4085715254773687,1681,8,0,0,0,0,0
0.27225449913699895,25,0,0.1121888295238267,6959,8,0,0,0,1,1
0.23258550643109943,88,3,0.5684183780380296,3182,4,0,0,1,0,0
0.344800369325203,27,0,0.03522725556817718,3956,5,0,2,2,1,0
0.23984222557090146,40,1,0.3424396163318886,4043,13,0,1,1,2,0
0.4316794778659132,18,0,0.43268560284991286,5139,2,0,0,0,1,1
0.2554527626648853,39,0,0.5955774443290958,12521,9,0,1,1,0,1
0.19533421415780589,63,0,0.21430869855235316,2798,6,1,1,1,3,0
0.14004419209542057,28,0,0.25459336401638666,2824,12,1,2,0,0,1
0.04802365399751518,56,2,0.1654084331227049,6406,9,0,2,0,1,0
0.35029238661935974,43,0,0.1790224918493497,2623,8,0,0,1,1,0
0.3293641870961654,24,0,0.3404635076340938,4976,8,0,0,0,0,1
0.23237818977553262,43,0,0.5026859941455415,8155,12,0,1,0,0,1
0.138977731777131,22,0,0.13909352748185358,6314,7,0,0,0,0,0
0.047798843938253954,27,0,0.7287714966913034,2752,9,0,3,0,0,1
0.3822017748275429,25,0,0.5226610783316276,6087,4,0,1,0,3,1
0.1694027969841717,52,0,0.8792867837299422,1909,5,1,1,0,0,0
0.10552893130475986,66,0,0.40111776702528706,19550,11,0,2,0,2,0
0.48366459559838026,27,0,0.34562229918310056,7258,11,0,1,0,0,0
0.1971973035271643,54,0,0.4574908859393313,3056,5,0,1,0,2,0
0.38749759098284436,41,0,0.2052072879764167,4837,6,0,1,0,0,0
0.28018332621792985,52,0,0.4188854824832561,4723,3,0,3,0,2,0
0.2595230716597711,33,0,0.5042571993306061,4549,12,0,0,1,0,0
0.36644474852817593,56,1,0.20661228829881742,3546,5,0,2,1,0,0
0.17501227014099915,36,0,0.07052103197377348,4151,9,0,0,1,0,0
0.1014437873549858,40,0,0.44535401258412055,1462,12,1,1,0,2,1
0.26949992335305695,55,0,0.3359748382280685,6324,9,0,1,0,1,0
0.3303832754935932,49,0,0.11752246492441036,3941,7,0,0,0,2,0
0.18035425624771156,44,0,0.7747105720388253,8265,13,0,1,0,2,0
0.06000886948776373,34,0,0.4958725601179566,3661,5,0,0,0,1,0
0.28594630673079496,68,0,0.7172383631032881,14348,10,0,2,0,1,0
0.13787996651442994,70,0,0.6690986561186482,3682,8,0,1,1,1,0
0.4023020210356355,81,0,0.6364764195950627,4372,11,0,1,1,0,0
0.2592565200719818,65,1,0.8569877170229403,1821,8,0,1,0,1,1
0.49077056324303364,39,0,0.2523461758330814,10213,10,0,2,0,2,0
0.19940974608271977,40,0,0.40639224659140444,1507,7,0,1,0,0,0
0.19042765154354677,54,0,0.5901089187512523,16750,8,0,3,0,2,0
0.12824730818868113,35,1,0.13706610331716645,6739,7,0,1,1,3,0
0.17497695785668047,28,0,0.1947242257518471,5821,9,0,2,1,4,0
0.1680755786243293,54,2,0.2740474860902139,8949,10,0,4,0,1,0
0.588845486454957,54,2,0.23169163066719023,9666,9,0,0,4,0,1
0.04361339517869642,63,0,0.5522960512432268,5261,4,0,1,0,1,0
0.1891283945759028,18,0,0.5962767016261582,3508,8,0,2,0,2,0
0.17490475671356187,41,0,0.7373030690605945,12724,7,0,1,1,1,0
0.3679768428651044,18,0,0.47017278485090447,3201,9,0,2,0,1,1
0.18892575459304045,32,0,0.5255844128861442,5094,6,0,0,0,3,0
0.26872953254362464,60,0,0.18591058812036046,1755,5,0,3,1,0,0
0.5015937624617424,48,0,0.3879144711500739,1059,8,0,1,1,3,1
0.10786808101310469,43,0,0.2165386448389611,3297,2,0,0,0,1,0
0.3307242409761367,32,1,0.21925168313421853,7738,8,0,1,0,0,0
0.25854916302408093,53,1,0.19511224599876553,2459,6,0,0,0,0,0
0.6379257335168407,34,1,0.277082676771045,7453,4,2,3,0,0,1
0.6585967064172036,63,1,0.04473707711253219,3661,4,0,0,0,1,1
0.23761624127049663,37,0,0.30834802015140655,8785,11,0,0,0,2,0
0.12124429033162774,50,0,0.1971864237189629,69956,13,0,2,0,1,0
0.12074084763130583,56,0,0.5636590004705061,3574,13,0,0,2,1,1
0.2689677518127854,18,2,0.4635647182405338,3570,10,0,1,0,0,0
0.5372840301693846,26,0,0.2673933629468214,5504,10,0,0,1,1,0
0.20318196499130714,51,0,0.6242351029596208,5810,6,0,3,0,1,0
0.21027342420600473,44,0,0.270421093906846,732,3,1,0,0,1,0
0.3641111693684866,51,0,0.47998451851370083,4538,13,0,1,1,2,0
0.4582584000617714,72,1,0.8688766562881844,1648,6,0,3,0,2,0
0.22324378568006029,34,0,0.2013506085972059,5175,7,0,3,1,0,0
0.08386448017066424,38,1,0.4682740847870806,2913,4,0,0,1,0,1
0.0762380128283424,24,0,0.6914478017865815,3950,8,0,0,1,1,1
0.40604729414487123,49,0,0.53245386435222,4934,13,0,0,1,1,0
0.24508471233585283,30,0,0.28267811569727147,7427,9,0,3,0,1,0
0.4226637890135111,29,0,0.8125229460647028,11829,5,0,1,0,1,0
0.29615623130706303,61,0,0.1466913310333667,14668,11,0,4,0,2,0
0.2787504796386674,61,0,0.6619178442695968,31290,11,1,0,1,2,0
0.3907403106978381,61,0,0.4129440718804855,9486,8,0,2,1,0,1
0.1128045008996165,23,0,0.47385896245349146,6561,8,0,3,0,0,0
0.22623567628282623,72,1,0.4979153709458672,6348,3,0,1,0,0,0
0.3392798464439236,48,0,0.17661496332037943,3174,10,0,2,0,0,0
0.18545201789117188,30,0,0.16290014615051757,11721,9,0,0,0,0,0
0.5973090084037007,41,0,0.4961669817783342,8890,10,0,1,1,0,0
0.16598564199092739,18,1,0.5129245859172198,5265,6,0,1,0,2,0
0.36752201632468956,54,0,0.21788425856014831,956,9,0,1,0,2,0
0.31803885406012306,47,1,0.511269707027316,9031,4,1,1,0,2,0
0.12237185175157513,45,1,0.4265545693900016,12115,6,0,1,0,1,0
0.11282318514896834,61,0,0.23571306256061925,3453,13,0,1,0,1,1
0.28407554033074267,69,0,0.25640359782013844,1351,10,0,0,0,4,1
0.6695862866843384,50,0,0.3442862064484657,1097,7,0,1,0,1,0
0.24115802793378827,70,1,0.41269264786547805,5810,6,1,0,0,1,0
0.3515413515603967,46,0,0.4943841176338949,6341,5,0,0,0,1,0
0.3056331146866542,37,1,0.6197282296711754,2054,8,0,1,0,0,0
0.27536329313370983,60,0,0.2765318438423298,2964,10,0,2,0,0,0
0.23702775379725047,37,0,0.176651615931501,1945,9,0,1,0,1,0
0.18029833456537098,31,1,0.06234158234068464,4845,5,0,1,0,0,1
0.25876307452203623,54,0,0.18055509271367642,2917,9,0,0,0,0,0
0.6355619732481915,42,0,0.4966919692826323,3579,6,0,3,0,0,0
0.4408866854565062,30,0,0.26048998052809297,2005,10,0,1,0,3,0
0.29359426794486254,46,0,0.36250607701701576,1334,8,0,2,1,1,0
0.22504970328844864,34,0,0.6030587435187195,5202,6,0,1,0,1,0
0.13360807377291115,31,2,0.2642531258213201,4291,10,1,1,0,0,1
0.1393345508527221,50,1,0.3247743639878988,11781,10,0,0,0,2,0
0.2501833274528249,44,1,0.5679070925636103,5470,6,0,2,0,0,0
0.4941815678248318,42,1,0.690691714500995,8820,9,1,1,0,1,1
0.7842480320874862,44,1,0.22586080697611757,6477,4,0,2,0,0,0
0.31559645558588034,41,1,0.24726655598130892,1802,8,0,1,0,2,0
0.20128709031292807,33,0,0.3361714834331285,3826,5,0,1,1,1,0
0.06724113152382391,27,1,0.6690395299617083,3824,10,0,0,0,0,0
0.48954791262509023,75,2,0.3989733101213905,1930,8,1,2,1,1,1
0.11747645336884696,64,3,0.45465240948658,13509,9,0,4,1,1,0
0.38837534932938483,29,1,0.5044188659303153,2651,5,0,1,0,2,0
0.2121238638033867,26,1,0.5979062050194466,3459,7,0,1,0,0,0
0.2809032734982643,45,0,0.7288094842898556,2494,5,0,1,2,2,0
0.45421838792220126,54,0,0.548961549014945,23770,7,0,0,1,0,0
0.30342628092549545,43,0,0.7294558378438671,9791,8,0,4,2,2,0
0.5109860288164805,18,1,0.3187358891483819,1717,7,1,1,0,1,0
0.6620495996272402,52,2,0.5087620804963404,2548,13,0,1,0,1,0
0.23106659943083774,33,1,0.3983208347309254,3399,7,0,1,0,1,0
0.46843836776465847,29,3,0.3683370335050377,16532,3,0,0,0,1,0
0.45488631815888797,50,0,0.7356360120686908,4962,13,1,1,0,0,1
0.3292387140577185,65,1,0.4738685932957621,5643,11,0,0,0,1,1
0.3527671205835604,37,0,0.1472864396278716,2779,14,0,0,0,2,0
0.6362725819350736,38,0,0.21161222975987787,4565,12,0,2,1,1,0
0.3128902223415175,51,0,0.8790825762773403,3627,7,0,0,1,0,1
0.17399204474565272,37,0,0.7528865569821154,16770,7,0,1,0,2,0
0.10109686947596865,34,1,0.7315859700933264,22489,8,0,2,1,0,1
0.13691317749653842,58,0,0.15700761277005498,3941,7,0,0,0,3,0
0.5271968739000914,61,3,0.4125486382182021,8841,8,0,2,0,1,1
0.23453755796712117,35,0,0.26301170864428447,1943,5,0,0,0,1,0
0.3611675109475733,39,0,0.26012623138302804,3391,3,0,0,0,1,0
0.47377898807189356,53,0,0.5936924340108876,9918,5,0,0,0,1,0
0.3622513971313611,33,0,0.7374549953704159,6847,11,0,1,0,3,0
0.5417431392768041,24,1,0.6689080931298135,5462,9,0,2,0,3,0
0.14478655744115615,51,0,0.4777562123548282,2020,5,0,1,0,0,1
0.4914941227447958,52,0,0.6954815370245886,2056,8,0,1,0,2,0
0.11286510702951484,23,0,0.37981251592837306,1566,4,0,1,0,0,0
0.3605126680443959,34,0,0.14650100273461392,4441,8,0,0,0,2,0
0.33153009712366033,59,0,0.4066861099440846,5168,11,0,1,1,0,0
0.31902989498212336,29,1,0.4175548655917111,2035,11,1,3,1,2,1
0.44634890329925686,42,0,0.29180224079725076,3147,7,0,1,0,2,0
0.2791005987805503,86,0,0.340630907940393,1796,3,0,1,0,2,1
0.3170902197838645,33,0,0.3986614340530235,3634,12,0,2,1,0,0
0.06491585381635806,62,2,0.10065098143641069,9638,7,0,0,0,0,1
0.47159669694371853,52,0,0.24761845728094037,4734,9,0,1,0,2,0
0.2869445118260609,70,2,0.16775024031378005,4175,6,0,0,0,0,0
0.24978362332377366,39,1,0.5457958902573905,4147,6,0,0,1,1,0
0.30439629227779635,50,0,0.19800660774621373,6350,4,0,0,0,0,1
0.03887804862013504,41,2,0.5149238162134382,1251,5,0,0,0,1,0
0.3649551507440188,37,0,0.3682315386969334,2546,9,0,2,0,1,0
0.31515548546088834,47,0,0.3291392956969186,6031,9,0,1,0,0,1
0.27847281351755726,46,0,0.4842397112016428,2882,11,1,0,0,0,0
0.5067090833039527,52,1,0.477066122292433,2139,11,0,1,2,1,1
0.12368589828391707,22,2,0.7045804459133927,1452,4,1,3,0,1,0
0.49884525641926725,49,0,0.15239246230320053,2468,8,0,2,0,0,0
0.6293815201698909,42,0,0.6037128784476338,23372,5,0,0,0,3,0
0.31388492033926213,47,1,0.5930063501662938,15314,11,1,2,0,2,0
0.16523829820356772,56,0,0.6347620623825404,7628,8,1,0,0,0,0
0.44644786111944557,33,1,0.7286858969169662,2152,8,0,3,0,1,0
0.09439609276904322,51,0,0.3429389916787052,13528,8,0,0,0,3,0
0.08800112323098987,57,0,0.25880879491186315,11595,9,0,0,0,1,0
0.19600924089204014,49,1,0.21661807626989965,3451,10,2,1,0,1,0
0.0863400400920259,23,0,0.3941529894204952,10427,8,2,2,1,1,1
0.3994668357637807,18,0,0.8502756734322712,3674,7,0,1,0,0,0
0.07221355697098623,63,0,0.7608631264817415,3794,6,1,0,0,0,0
0.305219448368067,50,0,0.39782491400764514,1917,8,0,1,1,1,1
0.18807556973700418,30,0,0.48770069496504215,6482,7,1,1,0,0,1
0.23279387395531495,36,1,0.02514503550822081,3184,5,0,1,1,0,0
0.1928416468075096,42,0,0.2871541616294756,8912,10,0,1,0,1,0
0.02630638813861248,66,2,0.11470586996023802,2989,7,0,1,0,3,0
0.2965831803994753,55,2,0.6867037712334232,13292,5,1,0,0,0,0
0.21549375863314774,43,0,0.356341022055827,5390,4,1,1,0,1,0
0.15580253393922672,54,0,0.1252009382175004,1153,9,0,0,0,0,0
0.22282674113770956,74,1,0.2738174426161343,4861,6,0,2,3,3,0
0.30152407334759035,29,2,0.13783391005918774,2352,7,0,0,0,1,0
0.14118815624679693,65,0,0.2198601938835269,1590,7,0,1,0,0,0
0.3276757240362097,23,2,0.34389574947146323,4744,14,0,0,0,2,1
0.6164810558325763,43,0,0.26740447291758407,2131,6,0,0,1,1,0
0.13775304246894884,33,0,0.5094916086750275,7826,11,0,1,3,3,0
0.2132381678079905,55,0,0.3643356291366582,3185,3,1,0,0,0,1
0.35233614503853183,68,1,0.5498420945954103,2494,11,0,0,1,2,0
0.6291443574647552,58,1,0.5633972865860345,19116,3,0,1,0,0,1
0.24412368913892865,18,0,0.3603531916029437,6510,7,0,3,1,0,0
0.021245245186509706,58,0,0.18863565177253383,7862,9,0,0,0,0,0
0.2982991245070108,52,1,0.05916430676299811,7067,9,1,1,1,1,0
0.3636446675257327,53,0,0.3937219738040618,5746,9,1,1,1,1,0
0.2794567556209338,21,0,0.2929883654457925,17197,7,0,0,1,1,0
0.27285989642577785,43,1,0.5184064988650012,4192,9,0,1,0,0,0
0.44338500893298344,32,0,0.4725553905510443,38896,13,1,2,0,1,1
0.2695026805070606,62,0,0.31371428600720774,2402,12,2,1,0,1,1
0.2788376100327525,26,1,0.20366845437276931,2662,6,0,1,0,1,0
0.31582087295931804,37,1,0.12135963255585736,5573,8,0,0,0,0,0
0.2335366773870067,22,0,0.07860496518105571,4690,5,0,0,1,0,0
0.20365860499432992,66,0,0.7705038672167466,3627,9,0,2,0,3,0
0.330847567676473,26,1,0.34560074304455846,2435,4,2,2,1,0,0
0.1564728333354776,18,1,0.1750006323703382,6205,7,0,0,0,1,0
0.23259838325355495,60,2,0.26709441640488807,10808,4,0,1,2,1,1
0.1711785390254444,54,1,0.6582413777761367,6549,8,1,1,0,0,0
0.2612882118074015,33,0,0.1161199886121075,2195,5,0,3,0,1,0
0.35256491775384863,34,0,0.06823291119723315,5181,9,0,1,0,2,1
0.22075739480648648,60,0,0.5020571737679365,8822,11,0,1,0,2,1
0.2458736502509495,18,0,0.5346711332164952,13155,6,0,1,0,1,0
0.6360322616159115,25,0,0.627507368105328,4184,11,0,1,1,2,1
0.10024304394737422,51,0,0.4203272891989892,9434,7,0,0,0,0,0
0.5307804571625371,35,0,0.3810307791774676,10828,6,0,2,0,1,0
0.4385571194662421,51,0,0.3646837139933322,1645,6,0,0,1,0,1
0.14352798851988158,63,0,0.4455684338186641,10387,8,1,1,0,2,0
0.20752331362447501,60,1,0.5558759479090344,6620,10,0,1,0,0,1
0.14344713319355853,53,1,0.2571550450205679,1761,5,0,2,0,1,0
0.25943009718681637,33,1,0.23931406205832947,3963,12,0,0,0,3,1
0.4600349719889302,63,1,0.45029027850877995,2243,13,0,0,0,2,0
0.2615240050806,34,0,0.4293437504798049,4945,9,0,1,2,0,0
0.4842399809313417,50,1,0.4020425660899127,1800,15,1,0,0,2,1
0.11901839565271534,60,0,0.5300006550358435,9170,6,0,0,1,0,0
0.023940438627041694,56,1,0.18604976359984546,1087,4,0,0,0,3,0
0.41361866740509584,34,0,0.4167328803876508,4201,6,0,3,0,1,0
0.06760828454670927,34,1,0.28752181599478815,2526,5,0,1,1,2,0
0.25715752014916443,52,2,0.3987671151856148,1477,15,0,1,0,3,0
0.017530103400254626,26,1,0.3200453676529245,1736,9,1,1,0,2,0
0.29815582898504067,30,1,0.4697952875685283,9248,13,1,2,0,1,0
0.07417633165377226,43,0,0.38245290708138563,5454,11,0,1,0,2,0
0.18191027444336536,41,0,0.1398150881183812,7343,7,0,2,0,2,0
0.15381482390689205,35,0,0.07531279347379738,8512,4,0,2,0,2,1
0.5391770071944559,18,2,0.19510092825535685,2755,8,1,1,0,2,1
0.24569992381879494,42,0,0.7199327799815014,8370,6,0,0,0,2,0
0.15996327735689564,65,0,0.5359294041859239,2332,9,0,0,0,0,0
0.025043019160259826,47,1,0.7199233009226654,28649,10,0,0,0,0,0
0.5407487867239925,58,0,0.33639387912567065,3236,6,0,0,0,3,0
0.33382101078664733,34,0,0.5202755850519463,3274,6,0,0,0,2,0
0.2805037757793681,41,0,0.23598500783143206,6010,14,0,2,0,4,0
0.4679759420862321,23,1,0.3176216721953412,8920,10,0,2,1,3,0
0.3348607695463927,78,1,0.7128474649199905,3901,9,0,1,0,2,0
0.2418941769096246,28,0,0.3839782955594885,1415,7,0,2,0,2,0
0.10439207078813567,70,1,0.8938498477629362,13321,8,2,1,0,0,0
0.4282725604730845,74,1,0.25302639702302127,7957,10,0,1,0,0,0
0.35997776605517795,39,1,0.544517131756113,2341,9,0,1,0,3,0
0.38686015789924677,46,0,0.35094466723669754,8393,7,0,1,0,2,0
0.21068086812615044,49,1,0.6941104497757883,6931,7,0,2,0,1,0
0.37684481286736815,65,0,0.15151872424018317,11859,10,0,3,1,1,1
0.3961534782376752,44,0,0.10488888732429694,2590,5,0,0,0,0,0
0.11507667459685385,60,0,0.2529131270092351,5014,11,1,1,0,1,0
0.3505409158925251,24,2,0.32214959774853763,2363,4,0,1,1,1,0
0.3104638694018179,45,0,0.5097282074889858,12717,3,0,0,0,2,1
0.14768936415605147,18,1,0.38649697617087236,4178,7,0,0,0,0,0
0.4895383987505543,36,0,0.4161606052328124,16820,7,0,2,0,1,1
0.2950597322487905,37,0,0.33744624269935164,8077,16,0,1,0,2,0
0.21728465271072153,32,0,0.18785507349441075,11024,16,0,1,0,1,0
0.11031916474545884,46,0,0.29505281548907103,3631,9,0,0,0,0,0
0.3806424274722716,56,0,0.26198018407353507,4509,6,1,0,0,0,0
0.2883585233303963,41,0,0.6752304261702614,15890,6,0,2,0,1,0
0.32360481960529763,34,0,0.8031920305177098,3136,9,1,1,0,2,0
0.18451138078615076,51,0,0.5654539399467491,14650,5,1,0,0,2,0
0.13988993188255408,30,1,0.5576595175799782,2656,10,0,1,1,1,0
0.618808556863082,54,0,0.7292970282728,5375,10,0,0,0,2,0
0.42911061089796365,53,0,0.6511686347644898,3600,7,0,0,0,2,0
0.27800202610752855,63,1,0.5354776578171186,16233,10,1,0,0,5,0
0.15730641453576222,20,0,0.2429436993697,9262,9,0,0,1,1,0
0.46087883185518663,42,0,0.4591032858719799,3684,16,1,0,0,1,0
0.3303051286839721,28,0,0.46257570401210496,2854,7,1,1,0,0,0
0.13914259156290398,18,1,0.13478619091781854,8867,5,0,2,0,2,0
0.011292275596869924,40,0,0.588426442347112,3720,4,0,0,0,1,0
0.5960103038947133,68,1,0.18152118537796053,11591,7,0,1,0,2,1
0.31188405386933005,61,0,0.4039828753082669,1385,10,1,2,0,0,0
0.33479838623174096,43,0,0.4938463630931611,6887,15,0,1,0,1,0
0.03422239115308923,48,0,0.46045005691623814,7461,7,0,1,3,0,0
0.3292472077866949,54,0,0.3141538310487692,4801,12,1,0,0,2,0
0.3548202516241961,38,1,0.6638682508197502,6675,6,0,1,0,0,0
0.525961254201732,37,1,0.47092256954572453,5530,8,1,1,0,1,1
0.4326116265496867,53,0,0.7479586482435241,2876,8,0,1,0,0,0
0.23790834858914223,75,0,0.3743972740396712,2250,11,0,3,0,0,0
0.2565050982549086,50,0,0.7322447491798865,2345,9,0,1,1,1,0
0.2373370474494566,51,0,0.3677619850698723,8770,4,1,2,0,4,0
0.07482964811829597,29,0,0.4862871699193988,3558,14,2,0,1,1,1
0.288424088904246,38,1,0.3516797302532603,5539,10,0,0,0,0,0
0.19598714909213968,34,1,0.8921212894270858,1582,6,0,1,0,2,1
0.310333794935595,46,0,0.6524003365264356,4956,11,0,0,0,0,0
0.2655392741808609,53,2,0.3672062283836323,3209,10,0,0,0,1,0
0.1256984463221281,48,1,0.5023015454903696,20002,9,0,1,0,1,1
0.08459231226696755,42,0,0.3487412006585192,3490,4,2,1,0,2,1
0.2955362514661783,29,0,0.41816295710806806,1358,11,1,2,0,2,0
0.14693217228559177,24,0,0.5751681797752936,3060,14,0,3,1,1,0
0.1982112178503674,69,4,0.27488624829392133,6378,11,0,2,0,2,1
0.5076107224603611,44,0,0.2710905875914292,3272,10,0,0,1,1,1
0.10148356184837229,40,1,0.12323596479024115,5914,12,0,0,0,0,0
0.2849380781868019,46,1,0.8055347170671373,10551,5,0,4,0,3,0
0.06736213591817988,32,1,0.6269450540801378,9233,13,0,0,0,1,0
0.3269745215097772,54,0,0.0879476115462552,23627,10,0,2,0,1,0
0.5773886848829104,18,0,0.5542260431013446,1886,8,0,2,0,2,0
0.44244031774697945,22,0,0.31138069062707757,7465,16,1,1,0,0,0
0.05471719081588869,39,1,0.6550853881489639,12585,5,0,1,3,1,1
0.17216139976419068,52,1,0.3625734895971618,17925,9,0,1,1,0,0
0.3821287892201122,47,0,0.5311069948068793,6482,9,0,1,0,1,0
0.276564055246724,70,0,0.29005693442511377,2668,5,1,2,0,2,1
0.4634360003534592,58,0,0.5325985085134145,3186,10,0,2,0,0,0
0.4934751061146748,63,2,0.30425832718415424,11762,10,0,2,1,0,0
0.13969547188090897,36,1,0.30503835974549665,1172,13,1,3,0,1,0
0.2179099457095329,43,0,0.40496007918115096,3021,7,0,0,0,0,1
0.20189706407647764,37,1,0.42512607799861546,5084,6,0,0,0,0,0
0.44636188440116276,39,1,0.26663793291360477,13182,4,0,1,1,1,1
0.3748850352930465,47,0,0.3037714217462341,2589,4,0,1,0,0,1
0.23013229341827307,32,0,0.2807490375199577,8099,7,0,2,0,1,1
0.21254237675842008,56,1,0.2364621299136894,12123,10,1,1,2,1,0
0.4006112105837809,43,1,0.17152148540442932,4473,11,0,3,0,1,0
0.2146954032399415,34,1,0.7087106145218045,15957,7,0,3,1,2,0
0.531534362575041,35,1,0.09446877675621186,3332,7,1,0,0,1,0
0.4652451299770071,42,0,0.594267961150441,2647,7,0,1,2,3,1
0.22486727284784203,52,0,0.4082252228952589,2310,6,0,1,0,1,0
0.4067942238071997,46,0,0.23010688395548085,7946,5,0,0,2,1,0
0.0509005070507559,54,0,0.4299751037624173,5945,9,0,5,0,0,0
0.2441183327735886,50,0,0.2561306758822222,9122,10,1,1,1,0,0
0.3644046757075724,58,0,0.3361879608752501,11236,9,0,0,0,0,0
0.33830663032994224,60,0,0.2238389376654064,15762,9,0,1,0,1,0
0.3191799817742677,26,0,0.6479022654150245,2016,12,0,1,0,0,0
0.3999135126652673,28,1,0.2266350178743667,2712,10,0,2,1,0,0
0.14885681023775177,61,1,0.3564839746168788,4379,10,0,1,0,2,0
0.16366577650132028,48,0,0.2611796779735557,25309,9,0,4,1,0,0
0.30893203128853874,78,0,0.22470101156987024,12037,10,0,2,0,0,0
0.49890472089573673,42,2,0.6042066927647213,15581,8,1,1,1,0,0
0.21206258389658894,58,0,0.9435674305500426,2697,17,0,1,0,0,0
0.3547630352308563,43,1,0.25550962159062335,3428,7,0,0,1,3,0
0.09353490872499691,48,0,0.07204793937643461,6855,8,0,1,0,4,0
0.09245666298006759,30,0,0.2740314800157826,3419,12,0,0,0,0,0
0.11986466527552816,38,0,0.25697666872984387,3147,8,0,0,0,1,0
0.2924267707424887,50,1,0.6021547867861108,2309,8,1,1,1,0,0
0.3992098104466778,41,0,0.4196929784727159,6855,13,0,1,0,2,1
0.002763914064510068,46,1,0.7579647804477586,8630,6,0,0,1,2,0
0.18841992209392724,60,0,0.31171826760919014,1122,10,0,1,0,1,0
0.24122087122246264,46,0,0.14097861479957996,10780,6,0,2,0,1,0
0.3776645432588508,31,2,0.27358770620298967,2199,7,1,1,0,0,0
0.2409787149008722,31,0,0.3396031648513309,4466,7,0,3,0,0,1
0.22653695136517896,57,1,0.10326226230717836,2905,7,0,0,0,1,0
0.30745838260433805,35,0,0.10317564753145395,6118,6,0,2,0,0,0
0.20895113238838822,48,1,0.6235700823280836,8202,10,0,1,1,3,0
0.11456014658344503,32,0,0.05983319316998443,21143,5,1,2,0,0,1
0.2963359286295135,43,0,0.13898152858199253,1621,5,1,3,0,1,0
0.3581392341610755,40,0,0.1963810537492502,4609,9,0,2,0,0,1
0.35168036098821215,54,1,0.4467064647378131,3202,6,0,0,0,1,0
0.0760536989177046,53,0,0.5917283178996633,4233,9,0,0,3,1,0
0.15477289454335594,30,1,0.19831971333018122,18112,9,0,0,0,2,0
0.3925133264322728,54,0,0.3190639195238175,5456,4,0,0,0,0,0
0.04969469700261544,58,1,0.5448245282569382,6914,13,0,1,0,0,1
0.3495684028015477,60,0,0.36394497012832583,5194,5,0,2,0,1,1
0.2559512685982438,50,1,0.4292019119025698,1260,9,0,0,0,1,0
0.2543246501479963,58,0,0.6654837760809356,1324,3,0,1,1,0,0
0.06954831733129381,51,0,0.2559328296583135,3057,7,0,1,1,0,0
0.19449133578758412,49,0,0.681626933948805,20912,13,0,0,0,0,0
0.16105745275139108,18,0,0.4136360128551298,6503,9,0,0,1,0,0
0.5055680730846136,34,0,0.5288803139974673,27078,8,0,2,1,0,1
0.2758209994296588,34,0,0.4256350418521821,17818,7,0,0,0,1,0
0.23380129065556876,32,1,0.3100988783111994,13347,7,0,1,0,2,1
0.06307723099169786,28,2,0.4837708036955865,7469,12,0,2,1,1,1
0.024466787209118913,46,0,0.637221810380993,1653,9,0,0,0,0,0
0.16314204122409168,37,1,0.7055355999058844,1687,8,0,2,0,0,1
0.3089592393144936,52,0,0.32544869651664277,9970,12,0,3,0,0,1
0.8582972314096167,29,0,0.6660501036708427,2016,8,0,0,0,1,0
0.4202943804412506,39,0,0.5404447337948468,2155,13,0,2,0,0,0
0.2698530401051464,50,0,0.09437157983908019,3028,7,0,2,0,1,0
0.09490125047961513,51,1,0.25625083039054547,3194,3,1,2,0,3,0
0.46474245588453783,31,2,0.35011055553814613,10132,7,0,2,0,1,0
0.5783032988450122,18,1,0.1488633804858493,3609,7,1,1,0,1,0
0.5153415872709454,29,2,0.3360682768450419,2682,7,0,0,0,3,0
0.1581196774586659,71,0,0.3615602162216025,6485,7,0,1,0,2,0
0.6138712333179106,31,0,0.3559658645954174,652,3,0,3,0,0,0
0.6825680131804639,44,0,0.25159553838481663,21900,7,0,0,0,2,0
0.5603497099235346,61,1,0.40676031594819984,18651,12,0,1,0,0,0
0.29457018393413165,49,0,0.2976737457039265,2484,9,0,3,0,0,0
0.1887251381129881,69,0,0.24493094151224135,5412,12,0,1,0,2,0
0.11393612120188754,40,1,0.2742933843421403,25794,8,1,1,0,1,0
0.06268818738514359,59,1,0.3016677149147351,3294,5,0,0,0,0,0
0.029523093723046047,19,0,0.415418289962713,2790,8,0,1,0,0,0
0.29076447176356246,29,1,0.5317073514680215,1620,7,1,3,0,1,0
0.33411683980133733,43,0,0.6874334889745484,7640,13,1,0,2,0,0
0.08331292757538988,84,2,0.3861841582559238,17743,18,0,1,1,1,0
0.14509745790297485,36,1,0.6751952843856026,5991,5,1,1,0,2,0
0.2071841316003947,73,0,0.503714012126202,10912,10,0,0,1,1,0
0.2681591771255266,57,0,0.09062887174866499,6590,5,1,1,1,2,0
0.4273766341195046,44,0,0.38686110762865855,4794,4,1,0,1,1,1
0.4129572796687172,44,0,0.5187792281582038,3776,10,0,0,1,2,1
0.011822547200526497,71,0,0.3080320062487041,15157,9,0,0,0,0,1
0.10372369354220509,30,0,0.6541381671590444,2891,4,0,0,0,2,0
0.16701483981267098,59,1,0.32485319246688527,1844,9,0,1,1,0,0
0.41828718894992695,31,1,0.2959420505893203,1072,10,0,2,0,0,0
0.08261464783180565,34,0,0.46537740277587875,10555,5,0,1,0,0,1
0.2783740994216438,57,1,0.19315563439577094,3674,9,0,2,1,0,1
0.12161543125722953,38,0,0.24023625251290096,6738,8,0,0,0,0,0
0.08820105315468338,46,1,0.45948181081874917,1144,6,0,0,0,3,1
0.19612950237165452,20,1,0.7093438810856058,3119,8,0,0,1,1,0
0.28505596915521647,41,0,0.3364039140081577,17992,3,0,1,1,0,0
0.33964078783040064,47,0,0.18371146016933235,6846,7,0,0,0,1,0
0.4666736228779873,68,0,0.3499963184726527,1661,7,0,0,1,1,0
0.7448142649163377,27,0,0.6379993217463373,1864,9,0,2,0,3,0
0.5161230475143949,66,0,0.20118381697121598,7540,10,0,1,0,2,0
0.30021993232386357,38,0,0.10082517110346545,1541,3,0,1,0,3,1
0.3466342385853975,47,0,0.44864334391161836,8465,5,0,3,0,1,0
0.0893902326313641,33,1,0.7737737940713021,4716,9,0,1,1,0,0
0.11596537408051474,25,0,0.4702270702572168,1307,10,0,3,0,1,1
0.15369548164082117,67,1,0.15040930578044495,2107,11,0,5,1,0,0
0.3519495723636899,42,0,0.7569781468400986,7221,10,0,1,1,1,0
0.34174432062414484,62,1,0.5289324267828536,2386,10,0,1,0,2,1
0.5475809525609651,33,0,0.25369920817630826,10769,10,1,2,0,2,0
0.3166782206729696,74,0,0.5602777326033778,15786,5,0,2,0,0,0
0.36835799476678643,54,0,0.4514080881037454,4163,11,0,2,2,2,1
0.5269037942206154,24,0,0.3576750579906487,6201,7,0,3,0,2,1
0.2596353033943723,56,0,0.2667921837027846,4925,11,0,1,1,1,1
0.4434138165700176,42,0,0.5067176150303205,4381,9,1,1,0,1,0
0.35794593443053047,38,0,0.6213043429114223,2362,10,0,2,0,0,0
0.35074232028736263,18,1,0.2740087885957409,11765,14,0,2,0,2,0
0.20577919148325652,28,0,0.5004708214717613,2045,8,1,0,1,0,0
0.2872596532776694,62,0,0.2058753575773298,7179,5,0,1,1,1,0
0.365812489617156,41,1,0.3921901611662075,2426,10,0,0,0,2,1
0.31356979893035614,45,1,0.45486289125120816,2246,11,0,0,1,0,0
0.4199782396339989,18,1,0.33830856973455115,1422,10,0,3,2,2,1
0.6002730792964652,49,0,0.5769340101377419,12955,9,0,0,0,0,0
0.08635202099790638,32,0,0.28672919465622076,2021,1,0,0,0,0,0
0.35542383831124896,73,0,0.4532444418417859,7269,9,1,0,1,3,0
0.1311257303164894,58,0,0.39249280793847874,5855,5,1,1,0,1,0
0.17493219500105678,39,1,0.6050641362824764,10012,4,0,0,0,3,1
0.012059076615876392,60,2,0.6090655988110801,2124,11,0,1,0,2,1
0.37126211297670586,47,2,0.35698966309268143,3253,9,0,2,0,2,0
0.1308322549746001,31,0,0.8413227789172325,2234,7,0,3,0,0,0
0.09905026907693754,37,2,0.15715631778375114,2780,7,0,5,1,2,0
0.03394560912605572,54,1,0.5415547143572952,32826,4,0,1,0,2,0
0.3673243353827167,34,1,0.600516819913212,3078,6,0,0,0,1,1
0.2581904671966333,42,0,0.7103444090959015,1612,11,0,1,0,1,0
0.2323639758314618,18,0,0.45141485724808467,2310,5,0,3,2,2,0
0.23224992100409753,39,0,0.3107694928076531,5768,6,1,2,0,0,0
0.16760700753958196,28,0,0.6344631565048885,48977,7,1,0,0,1,0
0.25789783850395503,69,0,0.100917732451864,12166,4,0,0,0,2,0
0.1777174818274902,31,0,0.7067610701979548,17890,9,1,1,0,1,0
0.28619297703136404,53,1,0.6486481707708607,3178,6,0,1,0,0,0
0.5388273810188272,36,0,0.31217165375111067,1460,6,0,1,0,0,0
0.5056084495689769,65,0,0.743043007457011,13320,12,0,1,0,2,0
0.21405453910047817,22,1,0.5506018182981136,1938,13,0,3,0,1,1
0.1195417465237833,43,0,0.1343062114777371,3319,12,0,1,0,2,0
0.3051447590280214,32,0,0.3243017561140663,1467,8,0,1,0,1,1
0.045819745828677386,60,2,0.5351539254284444,6673,11,0,0,1,1,0
0.301879157068873,41,1,0.5126624846567114,3734,7,0,1,0,2,0
0.4129667023646429,57,1,0.08250871013413916,3251,8,0,1,0,3,1
0.19159218546796708,18,0,0.24242603677358848,2646,6,0,0,0,0,0
0.2727400252099935,29,0,0.26807154345617334,6196,8,0,1,0,0,0
0.05761240495587296,67,2,0.44965976456214257,9511,10,0,2,1,0,0
0.2555724436814857,70,0,0.48946516521589756,9642,4,0,1,1,2,0
0.15329281991117946,26,0,0.6951929566386713,12657,12,1,0,0,1,0
0.14243001953118467,49,0,0.4326430468807472,6015,16,1,1,0,2,0
0.06217982716284828,51,0,0.42720333513230807,13630,7,0,0,0,2,0
0.110687328798285,18,0,0.25042443582866697,6814,8,0,0,0,0,0
0.4514228229112421,27,0,0.5949630087477427,4891,7,0,1,0,1,0
0.194098670594316,22,1,0.13655785439029658,6683,5,0,0,0,2,0
0.3528741326927481,52,1,0.5282320568676083,2309,6,0,2,0,2,0
0.4439947932741585,60,0,0.3037567316145442,1914,7,0,1,1,0,0
0.5211685817448982,38,0,0.5537187855740374,9969,8,0,0,0,0,0
0.46608645005313076,68,0,0.1661738512383588,2952,6,0,1,1,0,1
0.25855743775540935,37,0,0.5562571252025381,10337,9,0,0,0,0,0
0.1086415381174496,54,1,0.8902650782392446,1541,12,1,1,0,1,0
0.16489831762266546,50,0,0.8222023768864262,3211,10,0,1,0,0,0
0.08815423572884314,35,1,0.37105661771211484,3754,9,0,1,0,1,0
0.06928795701927012,43,1,0.28025229331387613,2003,9,0,0,0,1,0
0.4498117597063224,19,0,0.22209392121276386,2952,6,0,1,0,1,1
0.10839772512683911,55,0,0.008742617269381069,20368,9,0,0,1,0,1
0.4331628438099342,27,1,0.24687652602674545,2797,8,0,1,0,1,1
0.302424803122962,77,0,0.20374764992825925,7758,5,1,0,1,1,1
0.23348444003136112,74,2,0.6114290811744536,3802,7,0,1,0,1,0
0.19470742694008483,18,0,0.45079120587158394,12257,10,0,1,0,3,0
0.4148679488457943,34,0,0.4006545707403721,3155,9,0,1,0,0,0
0.04304657910745488,53,0,0.8290067571970501,14387,2,0,3,0,0,1
0.11926374040930546,39,1,0.4295976526040717,9410,6,1,0,1,0,0
0.1909312976631914,40,1,0.6441946445020947,4731,15,0,0,0,2,1
0.5186295478288272,51,0,0.05019372329866439,8272,17,0,0,0,2,0
0.22807565687599032,45,0,0.507021441573416,4816,4,0,3,0,1,0
0.33439282396877423,64,0,0.25666403731289417,6759,10,0,0,0,0,1
0.41918682749563274,36,1,0.06617417259844349,2832,7,0,2,0,1,0
0.2801437494707112,58,0,0.4190303343843742,3657,9,0,1,0,1,1
0.2259849878139213,24,1,0.6983129241439382,8293,8,0,1,1,1,0
0.4570250071098675,41,0,0.6096809911920442,7136,8,0,1,0,3,0
0.3331805762183028,42,1,0.5064993930333956,11660,9,0,0,0,1,0
0.16799317588942997,51,0,0.5946867595123988,2695,7,0,0,1,0,0
0.27545573945250684,68,0,0.9243665005300029,4847,7,0,1,0,1,0
0.06562166264136052,26,0,0.7031027618351099,857,9,0,3,0,0,0
0.6268174838267194,18,2,0.06286624151682496,2088,5,2,1,0,2,1
0.07042941866422558,33,0,0.31052389289597215,2382,5,0,0,1,2,0
0.19383927095832337,46,0,0.175838891771287,1392,11,0,0,0,0,0
0.14959144596746826,41,0,0.6636233174092537,3406,7,0,0,0,2,0
0.4618057858192086,26,2,0.4568893490465571,11386,9,0,2,0,4,1
0.2790936260849917,59,0,0.5028494674487322,6717,16,1,0,1,1,0
0.6144784506402646,49,1,0.4658655676843538,17947,8,0,0,1,0,0
0.3568583975300667,22,0,0.775640074072201,12954,6,0,1,0,1,1
0.1448394613599245,60,1,0.3769198532862825,5578,6,0,1,0,1,0
0.1810538805538451,50,1,0.07856909972157596,6318,7,0,1,1,1,1
0.1350613028567967,28,3,0.3471894395612241,12940,3,0,0,0,1,1
0.10377756189784534,37,0,0.3834246159417883,4421,11,0,3,1,0,0
0.6521652692345992,41,2,0.4459911969891727,10118,9,1,1,0,0,0
0.34150129848082494,36,0,0.31777726786275384,7018,12,1,2,0,2,0
0.14364790322901969,52,0,0.3687039780072195,6096,13,0,1,1,4,0
0.0950394289159801,40,1,0.28948607568491724,3351,9,0,0,1,1,0
0.6708458275645667,51,0,0.5807471031299024,2579,8,1,1,0,0,0
0.23577594689686213,61,1,0.7875324053001029,4979,9,0,1,1,0,0
0.46308695510014536,35,3,0.3249401993367036,6409,4,0,2,0,0,0
0.5273249605444572,69,0,0.5361975563490576,8675,6,0,1,1,2,0
0.13978178659433566,42,1,0.6359405008655705,2022,3,0,0,0,1,0
0.08554347192510393,64,1,0.3271904854921085,10620,9,0,0,0,1,0
0.1840221058301115,54,0,0.26088053408688966,7617,11,0,0,1,1,0
0.073423566804088,59,1,0.25516789510464155,3841,8,0,0,0,0,1
0.1556283206432714,35,2,0.243309485747546,7444,8,0,0,0,0,1
0.20008983384523202,34,0,0.4214306679077835,2612,4,0,3,0,2,0
0.14918065152754978,45,1,0.8146268932300231,2145,11,0,1,1,1,0
0.11488895989941157,35,1,0.78776749990599,19026,12,0,0,0,0,0
0.3626884475089509,59,0,0.3598210492935739,814,8,0,0,1,1,0
0.32786472722686955,42,0,0.46673896215584326,10708,7,0,1,0,0,1
0.3046724412467226,57,1,0.7296246287011424,5219,10,0,1,1,1,1
0.20829479588600006,51,1,0.34906206072628665,1926,9,0,2,0,1,0
0.23404356264786763,30,0,0.16180588149585923,3183,8,0,2,0,0,0
0.07011025725321116,79,0,0.4609839159684907,16500,10,0,2,0,2,0
0.12044676585080262,49,1,0.7563859838496898,5653,9,1,1,0,1,0
0.504550956479051,49,0,0.8613839546768136,4804,13,0,4,1,2,0
0.12393154550296698,49,0,0.10319535108464561,4666,8,0,1,0,1,0
0.2535316504544494,37,0,0.5513869936210374,3931,7,0,1,0,1,0
0.11051640123784057,58,0,0.3436406836544183,4430,7,0,0,0,0,0
0.6065178650127975,51,0,0.32094115149731073,3148,9,0,3,1,1,0
0.19745656997858058,50,0,0.5303695481734716,3737,14,0,2,1,0,1
0.12353240567192852,42,2,0.4013018702283795,13579,11,0,0,0,2,0
0.141279225013158,40,1,0.6077632633256933,4854,5,1,1,1,1,0
0.23850666443099452,51,1,0.318862230025988,1437,6,0,0,0,0,0
0.14477391526388847,40,0,0.36386390031524213,5060,4,1,1,1,0,1
0.19567047665934503,63,0,0.8502747866882795,1951,6,2,1,0,1,1
0.3481843894010629,63,0,0.1757477918001206,6415,3,0,1,1,0,0
0.2484961952732172,61,0,0.5952957262462641,7710,5,0,1,0,1,0
0.3686664085045734,41,1,0.08047270112581958,1224,6,0,0,0,1,1
0.283150317062496,37,0,0.30696402359965075,8962,7,0,1,2,1,0
0.26770312017591713,45,0,0.2702327511988696,2193,8,0,0,0,3,0
0.1922031191593345,71,0,0.7049106229152984,6264,13,0,0,0,1,0
0.3397565549695921,18,0,0.5417077040527726,12103,5,0,2,0,2,0
0.4931215187308957,45,1,0.29797633620380387,4457,8,0,2,0,2,0
0.12562715202792216,30,1,0.39485387239061936,4004,8,0,1,1,0,0
0.4806695359453274,62,0,0.20944920742689918,10002,3,0,1,0,0,1
0.04941131990275466,71,0,0.32672508325667077,3796,8,0,3,0,1,0
0.14963582377663268,50,2,0.6234593718208661,10683,7,0,2,1,2,0
0.4004789759364521,23,0,0.5962019794678103,2547,8,0,0,0,1,0
0.5372701411252938,55,2,0.5450830628373469,4767,7,0,2,0,0,0
0.23000796026938422,18,0,0.4476755151060991,2971,6,0,1,0,1,0
0.07578413754066905,57,1,0.27637588295425375,4493,12,1,1,0,3,1
0.41190333042849286,44,1,0.06598947494003458,4707,5,0,0,0,2,0
0.1687410003291182,73,2,0.42844521275177877,53336,9,0,1,0,2,1
0.0709094148204395,18,1,0.240984576964355,15512,8,0,1,0,0,0
0.10507516315804197,35,1,0.4529800087715319,7321,9,0,0,1,3,1
0.1435417928305504,23,0,0.5077836572412461,2943,9,0,0,0,1,0
0.2739665009308073,32,0,0.6682206098673633,4198,4,1,3,0,1,0
0.24487603718042508,50,0,0.40072673489775645,10429,4,0,1,0,2,0
0.30296846688091356,18,0,0.4351010059619478,3393,9,0,0,0,1,1
0.25214300011217977,23,0,0.21501299955554998,1455,5,0,2,0,1,0
0.2177365161292369,49,0,0.3981173416542156,7692,4,3,1,0,0,1
0.18274652831660887,52,0,0.09344063075780454,4886,10,0,1,1,1,0
0.46080754336141505,50,0,0.41214941586883824,4010,6,0,2,0,1,0
0.2769922655854895,59,0,0.07722792719517618,9177,5,0,1,0,2,0
0.11869775673647392,49,0,0.8402199050523124,3849,11,0,2,1,1,0
0.15111664466227445,67,0,0.789638133536599,4787,3,0,2,0,1,0
0.04391817052399927,74,1,0.715930275871156,6399,10,1,1,0,2,0
0.11451518485496945,18,1,0.23945615285965743,5806,3,1,1,0,1,0
0.1832640972819971,50,1,0.44017533568074974,1687,7,0,0,1,0,0
0.08389886530208554,54,0,0.3499847763678144,5990,10,1,1,1,0,0
0.16033115199980089,46,1,0.16437661285919128,4851,7,0,2,0,1,0
0.06905317844187989,44,0,0.7787836494765878,5099,7,1,0,0,1,0
0.27215344951848186,60,1,0.4055501251372131,18336,3,0,1,0,2,1
0.08388696692838955,40,0,0.2785812852493421,1579,4,0,0,0,3,0
0.22895309230932873,26,0,0.15379703907335046,8437,9,0,0,0,2,0
0.23189874168060154,34,1,0.5815215849763689,11185,8,0,2,1,0,0
0.42795877757845535,50,0,0.6995096100428381,25512,5,1,1,0,0,0
0.5043031167099817,60,0,0.3953555170032681,13844,7,1,0,0,2,1
0.2477793521027084,37,0,0.312688799215694,2828,3,0,3,0,2,0
0.021061115279541673,26,1,0.0872796917506831,4858,7,0,0,0,2,0
0.7283571488924998,18,1,0.043917232802313286,14511,13,0,1,1,1,1
0.35001508359344974,67,2,0.5978093050283485,31781,6,0,0,0,2,0
0.24507323818550697,27,0,0.30540474852940985,1499,6,0,1,0,1,0
0.2435673997793969,41,0,0.4616889417196204,5353,8,0,2,1,1,0
0.1780880835507949,43,0,0.2978029139354239,38697,8,0,0,0,1,0
0.40385005867946117,44,0,0.4338154587232207,28322,4,0,2,0,0,0
0.44710005359528965,72,2,0.38930862049162435,829,7,0,0,0,3,0
0.1928827786739844,56,1,0.42703710451778654,13593,4,0,1,0,0,1
0.23924052003212584,58,0,0.3867783616608957,28870,11,0,1,0,1,0
0.018770150616240804,35,0,0.5374260087684324,8848,10,0,1,0,2,0
0.30696515447951306,48,2,0.160220713256446,8295,7,0,2,0,4,0
0.6237054394622575,36,1,0.6054065722447426,18112,8,0,2,0,3,0
0.4016864179002973,19,1,0.4357870596600631,4080,8,1,0,0,4,1
0.11478365236549071,55,0,0.730491547323722,3248,6,0,1,0,1,0
0.45638555800128794,30,0,0.1206759582871345,1709,9,0,0,0,0,0
0.14510847349923564,18,1,0.40372571807836294,9648,3,1,0,0,2,0
0.16408665478923068,44,0,0.11480968530849525,8218,6,0,1,1,1,0
0.49769791713121275,51,0,0.44092104876278676,1669,17,0,0,1,2,1
0.213348717371243,70,1,0.33021253941444084,19814,4,0,1,2,2,0
0.3102557588001857,52,1,0.1508819464621046,4975,13,0,0,0,1,1
0.23375255179473287,75,1,0.2951038712123324,13501,5,0,0,0,0,0
0.3017621172882643,65,0,0.17919566104340742,3924,4,0,1,0,1,0
0.5438242367093489,53,0,0.4156129295270242,2173,8,1,0,0,2,0
0.21903698653783993,51,0,0.6814045034637412,1657,7,1,1,1,3,0
0.5783846984501163,26,0,0.5798558777017079,11107,12,0,1,0,1,0
0.16218340672851225,36,0,0.4957936571909052,18868,15,0,1,0,1,0
0.27272290486593936,73,1,0.11946797074918332,911,6,0,2,0,0,1
0.1954893349868502,63,1,0.3763213825832535,2317,8,0,1,0,0,0
0.34587888432946184,27,0,0.24356204782637517,10427,5,1,2,0,1,0
0.26196359727989876,46,1,0.18541223027051884,11092,6,0,0,0,1,0
0.6228291113795578,51,0,0.6520154524157591,4482,8,0,2,0,1,1
0.38208163129786726,22,2,0.467051253948771,4523,12,0,1,0,1,0
0.24945616471594306,60,2,0.6890524239568931,6572,11,2,3,0,0,0
0.17771791898365555,49,0,0.42803236672978373,2424,4,0,2,0,3,1
0.1992939555280367,41,1,0.2939904817953546,11758,9,0,0,0,0,1
0.09362814376896675,47,1,0.3084548441142968,2270,2,0,1,0,1,0
0.11364754144532807,39,0,0.6364908775980042,6167,9,0,0,1,3,0
0.31911392891152357,70,0,0.39374355790376037,1004,11,0,2,0,0,1
0.2663393109131694,56,0,0.42123449250205974,5347,6,0,0,0,1,0
0.37945207469086406,50,0,0.20520295465728552,2486,9,2,1,0,0,0
0.19680864673923334,51,0,0.13586296542007606,16071,8,0,2,1,0,0
0.22374885747385828,18,1,0.14280195079286387,6790,6,0,0,1,0,0
0.3284891899890215,36,1,0.28954242067007074,2517,8,1,2,1,3,0
0.24491122861736644,40,0,0.8475328398143692,3153,7,0,0,0,0,0
0.24262724381223605,18,0,0.41582481694963264,3651,10,0,1,0,3,1
0.12568293374332457,58,1,0.3376482469103971,3987,9,0,1,0,0,0
0.05282107900749497,55,0,0.2114117848986532,8620,9,0,0,1,1,1
0.17140412516092618,23,0,0.6879117448109593,5968,11,0,0,0,1,0
0.4126594985775011,20,0,0.14042706675103658,8243,4,1,4,0,1,1
0.6188403811938779,41,0,0.44697999694216833,912,8,1,2,0,0,0
0.2569214878439322,22,0,0.21378267186901845,5208,8,0,1,1,0,0
0.3894955507202539,42,0,0.202380702509917,1504,5,0,0,2,2,0
0.3055262110801297,40,3,0.3838986541236279,4059,11,1,3,0,2,0
0.09067791410800931,38,0,0.4192535295767906,12028,12,0,0,0,1,0
0.22610033572623472,34,0,0.5007559485209453,22603,6,0,2,0,1,0
0.2790005055791809,42,2,0.7866192657813862,3033,9,1,4,0,2,1
0.13170476986017313,55,1,0.6771366939755096,20304,10,0,0,0,1,0
0.25954811236722897,21,0,0.08306887145782428,9545,13,0,1,0,2,0
0.03168269021009283,30,0,0.52670029459315,4106,2,0,2,0,0,0
0.07599257315067436,39,0,0.1961213864068436,5149,0,0,0,0,0,0
0.30434120190623204,53,1,0.6951165045639931,1629,9,0,0,0,0,0
0.5758611920214871,33,0,0.30018153278746795,2050,9,0,0,0,1,0
0.12577847150757665,75,1,0.18897273466148884,4372,9,0,1,0,1,1
0.44840447140257195,49,0,0.3561688186112808,2498,8,0,1,0,2,0
0.3029529149521107,49,0,0.5003453012123834,3310,8,0,0,0,0,0
0.11208181523010811,60,0,0.5097980203524676,4694,15,0,1,0,3,0
0.266582986085776,47,0,0.33548771441867364,1298,5,0,1,0,1,1
0.07764248601360456,56,1,0.2806316758177348,24542,5,0,0,0,0,0
0.30501095554924434,22,0,0.0830918383154782,1340,7,0,0,0,2,0
0.32060905091262115,43,0,0.48147072702204335,5471,9,0,0,0,1,0
0.226215833508914,51,1,0.2336094159536838,3741,7,0,1,0,3,0
0.16677285428184715,49,0,0.20393303905222357,4074,10,0,0,0,1,0
0.39204922504577644,59,0,0.3443070366873956,2866,9,0,1,0,1,0
0.026246948522155304,78,0,0.5083762671399632,19469,9,0,0,1,1,0
0.15598317161648043,70,0,0.4080453053810392,4267,9,0,1,0,0,0
0.46648584706214047,50,0,0.3366200695664827,17556,3,1,1,0,0,0
0.4679683955549506,55,0,0.7413538114503562,849,9,0,2,0,2,1
0.45718691905665815,21,0,0.35439296543757476,16939,8,0,0,0,1,0
0.2102816738411017,31,0,0.21678684249459873,3345,9,0,0,0,2,0
0.56587677098069,47,0,0.5180046383322903,5514,8,0,0,0,0,0
0.6024824133657584,52,0,0.6609737354865167,5407,9,0,0,0,0,0
0.4577670849729158,38,0,0.15742370707885353,404,3,0,1,0,1,0
0.17195430912773133,51,0,0.2758339675001537,4314,8,0,2,1,0,0
0.1850394293596416,48,0,0.06023847646011777,3828,5,0,0,0,0,0
0.48082746339566695,49,1,0.25153224809486285,1998,6,0,1,2,0,1
0.3473197377948753,41,0,0.4256115875760022,5326,12,0,1,0,0,0
0.08308503224013927,78,0,0.2565038563250664,3305,14,1,3,0,1,1
0.14307983563513074,41,0,0.42629200392391225,3556,3,0,2,0,0,0
0.10060757791424381,57,2,0.5149977314768759,5601,8,0,2,0,2,0
0.2347968915188218,46,0,0.3973436213183669,5780,8,1,1,3,3,0
0.563582574784393,64,1,0.4187543403639199,8700,5,0,2,0,1,0
0.30857940800052436,50,0,0.7577926026920168,11994,8,0,3,0,1,0
0.29783535351435253,62,1,0.42355995092211357,4461,12,0,1,1,0,0
0.2747603730121713,44,0,0.6300907076986159,3685,7,0,0,0,1,0
0.19134070704500214,45,0,0.11752627774625818,12136,5,0,3,0,0,0
0.10144874961992556,30,0,0.33652245379973683,1946,13,0,4,0,0,0
0.2868859459090281,59,0,0.1720332316622543,2219,13,0,1,0,1,0
0.1571429813632107,31,0,0.3563735594771561,2308,6,1,0,0,2,0
0.11873425016133966,22,0,0.2550564793156939,7433,10,0,2,2,2,0
0.36494609978695713,49,2,0.25747531441700255,2183,7,0,1,1,0,0
0.47654332092701657,37,1,0.6806457534112849,5186,9,0,0,0,1,0
0.06382267368666592,44,1,0.4167901354424021,4125,11,0,0,0,0,0
0.22486008274948324,47,1,0.31163580618447845,19971,14,0,2,1,2,0
0.17785850400878542,46,0,0.32249480128498154,3964,7,0,0,0,1,0
0.38078631789678485,39,0,0.7246198121891859,3018,8,0,1,0,0,0
0.3939657100062471,30,1,0.1925459137204936,2875,10,0,1,1,0,1
0.09588152139445494,61,1,0.43257159444522186,2425,4,0,0,0,3,0
0.29343131614272805,45,1,0.7444067252985811,15140,6,0,2,0,3,0
0.47274084074853817,61,0,0.7045909890602322,10018,7,0,1,0,0,0
0.30460864557631706,42,1,0.5324553024819356,3230,6,0,1,1,0,1
0.31538615662162556,37,0,0.1342464514803399,5700,8,0,2,0,2,0
0.12834459168612017,18,2,0.21268268976517646,7385,7,0,2,0,0,0
0.4603771558671491,26,0,0.3817319007506726,5846,8,0,0,1,2,0
0.27268856131815455,41,0,0.30931083452556696,10334,7,0,1,0,2,0
0.1974191103033878,60,0,0.6134344227834293,10091,10,0,1,1,0,0
0.5442173394090642,36,0,0.39732876428753594,1207,7,0,0,0,0,0
0.10876761374348526,20,2,0.3557497507326786,3157,7,0,3,0,2,0
0.3929247662511889,34,0,0.5488246888908097,2933,3,1,2,0,0,1
0.3248207287344698,41,0,0.47735037473902,6312,7,1,0,0,1,0
0.2965424264630311,44,0,0.5893648545267491,5449,3,0,0,0,1,0
0.3030022943268793,49,2,0.5956389937293204,7186,5,0,0,0,1,0
0.3898901649136249,42,1,0.4874977473428101,3794,12,0,1,0,2,0
0.41374157775251563,23,2,0.2857919016193587,40760,6,0,0,1,3,1
0.4111549339576741,18,0,0.1989046742565473,6617,8,0,0,0,0,1
0.2873393777486445,56,2,0.4858427330205302,1589,5,0,0,0,1,0
0.3871583660669047,64,1,0.3897669457619134,14349,11,0,1,0,1,0
0.15272990187897725,30,0,0.39703854552443796,5984,4,1,0,0,2,1
0.1481550640574574,26,0,0.3455549106538496,8135,5,0,2,0,1,0
0.15282104360549678,61,0,0.6848304774094764,13537,9,1,0,0,0,0
0.27191044248515384,28,1,0.26985064932877134,1538,6,1,0,0,0,0
0.46939182439818006,47,1,0.6168719900450759,818,4,0,1,0,2,0
0.6514265865225513,39,0,0.18075091175128133,5069,9,0,3,0,1,0
0.29997687769716014,18,0,0.5053464059830527,20346,10,0,2,1,0,0
0.09521610885052507,37,2,0.2339850697046253,6741,7,1,2,0,1,0
0.3713572271478143,37,1,0.7494717801946169,4951,4,0,3,0,1,1
0.28096482017612784,32,0,0.4041472476009555,2714,8,0,1,1,0,0
0.22203698862207166,54,0,0.29497508744806206,2440,10,1,0,0,1,0
0.40724128954511923,37,0,0.33395513076379707,11318,14,1,1,0,1,1
0.2967856937391804,58,0,0.4390554048967178,4522,6,0,1,0,1,0
0.4934814210239621,37,0,0.13118603972989257,4423,6,0,3,0,0,1
0.1976624345763107,42,0,0.6043639779850465,3496,4,0,1,0,1,0
0.27333639803035015,31,0,0.15990689820511678,5158,8,0,2,0,1,0
0.3525008520264587,56,0,0.17127118121289125,4469,6,0,1,1,1,0
0.6443593613564402,27,2,0.4722728486052348,11058,7,0,3,0,0,1
0.2113000940493068,42,0,0.3558042732717713,2791,9,0,0,0,0,1
0.29546471326241236,44,0,0.5986631972526315,10591,7,1,1,0,2,0
0.21167831627434527,67,0,0.25603046090649023,1149,6,0,0,0,2,0
0.4381456886915722,42,0,0.2553061588241787,379,5,1,2,0,0,0
0.18808549641174058,39,0,0.6468145164441423,3455,1,0,0,0,1,0
0.18448981646691773,82,2,0.3990793347802746,8513,6,2,0,0,0,0
0.27585076257319746,59,0,0.4767605082349934,1830,3,0,0,0,1,1
0.09560350428890076,48,0,0.8001143759414407,4287,10,0,0,0,1,1
0.05562820110578,63,1,0.1993935732385247,11206,3,1,1,0,1,0
0.46467742332540884,49,0,0.4200343502454307,9740,8,0,0,0,1,0
0.08400548426215468,28,0,0.37071430605762934,19494,9,1,1,1,1,0
0.17609059567801139,51,0,0.11298708110549713,6714,9,0,0,1,2,0
0.18161695532569214,38,2,0.08950067372462986,3450,11,0,1,0,0,0
0.6780859438068546,24,0,0.5864111532828129,2088,14,0,0,0,2,1
0.17374483786548092,38,0,0.7139195618519554,4649,6,0,3,0,1,0
0.21755302272177873,69,2,0.4592752218063365,5454,7,0,0,1,2,1
0.25853293143343375,50,2,0.6613673824946169,3818,7,0,1,0,3,0
0.6090004345624231,33,0,0.48115345261895537,2930,8,0,2,0,0,0
0.20051710181973773,52,0,0.33320192703691215,11144,3,0,2,0,1,0
0.5844923274489122,38,1,0.5568218355724516,1227,12,0,0,1,0,1
0.04081301959100234,54,0,0.2130799003149026,1127,16,0,0,0,1,0
0.4553740814553918,41,0,0.20743590373742166,2448,10,0,1,0,0,1
0.26564248223215386,29,0,0.6312469555270545,7231,8,0,2,0,3,1
0.11562139413573341,42,1,0.36007752057102155,8726,7,0,0,0,1,0
0.17419000168450727,45,0,0.6070809036374527,6815,10,0,0,0,0,0
0.38486253377076723,67,1,0.22219332505794318,7727,5,0,1,0,2,0
0.152719247608167,40,1,0.6131866630022859,4683,11,0,0,1,1,0
0.14086541797523622,55,0,0.1033462405547219,4595,8,0,2,0,1,0
0.2532313547154969,37,0,0.5194799967178828,17195,9,1,6,0,0,1
0.01011980876889981,46,2,0.39252918037494944,2411,16,0,0,1,0,0
0.24381875655523563,51,1,0.3276135732725949,721,12,0,2,0,2,0
0.22345853394985105,25,0,0.2717342836307289,22189,12,0,0,0,0,0
0.11802961895617278,64,0,0.18036729467887871,2926,4,0,0,2,2,0
0.18208605831251373,59,1,0.6008209151880538,6438,9,0,1,0,3,0
0.27519794615151694,38,0,0.42739322664064583,6656,7,1,2,0,1,0
0.40868081721335653,49,2,0.2603218417299491,2778,8,0,0,0,1,0
0.21402806359663176,40,0,0.38396230594273245,3284,9,0,1,1,1,0
0.1816196869403596,57,0,0.7735203740601634,10953,8,1,1,0,0,0
0.14217346724693355,35,0,0.2936568255287895,2360,3,0,1,1,0,0
0.35992478017383117,32,0,0.6980167095197252,26305,9,1,1,0,1,0
0.08911356687297241,68,1,0.9006382396105422,19058,10,0,3,0,1,0
0.3537093517028245,42,1,0.7403557931368913,1634,4,1,0,1,0,0
0.2863772801248307,35,0,0.6943002442876333,5113,5,1,0,0,1,1
0.33176038589837015,39,1,0.5203633741820536,5693,4,1,1,3,1,1
0.3010813721112423,29,3,0.5695957024196556,9170,5,0,0,0,3,0
0.14584552238126033,49,0,0.3601366705854826,11220,9,0,1,0,1,0
0.46253569255824734,49,0,0.172287953135002,10256,9,0,2,0,3,1
0.6031920335222614,25,1,0.1956449430847013,13446,8,0,0,1,1,1
0.3504516326379925,61,0,0.6236127283955814,4176,8,0,1,0,0,0
0.33560519593233684,54,1,0.2446745295406169,18289,11,0,0,0,0,0
0.3269519087804963,44,0,0.3698744661520794,2351,9,0,1,0,0,1
0.1541483403887442,39,0,0.4762573733986639,7985,5,0,2,0,0,1
0.20984303321422224,45,2,0.5131352730785553,1730,10,0,0,0,2,0
0.5860277233859992,70,0,0.16827392168051877,11618,11,0,4,0,3,0
0.21646999683597828,32,0,0.3393988211068111,4922,5,0,0,0,2,1
0.0960244342001636,65,1,0.5404533957198472,14148,13,0,1,2,0,0
0.313649121678679,52,0,0.08784419095489954,2526,1,0,0,1,0,0
0.08924352450321599,66,0,0.25907496176274014,4295,4,0,2,0,1,0
0.28169002879442767,60,1,0.2072103810075674,4172,4,0,3,0,1,0
0.2639451947830593,18,0,0.41320017292363187,2410,8,0,0,0,1,0
0.18405191232612542,46,0,0.1575194166362284,1933,8,0,2,0,0,0
0.30653000824852594,45,0,0.4599562580802933,3255,10,0,3,1,2,0
0.23447261136480865,62,1,0.23238700264282997,7317,8,0,1,0,1,0
0.3058888755842531,52,0,0.24040359878933817,3145,7,0,0,0,2,0
0.41170981302596404,21,0,0.2209847828592595,9422,9,0,0,1,0,0
0.296595452929604,34,0,0.3926376445361802,3489,7,0,0,0,1,1
0.27623525315679165,60,1,0.6775517176667187,5783,8,0,0,0,1,0
0.26545604361851255,69,0,0.5194062296611294,7723,6,0,0,1,1,0
0.11075582134869519,56,1,0.5525897262021882,14161,8,0,0,0,3,1
0.25608428646684334,53,2,0.18993232777088156,2753,10,0,0,0,0,0
0.5662211915081822,46,2,0.11596294986214302,7431,8,0,1,0,0,0
0.39754078539616566,69,1,0.6485525692204479,3697,7,1,0,0,1,0
0.5115091764000099,70,1,0.471478500691539,9505,8,0,2,0,1,1
0.1970159936325445,31,1,0.21410837530180926,4983,7,0,1,0,1,1
0.14331231593556365,52,1,0.35960436029447773,2670,8,0,2,0,3,0
0.33624122276687135,66,1,0.3269370393085808,13075,6,0,1,0,0,0
0.14694644142528251,27,0,0.12401805949350182,2088,7,0,3,1,0,1
0.3363732490228128,50,2,0.4779801709974697,3443,8,0,3,0,0,1
0.5366891984998277,18,1,0.2967883944161718,1291,6,0,1,0,0,0
0.16019275917300865,72,0,0.646381845778414,3123,11,1,0,0,0,0
0.27099350844260317,57,3,0.2623738405517432,5581,9,0,3,0,1,0
0.4523605052090291,18,1,0.39608913279170416,1801,8,0,0,0,0,0
0.05390402094735992,42,0,0.3271439115307556,2257,6,0,1,0,0,0
0.09256307814342886,46,0,0.6829506353783024,8564,8,1,1,0,1,1
0.3310524411646767,47,1,0.19438634688189646,3805,9,0,1,0,0,1
0.3810725407142396,38,0,0.08157433284773477,12980,8,1,0,0,1,0
0.08143050003378306,27,1,0.4449347081045708,5990,13,0,1,0,1,0
0.22822513973322214,76,1,0.45030882466147437,6391,7,0,0,1,0,0
0.303642196380669,38,0,0.10945569750659723,1251,11,0,1,1,0,0
0.31680809257608034,56,0,0.07969780476008684,17711,4,0,0,1,0,0
0.04915262188978056,25,2,0.5960100108019546,6290,6,0,1,0,1,1
0.36447034005136814,34,0,0.0937803293574693,1668,5,0,2,0,1,0
0.11085893035214042,31,2,0.6687299296053906,802,8,0,1,1,2,0
0.4987682533591926,74,0,0.6783449858880232,3971,5,1,2,2,1,0
0.048895073597823364,40,2,0.9013782523253191,4107,10,0,1,1,2,0
0.27689496784761614,52,0,0.27021518247046417,11265,5,0,0,0,0,0
0.10122614416574113,35,0,0.8475105451455318,2207,4,0,0,0,0,0
0.08626800275471633,46,0,0.5921463694089515,9270,11,0,1,1,0,1
0.14441344814125517,70,0,0.19688102051364634,6524,6,0,1,0,1,1
0.5185816678335601,70,0,0.2784783877744776,6062,9,0,1,0,1,0
0.20112663745010123,59,0,0.6839362134482859,21567,8,0,1,1,2,0
0.2156936298381544,48,0,0.3255525066705775,8805,5,0,3,0,3,0
0.18816809267137424,37,1,0.28653293048687534,5173,6,1,1,1,0,0
0.1541675757715723,43,0,0.5294446176654859,2182,9,0,0,0,0,0
0.04645943822527078,38,0,0.8253068636898526,14180,10,0,0,0,1,0
0.3063043222433504,38,0,0.41756372814030007,5626,7,0,1,1,2,0
0.26696216360096897,40,0,0.25811968720450357,17005,6,0,0,0,1,0
0.45252162119830414,37,0,0.3943268756226858,3324,5,0,0,0,0,0
0.30954637219871206,28,0,0.31995184069617133,10382,11,0,0,0,0,0
0.5143462723606896,32,1,0.3929072045511673,1829,4,0,3,0,0,1
0.19411667842654914,29,0,0.11572838989320765,3278,10,1,1,0,0,0
0.3028098405445209,19,0,0.4907721241471312,13297,9,1,2,0,0,1
0.19118123210636204,40,0,0.5619197015702562,6840,11,1,1,0,2,1
0.12742311464014086,25,1,0.2715855268237574,7295,7,0,1,0,2,0
0.05665960672430462,52,0,0.2933264275382541,5399,9,0,1,1,0,0
0.26732481037828987,33,2,0.29357636119402947,3393,4,0,0,0,0,0
0.14794619863240172,32,0,0.47912929397998444,2543,6,0,0,0,2,0
0.37036235287468167,47,1,0.6011422751572244,1270,13,1,2,0,0,0
0.42797229886279015,52,0,0.09276690801803414,6752,8,0,0,0,1,0
0.12403887393699009,62,0,0.458139028053119,1955,10,0,0,0,0,1
0.525958762461956,31,0,0.48531549921165856,16989,8,0,3,0,0,1
0.11789830013914805,50,0,0.5474796317135927,13665,7,1,1,1,3,1
0.3688874350950799,50,1,0.5365570182293344,2573,7,0,1,1,0,0
0.25316418025365917,59,0,0.12395211670205375,11412,6,0,1,0,0,1
0.23357664428443284,45,1,0.4118102062965801,11860,10,1,2,0,4,0
0.17839420286685023,28,1,0.742089207405645,5646,12,0,0,0,1,0
0.17938909994607724,69,0,0.38373443619985903,8002,8,0,1,0,0,0
0.5514630582100013,64,0,0.31864502734116495,2776,6,0,1,0,0,0
0.06907014750142444,35,0,0.1633964439575055,2112,10,1,0,0,0,1
0.09017237260382063,38,0,0.707375095292243,9757,11,1,2,0,1,0
0.26170292576252235,52,1,0.8694503176860182,37453,9,1,2,0,0,1
0.4330716033304941,52,0,0.6945261326351165,1127,5,0,2,0,1,0
0.11185491899788277,59,2,0.5730579519358482,10059,8,0,0,0,1,1
0.42118625613974525,34,0,0.6602880057105088,1970,12,0,0,0,4,0
0.20326310866080066,51,1,0.4721528411514416,1873,10,0,0,1,1,1
0.20777418297762254,61,0,0.8098396501001243,3866,7,0,2,0,1,0
0.11145602857791269,41,1,0.34445727921713715,2875,10,0,1,1,2,0
0.5200676028215484,64,0,0.05279091947050094,612,11,0,0,0,1,0
0.0506785858287781,43,0,0.24305821557943014,10242,9,0,1,0,0,0
0.2697394569315973,65,0,0.7226952575975523,1041,12,0,1,0,0,0
0.4226568030127023,42,1,0.6745480098302598,11056,7,0,1,1,2,0
0.4620131598763229,52,0,0.36221628117361615,4113,3,1,0,0,0,0
0.026576022767171872,84,1,0.35605079686853697,10861,13,0,2,1,0,0
0.14274197977727301,44,1,0.3391926951936569,1563,6,0,0,1,1,0
0.24967412784017934,49,1,0.15032418535461015,2827,6,0,1,0,4,0
0.04449606337317069,48,1,0.1275159508706733,3906,13,0,1,0,0,0
0.3189221008414414,80,0,0.4507574241355508,2651,6,1,2,1,4,1
0.5213177965880654,32,0,0.43565026572484317,3513,9,0,4,0,1,1
0.3682588225673957,56,1,0.2065213131208412,8016,11,0,2,0,1,0
0.08059860962236542,42,0,0.4222629195377331,4564,6,0,1,0,1,0
0.05744716658165199,21,0,0.32839036918137915,2929,9,0,1,0,1,0
0.555821589577758,53,0,0.5791346369052442,4017,6,0,2,0,1,0
0.07333927683244662,54,0,0.06723511880077647,4936,8,1,0,0,0,0
0.13889199600572066,43,0,0.353746627700734,2059,6,1,0,0,2,0
0.42458875491426684,52,1,0.8608439371873241,2733,8,0,1,1,0,0
0.146481588275832,59,0,0.5723059862680083,1917,6,0,3,0,0,0
0.5987783491407606,39,1,0.10249499578189472,2489,9,0,0,0,2,0
0.02309831172291762,72,1,0.11849220969408046,7573,10,0,1,1,1,0
0.14805914031835177,54,1,0.422487011772282,1135,8,0,0,1,1,0
0.16171016109756062,42,0,0.34653112444103074,672,7,1,1,0,0,0
0.23903004411557446,68,0,0.8791086055757865,1224,7,1,3,4,2,0
0.33858804627183764,69,0,0.2793854413232327,5081,10,1,1,0,3,0
0.0239230950487694,34,1,0.34489030432128204,3466,6,0,1,1,0,0
0.2772465012796168,53,0,0.42306296733179355,20127,4,1,0,1,0,0
0.3270697804004983,33,2,0.25680099258643013,4431,8,0,0,1,2,1
0.28846777132479295,58,2,0.14519202014804036,7593,5,1,0,0,2,0
0.3191221600729202,74,0,0.4577139416944178,6329,7,2,4,0,0,0
0.2680975894347025,48,0,0.2845744053843867,2569,7,0,1,0,0,0
0.15808166306163912,48,1,0.17725514884361143,2105,10,0,0,0,0,0
0.17621013201260402,25,0,0.18296776587727648,6042,4,0,2,1,0,0
0.14604996770771267,27,0,0.10426523641144249,1370,9,1,0,0,0,0
0.4521864230005564,51,0,0.041486644286516994,3693,3,1,2,0,1,0
0.5637806464310106,19,0,0.47327602176792777,17993,6,0,0,0,1,0
0.1258499014501877,33,0,0.27753211726154753,2537,7,0,2,1,4,0
0.10208843955818361,22,0,0.4313749854715497,2499,4,2,0,0,1,1
0.4267977059786395,27,1,0.45814170062850484,1253,6,0,2,1,1,1
0.1949885636349597,35,0,0.8371473771394232,1177,16,0,0,0,1,0
0.3811263572667042,42,0,0.17282636170459104,2845,6,0,0,1,1,0
0.09420097600969625,58,1,0.48309893750395866,1939,11,0,1,0,0,1
0.052959574794062644,77,1,0.639512891463419,10034,8,1,2,0,1,0
0.2849517183668974,41,0,0.2934214484764017,1669,8,1,0,0,1,1
0.30446372816977413,33,0,0.49044728072588567,14238,5,1,1,2,0,0
0.5498185249977877,50,0,0.3447643490522414,2597,8,0,1,0,0,0
0.45184458845567377,18,0,0.1840119096830299,10091,3,0,0,0,0,0
0.2968048708615028,72,1,0.19452399244135174,14633,8,0,2,0,1,0
0.18655003782435814,54,0,0.2961227848067707,6247,7,0,1,0,1,0
0.3013937110745999,69,0,0.5105413896647903,11258,5,1,3,0,0,1
0.21601227557166022,48,0,0.5173167028928399,3034,6,0,0,0,1,0
0.3406511413253531,18,2,0.4093207890651363,9706,9,0,2,0,2,0
0.25767849869873277,54,3,0.7412669149070092,7862,10,1,2,2,1,0
0.6809140145502959,28,0,0.1888375401463902,5729,12,0,1,0,0,0
0.3859122239980272,75,0,0.3103355183771984,695,4,0,3,0,2,1
0.09252852911081852,44,1,0.36417515305186826,4406,9,0,0,0,0,0
0.17371027513899143,43,0,0.6256846152305339,6011,4,0,2,0,0,1
0.1547561560556872,78,0,0.8524692750149238,7156,6,0,1,1,1,0
0.23913280884775331,55,1,0.3803728677518288,8086,11,0,1,0,1,0
0.2824603536150443,56,1,0.31226442853403646,17288,6,1,0,0,1,0
0.5577034685367434,64,0,0.4454594681764607,5789,5,0,2,0,0,0
0.04903365958887586,18,1,0.241119192473133,3029,7,0,4,0,3,0
0.42991618920246333,54,0,0.5739996478989803,5695,7,0,1,0,1,0
0.21554493696175173,52,0,0.45639837382901083,16712,8,0,0,2,0,0
0.08822828209004406,65,1,0.4847782459682461,11213,10,0,1,0,1,1
0.3127945201141216,44,0,0.31009098541288765,5315,8,0,0,0,1,0
0.305530021472647,38,0,0.3469611854329429,5828,6,0,0,0,0,1
0.8548331885615245,23,0,0.5024451832427186,2289,6,0,1,0,0,1
0.5893571337472567,42,0,0.3448994855385576,8198,5,2,0,0,1,0
0.18614367701180293,45,2,0.6817740393379428,2727,11,0,1,0,3,0
0.22675444035567938,44,0,0.5236947053037976,3425,9,0,1,1,1,0
0.14204646469304255,46,0,0.34099256894696467,7648,7,2,1,1,3,0
0.19494092578260913,58,0,0.06170261668057365,15054,8,0,0,0,1,0
0.19768222024467916,65,0,0.6346204319664455,1531,12,0,3,0,0,0
0.535800348081295,65,0,0.46611089153470353,4324,6,0,0,0,0,0
0.18608990962019395,39,2,0.35993211564730637,22890,7,0,0,0,1,0
0.352374338215019,67,1,0.45232840818811515,4346,5,0,0,0,2,0
0.3065456862678374,41,2,0.11117823770420468,7210,7,1,1,0,1,0
0.397083982883665,34,0,0.737085781177474,2631,10,0,1,1,1,0
0.30861235743671944,23,0,0.2639040482733695,3963,6,0,1,0,2,1
0.25980063892752225,51,0,0.7615688745638958,3478,7,0,1,0,3,0
0.18601471831427369,45,0,0.6394652583137918,7956,10,0,3,2,0,0
0.30418663279589936,26,0,0.3256449017002797,24770,10,0,1,1,0,0
0.23251345420274042,34,1,0.28682084935701635,2661,6,0,0,0,2,0
0.3339964827348149,67,0,0.41365225414356066,16839,9,0,2,2,0,0
0.6075841715815903,33,0,0.3150678296075977,5792,4,0,1,1,0,0
0.5709079944678725,49,0,0.44554525825821767,8140,10,0,1,1,1,1
0.4033703727194586,41,1,0.38936415824564335,3598,13,0,3,0,3,0
0.1939698525994272,41,0,0.29427593061181573,4262,10,0,1,2,1,1
0.24612931224858495,55,2,0.5466131798980444,5932,8,1,2,0,1,1
0.16706797619318886,66,0,0.15000427328643523,1334,9,0,0,0,1,0
0.4160560481819764,23,1,0.521161300774836,3175,10,0,1,0,0,0
0.23906369012771064,48,0,0.5587464076304383,3631,7,0,0,1,2,0
0.2373087965955303,28,3,0.2753600529762669,5425,4,0,0,0,0,0
0.6199385071428644,51,0,0.31140928501812437,13462,11,0,1,1,1,0
0.07427103538247432,30,3,0.766453323905902,8498,5,0,2,0,3,0
0.13536309562139182,65,2,0.11684504360212024,3023,3,0,0,1,1,0
0.403072677240741,28,0,0.3667556194055804,8150,11,0,2,0,1,0
0.2011236389688568,28,0,0.5154652345079558,4044,14,1,0,0,0,0
0.1878972379304434,18,0,0.7229015981061151,6590,9,0,1,0,0,0
0.27847223019957856,51,1,0.7697126411434551,7270,9,0,2,0,1,0
0.12120235771721152,79,0,0.543239724679307,6690,8,0,0,0,2,0
0.39206490491363055,30,1,0.09937698683419487,8134,4,0,0,1,1,0
0.41018474288898216,18,1,0.45140647844504517,11053,7,0,2,1,1,0
0.6439283053026167,60,0,0.042059212029990335,6512,4,1,2,0,0,1
0.25777156260919876,46,0,0.5917413208228466,6499,7,0,2,0,0,0
0.21469580011089925,22,0,0.4776673679069626,1432,9,1,2,0,1,0
0.34434570083945343,58,1,0.20041127881462328,3068,8,1,1,0,1,0
0.4045336952305039,64,0,0.7343444760230123,13038,6,0,0,0,0,1
0.275177818447262,54,0,0.34748428495749073,9565,9,0,0,1,2,0
0.22932474286352492,43,1,0.6024756966067422,6457,8,0,1,0,3,0
0.32720466507112334,60,0,0.7953622241202537,8529,8,0,0,0,3,0
0.2378860542692015,23,0,0.04253129803131419,3581,7,0,1,0,3,0
0.6477440104229825,44,0,0.31006683292200404,5683,10,0,2,0,3,0
0.4502650346813877,37,0,0.46167712522353566,3045,7,1,3,1,2,1
0.17779623289094187,40,0,0.4283679000717179,5247,11,0,1,1,0,0
0.17696501460670644,43,0,0.043391115397145116,13510,7,0,0,1,0,0
0.18675201013978074,54,2,0.36863313511011775,8137,14,0,1,0,1,0
0.221512529156866,48,1,0.28007565876954105,2947,7,0,2,0,1,1
0.25456500842308866,42,1,0.5807186823498701,436,6,0,1,1,2,0
0.300799066872062,73,0,0.5124290984557381,2490,6,0,1,0,0,0
0.5812458437108798,62,0,0.11496448887809392,4276,3,0,1,0,1,0
0.2877363085152085,51,0,0.7176773306614966,1493,7,0,4,0,1,0
0.3287278573022001,74,0,0.2430802961730437,4984,4,0,0,0,2,0
0.3512027240788651,40,0,0.7367253594691671,29807,10,0,2,0,1,0
0.27877464724666856,61,1,0.5188474157468169,2080,10,0,0,1,0,0
0.3623195210719418,78,1,0.4382078800306441,4337,2,0,0,0,0,0
0.25169698794594825,58,0,0.46855827577214604,36607,7,0,0,0,0,0
0.017994803029944578,31,0,0.42120145071360643,4670,4,1,2,0,0,0
0.2101445371915455,48,0,0.436014620900153,8138,7,0,2,0,2,0
0.12768731643570175,59,0,0.4617627226149431,8609,8,0,1,0,0,0
0.24864593316535644,67,1,0.8709399449414335,11660,8,0,4,1,0,0
0.19844653736107218,46,0,0.25977078800826875,6809,7,1,3,0,0,1
0.47420899798348987,87,1,0.69373873843237,23163,5,0,0,0,3,0
0.1910348159097886,31,0,0.5460451803540547,2985,10,0,0,0,1,0
0.3458219291394737,47,0,0.3276604407013982,37236,9,0,1,0,2,0
0.2969425255639969,54,0,0.4148255690534809,4764,8,0,0,0,2,0
0.10497560610190532,18,1,0.45083659551290084,1726,11,0,1,3,0,0
0.19579102030110246,59,0,0.4144723270033629,7307,9,0,1,0,3,0
0.3842847946824787,39,0,0.24215903707842745,1899,3,0,1,0,1,0
0.5390183861796021,55,1,0.7116762191101312,4807,9,0,0,1,0,0
0.38215453825087814,50,0,0.2755258728312122,4095,9,0,3,0,1,0
0.05443695740607726,42,0,0.10477430919104402,4580,6,1,2,0,0,1
0.05963135479631662,64,0,0.08499384698006375,6135,12,1,0,0,2,0
0.13492021135974652,53,0,0.17612017117921622,4599,4,0,3,0,0,0
0.1963566425300103,60,3,0.15837357496726845,11054,14,1,1,0,4,0
0.1974709264496999,51,0,0.2761589716396167,12554,9,1,3,0,2,0
0.09149988914699868,63,0,0.6894152627887655,2682,7,0,1,0,0,0
0.6098877774405845,61,1,0.1319177171912403,2366,10,0,2,0,3,0
0.23336651745866205,29,0,0.5936385591056681,6959,8,0,1,1,1,0
0.2317658767718373,65,1,0.5655725452203662,4418,10,0,3,0,1,0
0.10878356738986487,59,0,0.3870180876250844,6412,5,0,2,0,2,0
0.22770815456813245,36,0,0.6989487390785777,1546,9,0,0,1,1,0
0.4624626645657768,24,0,0.8540821403721028,1267,8,0,0,0,0,0
0.13449783893764514,66,0,0.6281849455102213,13950,6,0,1,1,2,1
0.09232330067394826,58,1,0.3711877755027167,9011,8,0,2,1,0,0
0.40470739242909703,35,0,0.6452494387340132,19975,7,0,0,0,0,0
0.4082336119357893,46,1,0.8173783174538947,7110,3,1,1,0,0,1
0.32636002456707336,48,0,0.3406455919450051,8706,7,0,3,0,1,0
0.3643696054365445,38,0,0.34749277967177966,1124,10,0,2,1,1,0
0.5225602780604928,38,0,0.6653574107212337,1170,11,0,0,1,0,0
0.25395246706763314,41,0,0.2506592505040962,5541,7,0,0,0,0,0
0.4901243293366934,69,0,0.41268512791103146,5565,11,0,1,1,1,0
0.1259602827699016,59,0,0.3017663794501892,3490,7,0,0,0,1,1
0.31741537124060115,42,1,0.7193822003773102,4081,9,0,1,1,1,0
0.01784975669873343,63,0,0.47105564849527026,1490,6,1,2,0,0,0
0.2509238808618549,41,0,0.4963905701247277,9150,12,0,1,0,1,0
0.08358435255342112,60,0,0.5090950418794384,4541,9,0,3,0,1,0
0.2598681147696238,61,0,0.6729749869203412,2157,9,0,1,0,1,0
0.2478433248680905,44,0,0.31361621796431904,8370,9,0,0,0,0,0
0.4299214240209522,18,0,0.7267524871499925,3307,8,0,3,0,0,0
0.2710342298407245,53,0,0.12648176344079373,4268,9,0,1,1,1,0
0.2213081760382262,54,0,0.35799253761028677,19972,5,1,3,0,3,0
0.10821960185068986,37,0,0.20589937372619027,5599,11,0,0,0,1,0
0.5565631061403269,55,0,0.26625816722984913,4758,4,0,2,1,2,0
0.3043372984040181,52,1,0.30197552901795033,1820,6,0,0,0,2,0
0.22825905610304212,44,0,0.38643527051146287,716,7,0,0,0,0,1
0.13779889727544795,54,1,0.25172559871820477,8878,5,2,0,0,0,1
0.6217287054924517,30,0,0.3595501369544439,8424,10,0,0,1,3,0
0.2862916208583751,32,0,0.19636204331974141,2170,9,0,2,0,2,0
0.04700891487394185,42,2,0.3638841852078134,4051,8,0,0,1,1,0
0.21329159766133327,19,1,0.0997457017445766,2773,6,0,0,0,0,1
0.1275315480535444,48,0,0.10642093597956497,451,10,0,1,1,0,0
0.19762170267185472,40,0,0.14297198601296657,3475,13,0,1,0,1,1
0.13813026930783928,50,1,0.7934352246064911,1618,7,0,1,0,0,1
0.2527382125144654,41,1,0.5421892427667707,19672,10,0,1,0,1,0
0.09113740891527332,26,0,0.2316209397024746,828,10,1,0,1,1,1
0.12475548514291024,64,0,0.30915254285696553,1828,8,0,1,0,2,0
0.6479190007698769,42,2,0.5526670285403588,2801,11,2,1,0,1,0
0.1495297596180598,37,0,0.2625835850607564,24271,11,1,3,1,1,0
0.1484121218481598,48,0,0.7717866436626536,2012,9,0,2,1,1,0
0.2850634812016177,66,3,0.25467212901530206,2744,10,0,1,1,0,0
0.08789382037168456,57,0,0.34970646874231764,4522,6,0,1,0,1,0
0.10001239664241664,36,0,0.0758744895986298,13544,10,0,0,0,2,0
0.17249668756818107,53,1,0.8766652502289121,11783,7,0,0,0,0,0
0.4605851235182815,60,0,0.2620320607168597,2157,1,0,0,0,1,0
0.3052376756935174,32,2,0.3716811202622892,6831,11,0,1,0,3,0
0.13097908581267304,62,0,0.1102535440299223,3729,12,0,0,0,5,0
0.1281104150034573,39,0,0.048328300010472745,5803,10,0,0,0,2,0
0.10687665525428007,56,1,0.39123691526208454,1642,9,0,1,0,1,0
0.11332101294343495,36,0,0.7922373333625086,2313,10,0,2,0,0,0
0.167082950311814,36,0,0.21846215055390505,6925,7,0,3,2,2,0
0.15534241556284287,44,1,0.5911253349426505,16893,9,0,1,0,0,0
0.06851190810150781,37,1,0.6943464167295242,26282,7,0,0,0,2,0
0.24364754783364517,50,1,0.3678176790721108,721,8,0,1,0,0,0
0.2145323637891955,25,0,0.33852303764681857,1132,8,0,3,0,1,0
0.6935524139204647,64,0,0.25580490060150596,22284,5,0,0,0,0,1
0.21106555786904507,42,0,0.24375222564108237,7591,8,0,2,0,0,0
0.6052016326137089,39,1,0.6462809701820851,3537,8,0,0,0,1,0
0.1106221535999248,50,0,0.1807893033922128,2079,5,2,1,0,0,0
0.19865012939743076,44,1,0.7415428875844785,5333,7,0,0,0,1,0
0.2149970716966246,34,0,0.4614141781087568,1952,15,0,0,0,0,0
0.06723371651759188,64,0,0.8130880431216961,4185,6,0,0,1,1,0
0.21075366611693894,65,1,0.20004154604218155,5864,8,0,2,1,1,0
0.3715958144666808,31,0,0.3063754452927886,9318,10,0,1,1,0,0
0.0858698779141713,32,1,0.10236013751692138,1065,12,0,2,0,1,0
0.20380507796777417,75,0,0.5043363052252091,2492,4,0,1,0,0,0
0.35841417210275794,29,0,0.8305594075305298,2258,7,0,1,0,2,0
0.2371642593179676,52,3,0.27568593261952884,54253,10,0,1,0,2,0
0.6510679451045325,48,0,0.26768658447483146,1908,5,0,1,0,1,0
0.1319157375938654,41,0,0.6819814438978604,36147,11,0,0,0,0,0
0.24346926142869352,32,0,0.4546072028726211,5603,13,0,2,0,0,1
0.6039253893350386,54,0,0.20113203561977183,7777,8,1,0,0,0,1
0.2627988876224993,52,0,0.4841195649344537,2936,6,0,0,0,0,0
0.14007783806067528,24,0,0.537828487968307,8527,3,1,3,0,0,0
0.2986984823660212,31,0,0.4265194726477694,4153,11,0,2,0,2,1
0.23076920853416585,49,2,0.21878997025700736,4503,7,0,1,0,3,0
0.28887707421770004,37,1,0.2711414153466508,4985,7,1,1,0,0,0
0.1174501170185097,67,0,0.32106141399221677,4477,5,0,1,0,1,1
0.4951134023508244,50,0,0.3816821927612256,2294,9,0,2,1,1,0
0.5180331705463546,44,0,0.6954999563400776,8749,8,0,1,0,0,0
0.42277651681063844,53,1,0.4627760306293648,3548,8,0,0,0,1,0
0.17373531840043066,67,1,0.05945543751326882,4523,10,0,0,1,2,0
0.2584867085939541,33,1,0.4290054240030637,2863,6,0,1,0,0,0
0.34971775630120827,55,0,0.4201972736202061,6847,7,0,0,0,0,1
0.22273669475696384,22,1,0.49561877386787195,4086,8,0,1,0,0,0
0.10187810619893348,48,1,0.3490428271403238,1550,4,0,0,0,0,0
0.2536869588249719,23,0,0.18833839993009602,6614,8,0,2,0,0,1
0.40302364284874764,53,0,0.87328468752046,1768,8,1,0,0,0,0
0.23914064983583455,18,1,0.48978535457161543,3488,9,1,0,0,1,0
0.4376326588048915,45,0,0.8265122023478473,1629,8,0,1,0,1,0
0.4665920361803181,58,0,0.8357643014530438,13958,11,0,1,0,1,0
0.3393256732686595,58,0,0.36359411845718953,2810,15,0,4,0,1,0
0.5617097568196412,31,1,0.49262693807680885,11009,12,0,0,0,2,0
0.2840332872508471,42,0,0.6783291213458044,1133,8,0,0,0,0,0
0.49288039590649746,49,1,0.3954322450812531,5955,7,0,1,1,2,0
0.3420070483571349,69,1,0.4231333032666103,2086,6,0,2,2,1,1
0.10589575959210784,54,0,0.25783886252849,2715,11,0,0,0,1,0
0.49247833474347563,34,1,0.20430875337489543,9443,9,0,1,0,1,0
0.37112181287687873,50,0,0.4329536337500145,2486,8,1,5,0,0,0
0.1515411259411403,39,0,0.4516850459201471,4548,9,0,1,0,0,0
0.16145768945992447,18,0,0.3415194047157506,4770,9,1,1,0,0,0
0.06883180277542716,25,1,0.228792467943898,14390,6,0,0,1,0,1
0.09820933898911491,41,0,0.4513948126155395,2919,7,0,0,1,2,0
0.1879153005015283,64,0,0.34470268164979745,4627,5,0,1,0,2,0
0.5556071674894916,44,0,0.36430869185827874,4296,10,0,1,0,0,0
0.2562865143215777,34,0,0.48744174194220985,2164,7,0,1,1,0,0
0.3604242580583686,61,1,0.5281616692723914,4452,7,0,3,1,2,0
0.17613715280001566,21,0,0.12031730123748786,2848,11,0,1,0,0,0
0.2572059013666507,78,0,0.11160766133037926,2801,7,0,2,1,1,1
0.20193270532175625,42,0,0.33156012921351535,1253,8,0,2,0,1,0
0.528411689553434,37,1,0.2761847581964954,6684,6,0,3,0,0,0
0.3166669764604098,33,0,0.1871857711363208,16182,9,0,4,0,1,0
0.4791696913881175,35,0,0.25417934526853575,9575,10,0,0,0,2,0
0.15405225065325398,40,2,0.13349085420642995,9876,8,0,0,0,2,0
0.3399928309644678,55,0,0.24885201963183573,6520,9,2,0,0,0,0
0.3304130349276286,31,1,0.31226148609804916,2859,9,1,0,0,1,0
0.46708711329635,47,0,0.39965359025850655,1640,6,0,1,0,1,0
0.3142977971038471,26,1,0.5263878988333459,2119,6,1,0,0,2,0
0.05303416365813604,28,0,0.3922498176363122,3623,4,1,0,0,2,0
0.3259842023939061,46,0,0.5691864489098148,18676,5,0,2,0,1,1
0.19647205222819644,44,1,0.7630310340341921,7096,8,0,1,0,0,1
0.42200322230835025,52,0,0.5049527188316905,1198,8,0,2,0,1,0
0.34418952459949625,82,0,0.655130731742639,8732,7,1,1,0,1,0
0.5130782625278317,57,2,0.2634941766136361,13816,5,0,0,0,0,0
0.32096122708716207,27,1,0.28212579025126455,16867,9,0,1,1,5,0
0.48085848469021575,41,0,0.4911957182760282,2386,11,0,2,0,1,1
0.4458747810061346,60,0,0.03453571311574986,20579,7,0,3,0,3,0
0.12823624095758102,63,2,0.09215314563771518,1184,2,0,0,0,1,0
0.06742038628536279,47,1,0.10134450070287368,1123,7,0,3,1,1,0
0.3650628131783543,65,1,0.3491730311477163,2682,6,1,1,0,0,0
0.20543198328665965,39,1,0.40562629987856413,2278,9,1,1,1,1,0
0.06283681584973148,31,0,0.3380004754969845,981,6,0,2,1,0,0
0.2990991433925902,29,0,0.4510968140678591,2329,10,0,0,1,1,0
0.249994075300913,22,0,0.5156433515101758,1924,5,0,0,0,0,0
0.3601717630073864,46,1,0.16322635254150136,7973,9,0,2,0,2,1
0.3359404714624142,56,0,0.4009647149331551,7071,7,1,1,1,0,0
0.08249592725860073,31,2,0.570124948783643,2503,5,0,1,0,1,0
0.11468650609581132,37,1,0.23002661831434867,3541,7,0,1,1,1,1
0.19733230520541348,45,0,0.23117602112229474,16365,9,0,1,1,1,1
0.09518297451759403,26,0,0.5182935303290918,10728,10,1,1,0,0,0
0.21192755305503305,42,1,0.1516218869353738,4236,11,1,1,0,2,0
0.026307567755707213,74,1,0.3975074030243414,10275,10,0,1,0,1,0
0.25203544832774344,29,1,0.03310784435973859,7463,10,0,0,0,3,0
0.23817047967133745,38,0,0.40821109983980897,2790,9,0,3,0,0,0
0.07023482960658217,25,0,0.297103777549182,12152,6,0,3,1,2,0
0.4242075371988924,36,1,0.17226377925828834,5006,4,0,1,0,1,0
0.4933447104669824,24,0,0.42629317482660334,5224,3,0,1,1,3,1
0.127384291267826,46,1,0.13739669175028102,10393,9,1,2,0,0,0
0.009906081922585595,28,2,0.3313379032572141,16280,2,1,1,0,0,0
0.13813632320979305,53,0,0.5070850849334825,5426,12,0,1,0,0,0
0.17145681229467555,38,2,0.23905848393570533,16842,7,0,3,1,0,0
0.363139772548379,39,0,0.05777877437815342,11079,5,0,1,0,0,0
0.36356753398634695,70,1,0.5484388613761102,5599,3,0,1,0,0,0
0.37980495176632706,46,0,0.21907405439707595,19885,7,0,1,0,1,0
0.13682622956089058,45,0,0.2946253133038337,3731,5,0,1,0,3,0
0.27254520395485315,40,0,0.40043625245471115,11409,9,0,2,1,1,0
0.5104243362022771,45,0,0.7146206272578215,12298,8,0,2,0,2,0
0.2722778852524506,36,0,0.49364476547175234,9913,3,0,1,2,4,1
0.6766021790566387,24,0,0.6907711001059379,3415,7,0,0,0,1,0
0.35751793566184753,58,2,0.267953198768399,9179,10,0,1,1,1,0
0.35390623984421204,45,0,0.5753335230448308,4610,4,0,1,0,0,0
0.1461818541275513,32,1,0.32771903684298737,3020,12,0,1,0,0,0
0.38101457372010167,26,0,0.2876775757138835,6856,10,0,3,0,3,0
0.12217889234794764,39,1,0.2524784149655982,3168,5,0,1,0,1,0
0.3871843442471595,56,1,0.1514781828720943,3059,6,0,0,0,0,1
0.2812226615682896,41,0,0.2117180540514343,4702,6,0,3,0,0,1
0.49227204449535744,27,0,0.35317501493990333,11917,11,2,1,1,1,0
0.020250618062160244,53,0,0.17758087354516192,4244,6,0,1,1,1,0
0.3956090219965091,67,3,0.0952654036957335,1301,14,1,0,0,0,0
0.0987881826917528,30,1,0.1535758826652643,21710,5,0,2,0,1,1
0.17658778133710976,57,0,0.48994508492444494,2921,5,0,0,0,0,0
0.15411086813570277,29,1,0.5712831866021083,6023,7,0,2,0,0,0
0.3197190577659585,66,0,0.757898346130721,5730,6,0,1,2,1,0
0.27082992642832465,29,1,0.19481609187342724,4821,12,0,2,1,0,0
0.10286621887476735,47,2,0.49137597777010605,2892,4,1,1,0,0,0
0.15920896045077748,39,1,0.5887619533529327,19118,7,0,1,0,0,0
0.11673615099294563,35,0,0.7404877770762792,9892,7,1,1,1,2,0
0.1352056573929559,52,1,0.5940119237634434,1434,5,0,1,0,0,0
0.15754194828736032,53,0,0.33682961814864776,7515,5,0,0,0,0,0
0.27814252602227896,42,0,0.36143039154589607,17875,4,0,1,0,1,0
0.13069295564098668,46,0,0.5253687941009577,5867,8,0,3,0,3,0
0.17319735895574107,40,0,0.33087403825189404,7059,9,2,0,0,0,0
0.6757937833735788,76,2,0.2116404956166245,2201,6,0,1,0,0,0
0.4719084552080749,39,0,0.19205229304305058,10514,4,0,0,0,2,1
0.15395458271356366,62,1,0.6951688320630295,5329,11,0,1,1,3,0
0.07352757544062949,49,1,0.6038434997538571,6421,9,0,1,0,0,1
0.3634071268287634,65,1,0.17705502999142433,7530,7,0,0,0,0,1
0.22991694017109537,38,0,0.35487545653482827,986,5,0,2,0,1,0
0.2668986095570153,54,0,0.2356067031548379,12975,11,0,0,0,3,1
0.19371712095426413,36,1,0.36115084610546044,2359,11,0,2,1,1,0
0.332091966815145,21,2,0.16779121822936913,4597,10,0,2,0,2,1
0.2411118860875869,53,0,0.16735547054249125,5973,11,0,1,0,2,0
0.3444413743071536,27,2,0.3213484454963455,9882,4,0,0,0,2,0
0.1536086282590292,34,0,0.3993586612881521,1825,8,1,0,1,3,0
0.16181058459264186,30,0,0.3844618028060551,4994,11,1,0,0,1,0
0.2587861457750394,31,0,0.26158537455381575,5539,9,0,1,0,2,0
0.5286637746030062,36,2,0.43795161122335924,3004,8,0,1,0,0,1
0.12938546471550394,27,0,0.47150338299806216,864,13,0,0,0,0,0
0.24608904885964497,42,1,0.32783869088559087,1904,6,0,3,0,0,1
0.36767405895353206,48,0,0.5673958560569515,4445,6,0,1,0,2,0
0.48669277756674606,25,0,0.4431547915795243,997,7,0,2,0,0,0
0.3230481769647973,58,1,0.15627642290031155,7119,6,0,2,0,0,0
0.13959960698724955,33,0,0.32455236550639566,9251,11,0,2,0,4,1
0.45036660129842154,18,0,0.2133609971848811,5922,11,0,0,0,1,0
0.2106750600864158,29,1,0.6105848151173566,6577,7,0,0,0,0,0
0.1811242559022035,67,1,0.303786070906652,2844,6,1,0,1,0,0
0.14347543851138456,42,0,0.18801252851596367,1804,7,1,1,0,1,0
0.4911860916514646,85,0,0.47683442705170453,5545,7,0,0,0,3,0
0.8359930505869809,41,0,0.5040541014597069,7693,8,0,1,0,1,1
0.3556831337827864,46,0,0.7116032931276643,3349,8,0,1,1,2,0
0.24508175378640823,34,1,0.18395771157951296,1266,7,0,0,2,2,0
0.0925784974501534,52,0,0.7664965653682347,8162,10,0,1,0,2,0
0.5831140852988604,18,0,0.27523245695826626,5723,8,0,0,0,1,1
0.3057122954831784,32,1,0.3487597979460394,15851,3,0,0,0,0,0
0.5680923778963561,34,0,0.105008065332241,5463,6,0,2,0,1,0
0.3210393525042599,69,0,0.6242781984076409,8981,6,1,0,0,2,0
0.18837862587787577,49,0,0.7567342027775893,23022,7,2,1,0,0,1
0.08648916733030633,54,1,0.4172758986611753,31027,9,1,1,0,0,1
0.5504665990865187,26,0,0.771854558252189,2889,8,0,1,0,1,1
0.3555093731118671,39,0,0.6141401548150813,10134,17,0,0,0,1,0
0.39024985223248276,57,0,0.2644002001387759,5017,5,0,2,2,1,0
0.14827737032639085,50,1,0.12556159975908046,2776,21,0,0,2,0,1
0.16695057386593376,49,1,0.845705013903409,4692,15,0,2,1,1,0
0.31333207965180176,45,0,0.5277750292949984,2464,6,0,2,1,2,0
0.17375965968613405,32,0,0.07179174599836774,5559,8,0,3,1,0,1
0.17717586844178154,46,0,0.3345362464971212,10284,5,0,1,1,2,0
0.20634035750849183,42,0,0.02750866044704536,2872,11,0,1,0,1,0
0.6993889349771951,42,1,0.04697066678085962,4232,8,1,0,0,0,1
0.11956813566573325,40,1,0.6966787405240152,15603,10,0,2,0,1,1
0.2652730702254695,19,0,0.390096730927166,2766,6,1,2,0,0,0
0.3239413801596557,43,1,0.17978786987782902,2638,6,0,0,0,1,0
0.42250328593806025,44,0,0.24539006935733362,12974,7,0,1,0,0,1
0.3169440860041171,38,0,0.6648772817483646,5432,9,0,2,1,2,0
0.28716875789444024,32,1,0.5486724117828153,9156,8,0,2,0,0,0
0.36512279453769614,62,1,0.5642674734541613,3809,3,0,0,0,0,0
0.30629127386482424,19,0,0.3278914223617691,1676,7,0,0,1,1,1
0.21715573696108176,55,0,0.2842779746473575,8897,10,0,1,0,1,0
0.27941324430581266,52,1,0.5923115570721944,12587,11,0,1,1,1,0
0.0923927722711297,45,1,0.3049180103534306,16907,7,0,1,0,0,0
0.38410647637395007,48,2,0.39430886045094166,10964,7,0,0,1,1,0
0.6081202909622074,31,2,0.3993325137394169,6280,9,1,1,0,1,0
0.12173058911993691,45,0,0.7622765550134224,8156,5,0,0,0,1,0
0.13680587504075367,46,1,0.39811146113409335,4794,8,0,0,0,0,0
0.3939028049506367,53,0,0.3765995585823512,12920,5,0,0,0,0,1
0.09742494038128098,63,0,0.39588223837293485,23611,5,0,1,1,1,0
0.10570986832404138,45,1,0.2743580463017124,4515,6,0,1,0,1,0
0.2965051160965764,50,0,0.21393467854481263,5087,9,0,1,0,0,0
0.18021871986593713,66,0,0.5140087651461601,3936,6,0,3,1,0,0
0.24726032201347156,36,0,0.1804229280750081,10855,4,0,3,1,1,0
0.19510975858825252,50,0,0.14126934198302446,3346,9,0,1,0,3,0
0.0930486441588995,42,0,0.5430078608641932,3609,4,0,1,0,3,0
0.11849664268051135,20,0,0.6284099448757393,3250,7,1,1,0,1,1
0.03257813245858828,33,0,0.12955580039264442,8809,11,1,0,0,0,0
0.23292123557067693,51,1,0.09890502020672659,3460,13,0,0,0,1,0
0.272701577234611,48,1,0.43743612902840034,10972,5,0,1,0,1,0
0.03725105809108276,39,0,0.3731490544616468,5040,12,0,0,0,1,0
0.24438809348438933,34,0,0.49461259374451977,8695,8,0,1,0,0,1
0.09059607387744359,43,0,0.09532479822283686,3108,12,0,0,0,3,0
0.17117345502808087,36,0,0.2368261618013687,8164,9,0,1,0,1,0
0.2605473123808137,49,1,0.4011039179274879,6631,2,0,0,0,1,0
0.18832730441557735,36,0,0.25009539593902896,3727,4,0,0,0,3,0
0.29142262706084154,30,1,0.6659569881628308,5096,6,0,1,1,1,0
0.21336857219382502,64,1,0.37239907082841983,5511,11,0,0,1,0,1
0.296447023981476,26,0,0.19268890876762396,1749,11,0,2,0,0,0
0.3982774060287382,62,0,0.6936711440466857,7131,7,0,1,0,1,0
0.05907473056772842,34,1,0.39804013630146967,4790,5,0,1,0,2,0
0.2186205167851101,30,1,0.5576569047690597,2302,12,1,0,0,2,0
0.3293827531925478,40,0,0.27847569562656727,2405,11,0,0,0,1,0
0.056073640214423875,18,0,0.7040501966508967,3543,9,0,1,0,0,1
0.08982290702752513,29,1,0.617065336479234,6568,5,0,1,0,3,0
0.1049364241541082,34,0,0.45687040146096725,10190,7,0,2,1,2,0
0.5030360896980696,40,0,0.1407136029317903,12137,12,1,1,0,0,1
0.6574735485943052,33,1,0.054852109306213336,1580,2,1,1,0,0,0
0.1011211883729959,60,0,0.7397461122550951,6988,9,0,0,0,1,0
0.1898403730518111,81,1,0.1774576467403033,1298,5,0,0,0,4,0
0.13108669238438728,49,0,0.45180127792299934,2943,6,1,1,0,2,1
0.3861840539945969,39,0,0.7121373080923731,18414,3,0,3,0,1,0
0.7034734665868296,23,2,0.28315153193466375,1335,6,0,2,0,1,1
0.299094606630984,66,0,0.058991718828342955,1187,6,0,1,0,1,0
0.5138537794375755,45,2,0.6405571637697317,2715,5,0,0,0,0,1
0.5523543433699548,63,1,0.6741625100095158,3953,9,0,1,0,0,0
0.46979103198314565,18,1,0.2173004342731285,5146,12,0,0,0,3,0
0.13021262298173045,37,1,0.47291236836442163,3306,5,1,2,0,0,0
0.3089091562500897,51,1,0.3233070525428486,2297,9,1,1,0,0,0
0.3566057578199632,55,0,0.4346509896431326,5801,9,0,0,1,0,0
0.33642271528905765,31,3,0.26821251331213436,11028,7,2,2,1,0,0
0.4025063192941045,34,0,0.2198026597643739,5206,10,0,0,1,0,0
0.27206185810162903,30,2,0.3528651567622933,3486,4,0,1,1,1,0
0.0686064519379054,27,0,0.3540636860904616,4433,5,0,0,0,1,1
0.30206655764161255,45,0,0.3104277076863259,7465,8,0,0,0,0,0
0.3166187140883451,18,0,0.053303746795388574,1179,6,0,0,0,1,0
0.15776466806370068,23,1,0.4810109531130787,8958,7,0,1,0,3,0
0.33839937751042554,54,1,0.22290253189624185,7917,6,0,0,0,0,0
0.06170764071587335,72,0,0.4364795053823244,3733,9,0,2,0,1,0
0.10447575740075342,35,1,0.6534375200053395,4434,6,0,2,0,1,1
0.28654467991844135,77,1,0.4194920855369985,18438,9,0,0,0,1,0
0.2048465507937809,21,0,0.6310921299325841,4503,5,1,0,0,1,0
0.10995901342273738,61,0,0.1704819517915044,28068,3,0,0,1,3,0
0.2555050103617474,40,0,0.10816902434955136,7769,7,0,0,0,1,0
0.24516599879133438,74,0,0.4452744469657728,6377,7,0,2,0,0,0
0.43418762285338663,23,2,0.29879142960244964,7636,6,1,3,0,2,1
0.2153110874911741,45,1,0.20665652567986612,1423,9,1,2,0,0,1
0.2623475968884965,29,0,0.5295114878675566,1453,8,0,3,0,3,0
0.2796063502731283,27,0,0.5240460797208478,6028,7,1,1,0,1,0
0.193955793889275,32,1,0.3797456888618694,8503,5,0,1,1,0,0
0.21000069281395856,41,0,0.690914502353786,1571,12,0,1,0,3,0
0.07477771907683398,56,0,0.2531661154050909,14599,10,0,0,0,1,0
0.1653127032980066,50,0,0.04666673279750439,8258,14,0,1,0,0,0
0.1415468844455021,50,1,0.32536530865015173,4284,10,1,1,0,2,1
0.03160788661995361,56,1,0.386026634844559,13179,6,0,0,0,1,0
0.1996180714808522,61,1,0.5599742199433462,3914,2,0,1,2,0,0
0.10732863657319733,38,1,0.21532100418247851,3166,4,0,1,0,1,1
0.38762055570154336,18,0,0.5592706191574285,5111,8,0,0,1,1,1
0.1762869014614019,63,1,0.3310811139383456,3651,5,0,0,0,1,0
0.2648471418061843,56,1,0.30425318027848486,2236,7,0,1,0,2,0
0.2890870265806363,44,1,0.23945940629854384,2507,5,1,0,0,1,0
0.41727772095591315,26,1,0.21835890581442624,7301,9,0,4,0,1,1
0.1679455285602196,46,0,0.22366741486692218,2974,11,0,0,0,1,0
0.24272371697996326,27,0,0.7594606831220913,1510,6,0,1,0,3,0
0.13425468322410308,27,1,0.2750805340264901,4426,11,0,0,1,2,0
0.27270356668748,49,3,0.32578936513511053,3101,8,0,1,0,1,1
0.1851495304424238,32,0,0.5390097040191058,5290,9,0,0,0,0,0
0.2014907739627351,45,1,0.42250315523031046,3410,11,0,1,0,1,0
0.19660480884182174,45,0,0.6171083996023775,24115,11,0,1,0,0,0
0.07958074985031378,51,0,0.14413515931512397,2463,5,0,2,1,1,0
0.6517613412799289,46,0,0.5316080012876431,4433,12,0,1,0,1,0
0.26330315878796756,55,0,0.456360066517161,3352,9,0,0,1,0,0
0.10905131782513658,43,0,0.46857902028719967,6027,4,0,1,0,2,0
0.5057426745307815,56,0,0.7572778843296996,18887,12,0,2,0,1,1
0.3404502540692234,45,0,0.27124628509635623,11975,10,0,0,0,1,0
0.07043310023051631,56,0,0.1676955110735811,8303,8,0,1,0,2,0
0.11906343136119592,35,0,0.2881703162797254,2721,6,0,0,0,1,0
0.32359689464730435,51,2,0.41509088206610656,7135,4,0,0,0,0,1
0.4328943168600567,51,1,0.513169027625931,3849,5,0,3,1,1,1
0.7419945456519323,61,0,0.08506125664159173,13440,8,1,1,0,0,1
0.1751385536156277,49,0,0.5048522794816908,3997,7,0,2,0,0,0
0.2881406514027925,44,0,0.2897821149143295,7167,8,0,2,0,1,0
0.16748703839006884,56,0,0.360165963989104,14453,13,0,0,0,1,0
0.020130058628215375,35,0,0.5881333579757753,6117,12,0,1,1,0,0
0.23716643626483402,41,2,0.4650017820431272,2613,8,1,2,0,1,0
0.29371475316369483,59,1,0.4129447666237698,31166,6,0,0,1,1,0
0.37449909779849716,44,1,0.3312394669203698,3150,10,1,1,1,0,1
0.5075667206850456,40,1,0.5853061376021267,7125,12,1,0,0,0,1
0.10577615065902567,62,1,0.3207566980607315,1625,5,0,2,1,0,1
0.6771750940660365,22,1,0.44700501508213636,3636,9,0,1,0,0,0
0.31113672931925446,45,2,0.7180705144686199,19176,3,0,1,0,3,0
0.12410240973464384,64,1,0.2946001331145598,2124,11,1,0,1,0,0
0.2727547742730001,62,1,0.7379557232195181,2969,2,0,3,0,2,0
0.26701708633309845,38,0,0.22528894585065487,29487,8,0,1,1,3,0
0.14306426090663613,52,3,0.14387716754127833,3092,7,0,2,0,0,0
0.3362303479248041,56,0,0.09934357587695886,2730,11,0,0,0,0,0
0.24336721282649845,37,0,0.4607361922964643,2761,13,0,2,0,4,0
0.42487570024487586,56,1,0.28788339617901315,8397,8,0,3,0,0,0
0.17712419752018943,57,1,0.6555710669907774,18728,10,0,1,0,2,0
0.4927607860772999,48,2,0.7078102162801893,4854,5,0,2,1,0,0
0.09429391975202697,35,0,0.42225281569484674,3596,10,1,0,1,0,0
0.33252361581231926,20,2,0.41147697453991905,3903,8,0,2,1,0,0
0.2544831555917637,41,1,0.49038724335221906,2319,9,0,2,0,1,0
0.3682249377601255,34,1,0.30873455104993647,2167,7,0,1,0,2,0
0.16283627817455418,62,0,0.5131511512625322,7693,13,0,2,1,2,1
0.32125307358580774,40,0,0.4584308625951655,3030,7,0,2,2,1,0
0.1600547834785715,45,0,0.03658794030294737,9858,6,0,1,2,1,0
0.42375902541424404,40,0,0.35179003375928647,453,10,0,0,2,3,0
0.275069930227667,58,0,0.49422743202497,14013,10,1,0,0,1,0
0.5127457511458303,22,0,0.5765989233370518,2256,4,1,0,0,2,0
0.14287490645071219,43,1,0.47289052928086583,8277,8,1,0,0,1,0
0.3379059012358456,34,0,0.24366041362614582,12140,12,0,1,2,0,0
0.23570771994160186,36,1,0.6570886080308828,5335,12,0,1,0,0,0
0.1540067637446663,54,0,0.4901194181402984,8310,11,0,1,0,1,0
0.32142178902143076,21,2,0.05118208540525126,5253,6,0,1,0,1,1
0.004782715752756171,71,0,0.341416753713697,22441,12,0,0,1,0,1
0.28842208753741594,18,1,0.19051998722878602,6766,13,0,0,0,1,0
0.4578203531676446,34,2,0.47230329032388996,1935,9,0,1,0,1,0
0.45547251242476816,34,3,0.5647392594927885,4556,3,0,1,0,3,1
0.27208076181045504,38,1,0.04553964177042159,17001,5,0,0,0,1,0
0.038949482876976936,39,1,0.15465941631233096,3367,11,0,0,1,0,1
0.19660682745236027,27,0,0.5754983018693299,7916,9,0,0,0,0,0
0.14879968829605225,62,1,0.5482844722332022,4860,10,0,1,0,1,0
0.44573349315489597,51,0,0.6914767783625797,4994,7,0,1,0,2,1
0.5160301676939735,49,0,0.5050376835583436,3980,6,0,1,0,1,0
0.23891065929213814,26,0,0.4162768733172391,2423,4,0,3,1,1,0
0.8205045235025995,55,0,0.5448035642726617,5758,7,0,2,0,1,0
0.4950577587587391,24,1,0.6039480708526882,2191,5,0,2,0,4,0
0.15128834566091684,37,1,0.59227009226678,10100,4,0,1,0,2,1
0.26349536355428854,30,0,0.5606372830478343,25731,7,1,0,0,1,0
0.13619897347807325,36,1,0.06886325986508,6298,9,0,0,0,0,0
0.5493215437832445,46,0,0.13771094731627692,6982,6,0,1,0,0,0
0.6041061364816127,18,0,0.08266739877938334,3769,9,0,1,0,0,0
0.31219540203825635,36,0,0.735054590225845,7093,5,0,1,0,0,0
0.5090758888127158,32,0,0.44512827792794973,5302,4,1,0,0,2,1
0.17178741960684052,39,1,0.24013213997224198,16192,14,0,0,0,1,0
0.2207636589553834,32,1,0.1767662028582745,2110,11,0,1,0,1,1
0.36298494269320014,50,2,0.10391391577796971,4337,7,0,1,0,0,0
0.3015310629487113,37,0,0.22947042268279136,6252,10,0,2,1,2,0
0.27109506937379874,24,0,0.45223400975122524,6968,4,0,0,0,1,1
0.28981907298191456,48,0,0.576823673250987,28122,6,0,1,0,2,0
0.43226957919272224,65,0,0.43892420082485545,3358,9,0,1,0,1,0
0.08816164538770117,28,0,0.2250528963112278,1278,3,0,4,3,1,0
0.6183080543494804,68,1,0.5542248422819217,10878,9,0,1,0,2,0
0.3146913491123501,63,1,0.4501717135465492,27669,7,0,0,0,1,0
0.466541444038379,31,1,0.5283295212929192,6354,11,0,2,0,0,0
0.27928780130436304,67,2,0.17101264719639525,16828,4,0,0,0,1,1
0.14648054221197251,24,1,0.17277014890465994,16564,8,0,2,0,2,0
0.34409405292884165,50,1,0.48196875184396987,2945,5,0,2,1,1,0
0.19622051494988596,45,1,0.2762149912370448,12608,9,0,0,0,2,1
0.4912412506750344,20,0,0.6397064584731326,2310,12,0,0,0,0,0
0.21338553258640586,47,0,0.24579567741370786,3319,7,0,2,0,0,0
0.5178523492063896,54,0,0.4725134771520922,10474,4,0,0,1,1,0
0.3530920383771353,21,2,0.4164962838965116,2875,4,0,0,0,0,1
0.41917801870618937,53,0,0.029708584849669623,7417,4,0,2,0,0,1
0.25744899313009095,41,0,0.3782924038900936,5521,7,1,3,1,1,0
0.14181147129738783,38,0,0.6628537477253504,2682,6,0,1,0,1,1
0.27271837820923683,43,0,0.23821794531384743,3857,7,0,2,0,0,1
0.18433581090784773,61,0,0.36345484399901257,2033,11,0,0,0,2,0
0.18050482553051908,34,0,0.7903443413473034,6296,7,0,2,0,1,0
0.5981799162194917,63,0,0.467888771582054,1961,7,0,0,1,0,1
0.4205808718815487,52,0,0.37307925846604983,2188,7,0,1,1,1,0
0.15057026093742806,60,1,0.32751365553267997,2276,7,0,1,0,0,0
0.10183217592244435,67,0,0.21061090981409492,5738,3,0,0,0,1,0
0.2657842655056885,55,0,0.6480386637884724,2760,11,0,0,0,1,0
0.2818482867308005,24,0,0.7584492987208492,6065,10,0,2,0,0,0
0.33629427679584334,43,0,0.43819369045896484,4864,6,0,2,0,2,0
0.4585147603251027,27,0,0.1965167696292384,20037,11,1,0,0,0,1
0.24236948087915175,45,0,0.13081781970508374,2705,3,0,1,2,0,0
0.08619288059493595,18,1,0.5531787438733177,16466,9,2,0,1,1,1
0.3252392671287054,20,0,0.24464023262241077,2044,4,0,1,0,0,0
0.04274849583997398,61,0,0.7796283555105294,1869,8,0,0,0,1,0
0.10164640604213179,37,0,0.6203455481365813,8180,6,0,1,0,1,0
0.3480439376907352,33,1,0.4716893801819933,898,10,0,0,0,0,0
0.4494524013702322,50,3,0.23885759598515818,5841,4,0,0,1,0,1
0.12067820010405368,30,0,0.32952585036464965,3927,13,0,1,0,1,0
0.14418647048044345,26,1,0.6455326815704896,4105,5,0,0,0,0,0
0.07879934585575843,47,0,0.18094681885010655,1961,4,0,1,0,0,0
0.25993127597794585,85,0,0.2619518550335142,8121,4,0,1,1,1,0
0.18782155515360086,35,0,0.6679638909243403,9987,14,0,1,0,1,0
0.33284812335396036,32,1,0.5041574423086448,2976,6,1,1,0,1,0
0.27551299212772223,36,1,0.27814428453920975,4167,10,0,1,0,1,0
0.4975648280347653,37,0,0.5476738661944166,3590,10,0,1,0,2,0
0.25283780056265853,57,2,0.37958761618477094,1690,8,0,1,1,1,1
0.23745371705314222,18,1,0.16166031025093913,2675,10,1,0,0,0,0
0.2375030440243844,30,1,0.3204280918924822,2017,10,0,1,0,1,0
0.30477603907804834,28,1,0.16249426904450848,6953,7,0,5,0,1,0
0.2760843206630385,34,0,0.19276995818206244,8789,7,0,0,0,1,0
0.6550522790538241,64,0,0.3065202871865273,2682,6,0,0,0,3,1
0.430659041111894,56,1,0.23088265760734994,1631,7,0,1,0,3,1
0.1725456093503413,49,0,0.6296252614276716,17803,9,0,1,0,1,1
0.08725700173426602,24,0,0.36933669006497627,4353,7,0,2,0,1,1
0.21657245319727048,53,0,0.07279190077635786,4752,11,0,1,0,0,1
0.16887978207490975,69,1,0.5865421740099783,1850,13,0,2,2,2,0
0.24743109352114268,46,0,0.2622167244191447,5099,8,0,1,0,0,1
0.13251003103605827,54,0,0.25897774591516837,3036,6,0,2,0,1,0
0.2737234811597888,57,1,0.21938181428632653,2057,6,0,0,1,2,0
0.1489069774251955,55,0,0.10190864831798584,9068,10,0,2,1,0,0
0.1699040130009996,18,0,0.17651754361509736,20107,8,0,1,0,1,0
0.1761961100041879,50,0,0.20550939085951078,11810,5,0,0,0,1,0
0.22021825641707016,39,0,0.3084888224948129,3650,8,0,1,1,2,0
0.6567841962607961,30,0,0.1130869227646294,1737,8,0,1,0,0,0
0.4842086455880778,48,1,0.4703744444487153,4153,12,0,2,0,0,0
0.34977205743601947,57,0,0.26761080320288483,5048,13,0,1,0,0,0
0.3320612304075738,74,0,0.3685748729895647,6194,5,0,2,0,0,1
0.11403114722885854,51,0,0.37777737262601163,34773,7,1,2,1,2,0
0.48454615452622507,38,0,0.39865127400382655,7454,6,0,2,1,0,1
0.4570413994603819,18,0,0.5520837281979263,2240,11,0,1,1,1,0
0.4828937762858566,41,0,0.22125205278039994,3083,6,1,0,0,0,0
0.041811715158339556,35,0,0.4071326152355825,3155,4,0,1,0,2,0
0.1491327348002218,31,1,0.6771675647343799,2379,6,0,0,0,0,0
0.284424680722542,70,1,0.2839610862505203,1817,3,0,2,1,0,1
0.12257231314752404,43,1,0.3318508759314055,3988,6,0,0,0,0,1
0.59529806881047,21,0,0.6300685857152097,2534,6,0,1,0,2,0
0.12965595067159916,41,0,0.2868758102217144,3166,9,0,2,0,1,0
0.24296429029295324,29,0,0.31709590383595204,819,6,0,1,0,0,0
0.575163671318517,25,1,0.37022888283112126,2213,7,1,2,1,1,1
0.3348457187284547,50,1,0.2033561482288647,2770,8,1,0,0,0,0
0.2678938605988149,40,0,0.5384940940537204,7792,6,0,3,0,1,0
0.20690824914891873,58,1,0.6735922757305637,4197,8,0,0,1,1,1
0.5358231313264062,34,0,0.45194286171459935,18398,7,0,1,0,0,0
0.05128960687295732,55,0,0.31618922804505284,921,9,0,1,0,1,0
0.1219620211598703,54,1,0.2593091581952931,7919,1,1,2,0,1,0
0.3545560539273998,58,0,0.3965860937056116,4384,8,0,0,1,1,0
0.032666298291374116,31,1,0.40717667775877914,11129,11,0,0,0,0,0
0.16174389643945197,43,0,0.6236556479790706,12576,9,0,0,1,1,0
0.38674433685863924,31,0,0.34745752308370054,2948,9,0,0,0,0,0
0.5842122312549362,28,1,0.6732514086358579,3147,6,0,0,0,0,0
0.39438875793339856,90,1,0.5203516300607481,4767,4,1,2,0,3,0
0.6528462619522571,60,0,0.5136298652394705,2548,6,0,1,0,1,1
0.18781216274861715,53,2,0.1943190665687694,5140,4,0,0,1,0,0
0.22342515940176866,48,0,0.045706047573648816,7814,12,0,0,0,0,1
0.09538004379313529,49,1,0.5095042590834244,2520,10,0,1,0,1,0
0.35725765832183565,55,1,0.2748806955772223,5798,9,0,0,0,1,0
0.18391305733277755,27,0,0.12165651341575813,3246,5,0,0,0,1,1
0.12606196023064867,51,0,0.5055836390219995,4232,8,0,0,1,0,0
0.09269872595850097,55,1,0.8109840514720351,1937,4,0,1,0,0,0
0.17412897474436703,20,0,0.22614355327793448,2760,7,0,0,0,5,0
0.22432516932264476,31,2,0.3113179092694846,4438,10,1,0,1,0,0
0.41529687224503364,50,1,0.3062825296848865,14091,7,0,1,0,0,0
0.3422311399436926,21,1,0.5624927658327961,1925,12,0,2,0,2,0
0.045539492417092785,70,0,0.5752174188606086,12991,8,0,1,1,0,0
0.3119877059122633,49,0,0.9216137295313747,5123,12,0,1,0,1,0
0.42632724122521864,18,0,0.26617701173258884,2401,6,1,1,0,1,0
0.0762422718516338,45,0,0.41130342185205765,1381,6,0,0,0,0,1
0.6082649542484196,65,0,0.3905936963000295,10534,8,0,1,0,2,0
0.5037728141761216,34,0,0.6033833683804217,3770,10,0,0,1,0,0
0.28471730490769326,36,0,0.48895396814885683,8709,8,0,0,1,3,0
0.7540801898744386,42,1,0.5142615837826605,5904,7,0,1,0,1,0
0.2178937246123519,56,1,0.27396524339966816,4083,7,0,0,1,4,1
0.20052247382966587,46,1,0.25948241446538023,2666,5,1,0,0,1,0
0.3757547590930623,18,0,0.16733001848829698,1951,8,0,3,2,1,0
0.2925997046830325,33,1,0.6374658042292193,8488,5,0,1,1,0,0
0.22284759529178977,30,0,0.4809256980720726,1825,4,0,1,0,1,0
0.13027128852945413,56,0,0.35423743927901485,3992,8,0,2,0,1,1
0.17429955084144158,55,1,0.33508426603380126,4847,10,0,0,0,1,1
0.5604820764728633,39,0,0.4406922037823027,3528,14,1,1,0,0,0
0.40888832064541863,42,0,0.357965936626801,2691,5,0,2,0,2,0
0.2931866331219905,67,1,0.15039651482201977,2733,7,0,1,1,0,1
0.40082632352262515,29,0,0.2672313728148691,7826,7,0,0,1,1,0
0.42148597902310236,48,0,0.26422549980968185,9301,0,0,1,0,1,0
0.18450852247733937,51,0,0.033201149154285806,3031,6,1,2,0,0,1
0.3094773714623572,44,0,0.2703359756950996,1705,8,0,2,0,0,0
0.4934626700945607,25,1,0.3526684106845407,8568,11,1,2,0,0,0
0.12881974657491999,62,1,0.3935411331540816,10955,8,0,0,1,0,0
0.5041120723306699,29,1,0.3868212338457904,2835,11,1,0,0,1,0
0.3955140074946664,54,1,0.3837603438299515,2413,8,0,3,0,1,0
0.30847896506165545,18,0,0.07537042510283185,3772,4,0,2,0,1,0
0.14891933127162196,38,1,0.5815023181752144,2695,15,0,2,0,0,0
0.3156090975405964,26,1,0.1693137933739777,19896,17,0,2,0,0,0
0.2889377120167596,37,0,0.7259437892195753,5222,8,0,3,0,1,0
0.4277185100678047,60,0,0.2240755634065417,13592,9,0,0,0,3,0
0.07777672075924602,37,1,0.39575974394243874,68517,12,0,2,0,1,0
0.2726319014856136,29,2,0.17611645670266843,4687,7,0,2,0,0,0
0.06855196450339782,32,1,0.3283112337773812,5612,2,1,0,0,0,0
0.12167859067501711,60,1,0.4804305693696865,19314,6,1,2,0,2,0
0.17016281659315502,62,0,0.5319645430648783,13344,6,0,0,1,1,0
0.36140928557668106,51,1,0.09492629523624381,5241,9,0,0,1,0,1
0.3729754397525122,50,0,0.7524407905435042,3187,6,0,4,1,1,0
0.4832769364406389,39,1,0.43757883467212566,3116,10,0,1,1,2,0
0.08100781180306137,69,0,0.314353697241666,2392,9,0,1,1,2,0
0.2060975020868055,35,0,0.3068974925063665,1537,8,0,0,1,2,0
0.29013562691029965,67,0,0.10115656742450985,1944,11,0,1,0,0,0
0.09186592443002654,49,1,0.7820520075532105,5697,7,0,0,0,1,1
0.12858864104637796,18,1,0.10192581385149788,576,11,0,1,1,3,0
0.22136377855111483,31,0,0.4513542241174498,5306,7,0,3,0,1,0
0.3787635221213774,30,0,0.2925632658234661,7757,9,1,0,0,1,0
0.04307303072476709,52,1,0.8103558454230197,11113,6,2,0,0,0,0
0.11815313835044443,43,1,0.41667982549494115,3522,13,0,0,0,1,0
0.5863709770936432,51,0,0.657993239830474,2324,3,2,0,2,2,1
0.244997177397062,35,0,0.8511303060960621,3164,11,0,0,0,2,0
0.596836907983093,26,0,0.4854934533496579,18389,10,0,1,0,1,0
0.10415178097683361,36,0,0.46127668643826136,7258,12,0,2,0,1,0
0.19073124252132448,45,0,0.4721611692456856,3629,7,0,0,0,1,0
0.2795231193710263,38,0,0.49341882032589,3783,11,0,0,0,0,0
0.21404941883585232,45,1,0.05831545905901664,3752,10,0,0,0,3,0
0.12287264441604707,41,0,0.0672386206211846,5886,6,0,2,0,1,0
0.14612991038274178,65,1,0.6937782689828443,15305,10,0,0,0,2,0
0.5106048684440021,38,1,0.5672898692181421,7120,8,0,0,0,3,0
0.40035995353910164,82,0,0.446330927668248,7519,9,0,3,0,0,0
0.29261586055275374,18,1,0.2630559733790217,3326,9,0,1,0,2,0
0.43747612654860035,47,0,0.4030892986330539,3061,7,0,1,0,0,1
0.2576750942250478,41,0,0.6820468584879115,3229,5,0,1,1,1,0
0.25610286157905837,18,0,0.3175134549783937,15458,8,0,1,1,2,1
0.1713516610805967,49,0,0.42659887872559826,3685,13,0,0,1,0,0
0.17341868647789999,69,2,0.6949861850181852,3957,7,0,1,0,1,0
0.23180709333499247,48,0,0.4199292420572075,3054,20,0,0,0,0,0
0.2753262723999732,49,0,0.23952749027231265,5425,6,0,0,1,0,0
0.12790952950211737,48,0,0.4197316505683905,5321,5,0,0,0,0,1
0.24899027041626995,34,1,0.8603057938448637,10059,11,0,0,1,1,1
0.4861975734515882,49,1,0.45550857639849207,2380,4,0,0,0,0,1
0.14489893304541332,55,2,0.17749527009373287,2091,10,0,1,0,2,0
0.3152639429227933,58,1,0.6602826352362299,5500,10,0,0,0,0,0
0.33075375054787287,47,0,0.754363259968629,2751,7,1,3,0,2,1
0.41144859348659746,54,0,0.2742103998394713,4200,10,0,0,0,1,0
0.42560672426186785,46,1,0.3435172977486153,8198,11,1,0,0,0,0
0.28779130069615894,33,0,0.3024339756016145,12271,7,0,0,0,4,0
0.15709541724090628,53,1,0.4579432646248706,3974,5,0,1,0,0,0
0.05450905878218154,65,3,0.5275513323747981,1847,8,0,1,0,0,0
0.2368143378515161,55,0,0.6815591366834944,2320,6,0,3,1,2,0
0.12217184763825435,41,0,0.14883238128159804,7915,6,0,0,0,0,1
0.026121129359540158,49,0,0.3069840063227979,7167,6,0,0,1,0,0
0.32349735797215334,56,2,0.0630796883215516,3138,10,0,2,0,2,0
0.2842135234269079,50,0,0.10824902296808753,4639,5,0,3,0,0,0
0.2812784351151567,49,2,0.3545512405921717,14581,7,0,0,1,1,1
0.26837974379480517,46,1,0.48863328786701765,32625,6,0,1,0,3,1
0.2693621714140095,40,0,0.786467808408571,15893,12,1,1,1,3,0
0.08192129386093197,43,1,0.3494501202506623,3216,3,0,3,1,1,0
0.3169247863475263,46,0,0.7031615541850685,7745,9,0,1,0,0,1
0.10210636576209224,71,0,0.4964598739150029,7474,6,2,0,0,1,0
0.32521327503991687,50,0,0.552834257359655,6204,9,1,0,1,0,0
0.304352242733461,47,2,0.3881517428342377,1414,7,0,0,0,1,0
0.42378300325257406,33,0,0.35921595349722574,4641,5,0,1,0,3,0
0.2217381122552057,34,1,0.570288679581046,5131,5,0,1,0,2,0
0.24062845739450114,69,1,0.4671669416507694,2026,4,0,4,0,1,0
0.22937169078610373,18,0,0.25697778417976663,9745,13,0,2,0,1,0
0.11082192303471608,48,1,0.37945468884337014,2438,4,0,1,0,0,0
0.33369291014771146,60,0,0.26784722561143604,3543,5,0,1,0,1,1
0.24447381557976203,50,0,0.4494027791879535,7338,10,0,1,0,0,1
0.13904469242767709,63,2,0.6064220250044092,1711,7,0,1,0,0,1
0.46555214953601237,54,1,0.6158645385330572,965,8,0,0,0,1,0
0.08216212198940341,53,0,0.19313770070285946,4004,10,0,0,0,1,0
0.41078856384833035,26,0,0.06364904213971828,13122,10,0,0,0,1,1
0.43046909291334506,54,1,0.4032500654791405,3921,7,0,0,0,3,0
0.1747430679900525,63,2,0.6472352996649928,6141,11,0,2,0,0,0
0.11807408557623164,45,1,0.03524656084106026,28746,9,0,1,1,1,0
0.2818656681746488,52,0,0.43248994817457226,5174,8,1,2,0,2,0
0.25692373396479706,28,1,0.6376923054470467,3630,5,0,2,1,1,0
0.04812845424671081,46,0,0.17115280806958424,6512,6,1,2,0,1,0
0.2498780001484508,52,0,0.5376352024212675,2156,6,0,0,1,1,0
0.6065462234506809,30,0,0.3945351371663913,1693,7,0,1,0,1,1
0.16109064520854366,40,0,0.14966586370506627,1112,7,0,0,0,0,0
0.29060968873188314,56,1,0.6519619385120554,11325,10,0,1,0,0,0
0.07156830176779475,56,2,0.6071103888915669,9937,10,0,1,0,3,0
0.3759435200232138,27,0,0.13532604996835962,2992,12,0,0,0,0,0
0.2948905789491722,47,2,0.4580783522343987,15735,7,0,1,0,2,0
0.19187774167921065,37,0,0.5001594979733983,19238,9,0,1,0,1,1
0.13257685398707822,39,2,0.3503245574162588,5428,13,1,1,0,0,1
0.4097485262267,42,1,0.5885318379584049,7836,4,0,3,0,2,1
0.0815790898772135,55,0,0.6240078783303049,3579,7,0,0,0,3,0
0.1393340873380413,62,0,0.9393310037532191,1728,5,0,0,0,2,1
0.22853185987828128,40,0,0.6320167869056984,6704,9,0,2,0,0,0
0.2831477799736787,19,1,0.5221945118944513,11894,7,1,1,1,2,0
0.3992296515224259,42,2,0.41394042924516183,5555,4,0,2,0,0,0
0.5709952770223685,29,0,0.4850978103051123,3795,7,0,2,0,0,0
0.07523487721987433,70,1,0.2856330246482075,4364,11,0,2,0,0,0
0.14863349278191068,49,0,0.24373312175215253,3435,10,0,1,0,0,0
0.16148866318735514,49,1,0.24749240484939225,2169,6,0,0,0,3,0
0.1584086331121177,32,0,0.4618220552869522,5935,8,0,2,2,1,0
0.14499791273301543,26,0,0.38222122643629436,4600,9,0,2,0,0,0
0.6676506325679431,60,1,0.19461251101482901,2572,3,0,1,0,0,0
0.12081229126799861,51,0,0.6228153130355781,3113,9,0,2,0,0,0
0.44781522354770775,43,1,0.3420811542567253,4363,9,0,0,0,1,0
0.4334970217376311,67,1,0.7000350957782933,11678,8,0,1,0,1,0
0.38931386314055527,36,0,0.32764342529260493,9192,4,0,1,0,2,1
0.5123534650368691,72,0,0.5367826477975323,2334,5,0,2,0,2,0
0.41891099771779744,44,0,0.6024668614422479,3290,9,0,2,0,1,0
0.41352040085982356,41,0,0.3009185951291863,8405,12,0,1,0,3,1
0.42655745137956735,44,2,0.1719480657864608,9243,11,1,3,0,0,1
0.41409741313274795,32,0,0.5670760614892896,1819,4,0,1,0,1,0
0.515412653271044,59,0,0.4388744834650466,2838,13,1,0,0,0,0
0.4627415567679178,52,2,0.1009830441174176,3764,3,0,0,0,1,0
0.29106432288006834,58,1,0.046533482428724245,2411,3,1,1,0,1,0
0.2637306690996917,28,0,0.6978084743342816,9793,8,1,0,0,1,0
0.1582485008608634,49,0,0.7940145611880809,3350,9,0,0,1,0,1
0.21517304076854965,34,0,0.5020829563878421,8590,8,1,0,0,0,1
0.10416258016187897,43,3,0.1770731113629823,2566,12,1,0,1,0,0
0.1365549652245333,25,0,0.3125650888767962,4850,2,0,1,0,4,0
0.23564056131723757,32,2,0.5161365145425995,8801,5,0,1,1,0,1
0.06633393215063081,60,1,0.12848425008847753,13308,6,0,0,1,1,1
0.3775212466924875,53,0,0.4812514017195741,2537,16,0,2,0,1,1
0.09575208405506072,35,0,0.15136844421685464,4441,11,0,3,2,1,0
0.4517956355851735,34,1,0.513178795240856,3311,8,0,3,0,0,0
0.47224496670186983,28,1,0.1441220734975976,6226,3,1,3,1,0,1
0.17932506135957613,34,0,0.2825554358507113,5929,8,0,2,0,2,0
0.44461623758751845,31,0,0.39991101356510705,3802,10,0,4,0,1,0
0.3449011995134272,65,1,0.26649609083820536,12489,16,1,2,0,1,1
0.03751731517392404,43,0,0.44107828102046576,2303,8,0,2,2,1,1
0.2112771104753721,35,0,0.3956433700713069,9378,9,0,1,1,4,0
0.11937214999124134,52,1,0.4246659276466663,6852,7,0,0,0,0,1
0.24330136554267703,43,1,0.2817598090669604,2918,4,0,1,0,3,0
0.05575192845445332,44,0,0.3265784004651549,1720,12,0,1,0,0,0
0.24589733003690734,47,0,0.8680640116894883,1755,13,0,2,0,0,0
0.484898437378756,36,0,0.45228768014691556,2685,9,0,1,0,1,0
0.32229466695660525,56,0,0.6412878884897205,3968,10,0,0,0,2,0
0.10567708872776266,45,1,0.21054879885986405,30195,8,0,1,0,0,0
0.18231708391962984,35,1,0.270777007381288,1378,8,1,1,1,0,1
0.5359998045678513,54,0,0.3861865891045416,1736,5,0,1,1,1,0
0.5029661269861802,50,2,0.402386185836879,1218,9,0,0,0,4,1
0.40000022035138416,45,0,0.5033361913078596,5703,10,1,1,0,2,0
0.2526372020347285,18,0,0.46266017889783806,3876,7,1,1,0,0,1
0.5375206783592228,54,0,0.27143363126548287,1851,4,1,1,0,0,1
0.26562297981406024,34,0,0.2339236724183122,9572,8,1,1,0,0,1
0.19719095555049398,46,0,0.5324055375204046,1324,9,0,1,2,0,1
0.18307245820560608,45,1,0.30837051512514024,3643,5,0,1,1,2,0
0.3384426182483821,43,1,0.01613727655815103,14312,9,0,1,0,0,0
0.4865507879274273,39,0,0.13713020255555142,10959,11,0,2,1,1,0
0.39138449089552424,50,0,0.5348994080467873,9136,10,0,1,0,3,0
0.3089915912164684,41,1,0.5140538674061755,7856,12,0,1,0,0,0
0.11595709369539633,35,0,0.5969935648071816,9319,8,0,1,1,2,0
0.16509356817892984,52,3,0.180231280910049,4159,5,0,1,0,1,0
0.1955625698558944,48,1,0.3121636905990789,9483,8,0,1,0,1,0
0.22413472206863141,43,1,0.6103598108238314,1603,12,0,0,0,1,0
0.14840867718369583,18,0,0.2645339240620262,2328,7,0,0,0,1,1
0.09458835265639144,37,0,0.5126888505387401,1368,4,0,0,0,2,1
0.13883017225903466,36,0,0.6006082246802641,5692,9,0,2,0,0,0
0.5864338158417218,41,0,0.8175381793723192,3919,13,0,1,0,1,0
0.4536827641544412,22,0,0.22805026329568248,10602,14,0,2,0,1,0
0.1922935036299149,37,0,0.32534210083210985,14193,5,0,0,1,0,0
0.09248998391081252,41,0,0.3290665497880836,3325,2,0,0,0,1,0
0.42232436009923635,49,1,0.478267771580412,3032,8,0,1,0,0,0
0.09519223749889533,33,0,0.44246963338155015,2650,8,0,2,0,1,0
0.18413853738470354,63,0,0.426874072500635,3972,13,1,0,0,1,0
0.12621316651255376,53,2,0.27221437553426453,3873,7,1,0,0,1,0
0.6678489771196879,61,0,0.798850278327706,1887,5,0,1,0,0,0
0.1309374875585047,56,0,0.46719328112048286,1725,8,0,1,0,1,1
0.1778941351996891,43,2,0.4808326255041218,4417,9,0,0,0,0,1
0.5197947111381682,42,0,0.3288143530737072,2311,4,0,0,0,1,1
0.17831753263445252,57,0,0.1687361035156792,606,7,0,1,0,2,0
0.1702350163524876,38,0,0.2619720198516985,2480,9,1,1,2,1,1
0.05361467173254818,43,1,0.8029462068612309,5048,4,1,2,0,0,0
0.4541430304652367,35,2,0.530525517365402,5698,3,1,1,0,0,0
0.0965045080812847,60,0,0.29687267786434224,1839,7,0,2,1,0,0
0.15008866853365824,18,0,0.3259353538134129,4026,6,1,1,0,3,0
0.49393273494859136,60,2,0.11371050506923172,3025,6,0,2,1,0,0
0.44115805770428873,61,0,0.5323417599428663,1602,3,1,0,1,1,1
0.48981844297266175,47,0,0.6023400551964271,3410,8,0,0,0,0,0
0.2424930430384065,68,0,0.6104219585204288,13754,5,0,1,0,1,1
0.25057708448610105,19,0,0.22087386672543388,7372,7,0,2,1,3,0
0.44327017347078723,55,0,0.4244231414160806,6480,5,0,0,0,1,0
0.22598155396011105,30,0,0.43847545874965743,1853,7,0,0,1,0,1
0.16396806057323693,58,1,0.2872733474643857,2722,4,1,2,1,1,0
0.3415808814249737,18,2,0.3690192396451663,6397,9,0,2,0,2,0
0.1631439419857676,64,2,0.49195091787148754,1657,6,0,1,3,2,0
0.16062555654279062,36,0,0.1460555094620971,10928,9,0,1,0,2,0
0.10156442557553826,29,0,0.31098221601674214,38775,12,1,2,0,0,1
0.3200042093406624,25,2,0.6873081073776827,6462,4,0,1,0,1,0
0.15342336224454906,45,2,0.27000549111582256,5395,9,0,1,0,0,1
0.04730055663666247,63,0,0.16650769301007523,2312,9,0,0,0,0,1
0.34207602860614045,50,2,0.2919997144812454,16579,8,0,4,0,0,1
0.20167644245410415,18,0,0.620330413651717,6064,7,0,0,1,3,1
0.6480381386347311,54,0,0.18778977077637435,3000,9,0,1,0,1,0
0.3681435172718876,23,1,0.625761792172577,12598,16,0,1,0,0,0
0.30834292310951816,53,1,0.17769057047094175,11016,3,0,1,0,0,0
0.0835217455133294,53,0,0.03380927703921886,9352,3,0,2,0,0,0
0.18815545754382862,58,1,0.4693557090517378,3865,11,0,1,0,2,0
0.5709678258105806,43,1,0.5671688775703532,2287,8,0,0,1,0,0
0.05260189565893369,32,0,0.5071744210621134,28238,11,0,2,0,1,0
0.1807305821781018,54,1,0.03618946694273537,3241,14,0,0,0,1,0
0.11179719523420266,77,0,0.2544787223530921,2400,9,0,1,1,3,0
0.10751497951898023,24,0,0.30415725479917105,2515,16,0,0,1,1,0
0.21257057290418466,24,1,0.6217110735766593,3150,5,0,0,1,0,0
0.056793725058034046,38,0,0.5851966495751452,8948,7,0,1,0,0,0
0.5811722217589695,43,1,0.2550038482011282,9533,12,1,1,0,2,0
0.34729388543257766,23,0,0.22692514420443125,6274,8,1,2,0,3,0
0.2670196543252459,55,1,0.6435508710629315,1476,4,0,0,0,2,0
0.11231029999818218,56,0,0.7742743222540418,1862,11,0,0,2,1,0
0.25929364148524875,36,1,0.3618484305897675,4581,11,2,1,0,0,1
0.5113596520019993,57,0,0.14952073937567267,1670,10,0,2,0,1,0
0.2904896810088555,76,0,0.06407384863125716,3969,4,0,3,0,2,0
0.30240173485066735,35,0,0.09560217037427936,6597,10,0,2,0,0,0
0.04755720886069041,18,1,0.25493123955532154,2208,2,0,1,0,3,1
0.11351444632984378,38,1,0.2538227234576162,1557,11,1,1,0,2,0
0.21585542759280563,62,0,0.7645456695327165,4827,6,1,0,2,0,0
0.39318123695057605,31,0,0.5514741232972142,10675,4,0,0,0,2,1
0.22535719802154788,22,0,0.23477625330914262,3913,14,1,0,0,0,0
0.21738045323577748,63,1,0.25899982433405777,8981,7,0,1,0,0,0
0.34383801984354523,26,0,0.3648475783126528,10926,10,0,1,0,1,0
0.22727200681048917,37,1,0.6958585427091734,8145,8,0,1,1,0,0
0.21132062186573267,77,1,0.1020439706359263,2213,5,0,0,1,0,0
0.1793185750405987,43,0,0.5817750946608427,14879,5,0,1,0,2,0
0.4044697592385499,51,0,0.6023759672492253,1947,8,0,0,1,0,0
0.35046087252969615,43,1,0.7169893847736206,8320,8,0,2,0,3,0
0.271346294915505,35,0,0.5904226448323806,13869,6,1,1,0,1,0
0.6076034061687536,38,0,0.6745829414948084,1501,9,0,0,0,2,1
0.1199323701713311,36,1,0.19957195607896408,2882,3,1,0,0,1,1
0.2686788780415536,45,0,0.4138110840973956,3695,9,0,1,1,1,0
0.3925562245925354,60,0,0.08758092694772775,10091,5,0,0,0,0,0
0.11456372292920135,41,1,0.6160471070862578,10740,14,1,3,1,3,1
0.442037077589449,56,1,0.37934902067690557,5889,4,0,0,0,2,0
0.3932149840661113,58,0,0.5305983904409343,12012,11,0,1,1,0,0
0.21942913059097627,54,0,0.324308748736228,4632,9,0,0,0,3,1
0.6432098705547431,34,1,0.3081842901841059,14710,10,0,1,0,3,1
0.2904542241192696,58,2,0.8035124821532977,3393,6,0,1,0,0,0
0.39131130345238246,19,2,0.487697230042717,2576,11,1,2,1,1,0
0.23924658153709258,40,2,0.485706603181683,4042,6,1,1,0,0,0
0.3448530829965276,36,0,0.5386181099920107,2017,10,0,0,0,0,0
0.1760150360642809,67,0,0.4918309658212941,13432,10,0,0,0,0,1
0.5362140733954484,68,0,0.49701478642365216,2100,10,0,0,1,2,0
0.18323959468617365,52,2,0.5314704561326415,3475,6,0,0,0,1,1
0.3025706375675371,34,0,0.548401753511772,7155,8,0,1,0,2,1
0.2374082752581723,42,0,0.49980528287978687,1653,7,0,1,1,0,1
0.2775132191572317,42,0,0.7383277225477866,16610,10,0,3,0,0,0
0.26603243321223197,59,0,0.2503752396897522,8053,12,2,0,0,4,0
0.48963952095706986,51,1,0.5239657713144356,2436,2,0,0,0,2,1
0.2673851201443069,45,0,0.20623779109113713,3566,6,0,1,0,1,0
0.48126648193750715,34,1,0.696239783817746,3157,7,0,0,0,0,0
0.31557532602575233,38,0,0.432873923085192,5921,12,0,0,0,2,0
0.1291689796482046,25,1,0.6759384155055399,2289,6,0,2,0,1,0
0.2483949087167779,60,0,0.1417435150834457,3621,8,0,0,0,1,1
0.11943775619859691,38,0,0.36403042926692086,2696,14,0,0,1,2,0
0.18942274782428006,35,1,0.13978866273266277,5763,8,0,0,0,2,0
0.265112598697828,56,0,0.1221579573005512,2200,12,0,2,0,0,0
0.03273521116389314,48,0,0.09702208947675132,3870,9,0,0,1,2,0
0.09998815462327351,35,0,0.29986924864976383,9237,8,0,1,1,0,0
0.5008312119499757,25,0,0.7364436438769159,1186,13,0,1,0,1,0
0.4572872876323427,47,0,0.23152430172959002,2819,11,0,5,0,0,1
0.22284566191434552,29,0,0.21349836805178124,2715,6,0,1,1,2,0
0.2723415277978398,42,2,0.6527489524554223,3996,7,0,0,0,0,0
0.15684566868255154,69,1,0.8272216588218892,6638,6,1,1,1,2,0
0.22132060592315747,29,0,0.27860286332595013,2539,3,0,0,0,0,0
0.7121121954583673,28,1,0.3916323522163986,3202,9,0,2,0,0,1
0.32273306449482364,50,0,0.5358796495900499,14088,6,0,0,0,0,1
0.265470981174937,51,0,0.2507401898610542,4311,9,0,1,0,2,0
0.3715635416281934,57,0,0.6855992997049869,2779,10,0,0,0,0,0
0.14012869854512444,71,0,0.04456047013643905,2863,8,2,0,0,0,0
0.11765219618461445,52,0,0.26509919455514186,3507,6,0,1,0,3,0
0.3020349190279715,38,0,0.4899069822459617,1428,8,0,0,0,0,1
0.39369580042860824,60,0,0.5613073425958145,1465,11,0,1,0,0,0
0.30482643357500316,48,2,0.7528648618463911,5301,11,0,1,0,0,0
0.36248944486912554,52,1,0.7627647658540018,5345,7,0,1,1,0,1
0.4180395236300124,26,0,0.504624961792225,42662,8,0,0,0,0,0
0.41678040550759515,47,1,0.7140362387681235,6789,7,0,2,1,3,1
0.28005787741231086,75,0,0.48527437718873373,6603,8,0,0,0,1,0
0.15254954529516435,44,0,0.32042649638632054,12974,10,2,2,0,1,0
0.6567289439838269,38,1,0.18460731609145428,7576,4,0,1,2,2,0
0.5415017723501842,79,0,0.5529902526243936,5779,9,0,3,0,1,0
0.1803104905441052,56,1,0.3451500862500943,3339,3,0,0,0,1,0
0.3138370551489708,58,0,0.5014750529453085,1513,9,0,1,0,2,0
0.13889880408545982,38,0,0.4796757873153469,2355,10,0,1,0,2,1
0.1980694251117404,54,1,0.19646086005544894,2312,8,0,0,2,0,0
0.3660653047664569,46,1,0.4849873821124419,8473,4,0,0,0,2,0
0.19460796631374347,70,2,0.3354122503689926,2996,3,0,1,0,1,1
0.5382881754500073,64,1,0.16471563555399546,26063,7,0,4,0,2,0
0.5179048277974507,51,0,0.5706960786537524,2290,3,0,2,0,0,0
0.6003591932614112,51,0,0.00904531059480752,5764,10,0,0,0,0,0
0.22290850064264436,36,0,0.26152763057027817,81084,10,0,2,0,1,0
0.2592700537109709,44,0,0.23624291434971706,14278,6,0,1,0,0,1
0.25003293086606654,55,0,0.45592752624593413,16295,6,0,0,0,0,0
0.27215781073273526,58,0,0.4556546114548285,7080,14,1,1,1,2,0
0.17569430107341136,42,1,0.24476457898467088,7846,8,1,1,0,0,0
0.02180836372323626,56,0,0.1881219450071885,12324,11,0,0,0,1,1
0.2424607872145545,63,0,0.5927892453539142,3211,10,0,2,0,1,0
0.07297395599738433,72,1,0.7244163579385692,7006,9,0,1,1,3,0
0.4127908690637502,73,1,0.7280082926023125,4291,9,0,0,0,1,0
0.33377113582963835,18,0,0.08788430380971665,2226,14,1,0,0,1,0
0.26587885134957656,25,1,0.4365322281974726,5230,6,0,1,0,0,0
0.395150565229569,41,1,0.6976103143680171,6985,5,0,0,0,0,0
0.26998036941406,26,1,0.42624246394321313,10305,8,0,1,0,2,0
0.41562510240293826,46,1,0.5498027294273362,12771,6,0,0,0,2,0
0.2634278870755939,63,0,0.4895465390154605,3515,9,0,1,1,0,0
0.2789983458584117,55,0,0.22212976974041831,1377,5,0,2,0,1,0
0.18600922700451591,37,1,0.7544988633823136,14957,6,0,1,0,0,0
0.36426717131944514,34,0,0.31633678943819615,6381,10,0,3,0,0,0
0.5122818419079852,31,2,0.44788357567313436,13041,5,0,1,0,4,0
0.2586390445514839,31,0,0.3422895331744323,1827,5,1,0,0,1,0
0.17153314269792824,37,1,0.7847403883236158,1543,8,0,0,1,1,0
0.15638291884681332,62,0,0.5391385364042027,2838,10,0,2,0,0,0
0.19700303920308784,49,0,0.2459036411080769,2040,8,1,1,0,0,0
0.40158305034702085,44,0,0.7009764977878068,1506,4,0,0,0,0,0
0.4319663450813883,28,1,0.3603073643327531,1855,6,0,2,0,0,0
0.2628268830320592,58,0,0.2399368369330221,12810,8,1,1,0,0,1
0.7026847822977789,49,0,0.11352627397933589,10860,7,0,0,0,1,0
0.5365078579610001,30,0,0.6043853966347184,7644,9,0,2,0,2,0
0.26560177949988756,52,1,0.37155330740443443,4829,7,0,2,0,2,1
0.05464666580240927,42,1,0.7612835197291502,3749,8,0,2,0,2,1
0.32656792876113244,47,0,0.2220945105800307,4140,11,0,1,0,1,1
0.2152056160079426,24,0,0.16010851753143535,1779,8,0,3,2,1,0
0.39428520077251694,52,0,0.2114749265124005,2490,8,1,2,0,0,0
0.43675502931965704,52,1,0.6272222807809087,3150,5,0,0,1,1,0
0.4441080369261615,57,2,0.3747256062007165,2743,6,1,0,1,2,0
0.1140251721978913,31,1,0.4484032669684975,12135,7,0,0,0,1,0
0.34920586003640597,47,0,0.5334310737399907,2419,14,0,3,1,1,0
0.3064949004087458,49,1,0.22975676894643993,15056,9,0,0,0,0,1
0.5417444286539462,56,0,0.10591219017846504,15103,7,0,2,2,0,0
0.29981805471957473,21,1,0.622895631546632,3628,9,1,1,0,1,0
0.41826271405847665,43,1,0.40508961235266416,7879,7,1,1,0,1,1
0.25685368045195817,48,0,0.09662671540406827,1226,15,0,3,1,2,0
0.18392462292369213,49,0,0.36708848484906936,13784,5,2,7,0,1,0
0.4657991961559546,18,1,0.10151721632415649,7976,5,0,1,0,1,0
0.23201421426874902,34,0,0.2788808426369565,4887,6,0,0,1,0,1
0.28086603762625734,39,0,0.18724773148333118,4073,7,0,2,0,0,0
0.3692636331107455,38,0,0.5912173570091653,561,7,2,0,2,1,1
0.18552666165108725,44,0,0.4357906933554239,5214,10,0,1,0,0,0
0.44434899833553937,25,1,0.8059156821099689,9488,5,0,0,1,2,0
0.19822853373689583,33,1,0.5149758499546035,10605,3,0,1,0,2,0
0.06331318794263235,28,1,0.5625511889147046,2329,9,1,1,0,2,0
0.2882735480486765,51,0,0.6708667361400852,2369,5,0,1,0,2,0
0.43222461963068076,34,1,0.2588317200647353,4262,11,0,1,0,2,0
0.342590229442596,69,0,0.35489130402913976,9539,11,0,1,0,1,0
0.7139510333935187,18,0,0.15482431929475385,3993,5,0,1,1,1,1
0.3798932090481879,44,1,0.24918182999913524,4309,6,1,1,1,1,0
0.10511158447090006,51,0,0.7568147223840156,2652,6,0,2,0,3,1
0.2753685366477122,29,0,0.3659353221363344,13841,11,0,2,0,2,0
0.39397564345179603,57,0,0.40656240428725215,1834,9,0,1,0,2,0
0.47760397555883194,22,0,0.3649193752204779,7781,4,0,1,0,0,1
0.09138018619005514,55,1,0.4288437599916973,8897,7,0,3,0,0,0
0.4384425062553638,32,1,0.24205222569831816,5226,7,0,0,0,0,0
0.05604087216682317,52,2,0.26791676613201093,7880,11,0,0,0,2,0
0.4295687458560313,40,0,0.5314074055756549,5806,7,0,1,2,0,0
0.4214413734613642,19,0,0.2956909457282798,4472,9,0,1,1,1,0
0.4586993294649016,57,2,0.21782144630411995,6614,6,0,1,0,1,1
0.23826917821999363,65,1,0.19568019369856848,5346,9,0,1,0,0,0
0.36590929800049876,50,0,0.673534311728548,13288,5,0,1,0,0,0
0.13080821365057402,57,0,0.5909403682965846,33522,8,0,0,0,1,0
0.14539948558357124,60,0,0.48941569836107884,5223,9,0,2,2,0,0
0.49146430874649893,38,1,0.10544409443451014,3056,6,2,2,1,3,0
0.0831132001974318,42,1,0.21108222930508283,9274,9,0,1,0,1,1
0.318488416988368,33,1,0.4539600316822158,5826,6,0,0,0,1,1
0.3722160420372496,56,1,0.29667527442420355,4164,10,0,0,0,2,1
0.3634443163568855,46,1,0.5988417872242737,1846,18,0,1,0,0,1
0.16976583279864516,49,1,0.08903891969004249,22995,13,0,1,0,0,0
0.46713698907372997,33,0,0.4033534117464464,1895,4,0,0,0,1,0
0.1262980999924826,48,0,0.16804678607239465,21509,11,0,0,0,1,0
0.28051660023491853,35,0,0.7368095899501468,3849,5,0,1,0,1,1
0.07411228647116408,28,0,0.23383598349555715,5383,10,0,1,0,1,0
0.5984917507845597,30,0,0.1556818950329651,2151,8,0,1,2,0,1
0.03684132452290859,28,1,0.2846756023234947,3491,6,1,1,2,1,0
0.18458815614605864,60,0,0.33450073918431017,15026,7,0,0,1,0,0
0.5894271094179544,29,0,0.5812807916717252,5512,11,0,0,1,0,0
0.03635017759554231,53,0,0.24513668502110225,4815,9,0,1,0,1,1
0.07579956030611681,34,0,0.534081646818252,6862,4,0,0,0,1,0
0.03344431744434393,18,1,0.38747812256096725,808,4,0,1,0,1,0
0.45193086833333523,53,1,0.7008606828796832,26218,8,0,0,1,1,1
0.46505096676818264,44,0,0.02785086043445461,4236,13,0,2,1,2,0
0.1398388303210023,62,0,0.13275049545216175,4556,4,1,2,0,0,0
0.0803313575915174,68,2,0.7772470169660579,329,7,0,0,0,2,1
0.33932590235511334,50,0,0.40193916922108625,1856,9,0,2,0,1,0
0.4690880613790975,27,1,0.514024715032555,9284,10,0,0,2,2,0
0.27345698821392694,44,1,0.5686928590660802,9981,7,0,1,0,4,0
0.2705721244230475,50,1,0.22969573438207008,4561,8,0,1,0,1,0
0.17523659657867763,39,1,0.5006664732395714,18287,10,0,3,1,0,1
0.39981909990687936,18,1,0.41164368387191147,3074,13,0,3,1,2,0
0.41179074096863977,64,0,0.4147441916415141,2244,10,0,0,0,0,0
0.20561053316366648,44,0,0.4283962822057151,2180,4,0,1,0,0,0
0.31810323976512206,30,0,0.5152421262970848,3957,8,0,2,0,1,1
0.3525594243238562,44,0,0.0888746688681469,13516,6,0,0,0,0,0
0.24231467797865505,55,2,0.6040087855361901,1182,8,1,1,1,2,0
0.4449242311201248,56,0,0.46796148192341175,13008,6,0,1,0,1,0
0.2899805861397505,48,0,0.514338031950511,22562,7,0,0,1,1,0
0.30488767833853164,40,1,0.510891219811676,7080,10,1,1,0,0,0
0.30084384650871115,23,0,0.20493646576525684,2124,8,0,3,0,2,0
0.24844883891562689,49,0,0.4325649079373769,6994,13,0,2,0,1,1
0.3786261704076678,44,0,0.500283351043589,10032,15,0,0,0,0,1
0.1966517021172259,77,0,0.3587617711547604,4122,8,0,3,0,2,0
0.2552287315540222,37,0,0.40123578440202606,3542,6,0,2,0,0,0
0.5562067861052036,30,2,0.45836224000381265,6801,10,0,1,0,3,0
0.41090806365355215,47,1,0.5687807677435237,3036,6,0,1,0,0,0
0.3450580311564916,47,1,0.41380189940900114,8666,11,0,1,0,3,0
0.42807245414495926,52,0,0.1732049568601145,2447,4,0,0,0,2,0
0.2211574758602738,30,0,0.36146105776145204,6470,9,0,0,0,0,0
0.19627697570594535,26,0,0.5701658814326398,6160,7,0,0,0,2,1
0.16092878264731145,21,0,0.49169946297116557,15114,9,0,1,0,1,0
0.2209143837859163,37,0,0.2755860144513828,13501,9,0,0,0,2,0
0.43022391780900854,52,1,0.05510247166816925,7738,12,0,0,0,2,0
0.3506341498555437,26,3,0.3444739546579631,2794,6,0,2,0,2,0
0.11558000908540557,59,0,0.7951428412337647,3151,7,1,0,0,0,1
0.35562662141002743,47,0,0.47055166206998617,3178,13,0,0,0,0,0
0.12573653249060177,86,0,0.062650742664043,2041,6,0,0,0,1,0
0.19466698665369794,60,0,0.7480062515595948,3069,13,1,1,0,1,0
0.1691541280158005,51,0,0.3541778630642752,929,10,0,0,0,2,1
0.29843317286806365,41,3,0.7397508027352432,12894,12,0,1,0,2,0
0.4915642027837707,44,1,0.5942379088460453,4596,11,1,1,0,2,0
0.2714987235259217,52,0,0.49910700884954357,4434,8,0,2,1,1,0
0.36006547946698025,42,1,0.2067659802345349,19355,6,0,0,2,2,0
0.15533589239453272,40,0,0.42921813283429683,4234,14,1,0,0,0,1
0.15678893360711213,47,0,0.23668888998138313,1778,9,0,0,0,0,0
0.5534132487562741,47,0,0.554159631586065,3884,9,1,0,0,3,0
0.2425753355743364,50,0,0.05632268121469987,3337,4,0,0,0,2,0
0.7369708022058722,20,0,0.3310671976652056,3192,6,0,2,0,1,1
0.2694451509590809,60,0,0.390728548195934,6404,12,0,3,1,1,0
0.36042435724254157,58,0,0.4822519761779799,8106,5,0,0,0,0,0
0.08437134276846464,23,0,0.45458408199266065,12177,6,0,2,0,3,0
0.5449357896171323,33,1,0.4010987368768019,3697,4,0,0,0,2,0
0.12558978556910216,37,0,0.3525369502369818,3354,10,0,1,0,1,0
0.21015750440285497,51,0,0.6200885428658472,1265,6,0,1,0,0,1
0.45480179138933247,64,0,0.21522305918437667,17428,7,0,1,0,1,1
0.06128706602300611,46,0,0.3255980130260578,2917,6,1,0,0,2,0
0.11872583647056296,28,2,0.3518502566414447,8246,6,0,1,1,0,0
0.3696936313344093,39,1,0.5420752054704996,8408,5,0,0,0,1,0
0.4366031966837756,36,0,0.3948621413416859,3208,8,1,0,0,0,0
0.13873943433347627,35,2,0.3847558840669604,4500,12,0,0,1,1,0
0.049124717996907735,44,0,0.22179059880292432,2528,7,0,2,0,0,0
0.09800984762692279,56,0,0.2768260622935674,15467,9,0,1,0,1,0
0.36212366088646697,46,0,0.2918466348107273,5338,8,0,1,1,0,0
0.017597640719003233,31,2,0.10509409205557882,1190,8,1,2,0,0,0
0.5311431316120938,69,0,0.3689489205145244,6707,8,0,1,0,0,0
0.5148559296061187,59,1,0.2741818577326535,9503,7,1,0,1,1,1
0.561015028126567,67,0,0.5327155122609725,5644,8,0,2,1,0,0
0.65869696207115,39,1,0.35043939621733744,8778,9,0,1,0,1,0
0.3614654452456773,20,1,0.6264017555049685,10200,11,0,0,0,2,0
0.2376287232466429,25,1,0.571422876030852,5920,6,0,0,0,0,0
0.08548175158114875,38,1,0.330963789124771,1270,8,0,0,0,1,1
0.34449120173369563,41,0,0.07893414744014728,8464,6,0,0,0,1,0
0.2556814311600067,45,0,0.5448924434872678,19174,6,0,1,0,0,0
0.09472230219513574,41,0,0.4233186903856327,2596,7,1,0,0,0,0
0.26351044269942,31,1,0.37128530166583235,4846,9,0,1,0,1,0
0.1644813853975064,65,0,0.7535669123859996,2776,13,0,1,0,1,1
0.3507443456257291,63,2,0.28805395803253586,6853,7,0,1,0,2,0
0.1665971996907789,43,0,0.5928815604734484,8077,9,0,1,0,2,0
0.254836608575504,46,0,0.13731216916366715,6074,15,0,5,0,1,0
0.2587374556780108,64,1,0.16257773718185786,7133,9,0,1,0,2,0
0.11915565989201618,72,0,0.49041825200649536,11521,12,0,1,0,1,1
0.36337949708161493,45,0,0.3796129520691841,7419,7,1,0,0,2,1
0.33321751440960273,25,0,0.3098720670107612,5492,8,0,2,1,0,0
0.059571397950314645,51,0,0.31527177716923016,2632,11,0,0,2,1,1
0.4655552278751796,18,0,0.41485480629186716,2296,12,0,1,0,1,0
0.25862030424995125,55,0,0.6543490266988399,1939,6,1,1,1,0,0
0.3202677944950687,54,1,0.3258083550184429,5342,12,0,1,0,1,0
0.6800511149185572,51,1,0.4085326041896899,14241,8,0,0,1,1,0
0.4508412912026057,24,0,0.536778707387567,3809,5,0,0,0,1,1
0.31760205503323746,78,0,0.09314316932651052,5421,11,0,1,0,0,0
0.15652049120343423,29,0,0.21144729503373422,2432,11,0,1,0,2,1
0.49306600446080173,62,1,0.44106347812032465,4725,4,0,1,1,0,0
0.34993276603891293,30,2,0.37098404682505154,4689,9,1,1,0,0,0
0.15154308111665207,45,1,0.30464430003656034,6600,2,0,0,2,0,1
0.560780729086683,32,0,0.5631312852317304,5567,9,0,0,0,0,0
0.3463900483845348,53,1,0.1458926627399764,4934,10,0,0,0,1,1
0.13551987747045574,59,1,0.0360051855545343,9481,10,0,1,1,1,1
0.6146270102526299,50,0,0.4697789566138979,6612,10,1,1,0,2,0
0.42729811409194945,36,0,0.057018449295294454,6236,10,0,2,1,0,0
0.165517237349959,68,1,0.6723174896258133,5491,11,0,1,2,0,1
0.231028608851155,18,1,0.3052751772971767,12733,9,0,0,0,1,0
0.2797216243993901,58,1,0.4079477752092655,6096,7,1,0,0,1,1
0.34691135018508745,22,0,0.8394296973099894,771,10,1,0,1,0,0
0.16156769000004598,61,0,0.036285203930266664,3689,8,0,1,0,0,0
0.39202687281325066,59,1,0.19258514624078393,5609,13,0,1,0,0,0
0.10846924088560969,38,0,0.05787857555808602,1417,9,0,2,0,0,0
0.08149394172823188,43,0,0.7968228028490744,6695,6,0,1,1,2,0
0.08832029842314609,34,1,0.5981294950489422,3408,7,2,0,0,1,1
0.3955118403577959,36,0,0.14993368580429656,1582,12,0,0,2,1,0
0.33052091611035417,50,0,0.13952502561174057,3684,13,0,1,0,0,0
0.16127006685382164,62,1,0.31005096604832727,6668,7,1,1,0,0,1
0.638599977703674,55,0,0.5603534739985621,5405,9,0,1,1,1,1
0.33056667640049564,59,0,0.3447293854042334,3275,9,0,1,0,2,0
0.213444326745542,67,0,0.19041866346900393,1706,12,0,4,0,1,0
0.2866690989629324,53,1,0.19004130810694245,2529,8,0,1,0,1,0
0.2727633332355119,60,1,0.35906230758052154,7198,8,0,2,2,0,0
0.4937296155661428,36,0,0.308207013562616,14865,5,0,3,0,2,0
0.3232155083589431,50,0,0.257383135042281,26196,5,0,3,0,2,0
0.17116960472928483,45,0,0.12650209411265853,2238,4,0,2,1,2,0
0.5226404349139753,39,0,0.5193300206407128,978,5,0,1,2,2,0
0.18565424165943845,38,0,0.10014054901621662,3604,10,0,1,1,2,0
0.27445808453858517,62,0,0.46796876260127684,5267,12,1,2,0,1,0
0.11187248326616847,61,0,0.7875464044590698,10030,4,0,1,0,1,0
0.15988388326932623,70,1,0.2571495219160774,2615,8,0,1,0,0,0
0.40385732360985943,35,1,0.6213337619070497,9106,7,0,0,0,2,0
0.39799413821461643,35,1,0.036728853203968376,2862,5,1,1,1,1,0
0.4670732502075805,34,0,0.6260384983958032,5751,6,0,0,0,5,0
0.6488121732479982,59,1,0.2340643408918851,3298,9,0,0,1,1,0
0.03859719569055805,52,2,0.8301111617430008,5279,7,0,0,1,2,0
0.23644327817303648,48,0,0.09725700298661649,2010,8,0,1,0,0,0
0.39185878207031855,18,1,0.6746530948635802,3581,9,0,0,0,0,0
0.15949610891313087,18,0,0.19014831588872913,3812,12,1,0,1,2,0
0.6528359847027211,46,2,0.29113115257145655,5255,9,0,2,0,1,0
0.4409306485487169,64,1,0.5672763520550236,1758,7,0,0,0,1,0
0.437033803801499,59,1,0.11550068058535667,5199,4,2,0,1,0,0
0.41646685556254337,38,1,0.31585054755859454,10676,12,1,0,0,0,1
0.04195110459418734,57,1,0.04730151508339549,3123,7,1,1,0,2,1
0.1464928231133739,62,0,0.3800933701349061,861,8,0,3,1,0,0
0.5039224792828404,47,0,0.4266626716667565,10150,10,0,4,0,0,0
0.5026477693965183,55,1,0.2301383960189157,17266,7,0,0,1,3,0
0.48526863562178574,53,0,0.32669236036069843,5428,8,0,0,1,2,0
0.3234330435988951,81,0,0.6374385018079405,4150,9,0,0,1,0,0
0.32066740593778575,42,0,0.719811902984608,7434,11,0,3,0,0,0
0.3008050411111278,32,0,0.6678376269575936,10889,12,0,0,0,1,0
0.23213582402688773,18,0,0.4579386070154075,8309,9,1,0,0,0,0
0.14379039565015775,18,0,0.14020438708320482,504,6,0,0,0,2,0
0.25211646209367045,42,1,0.4178848622363204,7375,4,0,0,0,1,0
0.4475005217997213,37,1,0.32038657877636906,1671,5,0,2,1,0,1
0.03943761250938913,70,1,0.31439085754729373,2345,5,0,2,0,0,0
0.21992190485081656,34,2,0.6208694151200558,4178,8,0,2,0,0,1
0.07134402388413981,44,0,0.30812680173671636,2449,6,0,2,0,0,0
0.35145612523986275,18,0,0.37177934511060895,4010,10,1,2,0,0,0
0.0808430580260757,18,1,0.6343485221513113,6322,8,0,2,0,2,0
0.5498472725051027,53,0,0.5207085980019095,3715,10,0,0,0,2,0
0.06956469736544187,83,1,0.2915695507573302,7196,7,1,0,0,0,1
0.373861532399952,55,0,0.5686126774188114,5415,9,0,0,0,0,0
0.35287330537831113,54,1,0.5946281402188337,13043,11,0,0,1,1,0
0.1566474182108031,37,0,0.21368287434755384,1879,19,1,1,0,0,1
0.23108172180534545,42,0,0.36528172369810047,1704,3,0,2,0,1,0
0.28669065583087183,29,0,0.7623495495513437,14556,10,0,1,0,0,1
0.31290917851960043,24,0,0.7323801653022737,4699,12,1,3,0,1,0
0.3691948260332177,37,1,0.10904886446810944,27287,7,0,2,0,2,0
0.25139139398629823,55,2,0.3621071463766614,6492,12,0,0,0,1,0
0.26298919322534436,47,0,0.5358647029565202,10893,8,0,0,0,1,0
0.08831527592710867,38,0,0.2089013228806417,19308,8,0,1,0,1,0
0.2886066126189678,37,0,0.10903706480021402,6709,5,0,1,0,2,0
0.3256682691812085,29,0,0.07032696040196589,5841,7,0,1,0,0,0
0.2786736690153065,37,0,0.08170427661060461,2781,8,0,2,0,4,0
0.2282165858602113,33,0,0.7768601624754657,3708,7,1,0,0,1,0
0.3386257708214613,43,0,0.6205749885709767,3175,3,0,1,0,1,1
0.15259758831368742,55,0,0.3422478421445269,7821,13,0,3,0,0,0
0.3526624243559398,65,1,0.3098159198822689,33683,9,0,2,0,1,0
0.22163667044735863,62,0,0.3837941203686372,8380,4,0,0,0,0,0
0.20713228579486884,48,1,0.4787522659592997,5156,6,0,2,0,1,0
0.30016215513036415,40,0,0.4293394091019722,7647,6,0,2,1,1,0
0.41299746718247166,19,0,0.37196609290235993,5205,8,0,1,0,0,0
0.2687116456591935,68,1,0.5695235761846981,4347,8,0,3,1,0,0
0.5935307292007151,56,0,0.5755075436670251,1549,13,0,1,0,2,0
0.34720323668524855,48,0,0.5226442193159582,9424,9,0,2,0,0,0
0.423856017106476,46,0,0.5070803724600127,1333,9,0,4,0,2,0
0.16364008158792476,46,0,0.19543705246243898,5866,7,1,1,2,0,0
0.2223748414731844,24,1,0.24992361792254833,20276,8,0,0,1,0,1
0.20026105365956473,34,0,0.46362377813333855,3587,5,0,1,0,0,0
0.24603418213518413,47,1,0.48304031169932565,4483,8,0,0,0,1,1
0.22362492171287487,46,0,0.5278624058452119,4318,5,0,1,1,2,1
0.07681532132648537,44,1,0.6608814173015054,3509,5,0,0,0,1,0
0.3873902911425578,28,1,0.17931327616546522,2261,8,0,2,1,1,0
0.20478109441957792,58,2,0.8474931052631951,12639,16,0,1,1,1,1
0.38347173921521865,35,1,0.16654612220419499,2601,14,0,1,0,2,1
0.20590054981439843,37,0,0.5466515784946673,4567,11,1,2,0,0,1
0.19158045223220121,18,2,0.3763110365588382,1512,7,0,2,0,1,0
0.3707871993655869,46,1,0.5694919234419918,12983,8,0,0,1,1,1
0.3452338387052703,57,0,0.23913408894819618,5618,12,0,0,1,2,0
0.4760384906045349,54,1,0.42759473217398913,3477,8,0,0,0,1,0
0.28331526588677497,71,3,0.6729406239152174,9448,5,0,1,0,1,0
0.027312389610103547,38,0,0.316007777493671,5020,8,0,1,0,1,0
0.11292312211081831,41,1,0.5419923186320723,11056,9,0,1,2,1,1
0.2630451513019047,40,1,0.4153168506484316,2717,6,0,2,2,0,0
0.30423466638670366,18,0,0.419905968384676,10749,5,1,3,1,2,0
0.2762187213330215,46,2,0.46827865620831766,1699,8,0,1,0,0,0
0.4079042592144221,44,0,0.7368772336515448,885,12,0,1,0,3,0
0.45605482351029814,70,1,0.1663752894519815,1300,7,0,0,0,0,0
0.10848090324853306,38,0,0.5378025479386512,4671,5,0,1,1,0,0
0.4303730134709865,51,0,0.39923470254084414,5150,13,0,0,0,1,0
0.5199604405207232,67,1,0.2894947520035893,2105,12,0,1,0,0,0
0.331446785569446,25,0,0.09842967028422095,9250,15,0,0,0,0,0
0.1987823426655362,77,1,0.6439594896547723,4434,7,0,2,0,3,1
0.1200109027197159,45,1,0.41028700452012984,2807,5,0,3,0,0,0
0.6671288946611262,57,0,0.8340018966861378,2028,9,1,1,0,1,0
0.573695702688659,71,0,0.18245636144124983,3252,10,0,3,0,0,0
0.06895311593920443,59,0,0.04482163337157303,4169,8,0,5,0,0,0
0.19501628058940795,65,1,0.43286358071886555,24470,7,0,3,0,1,0
0.21867074993594243,64,0,0.6827074982031365,7699,7,0,1,0,1,1
0.10741094640784046,56,0,0.08630180102878975,9323,8,0,0,1,1,0
0.17239643604870794,45,0,0.5924405095297595,4336,10,0,1,0,0,0
0.41310555036204905,32,2,0.25861461490317417,2956,8,0,1,0,4,1
0.45020786243883687,50,0,0.6240948939732421,4093,6,1,0,0,2,0
0.4460510907372733,50,0,0.2653657700759244,3102,9,0,0,0,1,0
0.2669570545081994,35,0,0.520488260774402,4179,13,1,2,0,1,0
0.3056352422501919,25,0,0.16147452697143505,9636,8,0,1,0,1,0
0.2946810642622636,32,2,0.3433531843043907,8546,11,1,2,0,1,0
0.345276695396616,81,0,0.6618758379766533,22785,8,0,0,0,0,0
0.3707160680731003,37,1,0.5940666959747849,6670,7,1,1,0,3,0
0.29553391607313956,28,1,0.5511732082726075,3188,6,0,2,1,3,0
0.16686253199439693,42,1,0.3583049515395111,3733,10,2,1,0,1,0
0.0913673329463478,33,1,0.6571698926266485,3898,8,0,1,0,1,0
0.3015857991713033,29,0,0.4302363442005312,3528,3,0,1,0,0,0
0.18522765911251957,65,0,0.5050345966361399,13656,10,0,0,1,2,0
0.27065697173787023,46,0,0.3394189680354626,13381,8,0,0,0,1,0
0.21011515933053113,22,0,0.40121897773254006,4728,6,0,0,0,0,0
0.3278859887836785,24,1,0.2531545994106932,3086,3,0,0,1,1,0
0.18407839863737416,31,0,0.31183845393758464,2283,9,0,2,0,1,0
0.20956647026320502,52,0,0.4311001028478882,6481,7,0,2,0,1,0
0.45141340036909716,43,0,0.46868058890223824,21573,5,1,0,0,0,0
0.6574307400009882,65,0,0.20197480857939243,4114,10,0,2,0,2,0
0.2561528939220563,31,0,0.4842985732795341,26702,4,0,0,0,1,0
0.08284665039855264,36,0,0.493869116902122,8545,8,1,1,0,0,1
0.29271914191888754,58,1,0.3735549513877114,5082,6,1,2,0,0,0
0.7178208830676449,34,0,0.2119347692216897,2171,6,1,1,0,0,0
0.16847266510438497,39,0,0.021167751597306928,6765,9,1,3,0,1,0
0.5151706534608411,28,2,0.12322770915105628,2030,9,0,0,0,1,0
0.17104044689543987,30,0,0.5577995404596104,8456,5,0,0,0,0,0
0.35258632330356376,67,0,0.4381582154125947,858,9,0,3,0,0,0
0.18109095771443,44,1,0.48662174172946515,3079,8,0,1,0,1,1
0.3012400255240991,36,0,0.6647488699479925,2821,12,0,0,1,0,0
0.07436999864018258,18,1,0.2926904132351539,11697,5,0,1,0,3,0
0.3711988557963931,52,0,0.27474982889245525,14093,6,1,1,0,0,0
0.1265321117509962,53,0,0.9169336887246831,20992,7,0,1,0,3,1
0.4777227810066344,39,0,0.10305930864111519,17063,10,0,0,2,2,0
0.23548794236687995,60,0,0.2151016700789207,5753,9,1,0,0,0,0
0.6480071522725971,23,1,0.13130850927580306,7669,9,0,0,0,0,0
0.1340888111849447,60,0,0.27469477406030934,1681,5,0,5,0,0,0
0.5487665513264509,32,0,0.656974259615299,5897,7,0,0,0,1,0
0.47282496474131397,49,1,0.27859430173050603,1508,10,0,2,0,1,0
0.1578644929259333,42,1,0.4338469553523002,3776,7,0,0,0,1,0
0.34793004837803554,50,0,0.12717896092197356,10353,10,0,1,0,0,0
0.2872510101270593,46,1,0.09340933506701646,1743,4,0,1,0,1,0
0.12344910493321908,43,0,0.1408419149317934,4947,3,0,0,0,2,1
0.44018781693125547,53,0,0.4759312524307625,4004,11,0,1,0,3,0
0.15922920027541673,65,1,0.7937623957257001,7786,11,0,0,0,1,0
0.2687131795010694,57,1,0.23705691979864243,26007,5,0,1,0,0,0
0.3080373557851756,52,0,0.630535760792987,9127,11,0,1,0,1,0
0.2148193197857704,45,0,0.502853436591735,5588,9,0,0,0,2,0
0.38212969086102394,18,3,0.4966759645294547,5811,9,0,1,0,0,0
0.23911449172305663,36,0,0.29574325323576883,7681,7,0,0,0,1,0
0.5022207295737547,46,0,0.4673769998563864,9249,6,0,0,0,4,0
0.1335551697070941,45,0,0.6794966476050794,6527,7,0,1,0,1,0
0.06462530236292037,39,1,0.7359736844533066,9823,5,0,3,0,1,0
0.20075903455927857,18,0,0.06847592377546775,9256,2,0,1,0,1,0
0.3259505901622578,73,0,0.4492475667676928,7110,9,0,1,0,0,0
0.3027728241608978,54,1,0.4913862152096744,8343,6,0,0,0,1,1
0.16909439495220668,18,1,0.6263324012443546,3678,5,0,1,0,2,0
0.12925592494561447,20,2,0.3036688565776616,1627,14,0,2,0,0,0
0.24253197647514763,41,0,0.35604873702799456,1388,12,0,1,1,0,1
0.2960821512120127,51,0,0.5592711003286,15337,8,0,1,0,2,1
0.23274254577230935,61,0,0.4082151108902511,28006,11,1,1,0,5,1
0.3151263908283248,46,1,0.5232101002903443,1788,14,0,2,0,0,0
0.17548639633805757,69,1,0.40401961018600113,30933,9,0,0,0,4,0
0.7356495903775971,37,0,0.3489127213484785,5185,6,0,0,0,3,0
0.32614799616383716,51,0,0.12891219578135127,2477,8,0,1,1,2,0
0.4658983970149,18,1,0.3920614463833508,5039,9,0,2,0,1,1
0.2581756800647723,57,1,0.17588050638847094,8395,9,1,1,0,1,1
0.10524560512471182,60,2,0.42670815292306835,5512,10,0,2,1,0,0
0.17118135961037906,43,0,0.5014210260731218,5895,10,0,1,0,2,0
0.46408823790513887,47,0,0.2899524259909783,19243,6,0,2,0,0,0
0.11290381020495074,30,1,0.2941464790443749,13204,10,0,0,0,2,0
0.10206071675835153,52,1,0.5992588254992389,3729,7,0,2,0,1,1
0.15096836663344249,67,1,0.6282979931740365,6358,9,0,1,0,0,0
0.4986353119903432,26,0,0.6551214163401303,13233,5,0,1,0,0,0
0.47045415277575126,28,0,0.3072883019099127,3488,7,1,1,0,1,1
0.34040602277826976,51,0,0.3281992319975371,6451,9,0,3,0,1,0
0.2695479751730181,25,2,0.5547426072276226,5920,4,0,2,0,2,1
0.07710973511660528,53,0,0.027981517434109617,1856,5,0,2,1,1,0
0.4261940307756117,33,0,0.5030706698960428,1766,6,0,3,0,3,0
0.3251463663363255,32,0,0.5282740952653522,1943,6,0,0,2,2,0
0.1712883126070826,68,0,0.19047594171006887,12992,4,0,1,0,1,0
0.1386655660099853,53,0,0.8891325337536379,1575,8,0,1,0,1,0
0.14329112634228652,56,1,0.8506295462350231,3092,9,1,2,0,1,0
0.5466279481385103,68,2,0.30516468918520634,2771,8,0,1,0,1,1
0.31021611811320743,37,0,0.44692786532240225,15359,7,0,2,0,2,0
0.5083071663048899,31,0,0.41232053610254404,3855,8,0,0,0,0,0
0.35589296388973124,60,1,0.3216167812147071,2847,9,1,0,0,1,0
0.23399596697189948,57,0,0.1864270163204871,3086,7,0,0,0,0,1
0.17447086476861362,31,0,0.7399359687491361,5721,11,0,0,0,1,0
0.5758282627676768,35,2,0.2651472037178153,889,9,0,1,0,1,1
0.24856102449137815,36,1,0.5030999230026344,2732,16,0,0,0,1,0
0.1586452242809386,80,1,0.7536790576757455,6368,8,0,1,1,3,0
0.03452250780209288,51,0,0.304417628753238,2842,4,0,4,1,1,0
0.38247181621986187,30,0,0.38364204702058774,8408,5,0,0,0,0,0
0.02439186680677794,18,1,0.3851574677732706,6435,15,0,3,0,0,0
0.5633987773767564,52,1,0.8062451930050618,1122,4,0,2,0,0,0
0.3402485941709842,43,0,0.23684906767984837,493,4,0,1,0,1,0
0.11007921106138979,65,1,0.6780116528577498,14149,5,0,0,0,2,0
0.2090555647224349,56,1,0.5203048576598431,2228,7,0,1,0,1,0
0.04100433396905283,18,0,0.11242546638941193,6317,6,0,2,0,2,0
0.2339245459602728,73,0,0.5387111345831602,8293,5,0,1,0,0,0
0.5036323304279637,40,0,0.493117847696964,824,9,0,0,0,0,0
0.3537377530630184,26,1,0.3366873559075697,4831,5,0,0,0,1,0
0.40510082174648865,55,0,0.18139340843246357,2229,7,0,4,0,1,0
0.5199381346159666,30,1,0.5028351767021597,12194,10,0,1,0,1,0
0.2009376560555458,24,0,0.6142626162119826,6158,9,0,0,0,0,1
0.11360401579820947,34,1,0.43215389594126574,2951,5,0,1,0,0,0
0.653620867986262,58,0,0.0766763865945756,22500,9,0,0,0,1,0
0.23881902397456073,32,0,0.3734998171921894,8218,8,0,2,1,2,0
0.20267562352231813,29,1,0.288836856761859,2432,10,0,0,0,0,0
0.3505695719415799,70,1,0.4726137891064125,1388,8,0,1,0,0,0
0.3357119336196242,71,0,0.29844006650629723,4435,9,0,0,0,2,1
0.10303496542195996,52,1,0.8014401253523106,7829,5,2,0,0,0,0
0.6771276626490202,41,0,0.500681709449041,719,14,0,1,0,0,0
0.15314180969253116,27,1,0.2991524286527193,10070,6,0,0,0,1,0
0.271543357046751,48,1,0.1643209136595283,23982,7,1,1,0,0,0
0.15465081222310614,38,2,0.19524313141741312,2106,8,0,0,1,0,0
0.4765502302409846,39,1,0.2298634419910148,1417,12,0,1,0,1,0
0.45595070390341613,63,0,0.5846283937691521,1493,9,0,3,0,1,1
0.2651918121497949,27,0,0.6388913390362957,580,6,0,0,0,1,1
0.32839326733120583,43,0,0.46235930827370314,4040,10,1,2,0,0,0
0.10894625071887615,51,0,0.7151547194644639,5758,9,0,4,1,1,1
0.24721991048451772,47,0,0.15186960481718123,6191,5,0,2,3,1,1
0.16705116257638042,29,0,0.45768252261017395,6057,12,0,1,0,2,0
0.28871813706633326,42,0,0.3863720441313349,5599,11,0,0,0,0,0
0.17684762794305856,22,1,0.06952674134526735,2668,10,0,2,0,0,0
0.799861036303186,66,0,0.7244820254482526,3043,8,1,0,0,1,0
0.614740561048884,55,0,0.4255103552163378,1589,4,0,1,0,1,0
0.23199515171985058,39,0,0.19703454983519228,3922,5,0,1,0,4,0
0.07524283974226266,25,1,0.5151055048692642,5972,7,0,2,0,2,0
0.0942158673412796,51,0,0.5331922462868257,9066,4,0,0,0,0,0
0.2621139984691784,61,1,0.06260874287069594,3270,5,0,0,1,0,0
0.12080505467690177,18,0,0.5704228243356843,4124,9,0,0,1,0,0
0.028226197691025967,68,0,0.4524736023125761,2590,6,0,1,0,2,0
0.33396929297425754,35,0,0.14562136092275416,5076,11,0,0,0,0,0
0.056184412800448176,45,1,0.5736346829602735,7226,5,0,0,0,0,0
0.24979607712034005,44,1,0.40603227859668367,2611,15,0,1,0,1,0
0.1597984598272614,47,2,0.34308350626490297,8724,9,0,0,0,0,0
0.5071106315059093,47,0,0.7549356408543365,9331,4,0,0,1,0,0
0.5619019231008524,47,0,0.5792659047591648,5187,7,0,0,0,0,0
0.2387183942171794,31,1,0.5427201542870252,2477,13,1,0,0,1,1
0.29450294398126886,28,0,0.4739271641433747,6792,6,1,0,1,2,0
0.109435054088529,56,0,0.4128284350062528,1360,7,0,0,0,0,0
0.40526164708463225,60,0,0.5178769781992084,4348,11,0,0,2,1,0
0.21093638776728474,29,0,0.3242400812922199,4325,3,0,0,1,0,0
0.22911174043952046,54,0,0.4686238761139782,3780,6,0,1,0,0,0
0.7227496020498767,30,0,0.2910094992768806,4951,9,1,2,1,2,0
0.4662865307279679,59,1,0.44808980421311095,5532,5,0,1,0,1,1
0.18990659115659164,43,0,0.31318183972450286,5760,8,0,0,0,1,1
0.3429034953541748,69,0,0.41552445879223776,4276,9,0,1,1,2,1
0.12669125402909417,40,3,0.46799543474703964,6100,5,0,2,0,0,0
0.40424224844863466,79,0,0.6673803090377013,5294,6,0,2,0,1,0
0.04720128169757209,34,0,0.6183980311549271,15402,13,2,0,0,3,0
0.3037211840989233,27,0,0.31080240469435266,2885,7,0,1,0,1,1
0.2590535866698317,45,2,0.5719459668743899,2683,8,1,1,2,0,1
0.2681179003308197,32,0,0.4389700385799332,3422,12,0,0,1,0,0
0.1974474796761623,28,0,0.25669419270498034,3355,6,0,1,2,1,0
0.3369765528169395,29,0,0.7217090975440733,8611,7,0,2,0,0,0
0.6665573797052117,56,1,0.06824722386098188,5054,9,0,4,0,0,0
0.3852512592684931,64,0,0.5763187536647173,1427,5,0,2,1,1,0
0.3973338988108106,47,0,0.37709007832548574,5496,9,0,0,0,0,0
0.17924094826694748,56,1,0.34460984145665713,15673,7,2,1,0,2,0
0.21544475737653832,58,0,0.24908577165667514,3775,7,0,0,1,4,0
0.26287834990026354,29,0,0.20580353004299587,7296,9,0,1,0,1,1
0.3940214318665224,23,1,0.45913220095778007,6844,5,0,0,0,2,1
0.3986547975666744,50,0,0.6307552582052215,7681,8,0,1,1,0,0
0.3290296189621897,39,1,0.20557915151037887,2607,13,0,1,0,1,1
0.08497614436971618,50,0,0.176216802943305,8842,9,0,0,1,1,0
0.1958050897000347,56,0,0.22426333531604,12862,5,1,0,1,1,0
0.38279369525578444,33,0,0.4891780958025371,3604,13,0,0,0,0,0
0.7682927354812067,53,1,0.1053453162078432,4017,11,0,0,0,3,0
0.23303907946328586,45,0,0.3405870621793416,5474,7,0,0,0,0,0
0.33381419013989416,42,2,0.8303540965041873,2709,8,0,1,0,2,0
0.2551367768404603,26,0,0.3227783295172441,4906,9,0,2,0,2,0
0.40462673788157133,39,0,0.6109275960733429,1816,7,0,2,0,0,0
0.37736366889391776,19,1,0.11432077678752896,6770,9,1,0,0,2,1
0.37505960965630514,32,1,0.5391156074891288,6436,8,1,0,1,2,0
0.3117977883551706,42,1,0.6177827968943633,3423,9,0,2,1,0,0
0.5795507757325034,24,1,0.2536710475995983,15518,8,0,1,0,0,0
0.26038251229363907,60,1,0.2685880005991119,44660,8,0,0,0,0,1
0.2785013691643022,53,0,0.5032608263924238,18709,5,0,3,0,0,0
0.15281119837812457,31,1,0.6794989298208073,8106,4,0,0,0,0,0
0.5908896339328613,58,0,0.2219982011061868,10508,5,1,1,0,0,0
0.32361153464222586,53,1,0.6843113569926957,8942,3,1,2,0,1,0
0.39732323664048197,67,1,0.5595996685106337,2020,8,0,0,0,1,0
0.33891134117959426,32,1,0.6614644624304362,6738,8,0,0,0,0,0
0.034872967937010266,51,1,0.34313538161650237,3785,12,0,1,0,1,1
0.18683166191443235,29,0,0.1216435481163318,5608,10,0,2,0,1,1
0.45800264562972093,18,0,0.27136525880882834,3125,6,0,1,0,1,0
0.3013044564869063,39,3,0.21063833930882642,17669,9,0,2,0,1,0
0.26343832878091017,41,1,0.4452470583119632,11397,12,1,1,0,3,1
0.19972374893610187,35,1,0.5116600099651188,4794,8,0,1,0,2,0
0.0431293471457609,48,1,0.6058778326339499,15267,12,0,3,0,0,1
0.45680336602475813,48,0,0.43185267847430975,2096,6,1,2,0,0,0
0.18138826238479291,18,1,0.09572314067810925,5770,9,0,2,0,1,1
0.4143327720302007,46,1,0.851315181319865,7873,11,0,1,1,1,0
0.060761685111377334,62,0,0.5055980786481902,3954,10,1,1,0,1,0
0.33963754101969656,51,0,0.5029443641190953,1100,7,2,1,0,0,0
0.3050866531718241,56,0,0.29347777887880844,7674,4,0,0,0,1,1
0.1991780604620658,61,0,0.0907906784995312,2782,9,0,2,0,1,0
0.16514326179918853,21,0,0.24148269235543698,4610,5,1,0,0,1,0
0.2313654827775374,50,0,0.753196892689035,4190,13,0,2,0,0,1
0.14027265366486033,25,0,0.369348380328964,3045,7,0,0,0,1,0
0.21427240620942067,42,1,0.09238909583907678,5299,8,0,1,1,2,0
0.1975515657569009,31,1,0.43557417843008606,2305,9,0,1,1,0,0
0.598946391659488,21,0,0.48936631798093916,2619,7,0,1,0,0,1
0.12085545770115108,65,0,0.5069244116935093,10058,12,0,0,0,1,1
0.23897862883838258,50,1,0.2374596143921259,1281,7,0,1,0,1,0
0.2653730556354777,47,0,0.4178194217835068,9822,6,0,0,1,2,0
0.047417593754539245,54,0,0.17525276517403687,5537,8,0,2,0,3,0
0.22309271614185663,36,0,0.3499344797809783,12248,10,0,0,0,2,0
0.24973671357831792,19,1,0.5157012276266701,5989,8,1,2,1,2,0
0.3683883170579744,52,0,0.7640383320612689,2271,7,1,1,0,3,0
0.3874842385084672,19,2,0.6009532451364717,981,11,1,0,0,0,1
0.06856636979184372,42,0,0.4657694404279892,1475,6,1,0,1,0,0
0.3968440397370668,32,1,0.429143693790282,5839,11,0,0,0,2,1
0.11494019540203984,45,0,0.49391507020349673,1862,5,0,0,1,3,0
0.21140542302115364,38,1,0.08240096704710108,1229,7,0,2,1,0,1
0.16850403911962294,37,1,0.19455369691940994,31160,7,0,0,0,1,0
0.31800677048409354,50,0,0.22774972741212912,1830,9,1,0,2,1,1
0.10937358742302421,30,0,0.5712079678439855,9873,10,0,0,0,1,0
0.20920672016976033,33,1,0.10212965839537108,4397,6,0,0,2,2,0
0.2620202876472979,25,0,0.30609959411739185,17478,9,1,2,1,0,0
0.6033432865013363,18,0,0.22156123172589276,4840,4,0,1,0,1,0
0.14141619479512835,38,0,0.11261649447259044,4522,9,1,2,1,1,0
0.5305533091937504,54,0,0.14843268360652193,2304,5,0,2,1,3,0
0.23476873148674476,43,2,0.5337635465041232,15137,5,0,0,0,0,0
0.0812714913549799,70,2,0.5388819130254078,7765,7,0,0,0,2,0
0.7256118683382846,47,0,0.19128170003042227,2351,16,0,0,0,0,0
0.11086982872203696,41,0,0.24074202497077307,1309,8,0,1,0,2,0
0.586992260454279,53,0,0.025316640253143174,3605,11,0,0,1,0,0
0.1729432970569143,46,0,0.3591455802243968,4733,12,0,2,0,1,0
0.10227209188103448,44,3,0.08689029004101005,11540,5,0,2,0,0,0
0.2730663455139061,45,4,0.12053590157368976,6923,6,0,2,0,0,1
0.17694193137358338,79,0,0.19227910615600205,26512,9,0,2,0,0,1
0.05038236888979247,52,1,0.5539982840566772,6960,8,0,1,0,1,0
0.053710576975781514,48,0,0.4749092662827703,50474,9,0,0,0,0,0
0.5860389920750729,71,0,0.5521599564576907,3986,7,0,2,1,3,1
0.18592100396182978,51,0,0.4425483276741681,5941,8,0,3,1,0,0
0.39369408203534856,37,0,0.515359842336871,4400,8,1,0,0,1,0
0.541535405355244,30,2,0.45071131807916576,6031,6,0,1,1,4,0
0.05977964216162798,32,0,0.3304684480352917,2300,7,0,0,0,2,1
0.4753675061418753,56,0,0.3731034442717698,11051,12,0,3,0,0,0
0.4481351497343928,64,0,0.4596292777951361,2447,6,1,0,0,0,0
0.15034854478649237,53,0,0.40014148430539404,14937,5,0,2,0,4,1
0.043339787929674765,40,1,0.33534368131478787,11598,3,0,2,0,3,0
0.18859312811944517,49,0,0.27304288865200893,3833,9,0,2,2,0,0
0.5774064089076181,38,0,0.1980442270686654,1776,11,0,1,1,0,0
0.3000268345379348,48,1,0.09389387168204837,9492,5,0,1,0,1,1
0.15934771222072722,40,0,0.5834017516810445,11966,8,0,1,0,0,0
0.35783587399603384,53,0,0.4745839242658721,13444,8,0,0,0,1,0
0.07499028461820959,38,0,0.4778488104302637,4673,7,0,0,0,0,0
0.2094813570138748,43,1,0.5346905337024974,4505,3,0,0,1,0,0
0.3096096230635125,52,1,0.5170776654029043,20484,9,0,1,0,2,0
0.15368675437148743,49,1,0.49241352362147295,1304,10,0,0,0,1,1
0.5155587708030349,53,0,0.1974791119662976,1085,8,0,2,0,0,1
0.5081404068512337,62,1,0.004576389550116607,16455,3,0,2,1,4,0
0.4851874300782742,31,1,0.30456891668870856,22237,9,0,1,1,0,0
0.12345132137900153,28,0,0.5478725005076808,15432,3,0,0,0,0,0
0.2765927495047451,47,1,0.5612555473703852,20585,8,1,1,0,1,0
0.3895830709326131,54,2,0.39706108539709195,13393,9,0,1,0,3,1
0.04798311446900491,26,0,0.3812565914844332,3916,15,0,0,0,1,0
0.23352326408023996,42,0,0.4889340125756483,9165,8,0,1,1,0,0
0.4256056237277095,51,0,0.36435575190677477,3286,6,0,1,0,1,1
0.6425764145426812,44,1,0.342689687738741,1035,6,0,2,2,0,0
0.16430690097109277,34,1,0.49844256555716826,5627,10,0,0,1,1,0
0.13439199241440786,27,0,0.2566052042082779,6704,5,1,0,0,0,0
0.16035107751206126,39,1,0.22070755618120588,12145,10,0,0,0,1,0
0.41911390913540797,43,0,0.5024726736505102,8539,9,1,3,0,1,0
0.021586671269609444,54,0,0.25466489236677653,1032,7,0,1,3,0,0
0.0435128940829883,30,1,0.4411670816929261,4361,6,1,3,0,1,0
0.13152422079339365,40,1,0.25546463748216525,3336,7,0,1,1,0,1
0.5939912180547253,19,0,0.2915021324981616,14420,5,1,2,1,0,1
0.40477571433110965,50,0,0.329912628217142,904,8,0,0,1,1,0
0.37746639814614963,51,0,0.4367390700945454,5537,8,0,1,0,2,0
0.15694326928826058,52,2,0.27599669399753496,4593,5,1,1,0,2,1
0.16414847042306638,53,0,0.3819966314730713,11264,9,0,0,1,1,0
0.3850306261178454,74,1,0.1349267602933901,3149,5,0,1,0,3,0
0.2279435652795093,26,0,0.12105442251120908,13378,9,1,0,0,0,0
0.02999839529098966,51,1,0.4409699800199229,11677,5,0,1,0,0,1
0.0930249377288415,39,0,0.5169097253022965,19012,12,1,0,0,1,0
0.36183418598430256,37,1,0.6004605928158891,8533,9,0,0,1,0,0
0.15904446661937255,52,1,0.5279434315051632,2512,11,0,3,1,1,0
0.18183862468054462,33,0,0.534397506415713,10939,6,0,1,1,0,0
0.311876950379105,62,0,0.639402784569835,10039,5,0,0,0,0,1
0.2070857271741499,32,0,0.18953453085902025,6496,9,0,2,0,0,0
0.7552390926844043,52,1,0.5250188570871189,2590,10,0,1,0,1,0
0.2796190695205813,51,2,0.2634962596665297,7767,16,0,0,0,2,0
0.31773489344352174,58,3,0.5810238852629996,3533,6,1,0,1,2,0
0.15296499634013777,53,1,0.08382732140378374,2076,4,0,0,1,3,0
0.38413541677990787,40,0,0.4765623739990043,1769,8,0,0,0,0,0
0.49220915241489793,67,0,0.3424565497744706,7069,5,0,1,0,2,1
0.14349464468397097,52,0,0.4390261131378008,18027,9,1,2,1,0,0
0.3578178926122055,44,0,0.40192871180488254,2617,10,0,2,1,1,1
0.50627471897309,48,0,0.7437811101355275,6681,11,0,3,0,0,0
0.7073588941066145,54,0,0.6368878341314723,3818,8,0,0,0,2,0
0.4016412438876435,37,0,0.5925957504512969,12574,12,0,0,0,2,0
0.5648319703754441,36,0,0.4526530017096821,927,7,0,2,0,0,0
0.2706488731454174,34,1,0.7811393211849547,3070,7,0,1,0,1,0
0.44276892622713565,60,1,0.15356435233455334,4778,4,0,0,1,0,1
0.03352426914581859,42,0,0.6478727453738055,2345,6,0,0,1,0,0
0.30600690040279577,58,2,0.04964125135633542,1107,7,1,1,0,2,1
0.1811486030283796,39,3,0.2751686623493966,3985,7,1,0,0,1,1
0.0691775950544047,30,0,0.3302473834677113,4437,11,0,0,0,2,0
0.6503143429970422,68,2,0.538114993459468,3730,8,0,0,0,0,0
0.11577131456983222,29,1,0.17300461589684785,2283,10,0,0,0,6,0
0.6387719321782582,27,0,0.17069450126036634,2434,13,0,0,0,0,0
0.20663378240717628,38,0,0.30889128388859743,1444,13,0,2,1,0,0
0.23196354588632426,25,0,0.7901253880469183,13222,12,0,2,0,1,0
0.5387053784431004,32,1,0.04794418644712387,1972,8,0,0,1,0,0
0.4239825473113037,62,1,0.2409290330360278,1289,11,0,0,0,3,0
0.14751132620484317,37,0,0.7118308918340035,3745,9,1,2,0,3,0
0.18611137619962698,28,1,0.6486677779757429,11697,3,0,0,0,0,1
0.6940389842934973,54,0,0.706105327621824,1792,12,0,0,0,0,0
0.24016839247251642,42,1,0.42390651008800034,3834,7,0,0,0,0,0
0.10052123708494212,60,1,0.6406596936677753,1709,8,0,0,1,0,0
0.5114221733024463,50,0,0.3083356451630922,4062,8,0,2,0,1,0
0.21600549698320298,36,0,0.6610567089267189,2049,9,0,1,0,1,0
0.33909306523050264,26,1,0.31925353051676525,4805,6,0,2,0,0,0
0.21224006827343506,57,3,0.5699290070899462,2699,7,0,1,0,3,0
0.22481827788145656,36,0,0.33337308493224743,1825,8,2,1,0,3,1
0.5838026507379426,59,1,0.2529450922078258,10962,4,0,2,0,0,0
0.6214954557220537,39,1,0.36610731448891715,3068,6,0,0,0,1,0
0.34524617992251105,18,0,0.7046792453021763,3366,5,0,0,1,1,0
0.2778339077089793,32,0,0.23346223178830997,662,5,1,2,1,3,0
0.08055309499969443,75,0,0.5800931851364974,4915,9,0,0,0,1,0
0.18940085847195748,33,1,0.3853716944212841,14676,8,1,0,0,2,1
0.30361340429521766,38,0,0.5514748884347338,20286,9,0,0,0,0,1
0.23116711519285738,36,0,0.47432080678428196,947,11,0,0,0,2,0
0.444406959989359,41,1,0.4562935426854628,1033,12,0,1,0,1,0
0.14326216789465385,27,1,0.3111003459494803,5053,2,0,2,0,2,1
0.10492032260868643,42,0,0.5531991681378143,8220,9,0,1,0,2,0
0.18935912820543,25,1,0.7727632842014369,6749,6,1,0,0,1,0
0.16225459686305133,18,0,0.27755125553818305,5595,6,0,1,0,1,0
0.08541531428468173,62,0,0.31785580033719385,12626,7,1,1,0,2,0
0.47709191999811834,21,0,0.7842164780453734,1669,9,0,1,0,2,0
0.4278015191497257,39,0,0.31505215673364134,3305,9,0,0,0,1,0
0.046681404089494075,53,0,0.24014567600837622,7288,10,1,1,0,1,0
0.6270823561318427,54,2,0.25461573287262534,4341,7,1,0,0,0,1
0.4938354132844609,38,0,0.49156699520443076,8570,11,0,2,0,1,1
0.41617092656810917,25,1,0.4940974691198616,1346,9,0,1,1,0,1
0.5453634417016823,51,0,0.7048644169845746,1747,5,1,0,0,0,1
0.32445983190386973,45,0,0.5619775877744467,6871,11,0,0,1,1,1
0.19818680625171917,83,0,0.5902578251835867,2051,7,0,2,2,0,0
0.2846119919121219,68,1,0.13953579351267517,1806,6,0,0,0,1,1
0.42127365769000247,65,1,0.5134568196417149,5926,9,0,1,0,0,0
0.3730825187758171,38,1,0.475161213930934,9300,12,1,3,0,0,0
0.3578730411758792,18,0,0.3097687667199244,4474,13,0,0,1,2,0
0.261504571770645,54,2,0.09826178898213822,4709,10,1,0,1,0,0
0.17800445002042217,42,1,0.6384807339915547,4586,7,0,1,1,2,0
0.10790443146514057,37,2,0.13812792986018335,7289,10,0,1,2,0,1
0.09912733341363847,43,0,0.3138771595030544,1349,9,1,0,0,0,0
0.48856730083825833,31,0,0.15827150746387042,4739,7,0,1,1,0,0
0.5568006185068939,42,0,0.11636509271760093,20214,10,0,2,0,1,0
0.7006146124155777,41,1,0.40012447082701935,2416,7,1,1,0,0,1
0.1610515627112129,26,0,0.34131600989544614,6970,11,2,1,1,3,0
0.205695043268768,53,0,0.4384329664034208,4148,2,0,1,0,1,0
0.08581163306372201,45,2,0.5677128456072756,7022,13,0,0,0,2,0
0.0956004882436246,43,1,0.05879043451989742,7571,4,1,0,0,0,0
0.31801656615699486,41,0,0.21230016866901819,1610,7,1,2,0,2,0
0.224795107094683,32,0,0.19991988285212606,4939,7,0,0,1,1,1
0.20459400144539672,75,1,0.4430093240626512,16047,8,0,2,0,1,1
0.0653827698250992,69,0,0.5398666792895993,3548,13,0,0,1,2,0
0.437298844861619,18,1,0.5167615514564702,4085,10,0,2,0,2,0
0.3049040966496099,54,1,0.5537511379422593,4718,10,3,1,0,3,1
0.24846503565439407,43,2,0.21755266946868942,657,10,0,2,1,0,0
0.21353714023900847,69,0,0.3474602495654481,1737,5,0,1,0,1,0
0.2970314937475572,54,1,0.47904655614217545,2184,14,0,0,0,0,1
0.13054860190868128,40,0,0.3308974758719507,6958,11,0,1,0,0,0
0.20069260681169296,68,0,0.6968360990808016,1677,4,0,1,0,2,0
0.15558466929441572,33,0,0.04123841885285948,3470,5,1,1,0,1,0
0.14349928972208195,58,2,0.4684338962384772,1385,9,0,0,1,1,0
0.2594757989291105,32,0,0.48780997882384913,7393,5,0,2,0,2,0
0.26742579802456534,48,0,0.16421307718290604,4631,6,0,1,0,1,0
0.17544743864556522,53,0,0.19662144910975887,3589,5,1,1,0,2,1
0.22227624366466003,65,0,0.2649019747066491,2057,9,0,1,0,0,0
0.2701926534736713,30,1,0.2439985819675695,7059,11,0,1,0,1,0
0.24488921615952663,42,0,0.17455501670313442,5792,10,0,1,0,1,0
0.2677324980342598,64,1,0.28661782362843397,7719,7,0,0,0,0,0
0.36091329397533983,44,0,0.5463804506996411,1671,9,1,0,0,0,0
0.0745875840764733,18,0,0.06899354528424302,5131,8,0,2,0,1,0
0.46403137524930993,27,0,0.46993394876087907,16115,11,0,0,0,2,0
0.4100860505378513,48,0,0.45290764831875124,2347,8,0,1,0,2,0
0.28310868911178594,51,1,0.2659309131159038,4562,13,1,1,0,0,0
0.36019488723210735,33,0,0.5056963983250314,667,7,1,2,0,2,0
0.20290908724239498,36,1,0.7622390949073866,8399,8,0,1,0,0,0
0.15000958644177154,66,0,0.7568375996935501,5873,8,0,0,0,2,0
0.18162279211433252,55,1,0.6905553838549311,5535,13,0,1,0,0,0
0.3561419692492015,53,1,0.7575378228819433,7675,11,0,2,0,2,1
0.5370546198739359,59,1,0.6163256694464038,25852,4,0,1,0,0,1
0.4746588602360533,48,1,0.5646364002840563,7513,3,0,0,1,1,0
0.4743001293646789,41,2,0.5665579805417434,4754,5,0,3,0,1,0
0.19480471747471748,50,1,0.32923385358051055,2003,10,0,2,0,1,0
0.14436112235412837,40,2,0.3825431147644975,2154,11,0,4,0,2,0
0.22723541758304902,29,0,0.49758410642756684,5078,6,0,0,0,2,1
0.13999347907468596,42,0,0.2068638348191672,4211,3,1,3,1,2,0
0.29403114012814374,18,1,0.5532183156145731,8198,5,0,2,1,2,0
0.5760770946804957,25,1,0.21230949512201447,1725,11,1,1,0,3,0
0.22166252421904087,41,2,0.3549292450335072,10928,10,1,1,0,1,0
0.12132188163368475,18,0,0.16233057244130183,4510,10,1,2,0,2,0
0.17836962759177777,50,0,0.23977016783191732,3161,9,0,4,0,1,0
0.11781982424313554,26,0,0.5082562773128765,2163,6,0,0,0,0,1
0.2227926884314132,44,1,0.3754343035836191,1962,8,0,1,0,0,0
0.24150487357932143,39,0,0.5566886447123511,8484,6,0,2,0,1,0
0.3793739216608596,49,0,0.3327311687754692,2537,10,0,0,1,0,0
0.5161932522867113,22,1,0.02398743136228983,5737,8,0,1,0,2,1
0.06079669116951527,29,1,0.4132938176651975,10499,7,0,1,0,1,0
0.22744412475374567,63,1,0.24560371317755414,4796,8,0,2,0,0,0
0.47351308586827207,46,1,0.227853016746626,6921,6,0,0,1,1,0
0.3703009173896211,50,0,0.6696842553057853,3877,15,0,1,0,1,0
0.3299076358383797,42,0,0.30781522888123,5582,7,0,1,0,0,0
0.4067231295832791,39,0,0.20151592837319765,1848,8,1,1,1,2,0
0.4010194173955425,38,2,0.340317572445052,3660,9,1,1,0,0,0
0.3737297054110867,36,0,0.5617643711857758,9075,6,0,1,1,1,0
0.20503499244202006,35,0,0.33796017877890794,4580,10,0,3,1,1,0
0.2640640592990243,22,0,0.23944711556306986,8800,5,0,4,0,0,0
0.24168532293248146,36,0,0.7435708223848304,2596,10,0,1,0,0,0
0.19623447746433015,23,2,0.4275547706757305,4924,5,0,1,0,0,0
0.5608618826079234,56,3,0.3934021605798809,5136,9,0,1,1,1,1
0.1722798047163313,34,1,0.2344266672709565,11136,6,1,3,0,1,0
0.35276575285991213,48,1,0.613156649857627,4320,8,0,3,0,1,0
0.17357229221584952,46,0,0.660988741413425,7877,4,0,0,0,1,0
0.4144396484350473,27,0,0.1309969457256523,3928,12,0,3,0,1,0
0.27398800316475813,52,1,0.653203419616425,1829,8,1,0,0,2,0
0.3202154991922508,44,3,0.42269405519566877,3996,10,0,2,2,1,0
0.4101099545103255,43,0,0.27468852480679157,5220,11,0,3,0,0,0
0.25856336098359517,49,1,0.8331648887765661,13043,11,0,0,0,0,0
0.03633131275882233,42,1,0.5893367489604207,5016,7,1,0,0,1,0
0.049933302675071393,64,0,0.33657965272243,6814,7,0,2,0,1,0
0.20630619527985122,46,0,0.05326265559753925,7209,6,0,1,1,2,0
0.17777604163889804,72,0,0.7862796793954078,13350,8,0,3,0,1,0
0.21092580658524251,45,1,0.7670598543620132,2022,11,0,0,0,1,0
0.15085847068308705,62,0,0.5685060700857857,2469,5,1,1,0,1,0
0.3139339378710976,50,0,0.40832073385664264,4638,10,0,1,0,1,0
0.36585429266054564,42,0,0.009393073911545279,6395,7,0,1,0,2,0
0.4117844041832158,44,0,0.21502328918170252,6126,9,0,1,0,1,1
0.3096928348321945,26,0,0.2220260380047657,1450,11,0,1,0,4,1
0.08672105954087955,43,0,0.7678058010754794,18511,11,0,2,0,1,0
0.22348261611872092,41,0,0.3807146324005881,26971,9,0,2,0,0,1
0.14695142450878426,56,1,0.23379951605533306,3730,3,0,1,0,1,0
0.15530079346009815,60,0,0.5557240720945023,5648,7,0,2,0,0,0
0.10440549511792604,36,1,0.30402592765963665,31510,7,0,2,1,2,0
0.4269492486039661,58,1,0.10465544520726425,2895,11,0,2,0,1,0
0.6824551855898585,79,0,0.3951704062104903,2351,8,0,1,0,0,1
0.5101743178586389,40,1,0.32003422262546843,1343,4,0,0,0,0,1
0.3277733435384448,26,1,0.2807275319077521,2467,5,0,3,0,0,1
0.15237113733820867,26,0,0.7265920512419562,2655,16,0,2,0,1,0
0.4043829946640849,46,1,0.17435717616900093,4576,4,0,0,0,1,0
0.2793940242543229,22,0,0.3464700630221329,1110,8,0,0,0,1,0
0.4750619046974538,38,0,0.40503965550905974,7176,7,0,3,2,2,0
0.5117836156377681,43,1,0.5079570157710268,5033,4,0,0,0,0,1
0.2689981699350732,68,2,0.6888371572511296,4621,3,0,2,0,1,0
0.6177552469506841,58,1,0.27169806230583876,10699,9,0,0,0,0,0
0.0239865230115389,57,0,0.31671196308584293,1969,7,0,1,0,1,1
0.09089423806075267,38,0,0.27755666078240065,2300,7,0,0,0,3,0
0.3491354876144818,53,0,0.4178276864881039,5819,8,1,0,0,0,1
0.08565181131945007,31,1,0.15004585639752543,3248,6,0,2,0,1,1
0.26442171559059074,48,0,0.3822734427891277,22587,8,0,0,1,1,1
0.43093135653786524,53,1,0.2543298423389921,26238,9,0,2,1,0,1
0.10396553799414111,39,0,0.07722231652740573,17262,5,0,1,0,0,1
0.070472306687518,63,0,0.22514791801855075,5319,9,0,0,2,0,0
0.01591669128975596,56,1,0.5271941705282127,32294,8,0,1,1,1,0
0.11893515687490586,59,0,0.0754434206193162,3262,13,0,3,0,1,1
0.23737177610658292,32,0,0.5213507255172157,1047,11,0,1,2,0,0
0.22746825160715176,63,2,0.26334603584812827,1393,5,1,1,0,1,0
0.12886090202375683,53,2,0.6540635152357401,1952,11,1,0,0,0,1
0.6416631308694987,39,0,0.6545633576132294,8978,7,1,0,0,0,0
0.11010577699101518,64,1,0.2248794108626245,24378,5,0,4,0,1,1
0.2300427567051346,39,0,0.515275836422335,7716,6,0,1,1,0,0
0.2737596781636606,31,1,0.42055975985340177,3184,17,0,1,1,0,1
0.4111674046470688,53,1,0.61899348136539,3711,13,0,2,0,1,0
0.3984233198878519,52,1,0.6286055476954614,2229,7,0,0,0,1,0
0.24526457979167055,34,0,0.4386518233403083,5092,8,1,0,0,1,0
0.4286395929118852,35,0,0.313838241815102,13993,7,0,0,1,0,0
0.11028777638533042,31,2,0.43072685864604293,3672,7,0,1,0,0,0
0.5135142557076315,58,0,0.24103005644289524,3104,10,0,0,0,1,0
0.06994211403074144,34,1,0.19044077438084736,3250,8,0,0,1,1,0
0.17162192818366356,40,0,0.37420996755801955,16659,7,0,1,0,1,0
0.3128661988022047,65,0,0.5904160391771512,8451,6,1,1,0,0,1
0.10379187829741493,30,0,0.201913899945807,31575,6,1,2,0,0,0
0.4452396631375833,53,0,0.25144325166282633,4998,11,0,1,0,0,1
0.22204968194750332,60,1,0.8085893714715169,7543,5,0,2,1,0,0
0.1319120227601367,61,0,0.5466932512643053,11915,9,0,0,0,3,0
0.6474584159741558,47,1,0.8295639985933576,2996,5,0,1,0,1,1
0.12236069354185959,41,0,0.6339356761066459,5248,10,1,0,1,0,0
0.2293956043743125,56,2,0.2109276828384676,12317,7,0,0,0,2,0
0.3868287011622884,40,0,0.5130320726063767,13062,11,1,1,0,1,0
0.2701847698265194,25,0,0.3176910238882492,14136,15,1,1,0,0,0
0.1558380470289943,40,0,0.08593455416559372,5925,13,1,0,1,1,0
0.34921912473113326,42,0,0.8271438707484454,10724,9,0,0,0,2,0
0.3962339576357621,43,1,0.468990838722055,4516,5,0,1,0,0,0
0.213349492312591,48,0,0.304418671871328,1627,12,0,0,0,0,1
0.6132086296096239,64,3,0.7571541369232392,3446,8,0,3,0,1,0
0.4629073292748747,34,0,0.3513690478574331,3281,5,0,1,4,1,0
0.11720010888609861,48,1,0.4166630710267252,3436,9,1,0,0,1,1
0.47112566751551926,76,0,0.3955020161196994,969,14,1,0,1,0,1
0.5817264832099631,41,0,0.2776443554499484,6433,7,1,1,0,1,1
0.23874937481558198,34,0,0.3748426193249058,7231,7,1,0,0,1,0
0.1966883211622694,45,0,0.31796506334338825,4930,11,0,0,0,2,0
0.39725027108059446,19,0,0.31038915244028265,2585,6,0,0,0,1,0
0.22146133711442945,39,0,0.21883994682530097,1599,4,0,0,1,1,0
0.42455960205777415,23,2,0.6993751266496494,8803,7,0,2,1,2,0
0.2539300502878522,32,0,0.6257266870673877,7644,4,0,0,2,2,0
0.43824789034055167,59,1,0.35427752476456836,1162,7,0,0,0,0,1
0.7693969928258018,33,1,0.3628391475056454,21249,7,0,0,0,2,0
0.3870555047896523,43,0,0.15029106673540807,1219,12,0,2,0,0,0
0.1331343165098662,53,0,0.6011957449048203,6248,4,0,2,0,1,0
0.1020578704101744,44,1,0.4407244251836941,9320,9,0,0,0,3,0
0.30241299781664893,38,1,0.43235265715693977,5711,11,0,0,0,0,0
0.19709466978729148,29,0,0.07924106033331683,3863,6,0,0,0,0,0
0.11566892326414097,37,2,0.5787371437840095,3869,6,0,1,1,2,0
0.15079926519814685,30,3,0.38642551050041896,3113,9,0,2,0,0,0
0.040565118319502144,55,0,0.4876416820631191,13212,8,0,1,0,1,0
0.20591103833491997,58,0,0.7859970426066295,3398,4,0,1,0,0,0
0.20414856932211348,18,0,0.08336180474225606,3915,11,0,2,0,0,1
0.41292270101376105,18,1,0.5831670805385409,2971,10,0,1,0,2,0
0.1335206230910854,67,1,0.45354401218089435,12361,5,0,0,0,1,1
0.35588801899877903,34,1,0.4709602746780353,2811,10,0,2,0,1,0
0.23275810529728932,62,0,0.23539627551848805,1854,8,0,0,0,0,0
0.43672357759520847,43,0,0.23579303944326888,1787,9,0,0,0,1,0
0.12347631952347322,60,1,0.3780565317139247,3250,6,0,2,1,0,0
0.17783749363720472,39,0,0.5218620162667109,14198,17,1,1,0,0,1
0.3654844328337512,36,1,0.09864675184228475,5203,10,0,3,1,1,1
0.1265097877530711,73,0,0.31720000036331475,3704,9,1,0,0,1,1
0.26436670081336305,46,0,0.33636531776672424,4155,6,0,0,0,0,0
0.4926864919143385,47,0,0.31456952479358463,9559,12,1,1,0,1,0
0.42905704568448116,59,1,0.32629831965181455,3752,10,0,0,0,0,1
0.25108672647937963,38,0,0.08315071958331623,4318,6,0,2,0,0,0
0.3937823644746147,29,0,0.1686959915461299,2432,5,0,1,0,1,0
0.2920435131307991,58,0,0.1560434426471263,5852,9,1,1,0,2,1
0.031057087244230897,41,1,0.1448816409723104,2169,8,0,0,2,0,0
0.5552497415310094,51,0,0.49986655856470397,9415,14,0,1,0,0,0
0.47087660334984177,69,0,0.6307699416670652,1840,9,0,0,2,0,0
0.2888311314433001,35,1,0.3717567177606435,6850,10,1,1,0,0,1
0.2739273711036158,61,0,0.03464463155857837,6747,12,1,1,1,0,0
0.5560020781107013,45,0,0.3232740927269653,4812,5,0,1,0,1,0
0.6152242701537909,57,0,0.2603846139406572,1256,11,0,1,0,0,0
0.30837799412532174,18,1,0.6172924470378097,3279,11,1,2,0,1,1
0.17370503596749165,49,1,0.05518402094510369,1853,10,0,1,0,0,0
0.15650248215924592,55,1,0.15944892276793118,7214,8,0,1,0,2,0
0.41836360512531506,46,0,0.2677828007639136,5019,14,0,1,0,1,1
0.3343069820255313,42,1,0.39959075883150685,4486,7,0,2,0,1,1
0.4136301839348281,30,0,0.1295312208728875,3669,9,2,1,0,1,0
0.30072038460968553,21,1,0.5986736573360134,1402,12,0,0,0,0,0
0.026312176223925746,59,1,0.4568376664501972,12510,2,0,0,0,5,0
0.45009807087786696,36,1,0.5332902178150063,5578,7,1,2,0,4,1
0.4966910971074388,50,2,0.23005660446033888,1629,8,0,2,0,0,0
0.04131297665061973,34,0,0.19738786517252901,13123,11,1,1,0,1,0
0.3530794745155501,71,0,0.5484417358827615,15566,8,0,0,1,0,0
0.2491950442726359,41,2,0.4367178159343921,13293,9,0,3,0,1,1
0.14721043980634455,18,0,0.6245279062955058,3386,7,0,2,0,1,0
0.056046453478626766,47,0,0.17341056065450713,6827,2,1,3,0,2,0
0.2856099210062428,34,0,0.4573490632695192,54620,15,1,1,0,0,1
0.45057375422782714,44,2,0.41559197821307686,10286,8,1,0,0,0,0
0.08010956181532305,37,0,0.22556180667867434,4255,6,0,0,1,2,1
0.3630894481649951,29,0,0.35470104725351265,10033,8,0,1,0,0,0
0.40278314562171036,36,0,0.1339073671817646,17384,10,0,0,0,2,0
0.07496022508548283,57,0,0.42286910446081066,5787,7,0,3,1,1,0
0.24200540846229074,35,0,0.023466491590315528,6434,7,0,1,0,1,0
0.21934578055654302,52,0,0.3681417237924923,7176,15,0,0,0,2,0
0.22872361974582284,58,1,0.5064297691319691,5323,5,0,1,0,1,1
0.3575753204273118,33,0,0.45904146205944824,8557,8,1,0,0,0,1
0.04920193457336304,18,0,0.6505437333949243,2642,14,1,0,1,1,0
0.40456323910266495,43,0,0.26735568551608346,4107,11,0,0,0,3,0
0.2649210863532946,51,0,0.1107656543391752,5551,3,1,0,0,0,1
0.10104050148123894,55,0,0.4894384508751174,640,7,1,1,0,1,1
0.3577050835506627,51,0,0.7424590494539496,6724,12,0,0,0,1,0
0.11507158207816238,69,0,0.4188011185672086,6165,8,0,1,0,3,0
0.6997531914543875,68,1,0.266593248342885,9112,10,0,1,0,1,0
0.32819554274766827,55,1,0.21714236255376593,3654,5,0,0,1,1,1
0.5968602946928896,45,1,0.4772345877092854,5340,6,0,0,0,1,0
0.09835977054175715,51,0,0.6339374519511917,1010,11,0,2,1,1,0
0.3770891782865025,62,1,0.3886609327120459,3519,8,0,0,1,1,1
0.10587219475886654,55,0,0.49901540811735595,6653,3,0,1,0,0,0
0.15215095531751185,58,0,0.2141319906159346,4920,7,1,0,0,2,0
0.3147383590235223,43,0,0.6801640215763607,2295,5,0,0,2,1,0
0.26642019779165427,49,0,0.2963003009276094,7176,5,0,2,0,1,0
0.2742593899600171,18,0,0.739500515022451,2592,12,0,0,0,1,1
0.41172379458457364,18,0,0.3015829755633922,1731,6,0,3,0,1,1
0.17534087403816145,41,0,0.15504495387615416,10686,6,0,1,0,2,0
0.3741850027568486,36,2,0.3989300874724968,4442,11,0,1,0,0,1
0.19496863630621436,51,0,0.3297634016901913,6559,12,0,0,0,0,0
0.21855807416091155,40,0,0.03380144217042591,4477,14,1,1,0,1,0
0.34422148794295315,65,0,0.4413368447118729,8806,7,1,1,1,0,0
0.10819465872822585,29,0,0.19121838924553686,2437,5,1,5,0,1,0
0.5276441153163623,66,1,0.6266002105022199,4989,15,0,2,0,0,1
0.1623042562145518,62,0,0.5498477678306978,2770,16,0,0,0,1,0
0.3408888020294432,50,1,0.8373526349983469,1831,8,0,0,0,0,0
0.18295532718750143,46,0,0.7395395147882516,9393,7,0,0,0,1,0
0.19824158879156156,35,1,0.6289637311365279,1313,6,0,2,1,0,0
0.34483683544460275,54,0,0.6621741649496544,1610,6,0,1,0,1,0
0.39227958664623136,41,0,0.5235938547568055,6769,5,0,1,0,2,1
0.18985202627231174,45,0,0.24835118430525066,5430,9,0,2,0,4,0
0.24100274279805012,57,0,0.638189095048257,6884,6,0,1,1,2,0
0.11965202677784408,22,1,0.2842965761798141,4519,9,0,2,1,2,0
0.30518287749932327,44,1,0.3694668118552186,3998,9,0,0,1,2,1
0.3579624477726408,44,1,0.5218782945690756,17558,6,0,0,1,1,1
0.01797629645838732,56,0,0.5637764167908282,1702,10,0,2,0,2,0
0.573247159286975,57,0,0.16894573076131447,18850,12,2,1,0,0,0
0.17750581611579966,48,0,0.48084625455555247,3268,11,0,0,0,1,0
0.42422793913862333,48,1,0.46977863037834827,1898,6,0,1,0,1,1
0.5168018572376464,44,1,0.4808641544686087,710,6,0,0,1,0,0
0.13046968341528387,63,0,0.3715750383663009,2355,12,0,2,0,0,1
0.6141251250482953,50,0,0.53524897985076,3187,6,0,2,1,0,1
0.1490495917834619,52,0,0.36223348794589744,11289,6,0,0,2,1,0
0.5298277384331275,34,0,0.6484494813342364,53339,8,0,0,2,1,1
0.3746993810231124,48,0,0.3951235635978042,7874,7,0,2,0,1,0
0.26311304961824894,66,0,0.16069121396482136,5494,7,0,0,0,0,0
0.4047362766647343,42,2,0.1458836901257378,1296,9,0,3,1,0,0
0.05506818401998049,45,0,0.4955630043665908,6983,13,0,1,0,2,0
0.34916551056406087,39,0,0.5933788293157407,3344,9,0,1,0,3,1
0.47617599719066783,73,0,0.40637624546183765,18333,9,0,2,0,5,0
0.19619071313982803,23,0,0.6284343109634742,2273,11,0,2,1,0,0
0.19027821592468225,62,0,0.4235538488557134,9059,14,0,0,1,0,0
0.23705706921630296,36,0,0.643494442284274,15523,10,0,1,1,3,0
0.1542066210022933,18,2,0.24780359395503032,13778,8,0,2,0,1,0
0.28918157174012915,53,0,0.5751203064450604,9149,8,0,0,0,1,0
0.24895062935520643,81,0,0.12261689703570731,6721,10,0,0,0,2,0
0.3600525610022371,55,0,0.398539424975863,2484,5,0,0,0,3,0
0.2580150566968401,24,0,0.3977549564901598,8225,12,0,1,0,0,0
0.3739152231592433,49,0,0.5445636146454927,4767,8,0,1,1,0,1
0.24847595860681732,41,0,0.2559609681311714,1101,9,0,0,1,1,0
0.4196897519285456,57,0,0.5665113703340892,4028,9,0,4,1,2,0
0.1659722239952159,34,0,0.20765835992944046,5746,7,0,0,0,1,0
0.462794048566787,37,1,0.4180244668722793,3264,8,0,0,0,1,0
0.21474838616821265,18,1,0.20617646961190528,4599,8,0,0,0,0,1
0.2803633425947891,18,0,0.4236148264076071,3689,9,0,0,0,1,0
0.2625872821892383,70,0,0.7057513633544439,4515,8,0,1,1,2,0
0.1803250531866701,28,0,0.553896835700966,1775,9,0,0,0,0,1
0.45328989955478916,42,0,0.2521814791675742,7341,8,1,1,0,1,0
0.2402752233766655,46,1,0.6352131808572038,4676,10,1,1,1,1,0
0.27950437738191125,39,0,0.8977307973315134,4499,6,0,2,1,2,0
0.26720166869993384,36,0,0.5667168391156736,13466,8,0,1,0,3,1
0.20876022917258844,47,0,0.2676567759806803,2896,9,0,0,2,1,0
0.2017633591950039,52,1,0.4443888716972256,7722,9,0,1,0,2,0
0.31442846705251953,56,1,0.15563321537118158,5788,11,0,0,0,1,0
0.25540022566266307,71,0,0.513225935683658,14307,8,0,1,0,0,0
0.3943315693515724,42,1,0.5581645579157277,19955,8,0,2,0,0,0
0.350816220936216,44,0,0.32500259663321024,1195,6,0,2,0,1,0
0.15299409576599687,45,0,0.7566457471110588,4292,6,0,2,0,0,1
0.3871614223189028,80,0,0.5876783173553469,11593,10,1,0,0,2,1
0.3758433815646924,49,0,0.5875293742788155,5684,5,0,1,0,0,0
0.5227993704434746,33,1,0.4194163005111393,2880,9,0,1,0,1,0
0.6883265699266152,42,0,0.501839780093964,4797,11,0,1,0,0,0
0.07056256350172774,46,1,0.7091464318131733,3741,5,0,2,0,0,0
0.11681471390910153,67,0,0.5275229535514908,2342,5,0,1,0,1,0
0.31171457837186356,31,0,0.044355812277909225,2064,10,0,1,0,2,0
0.27445811415384874,50,1,0.5095863989267337,8299,5,0,2,0,1,0
0.28723559362053414,81,1,0.10392306466858199,14280,8,0,3,0,3,1
0.1657102584337071,26,1,0.35332647093508335,4210,5,0,1,1,1,1
0.19370186615241808,43,1,0.3500162469344799,837,12,0,1,0,0,1
0.06570210379240553,30,0,0.21144384902562605,13373,7,3,0,0,2,1
0.17804581351798782,18,2,0.7575003115945047,11538,8,0,0,0,0,0
0.3968324702596972,65,1,0.08949226243101693,4086,5,0,1,1,2,1
0.23007155740484575,18,0,0.26920644432344604,8345,9,0,0,0,0,0
0.2594611683968626,61,0,0.348160651735875,1850,6,1,1,0,1,0
0.06427894081321052,18,0,0.7058771260863781,1291,10,0,0,1,1,0
0.1208889568526176,45,0,0.590744710609747,13269,5,1,2,0,1,1
0.35408957738754393,45,0,0.226113594184754,4164,6,0,0,0,2,0
0.26835853811786126,34,2,0.41891894832062404,3943,3,0,2,0,0,0
0.36813701651473296,55,0,0.5066686321300954,6593,8,0,0,1,1,0
0.24956228956201765,51,0,0.5899194820867976,1999,5,0,1,0,0,0
0.24320873751195649,55,1,0.42978664313677445,3698,10,0,0,1,1,1
0.15512852329814963,31,0,0.2764109097594464,7762,12,0,0,0,1,0
0.14736554782300726,40,0,0.5635361116257481,3217,6,0,0,0,0,0
0.4667977802712596,73,0,0.36751137717054255,23251,7,0,3,0,2,1
0.44136270591021154,31,1,0.13965068213877335,12790,11,0,0,0,1,1
0.014708614050063963,76,1,0.46985012233302836,6783,16,0,1,0,0,1
0.3503054656107616,21,0,0.24340352516181818,5133,5,0,0,0,0,0
0.251036411157673,34,0,0.29097195181138763,2299,9,0,2,0,2,0
0.3308230277625174,85,0,0.24164676260017867,4446,9,0,0,0,2,1
0.23779059177887887,21,1,0.2436762254589282,4239,4,2,4,1,3,0
0.4381383745849842,56,1,0.1857389882265902,8896,10,0,1,0,0,0
0.15559287196380012,44,0,0.36946244819060414,17465,6,0,1,0,0,0
0.21534828292466865,47,1,0.05485300169301044,7261,9,0,0,0,1,0
0.5733038403329375,54,0,0.549444685582662,2823,5,0,2,1,0,0
0.5404527626888038,54,1,0.77834653903946,2595,10,0,0,0,0,0
0.5237461758304871,26,1,0.30087803264189106,13753,5,0,2,0,0,0
0.17294398349523707,36,0,0.27471032818819147,3549,8,0,0,0,6,0
0.17138849038160758,18,1,0.5249162671752314,3102,9,0,0,1,0,1
0.4141218077437175,44,1,0.4454496681865301,1537,8,0,1,0,0,0
0.1943026018772271,56,2,0.43384581873710454,2777,9,0,0,0,0,1
0.0698045172870049,44,1,0.1385923301511631,11370,4,0,1,0,3,0
0.2777865961618224,70,0,0.39394767109302437,6886,9,0,0,0,1,0
0.30937699128341495,65,0,0.35660370512031725,2029,9,1,1,0,2,1
0.31039925110058153,43,0,0.16736063278227037,14268,8,0,1,1,1,0
0.5247153621200716,69,3,0.550484383175236,27554,6,0,2,0,1,0
0.16603486771836992,31,1,0.475737015595096,2249,5,0,0,1,1,1
0.1639436279196626,69,1,0.6132971966235506,4558,4,0,0,0,1,0
0.6085347603830324,72,0,0.18626647371659769,6927,7,1,2,1,1,0
0.257851392627992,32,0,0.32254324877927093,14042,15,0,0,0,1,0
0.14503776461662488,55,2,0.07482580725116213,4026,7,0,0,0,0,0
0.1553061264031802,18,1,0.4517352925585349,1494,10,0,2,0,1,0
0.21761133413952216,57,0,0.7869319031501613,2241,8,0,1,0,1,0
0.267111915784028,27,0,0.6796055035791855,7050,12,1,0,1,2,0
0.47360541894427005,52,1,0.5308979412278795,1926,6,0,0,1,2,0
0.5599923663605454,35,2,0.7648348554774504,24083,7,0,0,0,0,0
0.23833507164013537,38,1,0.6238834195668991,1728,9,0,0,1,1,0
0.37108858240621484,33,1,0.1956029813884456,5866,7,0,0,0,0,0
0.061324387898474685,53,1,0.34744383326527256,4903,7,0,0,1,0,0
0.5466291782783472,21,0,0.13023722714892247,3695,7,0,2,0,1,0
0.5258564868134238,68,0,0.2725256936004749,13474,11,0,1,0,1,0
0.2877972717062375,19,0,0.17645037520651088,2642,11,0,1,1,0,0
0.23107875302680952,34,0,0.24788537632485386,1787,7,0,1,0,0,0
0.48652765163766065,31,0,0.6546850345398461,3312,9,1,1,1,2,0
0.38814984326320867,18,0,0.1533578597791029,4199,8,1,0,0,0,1
0.6193446286542401,30,0,0.4845987483081804,11007,12,0,2,0,0,0
0.5805316180060597,18,2,0.3818630732863952,1855,11,0,1,1,1,0
0.4167620806144079,80,0,0.5613747753049464,4924,8,0,3,0,1,0
0.47613416664843294,50,0,0.05260921601020011,5929,6,0,1,0,2,0
0.30568748306341825,56,1,0.24620200488519425,4488,10,0,1,0,1,0
0.1403043416513692,31,1,0.2584598129079167,7001,7,0,0,0,1,0
0.32898386594720186,56,0,0.16065806524263387,4311,6,0,2,1,2,0
0.13758207406951067,40,0,0.5524052111010785,5853,5,1,1,0,0,0
0.05975493706790716,31,1,0.040215361582567555,1766,2,0,2,0,1,0
0.27921685357177056,42,0,0.22813180440950537,8574,6,0,0,0,2,1
0.18641108676372514,53,1,0.5754080885751122,3378,11,1,0,0,0,1
0.26883596879306587,24,2,0.36492360487382713,2774,5,1,0,0,0,1
0.4475079997984458,57,2,0.2859273721098697,5428,6,1,2,0,1,1
0.34595424432925087,36,0,0.6545939257718163,5134,8,0,1,0,1,1
0.235503710057999,64,0,0.5888659396934542,4516,6,1,0,0,1,0
0.49302663288203774,51,0,0.28876996540336075,844,13,0,2,0,0,0
0.0424198718709759,55,1,0.46583120657337995,15294,12,0,0,0,1,0
0.12038020776782717,40,2,0.6717904469222765,7588,4,0,3,0,0,1
0.08130534936082986,38,0,0.7193337154901812,5965,7,2,1,1,2,0
0.4591975287843393,30,1,0.3285402131740924,1479,10,0,1,0,1,0
0.07728541123818647,28,0,0.5782608571468774,13145,6,0,1,0,1,0
0.10078856112255823,34,0,0.11411286681253073,2951,5,0,0,1,1,1
0.5087442273952977,62,0,0.3348908936021107,3204,6,0,0,0,2,0
0.5019605292189757,63,1,0.10409531934194174,3867,7,0,2,0,3,0
0.13612621787597406,47,0,0.3977947886711891,4089,10,0,1,0,1,1
0.11029202800231239,41,1,0.5019443410824853,7066,8,0,1,1,0,1
0.06519023280477226,38,4,0.398993132336999,1588,6,0,1,0,0,0
0.31703360444246326,35,0,0.5112510421311205,8446,10,0,0,0,0,0
0.046690334088314744,54,1,0.755664547580454,4701,9,0,1,1,2,0
0.38338414225275164,33,0,0.6724030081969988,2184,7,0,2,1,2,1
0.18168201840298975,48,0,0.4316275814494436,10327,13,0,4,1,0,0
0.19459946649493745,44,0,0.28055434246232025,2220,11,0,0,0,1,0
0.10996891161391878,73,0,0.5494566711382315,3106,9,0,1,0,0,1
0.5734053816351953,60,1,0.2291292073007392,3200,10,0,1,2,1,1
0.12279364699991653,42,2,0.1766330688640139,5422,9,0,1,0,1,1
0.37250270015779546,31,1,0.12638523585649972,1742,14,0,3,1,0,1
0.4477768641182392,39,1,0.28963842553914393,3580,6,0,1,0,1,0
0.2554965629783229,35,0,0.4538192070068209,15037,8,1,1,0,1,1
0.3121914654036822,33,0,0.4743860010281127,9732,11,0,0,0,1,1
0.37713898811505897,22,0,0.011258873706112746,5123,13,0,0,0,0,1
0.1734892916646084,39,3,0.4004466757457918,14337,5,0,0,1,1,0
0.10568361429488686,36,0,0.4637792913302391,4431,2,0,0,0,3,1
0.21297079964246435,18,0,0.08423447374649935,5269,12,0,2,1,1,0
0.24802428328690754,46,0,0.016978874370692686,1946,8,0,1,0,1,0
0.4840841220346867,65,1,0.6234023754656574,9680,12,0,1,0,2,0
0.2822025336204671,50,0,0.6277056264759736,4832,9,0,2,2,1,1
0.23623248831553526,38,1,0.3048121562752502,4119,6,0,2,0,0,0
0.36693907860937514,48,1,0.6894607373385059,22450,13,0,1,0,3,1
0.20682023839488067,46,0,0.08594484220637874,3467,11,1,3,0,1,0
0.4602266005358999,34,2,0.12001210689205605,827,4,0,0,0,1,0
0.20090091925177778,37,0,0.4982584811022191,9227,9,0,2,1,0,0
0.12913048399738414,29,0,0.5327073580249806,1047,6,1,1,0,0,0
0.2838292700698264,50,1,0.6518052091940505,4126,11,0,2,0,1,0
0.034804383242339657,43,0,0.18107781142450216,1063,5,0,0,1,3,0
0.22553619139097525,65,0,0.8494163993851099,3861,10,0,0,0,3,0
0.6493560790052489,33,1,0.12727180351636425,5838,14,0,2,0,2,1
0.15233614757523178,56,0,0.21901008674924738,3260,9,0,1,0,0,0
0.4300612666353781,35,0,0.3564791020138989,3732,9,0,1,0,0,0
0.35162218771634457,18,0,0.29328336698787,1035,6,0,0,3,0,1
0.5173653755894156,59,0,0.08158658661638057,6502,16,0,1,0,1,1
0.12756818125909836,32,0,0.274740818168839,27565,6,1,1,0,2,0
0.025805245668063845,28,0,0.34398698236885183,14409,6,0,2,1,1,0
0.0553020842841771,18,0,0.8413398774410126,4142,7,0,2,1,0,0
0.28851638605111746,76,1,0.4620621194593433,842,8,1,0,2,2,1
0.10838710638320839,63,2,0.65170086791122,6984,7,0,1,0,2,0
0.37136193408075613,67,2,0.2555639887806465,4086,9,1,1,0,0,0
0.15176665683109486,63,0,0.24711871796212165,1729,5,0,0,0,1,0
0.2704522536297729,74,1,0.36508706208983754,4431,7,0,0,0,1,0
0.16249856898616394,72,2,0.3057609412220784,2449,12,0,0,1,1,0
0.2794942937703134,55,0,0.10813447401790391,2474,9,0,1,1,1,0
0.08894311224389377,46,0,0.1349942339268016,6398,14,0,1,0,2,0
0.2870452625376215,49,1,0.1809592629258529,5482,9,0,1,0,0,0
0.3575212842835557,26,1,0.38279482950984034,5563,7,2,1,0,1,0
0.659315268622056,34,0,0.3004353369662756,9647,10,0,0,0,0,0
0.3023540455476013,59,0,0.3465587639996368,11239,6,0,0,0,2,0
0.370988255406803,38,0,0.19069999883189465,1325,4,0,1,0,1,0
0.17381114941907513,53,2,0.17377430307838873,3659,3,1,1,1,0,1
0.24533072999117822,74,1,0.32889502924148517,2940,5,0,1,0,0,0
0.3909264548443384,39,0,0.5189798039047834,17962,7,0,0,0,0,0
0.28510141847239145,47,0,0.31589380234932707,12008,3,0,1,0,0,0
0.20117615871034483,18,2,0.49251919046109144,17970,11,0,2,0,0,1
0.1455274710631695,25,0,0.5124488521316443,5555,5,0,0,0,4,1
0.4982708456262363,53,1,0.5369718189879944,3396,5,0,1,1,0,0
0.21518901114682526,31,2,0.8289325151810276,6630,3,0,3,0,3,0
0.4068408877814352,24,0,0.1458962601293551,5845,9,0,0,0,4,0
0.1999411278096537,57,1,0.8942443506185355,4024,8,1,1,1,0,1
0.11937200261818878,54,0,0.54712837061898,2313,6,0,2,1,1,1
0.029734977424788648,52,1,0.6240423461302949,7136,14,0,0,0,1,0
0.12956854764812475,50,0,0.9002721225503005,25607,9,0,1,0,1,0
0.28013329588092944,56,0,0.547307396862282,1087,4,1,3,0,0,0
0.12252053152546327,67,0,0.8013240012473978,4448,14,0,1,1,1,1
0.3081048866930203,43,0,0.46137652656280287,10098,8,0,0,0,0,0
0.12776504627335905,47,1,0.5583537449093348,11737,7,0,1,1,2,0
0.04468836392138667,57,0,0.07355925044688358,3921,4,0,1,0,5,1
0.1925623902223818,64,0,0.24542510701041095,11705,5,0,1,0,3,0
0.3048039140941992,25,1,0.35333573473363966,4002,15,1,0,0,2,0
0.28261730455507,47,1,0.1077726530241209,9844,6,0,0,0,1,0
0.3838043888143628,48,3,0.32586763417893416,4673,10,0,2,0,1,0
0.26394057298797335,64,0,0.30274796703474716,1956,8,1,0,0,2,1
0.280311275439543,27,1,0.3356537303449173,3025,16,1,2,1,1,1
0.4464811123291705,37,0,0.806239484811344,4977,8,0,2,0,2,0
0.5850661256995346,62,0,0.4353721622944219,17318,2,1,0,1,1,0
0.29002595524760055,54,0,0.22475144173564787,6688,8,0,0,0,1,0
0.054136598803524595,36,0,0.5429758738044269,3856,8,0,0,1,0,1
0.6236309065263561,51,1,0.32179824317626854,18597,14,0,0,0,4,1
0.2383532765601904,61,3,0.2811228330186792,2608,7,0,1,1,2,0
0.06641476209749075,65,0,0.8031986004857898,17014,7,1,0,0,1,0
0.02653501276831655,75,1,0.47509140948704043,5054,8,1,1,1,1,0
0.4543813618833755,35,1,0.11904828828485,8555,8,0,1,0,1,0
0.5037475254967582,23,0,0.40722617688616397,3949,2,1,0,1,1,0
0.08039228568465427,48,0,0.19297151020970893,18242,3,0,2,0,2,0
0.2979727578155192,67,0,0.6223803701922399,1919,9,0,1,0,1,0
0.4796158381206251,47,1,0.2511976933930982,4978,9,0,0,0,1,0
0.41939878795283364,48,3,0.36005206568500775,5236,4,0,0,0,2,0
0.40698488652115106,31,2,0.27614818159018123,3681,8,0,0,1,0,0
0.2807649843556449,36,0,0.18067692312981207,1115,6,0,2,0,0,0
0.18923789576074063,58,1,0.09952065561753377,4281,8,0,2,1,3,0
0.3350739009527774,65,0,0.3434537952164261,4230,7,0,2,0,1,0
0.25495864556942355,32,1,0.40857072894382174,2338,7,1,0,1,1,0
0.10455397330609409,29,0,0.4823468017098543,8372,12,0,0,0,0,0
0.3379065376727796,35,0,0.6696251396947019,4667,5,0,1,1,1,0
0.08159555553922461,51,1,0.04624989207373515,3908,11,0,0,0,0,0
0.46854967397515107,30,0,0.19063066606502796,13912,9,0,2,0,1,0
0.18164773706493545,43,2,0.756287186453583,6511,13,3,0,1,0,1
0.13540979030912795,18,1,0.7285084970888791,4942,6,0,0,0,0,0
0.3629561929938155,48,0,0.4929458042027867,13405,8,0,1,0,3,0
0.4074161300844388,48,1,0.26355808883104015,4397,5,0,1,0,1,0
0.3631816910567005,46,0,0.4082329247329662,8513,7,0,0,0,0,0
0.30546501599503717,49,0,0.3923923528875149,1076,10,0,0,0,2,0
0.314288146435637,54,1,0.2841864196043752,3129,6,0,0,1,0,0
0.12257397129437685,50,0,0.6470298568792601,1887,12,0,0,0,3,0
0.4604268649594257,57,0,0.6967195468488041,6086,5,1,1,0,0,1
0.40173794278407976,63,0,0.29244634560342486,3381,12,0,1,1,0,0
0.4759137147857413,44,0,0.42327709137220243,2086,12,1,0,0,0,0
0.16337424024965608,20,1,0.4858954280976397,8470,5,0,2,1,0,1
0.5533326319058203,35,0,0.44288879820334903,7844,5,0,2,0,0,0
0.532023993458928,57,0,0.19968150202730534,4195,7,0,1,0,0,0
0.10428371111200388,44,0,0.6890402333060934,19960,8,0,1,1,1,0
0.03482638821580663,26,1,0.2429871217550389,8734,3,0,1,0,1,0
0.24647848050458396,50,1,0.496826326449532,7654,6,1,2,0,1,0
0.4273517539638413,51,1,0.14134759805093697,9501,8,0,0,0,2,0
0.16833860920087046,39,1,0.7523107771430081,5852,10,0,0,1,0,0
0.04594688422337662,36,0,0.5267765541070892,3610,2,0,0,0,2,1
0.052053950005416155,38,0,0.7219755179231591,12485,8,1,0,0,2,0
0.10831711563798783,53,0,0.44867010481037434,4418,12,0,1,1,1,0
0.23957775849659857,32,0,0.7184029474097249,2071,11,0,0,1,1,0
0.13222701220315722,77,0,0.09205779401774676,756,9,0,0,0,0,0
0.23298333875196958,60,0,0.5816323035889184,13596,9,0,0,1,0,0
0.09770067127568643,54,0,0.13865125120936297,27333,10,0,2,0,2,1
0.15372415688260554,40,1,0.2906040805868348,10483,6,0,0,0,3,0
0.1202502436796633,43,0,0.21066183681268993,1779,9,0,0,1,1,0
0.00886600407397144,50,0,0.41342346434543586,6275,15,0,0,0,0,1
0.40811854674199716,47,1,0.5979363725533814,2372,5,0,0,0,0,0
0.08635999168237622,37,0,0.19691594264853182,2618,9,0,2,1,1,1
0.143207362357916,63,1,0.11242544557570948,897,15,0,0,0,0,0
0.2923251764592529,78,1,0.22951738997588145,30193,13,0,1,1,1,0
0.24303131583293935,77,1,0.18273893151382478,12414,6,0,1,0,3,0
0.5094983200604231,45,0,0.6310631724577567,13290,9,0,0,1,1,0
0.14603697817055078,30,0,0.24455853484009998,1893,10,0,1,1,1,1
0.15892454689684088,39,0,0.4812717375697833,4603,6,1,1,0,3,0
0.2206146889519226,33,0,0.4705224222656438,1070,7,0,0,0,1,0
0.24641157118206108,31,0,0.768122326559655,3219,6,1,1,0,0,0
0.35610512201727507,35,0,0.5649900430591783,4119,7,0,1,0,1,0
0.21462286383301604,61,1,0.3532796947277982,5389,10,1,3,0,4,0
0.4955369006459207,48,0,0.8661920236286321,3260,9,0,1,0,2,0
0.10413976818347755,54,0,0.831976892252735,4536,2,1,0,0,1,1
0.4892965984628087,53,0,0.42770275507941546,4230,10,0,0,1,0,1
0.1611833829441264,51,1,0.15746563912592376,4595,4,0,3,0,1,0
0.21639139870979815,36,0,0.27979250096541464,1518,9,0,0,1,1,1
0.406500887393467,39,0,0.3737363547646085,6327,8,0,0,0,0,0
0.39492547068751543,31,0,0.7678566909068804,807,7,1,0,0,1,1
0.16523606994140774,29,0,0.4732435238608911,2819,8,0,1,0,1,1
0.2536030198674598,30,2,0.4166652327597201,4107,10,1,1,0,0,1
0.2787753939826081,18,0,0.581411619265043,3568,11,0,1,1,0,0
0.17521573534464358,40,0,0.27728463826196265,7901,11,0,2,0,1,0
0.22988869352902278,30,1,0.22893243671218602,11971,12,2,3,1,1,0
0.48456970867625654,34,1,0.34898899221521995,9370,4,2,0,0,2,0
0.3311724188456923,30,1,0.4882326843869796,9328,5,0,2,2,1,1
0.637856960413894,48,1,0.4334967377012946,1099,8,0,1,0,6,0
0.14682573720427602,43,1,0.6772062809008214,2093,6,0,1,0,0,0
0.5671218795416092,43,0,0.8210166771857023,18997,8,0,1,0,1,0
0.07243347944440433,48,1,0.5509060523183263,5714,9,1,1,0,2,0
0.0388717220028353,36,0,0.34942811689742653,905,3,0,2,0,0,1
0.3959513039176347,57,0,0.4947585743502272,3939,9,0,1,2,1,0
0.45546845206771713,50,1,0.6595736279897768,2714,14,0,0,0,0,1
0.2518852153356245,49,0,0.611982804786483,14830,10,0,2,1,1,1
0.15388940804648485,41,0,0.765072549142962,6712,10,0,1,0,2,1
0.5633570497725214,55,0,0.8274768140002853,4468,5,0,1,0,1,0
0.47499283247241486,34,0,0.6374066367030787,3317,8,0,3,1,1,0
0.1765941195036288,41,0,0.08123011719648641,12514,0,0,0,0,1,0
0.49093865309043544,67,0,0.24035767909475034,2546,12,1,1,0,1,0
0.3355113507406472,46,0,0.47849769713329177,18955,12,0,2,1,0,0
0.33307199163687456,37,0,0.32170035756070114,5103,8,0,1,0,1,0
0.3670831348108208,59,0,0.3357000177858975,11252,11,0,1,0,1,0
0.1931614168260018,26,0,0.13982677172534091,12426,8,0,1,0,2,0
0.4560433624270918,18,0,0.32491206627168506,4297,3,0,3,0,0,0
0.14696390535586962,45,0,0.20616407872929293,7383,11,0,1,0,1,0
0.5083692856061367,36,0,0.6647586567691746,9110,8,0,0,0,0,0
0.3000152309368964,18,0,0.8323983042538905,5154,8,0,1,0,0,1
0.1911148053557274,45,0,0.1433835513411973,2105,3,0,0,0,2,0
0.4944831228781579,21,0,0.46451606540355656,2737,8,0,1,0,2,0
0.6108698772059656,18,0,0.1273694492052931,7064,8,0,1,0,2,1
0.15631918316065033,54,1,0.7519741193118415,1727,7,0,3,1,1,0
0.4873392091252586,52,0,0.199407742900571,1742,7,1,0,0,0,1
0.45134755215646233,71,0,0.41788737373689766,2435,8,1,0,0,0,0
0.4611207359179846,37,1,0.6274487880023357,8063,6,0,0,0,0,1
0.12113836823032319,51,0,0.19982706295846955,3341,7,0,2,0,0,0
0.21917248746960225,44,2,0.377955624775541,10804,5,1,1,0,0,0
0.596626324571498,54,0,0.16124809651046146,6904,12,1,0,0,1,1
0.28522786167147485,52,1,0.24350956173182883,6957,14,0,1,0,1,0
0.38704715562854386,30,1,0.4272482794016323,4986,7,0,0,0,1,0
0.38549383204967375,49,1,0.07258413948166395,3312,10,0,1,0,1,0
0.12526268672538654,49,0,0.1627189944858616,3594,8,0,1,0,1,0
0.30811503241582777,71,0,0.30872596007044023,2996,6,0,1,0,0,0
0.181787767514904,41,1,0.7609506436429826,9129,10,0,1,1,0,0
0.21680360078339317,35,0,0.23639200365408927,10544,3,0,0,0,1,0
0.5220282268309872,54,0,0.4530878195273876,4879,8,0,1,0,3,1
0.00799263190003183,49,0,0.15078764934958058,2124,9,0,2,0,0,0
0.06604438141227408,39,0,0.586790265590967,6028,6,0,0,2,1,0
0.058479502850699555,43,1,0.18348450913594883,5214,10,1,1,0,2,0
0.5302019227323648,59,0,0.7745139831057632,7116,9,0,1,0,1,0
0.3004277043777619,34,0,0.23401515619169297,12397,7,0,0,0,3,0
0.03925901502239874,46,2,0.6760560110072011,1253,6,0,2,0,0,0
0.31865296921650565,72,0,0.40470268681480887,24078,6,0,0,0,1,1
0.052477010356777064,34,0,0.3235359238413813,5770,4,0,0,0,0,0
0.28455937147347704,40,0,0.4740556884420841,6993,8,1,0,0,1,1
0.45672842909739836,56,2,0.16024236368492936,1817,8,0,0,0,2,1
0.37398987505292547,33,0,0.4028854572684968,8857,4,1,1,0,1,1
0.5838759817572585,46,0,0.8884011518412384,2541,3,0,0,1,0,0
0.6909182262307538,43,1,0.5551428809422412,1817,7,0,0,0,1,0
0.1516872052203509,43,2,0.2761555527769593,5354,12,0,2,0,2,0
0.03741778108720043,62,0,0.2909114333126589,4637,3,0,0,0,3,0
0.5978697189639923,69,0,0.2606195101671957,1505,9,0,2,0,0,0
0.08882493273607726,54,0,0.6709898920425815,15156,7,0,2,0,1,0
0.5629853686685315,18,0,0.4268871447257158,4218,11,0,0,0,1,1
0.3964044860803929,56,2,0.46089941255705197,5356,8,0,1,0,4,1
0.8586682218633518,64,0,0.2828796245770235,8656,8,0,3,0,1,0
0.10943477661935158,53,0,0.19043966400016948,20213,3,0,2,0,0,0
0.10249034892274901,47,1,0.2827164681352403,6560,6,0,2,1,1,0
0.44735899913550053,42,0,0.1630502291515691,5730,8,0,1,0,2,0
0.6439806892641491,47,1,0.12695653226816145,13809,5,1,1,0,2,0
0.04317429411882876,35,1,0.38632523578064853,1972,8,0,0,0,0,0
0.07743210591927216,36,0,0.49695028906901095,1811,7,0,1,2,2,1
0.2099764744319468,69,1,0.5003248075544663,2796,11,0,2,1,1,0
0.1888358132979502,46,0,0.1859584142280119,19435,6,0,0,0,2,0
0.7494016131302148,41,0,0.5259016785887971,7223,7,0,0,0,1,0
0.6223064619312809,45,1,0.29708239379423446,17915,8,0,1,0,1,0
0.15326636709055436,50,0,0.2891990849722257,4409,8,0,1,0,0,0
0.05323468775705742,30,1,0.3910844924435934,10275,5,0,0,0,2,0
0.3048517692226579,59,0,0.4232144492394545,5223,13,0,0,2,0,1
0.16996810613554775,62,0,0.4023921186929513,1864,5,0,0,0,0,0
0.09321298056464748,51,3,0.30462651604779367,4523,9,0,0,0,0,0
0.16646929683878336,48,0,0.580672666186469,2976,8,1,0,1,0,0
0.4441657608211207,71,0,0.30149744011611446,3336,7,0,1,0,1,1
0.8793348990472672,60,1,0.15748793786602416,7019,10,0,0,0,1,0
0.6015637303646689,41,0,0.7936552027029464,7671,10,0,1,0,0,1
0.48785826066912363,63,1,0.18409454776223377,6498,9,0,3,1,1,0
0.5553020546504647,18,0,0.048049152046083,10624,8,0,0,0,3,0
0.26700660849322083,25,0,0.730187761598899,5352,18,0,1,0,0,0
0.04470678962872807,36,1,0.3445315344070186,2488,7,0,0,0,1,0
0.3046608128989104,46,0,0.0894551398524695,3657,6,1,0,1,0,0
0.43928166995516915,42,1,0.31790031773401783,2414,8,0,2,1,1,0
0.2109352437402072,50,0,0.3949706937263168,7009,10,0,0,1,1,0
0.2113407012856954,45,2,0.023971798356804953,4035,11,0,0,0,2,1
0.1670510076800356,50,1,0.47324083267195943,8876,10,0,2,0,1,0
0.4000345388551436,32,0,0.6133391881950409,7761,15,0,0,0,0,0
0.6992024665888539,40,0,0.41168325298094954,2325,8,0,3,0,1,1
0.1417570161362637,34,0,0.6615806365118468,4020,6,0,3,0,1,1
0.09328392297839888,67,0,0.7106931283899265,4615,8,0,0,0,0,0
0.13698357606372938,26,0,0.18159909025808676,4042,7,1,2,0,1,0
0.18788803752999844,48,2,0.6896072255657596,2976,10,0,0,0,1,0
0.24773931736601168,45,0,0.5636379558641434,4989,5,0,0,0,2,1
0.47871997163152397,20,0,0.3660130179467426,5382,9,0,4,0,0,0
0.06629684524348332,32,0,0.8496450506815706,3607,6,0,2,0,2,0
0.11662312478298854,63,1,0.6409439522073371,7275,4,0,2,1,1,1
0.1958210231136441,54,0,0.3720195251633689,13526,8,0,0,0,0,0
0.195690800259181,29,0,0.3460116264255204,2138,4,0,2,0,0,0
0.054764663313682356,18,1,0.5123246877758475,1813,6,0,2,0,0,0
0.33542666130696747,64,0,0.20359733499716393,5091,6,1,2,0,0,0
0.4336884059318301,64,0,0.5002831888165574,1554,11,0,2,1,2,0
0.3596322494937079,32,0,0.20416047399514198,30461,8,0,3,1,1,0
0.4435259758413159,66,0,0.36817092806500945,4032,12,0,0,1,1,0
0.4365055317933608,35,0,0.197145593429871,4283,9,0,0,0,2,1
0.36215939167707,56,0,0.1893805895087944,1865,14,0,1,0,0,0
0.16509390866028692,18,1,0.47829183182564583,7396,7,0,0,0,1,0
0.5239503767303572,36,0,0.6332142068597308,2320,9,0,0,0,3,0
0.23833025318466278,38,0,0.26299524132105007,9538,9,0,1,0,2,0
0.33868007173183906,26,1,0.3650053858107142,10572,7,2,0,0,1,0
0.588294456786597,46,0,0.05937157166053206,4723,6,0,4,1,2,0
0.09200670232744304,53,0,0.6781550842303271,4026,6,0,0,0,0,0
0.6394358811230345,54,0,0.31671134843311155,4006,7,0,0,0,0,0
0.08783691775301218,51,0,0.3679517825437786,7223,13,0,2,1,0,0
0.19419714770291693,66,0,0.326876319151019,7183,8,0,3,1,0,0
0.15731093756809336,44,1,0.10838533760905159,2271,4,0,0,0,2,0
0.48353422015338215,41,1,0.23671811608978133,6625,9,0,1,1,0,0
0.22745667293758576,58,0,0.7229217907526194,18416,9,0,1,0,0,0
0.5365152226352476,54,0,0.27225065402636434,2787,8,0,1,0,3,0
0.3618085100047239,37,1,0.13015891097920634,2349,8,0,1,0,2,0
0.28812155370162384,32,1,0.37833925672930574,3868,11,1,0,0,1,0
0.07824150068860398,61,0,0.7943874793970648,7423,7,1,2,0,0,0
0.3129202390068483,47,0,0.23909983464332393,3261,5,0,1,0,1,0
0.44608441015803024,41,0,0.7465597571295577,2410,5,1,0,0,1,1
0.08009269226935475,49,1,0.4069994311153507,6307,3,0,0,1,1,0
0.23654420634009796,47,0,0.7134569369994397,2018,10,0,1,0,1,0
0.21743048176305668,25,0,0.6478150148159456,4600,11,0,0,0,1,0
0.3078174256049583,50,0,0.7313490299947897,2434,7,0,3,0,1,0
0.2838821411988712,62,0,0.53502510520833,8352,4,0,1,0,0,0
0.21035908679481044,26,0,0.11944708149441599,3917,7,0,1,1,3,0
0.5453765617253958,33,1,0.3942557625084163,5393,10,0,1,0,0,0
0.28098931098608776,32,1,0.36937738834062833,3246,3,0,1,1,1,0
0.23551552496800932,66,0,0.4660396855960979,2328,9,0,0,0,3,0
0.11678320580324705,48,1,0.3666121207407992,1251,10,0,0,1,3,0
0.23550685641687533,52,1,0.17443880999042893,3527,8,1,0,0,3,0
0.42004479550879953,42,0,0.4547791443703983,11064,7,0,1,0,1,0
0.1679441969561249,45,0,0.6273460107348815,20027,6,0,1,0,2,0
0.21789382797382972,18,1,0.18804482986167573,1757,10,0,0,0,0,0
0.2270150645471944,47,0,0.3390561194902152,7540,5,1,0,0,2,0
0.1356695510016721,41,1,0.2597728685264204,7742,5,0,0,0,1,0
0.48185016103013856,54,2,0.549360735736873,41514,10,0,0,0,0,0
0.412704368272918,25,0,0.51808843150891,6316,8,1,2,0,2,1
0.08082000096355985,42,0,0.15291932767796537,3940,8,0,0,0,1,0
0.303753847872321,18,0,0.7385986597896776,2782,11,0,1,0,0,0
0.1747971767131613,41,0,0.573226800313184,2214,7,0,0,0,5,0
0.6009799447751594,41,0,0.6991706808047174,2869,7,0,1,0,0,0
0.1101741593423598,36,0,0.5545998693688101,3587,11,0,1,0,2,0
0.4931772426583583,66,0,0.6458006535180585,2671,6,0,0,2,1,0
0.5776401842797617,49,0,0.22929232060100183,18471,3,0,2,1,3,0
0.10390127824264282,48,2,0.6772476772048991,4542,7,0,1,1,0,0
0.11538782326637376,26,1,0.2588316905921685,2460,4,0,0,0,0,1
0.4992060299928893,41,0,0.367856848626522,2369,8,1,3,1,0,0
0.23907665386593935,33,0,0.47548529994343575,16543,8,0,2,0,2,0
0.19321007689890585,41,0,0.26621386179156525,7857,9,0,0,0,1,1
0.2525345586380787,77,0,0.4114488257679934,1391,5,0,0,0,1,0
0.6192270883718141,40,1,0.34685831908092535,3627,5,1,0,1,0,0
0.24323506164524317,24,0,0.27673858277142116,14802,10,0,2,0,3,1
0.14993516874059315,47,2,0.3725118470171459,7746,6,0,0,0,0,1
0.08890537281008595,39,0,0.6614149327671036,5875,7,0,2,0,0,0
0.35943775372844,32,0,0.04124136900454961,3987,12,0,0,0,3,0
0.5953125480461068,63,0,0.3794205453838128,6298,12,0,1,0,2,0
0.2154589836336434,40,2,0.4597001618584332,7750,14,1,0,1,2,1
0.41756137544542027,29,1,0.7760656951948446,2210,10,0,0,0,0,0
0.28700102461912375,22,1,0.3301135299309703,4808,5,0,1,0,2,0
0.34893407432062784,18,0,0.1491152301309327,10179,8,0,0,0,2,1
0.16606510492633297,76,1,0.3371479354451802,11702,10,0,2,0,2,0
0.5997150767166215,25,0,0.35054604742901896,2379,12,0,0,1,0,0
0.2715903682570833,43,3,0.24975080641810507,4208,3,0,0,0,1,0
0.18896773811804518,41,0,0.5543832821239238,5583,9,0,2,0,3,0
0.21411466255201078,33,1,0.21100866603506516,1597,9,0,3,0,2,1
0.05731588072215195,60,0,0.4702832122592723,4830,17,0,1,1,1,0
0.3795961401378016,41,0,0.5083867074495968,6982,5,1,0,0,1,1
0.06081938604590457,45,0,0.13321641333068118,5551,7,1,0,1,2,0
0.15282647056985627,56,0,0.4437139897898493,10448,10,0,1,0,1,0
0.1169237388079925,35,1,0.3996539622204292,9308,8,0,3,0,0,0
0.11161927953186042,43,0,0.4833826063146732,8533,8,0,0,2,0,0
0.2295889337471598,63,0,0.2530142371246934,6532,9,0,1,0,0,0
0.2680853137006961,42,1,0.4224715001194712,3622,9,0,1,0,0,0
0.4206995392235976,48,1,0.3932789977405682,5245,11,0,0,0,1,0
0.2077292419084548,53,0,0.3439015868673481,11287,8,0,1,1,2,1
0.35133142702544684,84,0,0.3939295049768671,2985,7,0,0,0,2,0
0.1406603508584752,27,1,0.6349139161372208,1376,11,0,1,0,0,1
0.30786578701511336,30,0,0.27437643763446,2619,9,1,0,1,1,0
0.3626915652921608,50,0,0.7678378489827611,31620,4,0,1,0,2,0
0.4122288753110404,29,0,0.43643754727575496,2815,6,0,0,0,2,0
0.13776305924641735,46,1,0.2892993515365299,3989,11,0,1,1,1,0
0.07914885842758863,42,0,0.18029388328345577,5048,6,0,2,0,0,0
0.5437801632364924,38,1,0.13873100464529878,16100,3,1,1,0,0,0
0.38815522470046837,64,1,0.6607178162287095,11792,7,0,4,0,1,0
0.17741871442378407,47,0,0.12657612968958357,1854,9,0,0,0,0,0
0.11585372073210423,62,0,0.45796562123039397,2889,8,0,1,1,3,1
0.1465239851662881,35,1,0.34987657998308797,7362,7,0,0,0,0,0
0.5187452145188732,46,0,0.6242336630557229,1032,4,0,0,0,1,0
0.33532190069596324,25,0,0.13266820061056814,8817,10,0,1,0,1,1
0.029601514875844125,57,0,0.1979877284028652,596,2,0,3,1,3,0
0.4681066771201579,26,0,0.6637990236866688,21262,4,0,0,1,0,0
0.49158467804221384,41,0,0.2682131933265191,4771,7,1,2,1,1,1
0.1663949115781879,38,1,0.41113839428708876,3125,6,0,3,0,3,1
0.3011313681526885,31,0,0.4593350684436515,18738,6,0,0,1,2,0
0.34633361516654604,72,0,0.605702249736429,6976,10,0,1,0,2,0
0.36087136754815335,59,0,0.15314557861526082,2198,3,0,0,1,1,0
0.15214617169147093,32,1,0.6280603554394133,2867,10,0,0,2,3,0
0.052732744675354,47,1,0.489305223062307,2084,9,0,2,1,1,1
0.4356352879460981,52,1,0.6907566797579255,2968,6,1,2,0,0,1
0.18508689016508964,46,1,0.35744028990198884,4724,13,0,0,0,2,0
0.21420820751512154,43,0,0.6913521576036333,969,12,0,0,0,2,0
0.304969619335697,59,1,0.47019154045159645,9696,8,0,1,0,0,0
0.16667586254853106,42,0,0.09414809122744276,843,10,0,1,1,2,0
0.17901922643459398,66,1,0.21287042484388727,2762,6,0,2,1,1,0
0.5485246650785748,53,0,0.24191124968696692,12436,9,0,0,0,1,1
0.13699666001611197,35,0,0.36715991445800483,2519,3,0,0,1,1,0
0.19441631534687356,34,0,0.43492797840750386,1388,6,0,1,1,1,1
0.27346918219467475,38,0,0.2084415675793615,3399,10,1,1,0,1,0
0.591200467767514,30,0,0.2287389903252758,3672,10,0,1,0,0,0
0.13020752850448303,24,0,0.44042330283576536,4587,15,0,0,1,0,0
0.26087618973926624,49,2,0.2696789829593151,9569,9,2,1,0,1,0
0.2042559465660253,41,2,0.3402077969716457,1722,8,0,1,0,1,0
0.2662174177586444,60,2,0.28602555026277343,5842,11,0,1,1,0,0
0.3324941930033631,34,0,0.6097006804079715,5826,11,0,1,0,1,0
0.33587570203178807,44,0,0.39606754435593006,7279,10,1,0,0,0,0
0.13636055303133085,46,0,0.0553755859627659,1558,10,1,0,0,0,0
0.23808827265747148,24,1,0.5434554846410159,3927,11,0,0,0,1,0
0.45576344435618593,41,1,0.27789571315566114,3872,11,1,1,1,3,0
0.37699258711637496,35,0,0.5752713659637144,15419,8,0,2,2,1,0
0.20004578820006105,65,0,0.5803251884612266,14231,8,0,1,0,1,0
0.057129690905898985,41,0,0.4274722847682761,1478,7,0,4,1,3,0
0.5431666132249044,46,0,0.32801011729147506,3557,7,0,1,0,1,0
0.18820570846892506,26,0,0.2992341945813167,1685,6,1,2,2,0,0
0.09087029976848356,53,0,0.7384398941935764,4719,1,0,1,0,0,0
0.32694972534724503,53,0,0.649689212317076,1323,11,1,2,2,3,0
0.23943740131321864,18,0,0.520498648274795,91062,7,0,2,0,0,0
0.2636249902964407,49,2,0.7748358887617456,4936,10,0,0,0,1,0
0.3127595174234848,48,0,0.23032940430174087,6177,5,0,0,0,0,0
0.2059482338981022,48,1,0.3770429886242937,9977,6,0,0,0,1,0
0.4054681567675042,49,1,0.3733122115745589,4407,9,0,1,0,2,1
0.4542308245929194,22,0,0.334899451986869,1670,7,0,0,0,2,0
0.12331715241151467,50,0,0.5561291048647776,6040,7,0,1,0,2,0
0.27871832479624403,45,1,0.40890997278713387,14559,9,0,1,0,0,0
0.15102815453932297,40,2,0.1578321176545438,8340,10,0,0,0,0,0
0.12508032631480895,49,0,0.48044762436972993,11721,9,0,0,1,0,0
0.0824670515424261,52,1,0.3904917957371415,2052,7,0,0,0,0,1
0.13611821493944662,71,0,0.23454541195600084,2609,5,0,1,0,1,0
0.3412016310449209,32,0,0.7649029570252541,9587,3,0,2,0,1,0
0.026911601954365552,54,1,0.5061205980235781,5639,7,1,2,0,1,0
0.17967352780932278,58,1,0.5331835687289613,5363,7,0,2,0,2,0
0.3151717165959168,77,1,0.42534669927026847,5518,5,0,0,0,0,1
0.17957396523141067,18,0,0.35810509438980404,7263,6,0,0,0,3,0
0.2766265784178782,59,0,0.17704870234785453,1522,13,1,1,0,1,0
0.3576956029352288,23,1,0.4046618020743368,3161,8,0,1,1,1,0
0.21079017314853807,50,0,0.5281291557748226,5831,7,2,1,0,1,0
0.5702245606959064,39,0,0.588638460789637,4339,10,2,1,0,0,0
0.40357466066079745,55,0,0.43466715789852817,4448,7,0,2,2,3,1
0.18205311080785483,68,0,0.2668048231267364,1743,6,0,1,0,1,0
0.3610207051484601,30,0,0.3529019485482312,1474,10,0,1,0,3,0
0.15694783149935718,36,2,0.4932561835837181,15585,4,0,0,0,3,0
0.4204183224671331,51,1,0.09722665997728043,2210,7,0,1,0,1,0
0.12016477201772269,32,2,0.05287425434907715,12525,13,0,1,0,2,0
0.32513626510906074,35,0,0.4844540565991675,12795,10,0,0,0,1,0
0.17638322697101308,47,1,0.47906530123215935,6808,4,1,0,0,0,0
0.2457530824222089,18,0,0.5140571435203093,2017,3,0,1,0,2,0
0.2829354112053831,35,0,0.48051376354633174,3458,11,0,3,0,0,0
0.1585751038486305,43,0,0.23159337259155247,3293,7,0,1,1,2,0
0.4027721440035261,44,1,0.10966168962466413,5710,14,0,1,0,3,0
0.3719938212118945,54,0,0.725708010231312,23332,11,0,1,0,0,1
0.08376512010346236,45,2,0.22882783596163975,11916,5,0,0,0,2,0
0.3829529349869549,49,0,0.26161563840090696,11544,7,0,1,0,0,0
0.0860410272919642,33,1,0.050194080544741594,4325,7,0,3,0,0,0
0.3775324739940819,37,0,0.5691008035448194,8877,9,0,2,0,0,0
0.32494403935742927,60,1,0.4904878833614626,2439,8,0,1,0,3,0
0.3196486797419934,31,0,0.31252324621622335,3280,10,0,1,0,1,0
0.2595368684071874,26,0,0.19894003941640978,4239,8,0,0,0,2,1
0.5272482115563047,56,2,0.42229631124343153,7213,7,0,2,0,0,1
0.21982823006144478,40,2,0.1631853997897542,8497,10,0,0,0,0,0
0.07056494437155784,35,1,0.6028810024581226,15179,5,0,2,0,2,0
0.3257892849697865,46,0,0.19144502391411594,8629,6,0,1,1,0,1
0.10028810326129098,59,1,0.5466777977720165,5518,6,0,0,1,1,0
0.15830628832452637,26,1,0.2143141472646365,19962,6,0,4,0,0,1
0.46718078115853,21,1,0.6508869126207809,2736,6,0,0,1,0,0
0.5145701336291282,39,0,0.46738853711438766,4583,13,0,0,1,2,0
0.028724153490644683,36,0,0.06018313919394621,29483,14,0,0,0,1,1
0.31089768540791657,57,0,0.3877739283764522,824,7,0,0,0,1,0
0.47211038056475846,55,1,0.8140888179133969,2034,7,0,1,1,2,0
0.34927906648026447,30,0,0.6666099200466572,3833,15,0,2,0,3,0
0.33710336958340403,36,0,0.8041060229359848,4816,7,0,1,0,2,1
0.4404523424881582,55,0,0.6200341098990167,2224,3,1,1,0,1,1
0.11532271970807503,47,0,0.037580182240628895,16322,9,1,2,0,0,1
0.30835909358690433,27,0,0.5088504830179745,5110,10,0,0,0,1,0
0.2617741302960027,58,0,0.4983006954329894,2676,4,0,1,0,1,0
0.2956092485375054,41,0,0.2740355891596961,2719,9,0,2,0,1,1
0.11323224376171985,60,1,0.47924028425110177,6726,9,0,1,0,2,0
0.17957579451498545,29,0,0.4204136794966694,4752,9,0,3,0,2,0
0.16280855210719364,46,0,0.21268164545570073,15189,10,0,0,0,1,0
0.1986890137721896,52,1,0.20873624473355787,6208,7,1,1,1,0,0
0.18658655315345876,44,1,0.2500440642556022,7596,6,0,0,2,0,1
0.1709966030555749,21,1,0.2965041656401333,7708,14,1,1,0,1,1
0.16546429732951382,53,1,0.4998071378834335,7375,7,0,0,0,3,0
0.3781675801840328,62,0,0.16643244956268388,2030,4,0,0,0,4,0
0.2893786753256091,40,1,0.6435079160853354,9991,7,0,2,0,2,1
0.48612148870840216,45,3,0.2690003629614031,1579,10,0,1,0,1,1
0.051918840815014654,57,2,0.9267591886115897,3972,7,0,0,0,0,0
0.47169420205102686,53,2,0.8369345982560187,17430,9,0,1,0,1,0
0.11114841897131472,52,1,0.5086758842495483,1885,5,1,0,1,1,0
0.5663319495953624,26,0,0.5287055371455394,1790,7,1,1,1,2,0
0.06286147948832588,56,0,0.2528876471543179,13761,7,1,1,1,2,1
0.2810842282812637,65,0,0.16181178801328075,4066,8,0,0,0,3,0
0.09406508364538123,33,0,0.2946937282782381,6716,10,0,1,0,1,1
0.2925381526735798,55,1,0.3178452006971533,2870,7,2,1,1,1,1
0.0966624355426024,67,1,0.7721224950747468,9236,11,1,6,1,2,0
0.22801841533286177,25,0,0.6635015532263555,2827,11,1,0,0,0,0
0.47212317506185403,32,3,0.37370219407637756,9564,9,0,1,0,2,1
0.13054131737330454,57,0,0.5010545583403785,2963,6,0,2,0,1,0
0.2411366795973975,52,0,0.8067845317500303,4086,11,0,0,0,2,0
0.19378705921755715,34,1,0.2401895604988063,1891,5,1,0,1,2,0
0.2115382489850951,59,0,0.6230843182779336,6549,7,0,2,0,3,0
0.4319042798643057,45,0,0.20849330273845695,6366,5,0,0,0,0,0
0.27717031327968283,61,2,0.5786714900850795,2898,13,0,2,0,0,0
0.6445787225257655,28,1,0.6552328953403946,15259,5,0,0,0,0,1
0.4082181270684012,42,0,0.4122155046295152,7373,5,0,1,0,0,1
0.09885949521381941,57,1,0.05272502878785268,3405,9,1,0,0,1,0
0.2533097131302337,49,1,0.24243991278865556,3368,6,0,0,0,1,0
0.19091005198102604,37,3,0.38184045956728035,11334,8,0,0,1,1,0
0.17520689018439972,36,2,0.07811203779764986,3080,14,0,1,0,2,0
0.4004200460677494,43,0,0.22313966348255085,35412,6,0,3,0,1,0
0.26980080765263365,46,1,0.3948215540937745,6715,12,1,0,0,1,0
0.14626415200356258,18,2,0.4259544225043767,7414,7,0,1,0,0,0
0.11726809697639867,58,0,0.3085325077124322,3855,9,0,2,0,1,0
0.09759684182156153,44,0,0.44515490029720095,2152,7,1,1,0,1,1
0.6092561840530752,43,1,0.43415601071245985,2400,9,0,0,0,3,0
0.25811936507337413,33,0,0.29358420685458436,6041,5,0,1,0,0,0
0.657907649505451,29,1,0.33341966943156803,8910,7,0,0,0,0,0
0.42266860629850106,63,0,0.527228878156926,3998,8,1,0,0,0,0
0.15586836846887006,49,0,0.29584677810188564,3648,8,0,0,0,1,0
0.061000995290320006,46,0,0.14599667344110925,6760,5,0,1,0,0,1
0.06690465897747794,44,1,0.48731151393417416,1495,8,0,0,0,1,1
0.3206131772937343,48,1,0.7698289800597548,7660,7,1,1,0,2,0
0.2954347655656779,55,0,0.36928270607300034,8243,7,0,0,0,2,0
0.3382567137157539,63,1,0.4518904880311088,2026,11,0,1,1,4,1
0.2201361197395754,19,0,0.5130572100596212,7909,8,0,1,0,2,0
0.5025999125097713,55,0,0.7630657052551912,5286,3,1,0,0,1,0
0.13795471463251702,40,0,0.44632918101555086,4283,12,0,1,0,0,1
0.18079985998196643,31,1,0.5218944755391888,8693,12,2,1,0,3,1
0.529436234844371,32,0,0.668537336692243,4501,8,0,1,1,2,0
0.2642207777298462,69,1,0.4906006826480665,2084,17,0,1,0,1,0
0.14246029906601423,45,0,0.18282384929501774,5595,8,0,0,0,0,0
0.11558802443957511,40,0,0.37370881675630735,14308,6,0,2,1,1,0
0.07848605347020911,22,1,0.5032596891610475,1568,7,1,0,0,1,0
0.10460010038262903,36,0,0.5369806314093973,8453,13,0,2,2,0,0
0.46660943297180896,64,0,0.15841363508441275,4485,10,0,0,1,1,0
0.44528584445509445,29,0,0.11342816033442851,9994,14,0,0,0,1,0
0.19294445164892746,43,0,0.7110741364359681,4290,8,0,0,0,1,0
0.11900563652158612,38,0,0.46287714945613884,4031,7,0,1,1,1,0
0.21879397413971827,48,0,0.11293254606341566,10389,7,0,1,1,1,0
0.46368597016482427,38,1,0.45635044754596776,6167,8,1,1,0,2,0
0.49316890567121735,35,0,0.23189247569272048,3611,11,1,1,0,2,0
0.28909049021953726,50,0,0.2735636025847003,6578,10,0,1,1,2,0
0.2623107124362985,38,1,0.07046406757608333,3216,11,0,1,0,1,0
0.6842802531498936,67,1,0.10087706105376681,1535,8,0,1,0,2,0
0.37501260225439953,32,0,0.2848629149650645,5701,8,0,0,1,2,1
0.27832184871006194,61,1,0.14966197460935782,11960,4,0,2,1,2,0
0.6661366743047892,43,0,0.27058324240303494,1125,9,0,1,1,0,0
0.30288082933851157,48,0,0.33822237426338675,8324,8,0,1,0,1,1
0.21311817738228647,51,0,0.3973568213510861,1209,14,0,1,0,0,1
0.1364817522515454,25,0,0.24119712741657698,2563,11,0,0,0,2,1
0.5301970541243977,61,0,0.839711863124181,6498,9,0,0,0,2,0
0.4457905835217453,46,0,0.5188971664526669,13710,11,0,1,0,1,0
0.4048599916513837,50,0,0.30717102912215216,2826,14,0,1,0,1,0
0.5055822458152542,64,1,0.21387372545340855,5216,12,0,1,0,3,0
0.229231600779992,45,1,0.6293245336128699,1028,7,1,1,1,0,1
0.3050765539490711,44,0,0.20220587142438107,5115,7,0,3,0,0,0
0.13170241277637001,54,0,0.6022504685332847,866,11,0,1,0,0,0
0.2562920596195872,36,1,0.042478515390733294,1556,10,0,3,1,1,0
0.42705692449048405,44,0,0.5939471854672574,4739,6,1,2,0,0,1
0.09698440590787887,18,0,0.6535904371967429,1528,4,0,0,0,0,0
0.4847862226927716,32,0,0.31698851529663574,8741,9,0,1,0,1,1
0.37003777992744746,36,0,0.29876393732911827,8231,7,1,0,1,1,0
0.06548627712671284,49,2,0.31775146475450117,3669,7,0,1,0,0,0
0.16863808529700802,37,0,0.6095960151414084,4918,8,0,0,0,0,0
0.15240205673692278,60,1,0.127389245522237,5350,12,0,1,1,1,0
0.30255501384159494,71,0,0.7068358312878245,4455,9,0,0,0,0,1
0.24686158678749706,40,0,0.11263127836378393,1609,8,0,0,1,0,0
0.18405960809755836,43,1,0.6013347750001263,20993,5,0,0,0,0,1
0.4415846266336033,37,0,0.4900474135565412,4960,10,0,1,1,0,0
0.29652794980380975,21,0,0.11901751274974741,13616,7,1,5,0,1,0
0.0586049595611095,52,0,0.3361039334141571,14198,9,0,1,0,3,0
0.18734614695192658,85,1,0.54432888633654,4881,13,0,1,0,1,0
0.08305832543520433,32,0,0.5323536621791428,1926,7,1,1,0,0,1
0.2465040838046477,40,0,0.7773612724606802,4361,7,0,1,0,2,1
0.5102427688840527,51,0,0.20301558744525874,1406,9,0,2,2,1,0
0.6859675541951591,35,0,0.5391684232258372,4334,11,0,0,0,1,0
0.3851135486033398,59,0,0.11923692383966643,5194,3,1,1,0,0,0
0.13010753613222065,35,0,0.7333939788008057,4153,10,0,0,0,1,0
0.33353497084169076,31,0,0.5060110105316704,3619,8,0,0,0,0,0
0.0713106208950384,54,0,0.7941518801784175,1466,5,0,0,0,0,0
0.5080347970484119,78,0,0.593984281177112,1122,8,0,0,0,0,0
0.6957483679681431,41,0,0.3012221271306343,13214,12,0,1,0,2,1
0.05557461779797911,63,0,0.17807859182380828,2793,13,1,1,0,0,0
0.321609547225642,56,0,0.49365645774345357,4479,8,0,1,1,1,0
0.3355322554955836,23,1,0.5193803527526937,2246,5,1,1,2,1,1
0.36076183001410805,58,1,0.08811351480555513,6793,9,0,2,0,1,1
0.16764902620360078,78,1,0.43693524910270104,19830,8,0,2,0,1,1
0.09552951074110988,49,0,0.256731757901338,1554,10,1,1,0,1,0
0.3589758002530215,38,0,0.233234944418374,2772,15,0,2,0,2,1
0.37393149490463873,66,0,0.8496763825821397,5834,6,0,0,0,0,0
0.5520410176998463,59,0,0.45040799772927964,3911,7,0,1,1,0,0
0.2683778285202999,41,2,0.4173872524798967,6984,3,0,2,0,2,1
0.23339443017719746,44,2,0.3812051244450941,3632,11,0,0,0,0,0
0.39059577978760474,21,0,0.0633066944764635,365,9,1,1,0,2,1
0.30920692528361976,51,2,0.23986312663855797,7414,4,0,1,0,2,0
0.09215005548943454,35,0,0.7478424013842255,10051,4,0,0,0,1,0
0.5763056865740207,22,0,0.4542116796371588,11533,4,0,0,1,0,0
0.3739608452865413,64,0,0.3615602827158012,5787,5,0,2,1,0,1
0.33303997476380753,39,1,0.4590653774121742,7510,11,1,1,0,2,0
0.15863507347339864,50,2,0.18620257093395937,1535,10,0,1,1,0,0
0.204523619903561,24,1,0.18170786491867896,15218,12,0,0,0,0,0
0.05865389077053194,38,2,0.5970807889388378,13203,8,1,1,0,0,0
0.2319084422209908,50,2,0.15436464127799435,5622,8,0,0,0,1,0
0.17340354431783334,50,0,0.30553990943758425,11570,7,0,2,0,2,0
0.08186328450033777,32,1,0.2903967598331449,448,5,0,0,0,1,1
0.17835225643758862,41,0,0.3574743717696387,2662,6,0,1,2,3,1
0.38208574296971043,59,0,0.5776715659122376,9757,12,0,1,1,0,0
0.5258046700283788,56,2,0.43626987538895595,3001,11,0,0,0,0,0
0.022045365213250522,46,0,0.47188746013533095,2724,14,0,2,0,1,0
0.007491028280059534,29,0,0.7043430696780523,4975,6,0,2,0,0,0
0.06532717553522868,41,1,0.3775703502747954,3775,8,0,0,0,2,0
0.43280702177192937,42,1,0.18058923263755014,5141,8,0,1,0,0,0
0.10935605294430935,36,0,0.6307637589429836,6392,9,0,0,1,2,0
0.3128953280732467,28,0,0.18135222119177272,2535,4,0,0,0,1,0
0.332130132201648,48,0,0.5489983068861385,1669,11,0,3,1,1,0
0.1410112543982054,43,2,0.347458462974159,3390,10,0,0,0,1,0
0.4493055492552299,66,1,0.732974611014274,5216,11,0,0,1,1,0
0.27794726832453365,40,0,0.16334602678203902,2623,6,1,2,1,1,0
0.3483885911231954,38,1,0.31883537241609305,13574,6,0,2,1,0,1
0.18339435830780518,18,1,0.48936392825590774,7696,5,0,2,0,2,0
0.4269156860231591,66,0,0.46362239475316797,2250,8,0,2,0,1,1
0.29967784000549413,19,2,0.12110515754278207,3026,12,0,2,0,0,0
0.09677386921349437,25,0,0.37938332490117604,10497,6,0,1,0,0,0
0.455815840748164,55,0,0.30987827812717017,10851,8,0,3,1,1,0
0.11700269497562672,48,0,0.5957840577539227,3343,5,0,1,0,0,1
0.21800698912815272,46,0,0.5354544906692631,14396,12,0,2,0,1,0
0.07486033524437291,38,0,0.323058082162214,2167,8,0,0,1,1,0
0.1134584609323362,21,1,0.22441748904066844,6608,7,0,2,0,0,0
0.09760854852854692,50,1,0.1460581392021711,2748,5,0,4,0,0,0
0.3050074516997408,54,1,0.76042841739924,2495,8,0,1,0,1,1
0.2097910390314492,28,0,0.2842234040458789,5510,9,0,0,0,6,0
0.1094810474198307,48,1,0.2486804496398348,8200,6,1,1,0,0,1
0.11203468382623197,63,2,0.41948052688788107,18456,6,0,0,0,1,0
0.07452009106209259,19,0,0.24690499178105266,2695,7,0,3,0,1,1
0.08654452771739492,42,1,0.3591798590574938,5922,5,0,1,0,1,1
0.0866666344486909,32,0,0.5696901638368875,2779,7,0,0,0,2,0
0.580453828050198,29,0,0.3015217635595373,12265,10,0,0,1,2,0
0.27974317115002156,46,0,0.30209737458269975,1450,13,0,0,1,2,0
0.35794976405805307,48,1,0.5475991153156294,7412,12,0,1,0,1,1
0.2100403507266704,48,0,0.14710918667762246,10917,5,0,0,0,0,0
0.17785957362439744,53,0,0.7513357714869966,7722,9,0,0,0,2,1
0.2767444218035446,46,0,0.313108706244803,18449,5,0,2,0,0,0
0.07663592382173237,57,0,0.5194278485091124,9989,3,0,1,0,1,1
0.06506628143623644,38,0,0.20070409151218993,2393,9,0,1,0,0,0
0.5300257907052622,61,0,0.4599993257796912,17627,9,0,1,0,1,0
0.5108399477694228,33,0,0.5204179796830444,1651,7,1,0,0,0,0
0.41400458316802885,21,0,0.2404303029865964,12174,7,0,2,1,3,0
0.13021506575765285,54,0,0.13313626297486392,3442,7,1,1,0,1,0
0.48726735638938046,46,0,0.23862231473838408,1671,7,0,0,0,2,0
0.48010696538341713,25,1,0.29162144450144867,10107,12,0,0,0,1,0
0.3118888306227354,70,0,0.5851435636281659,2135,10,0,2,1,0,0
0.38878377700954886,19,0,0.388441008051868,6004,6,0,1,0,0,0
0.1464411766706329,61,1,0.6783908282574752,7805,10,1,1,0,0,0
0.08793164515960208,73,1,0.13870781815890246,7500,8,0,0,0,2,0
0.31468995320132553,81,0,0.3455009461899222,6413,10,0,1,0,0,0
0.47454373019786905,58,2,0.33710961436378317,4096,5,0,1,0,0,0
0.21273821001632037,58,0,0.15174466602742678,3151,9,0,0,0,2,0
0.2517455008409373,66,0,0.07766533937222345,5558,10,0,2,0,0,0
0.10896125540091399,38,1,0.24687736775247754,2336,6,0,1,1,1,1
0.552803156801816,28,0,0.45155388777010413,3895,10,0,2,0,0,0
0.5879067120297431,71,0,0.37539487567853674,1402,6,0,0,0,1,0
0.1743555360968208,32,0,0.34955109924675687,1600,5,0,0,1,0,0
0.0773222944769942,63,0,0.5511416623412501,9168,8,0,0,0,1,0
0.29552093361240983,58,0,0.8026395810124616,4189,6,0,1,0,0,0
0.13679117834866708,22,0,0.22136701124592864,8062,10,0,0,1,2,0
0.19087127627552133,68,3,0.47566226502238534,6428,7,0,0,1,2,0
0.2951448356661988,33,0,0.4031167392992507,13040,10,0,0,0,2,0
0.16130235413943525,36,1,0.170476152695978,3196,9,0,3,0,0,0
0.08986430444103465,25,0,0.4471115318304905,2739,7,0,0,0,2,0
0.1765559744740355,24,2,0.2073113458209133,1413,15,2,0,1,2,1
0.07964267782228399,26,1,0.19753102477969778,7533,6,0,1,0,2,0
0.3380520292519993,58,0,0.3021250088059424,2266,13,0,0,0,0,0
0.6056467128127451,68,0,0.2398837059652507,6004,10,0,1,0,0,1
0.4819537868993161,18,0,0.6939057456556881,15437,8,0,1,0,0,0
0.12978068950727972,46,0,0.2312495071305292,3310,10,0,0,1,1,1
0.1020072111668714,46,1,0.4550768513921427,2454,12,0,0,0,1,0
0.43571201286179306,28,1,0.32615367730444644,11993,10,0,0,0,1,0
0.28174698968933864,51,1,0.7081746997404594,2750,10,0,2,0,1,1
0.25540007368007733,71,0,0.42388355243662595,3662,5,0,1,0,0,0
0.2916005205056365,45,0,0.2417651000813715,2429,8,0,1,0,2,0
0.3631049853119861,52,1,0.6605852839047339,5323,8,1,1,0,0,0
0.24732271372283948,52,0,0.5783954914655381,2325,10,0,1,0,3,0
0.13373505776483283,18,2,0.7972950813258823,11604,7,0,0,0,1,0
0.2213013857814186,24,1,0.3010583779369438,1435,11,0,2,0,2,1
0.33677616877552813,42,0,0.2341387337374041,3807,8,0,0,2,1,0
0.2062343393229272,52,2,0.5874112458186006,11433,10,1,1,0,0,0
0.2791138014306237,46,0,0.500256641353948,8052,14,0,0,1,1,1
0.27142708314009417,59,0,0.5371790308160617,9800,9,0,1,0,1,0
0.22640626361193847,48,0,0.41823116007441863,2697,4,0,1,0,0,1
0.21925833878562823,55,3,0.3063267148399934,2235,10,0,1,1,1,1
0.1312408881939742,42,0,0.8421728042093151,1529,11,0,1,1,2,1
0.4264582841563088,42,1,0.05618301849033273,2610,2,0,1,0,1,0
0.27652986076688435,37,0,0.29714798142074283,3573,5,0,2,0,1,1
0.032884433434022774,18,0,0.5143790273567636,2025,7,0,2,1,1,0
0.5305549069484774,54,0,0.5842550356308357,1647,11,0,1,0,1,0
0.3358952703289952,44,0,0.6413520993271282,6615,4,0,0,1,2,0
0.4622841028454019,76,0,0.3977093193558678,7610,7,1,0,1,2,0
0.08822007794738843,44,0,0.3573870933316026,4418,7,1,1,0,0,0
0.22906048744320479,49,0,0.6563154428234651,5972,4,0,1,0,1,0
0.4410119384481492,50,0,0.061548728221809554,4987,8,0,2,1,1,0
0.33210800345190317,48,1,0.6130164629796967,3757,9,0,1,1,0,0
0.10788892294173588,46,1,0.5344678604052704,5956,8,0,1,1,0,1
0.23344118247469364,55,2,0.45490772966936277,3640,10,1,2,2,1,1
0.25686092361288604,39,2,0.36996164089695327,5199,11,0,1,0,2,0
0.2311855403523246,53,0,0.5572931643338127,1897,7,0,3,0,0,0
0.22731581113372537,18,2,0.1029604107901617,10992,9,0,0,0,2,0
0.19693848231461605,52,0,0.2798799548649833,6909,7,0,1,0,1,0
0.3817175334742381,34,0,0.3652006484686615,2842,5,0,1,0,0,1
0.128824792467362,54,0,0.14407922961483124,13862,7,0,1,0,1,0
0.47095395170785714,47,0,0.27815387150217574,5104,10,0,1,0,0,0
0.20971878765793397,32,1,0.5630240794477483,8628,9,0,1,0,0,0
0.42656786406309594,18,0,0.157597592747732,3804,9,1,2,0,0,0
0.14662361681356995,47,0,0.6760671410253485,3744,8,0,2,0,2,0
0.07316234807646382,40,1,0.279043553415321,7714,2,0,1,0,3,0
0.2191065503190777,56,0,0.4281980786018017,16263,10,0,1,1,0,0
0.2281582709326625,51,1,0.5592552994857809,903,8,0,1,1,2,1
0.360636806460988,53,0,0.6921358873186323,7813,7,0,2,0,2,0
0.21160224438231356,18,0,0.41015904223710276,13083,10,0,1,0,0,0
0.12246848869919287,41,0,0.6141096826845949,6848,8,0,1,0,1,0
0.17081090028425608,31,1,0.4801318392511996,9814,7,1,1,1,2,1
0.1606765161699578,47,0,0.5871867175920642,2908,4,0,2,0,1,0
0.1341758201538746,49,0,0.5849671092813631,9085,8,0,3,0,0,0
0.23607840668039823,18,1,0.7031107227796872,2060,9,1,0,1,1,0
0.06706521406813053,31,1,0.4088338459069825,11726,8,1,3,1,1,1
0.3722850770544396,28,1,0.22006359261315445,9997,4,1,3,4,1,0
0.17785471457903326,56,0,0.037754621556342335,10128,11,0,1,0,1,0
0.37895196059876196,52,0,0.5147667201489244,2309,5,0,3,2,0,0
0.23197973673749492,40,0,0.2903593655016981,29926,7,0,0,1,1,0
0.2218589639268612,18,0,0.18279914051600246,879,9,0,1,0,2,1
0.29425561630023744,23,1,0.4061652229191227,3664,8,0,0,0,2,0
0.5193611329970684,29,0,0.4515853334229524,4892,11,0,1,0,2,0
0.4740936787883183,18,1,0.29797305606374463,7541,10,0,1,0,0,0
0.339474769458741,29,0,0.32468585530509214,2876,10,1,0,0,3,0
0.27917759458143676,35,0,0.33912823962420846,2556,9,0,2,0,0,0
0.04206723299084321,43,0,0.2136272575380862,1356,9,1,2,0,0,1
0.19351559928675674,40,0,0.19218192647643753,8134,7,0,1,0,1,0
0.6454688279723017,54,0,0.8738869441047346,8186,5,0,2,0,2,0
0.3125118282840381,28,0,0.5667629765303044,2152,6,1,2,1,0,0
0.05086181860481977,32,0,0.07930474471064677,5918,11,0,2,0,0,0
0.3048755547594572,74,1,0.21850884288560884,6955,10,0,1,0,0,0
0.20547060603192938,31,0,0.5813383025415192,1144,17,0,0,0,2,0
0.5265870183717348,64,2,0.45549079533179554,8295,7,0,3,0,0,1
0.3847423839010052,45,1,0.3669819920321283,3038,9,0,1,0,1,1
0.1958002224425996,35,0,0.5500593484399883,5326,9,0,0,0,0,0
0.10596710787133583,50,0,0.19385445622927364,2378,8,0,1,0,0,1
0.01964826240100608,62,0,0.08166411451588614,2994,3,1,0,1,3,0
0.5277651614262997,51,1,0.6934303155066106,1447,7,0,0,1,1,0
0.3217800188013299,18,0,0.7747656370790944,9760,7,0,0,0,0,0
0.5020196919993355,47,1,0.18044287426819686,2967,2,0,0,0,0,0
0.3648377904816565,47,1,0.043639757957525685,8393,9,0,4,0,1,1
0.2613075771584194,66,0,0.3998599402773757,1975,5,0,3,0,3,0
0.2584141029215569,65,0,0.41748239367652684,7488,6,0,0,0,1,1
0.05286573041778694,47,0,0.45428267835410113,1960,3,1,1,0,0,0
0.20121379849261678,44,0,0.24892833845931517,22418,10,0,0,0,2,0
0.34212594986370015,49,0,0.5945272278414325,10016,7,0,0,0,1,0
0.3761904440876774,72,0,0.5286738215468956,3143,5,0,0,0,3,0
0.5541045867499313,59,0,0.7247435026778678,15677,6,1,2,0,1,0
0.2955868770816269,49,1,0.06535754996627077,758,9,1,0,0,0,0
0.1450035715689541,19,0,0.601105535113159,3443,6,0,3,0,1,0
0.2610255824606803,45,0,0.45950606438608277,2441,7,0,1,1,3,0
0.008987244595077201,51,2,0.5061182319636656,3693,5,0,0,0,4,1
0.11751683422951979,34,0,0.2516721959992121,1933,11,0,1,0,0,0
0.3194039900810754,55,0,0.21169247579126416,8886,4,0,0,1,0,0
0.37473218176882106,65,1,0.4772815969532057,11374,8,0,1,1,2,0
0.5197032833739352,34,0,0.14619818309512106,18908,6,0,2,0,2,0
0.15473023064948804,39,1,0.3329134261760283,14319,10,0,0,0,3,1
0.15569911768877007,22,2,0.28391675838517,6025,6,1,1,0,2,0
0.15450525551513183,59,0,0.5530638182979452,3637,7,0,0,1,0,0
0.08224499167256775,45,0,0.4511446274132195,9048,7,0,0,1,1,0
0.28791615895929273,20,0,0.20858646689140542,8586,7,0,1,0,1,0
0.053682718064739905,45,0,0.7993490214252953,4801,7,0,1,0,2,1
0.19369669115387222,40,0,0.2837987652267188,13203,5,0,0,0,1,0
0.26610550786022635,18,0,0.36821537041278035,10923,10,1,2,0,0,0
0.4286280015066696,39,1,0.7223729569546918,780,9,0,0,0,1,0
0.7223606288403154,32,0,0.21983872283933806,11948,4,0,0,0,2,0
0.24891316278397646,34,0,0.21914437855990113,10443,8,0,1,0,3,0
0.11350513771136356,32,2,0.22495478481106343,2216,7,0,0,0,3,0
0.5279030468691933,22,0,0.8979627723224457,2949,8,0,1,0,0,1
0.3055055872959766,60,0,0.5080113083447519,11650,11,0,0,0,1,1
0.16197954842679213,46,0,0.6774788302755319,12619,10,0,0,0,2,0
0.3331692919118267,49,0,0.32952048218773994,2766,5,0,0,0,0,1
0.0418694857011244,58,0,0.1912280190031115,8213,5,0,2,1,0,0
0.030536731718112883,35,0,0.4060194811091497,816,11,0,0,0,1,1
0.08657782747258956,69,1,0.41058492393350593,1780,6,0,1,1,2,0
0.4367918578844222,39,0,0.3213791342857771,3283,7,0,1,1,0,0
0.21445247597112943,62,1,0.05612949376575215,9079,3,1,1,0,1,0
0.1956095789407262,39,1,0.6488192037500017,1407,8,0,0,0,0,0
0.20631221406998584,36,1,0.7160463038967434,3238,8,0,0,2,1,0
0.12279938108129575,55,1,0.4834582907119204,4046,8,0,3,0,0,0
0.10318684020536671,35,0,0.5424329803476723,4253,13,0,2,0,1,1
0.1933431866165377,48,0,0.40516336560772115,14247,8,0,0,0,1,0
0.511414142310098,46,0,0.21187819670886188,4173,5,0,1,0,0,0
0.08091061866352281,45,0,0.32068017162483575,4463,7,0,0,1,1,1
0.20869728481917496,48,1,0.682838725789247,2489,6,0,2,0,1,1
0.594215781081035,30,1,0.5929040594476169,1683,5,1,2,0,0,1
0.7078777193265808,75,1,0.610362735576244,915,13,0,0,0,0,0
0.5968316513236329,40,1,0.23797456973139852,6007,12,0,2,0,2,0
0.129365088686311,26,1,0.46308759216801154,15297,8,0,4,0,4,0
0.21448488803595925,52,0,0.315829370412503,4439,9,0,1,0,1,0
0.3522432673515731,29,1,0.5972698785493727,3274,8,0,1,0,2,1
0.4650922952491159,41,0,0.4926234594320404,1479,7,1,0,1,4,0
0.09347720914059858,52,1,0.3202536536784344,1145,4,0,2,0,1,0
0.4883664353289483,20,0,0.14130642908490249,1801,10,0,1,0,1,0
0.5510025559920891,33,1,0.6369638479522322,2606,8,0,1,0,2,1
0.2931344805668277,35,1,0.17273376710468935,4667,6,2,1,0,1,0
0.42032205184405175,34,1,0.45837865600755856,6331,7,0,3,1,2,1
0.11086758755471766,28,1,0.47446070915096505,2119,8,0,2,0,0,0
0.2620087564367553,30,0,0.2291379968607449,6580,9,0,1,0,1,1
0.5681424690478073,53,0,0.2826877732101085,3691,6,0,0,0,0,0
0.515014082539399,65,1,0.23595172841507142,7458,7,1,0,0,0,0
0.3605418047428353,66,0,0.2892648960596565,22094,6,0,2,0,0,0
0.20024119359843812,39,0,0.68983689073285,8434,9,0,1,0,0,0
0.07973907029256476,40,1,0.15647318300243745,1199,8,1,1,1,3,0
0.13715060908249496,25,1,0.39962886925275076,3829,10,0,0,0,2,0
0.2506422268122427,30,2,0.43085012855871163,3718,6,0,1,1,2,0
0.38550399582430855,50,0,0.23843673876390817,2049,6,0,2,0,0,1
0.45135146455072456,29,0,0.4872974533601448,15888,11,0,1,0,0,0
0.3231032043392669,46,0,0.3891570498061276,2264,10,0,2,0,0,0
0.3100667797771464,46,1,0.20711612935454166,3124,13,0,2,0,2,0
0.5820070199618917,59,1,0.19637077622111823,5602,5,0,3,0,2,1
0.12604228151093935,50,0,0.37422354709009475,3174,5,0,1,2,2,0
0.32467763529287297,36,1,0.32578140347081286,3608,10,0,0,0,3,1
0.4418616568067334,66,0,0.29847657949783507,2406,8,1,0,0,1,0
0.34521392688683267,68,0,0.3705215740907893,2847,12,0,0,0,2,0
0.35574002724558296,47,1,0.2154674432532066,11198,11,0,2,0,0,0
0.2756667078423893,59,0,0.18785155475056917,10284,11,0,1,1,0,0
0.10074335081355777,71,2,0.4059693957477085,2345,7,0,0,1,1,0
0.06491814751411437,46,3,0.5335860280198637,4893,8,0,0,0,1,1
0.37550827112205865,55,1,0.5419450587514881,15841,3,1,1,0,1,0
0.2213036147407278,43,0,0.6384647341514816,5264,6,0,1,0,0,0
0.21636645124836978,54,0,0.7530640690336837,2095,6,0,1,0,0,1
0.42247715344276704,18,1,0.13282433167262664,5140,8,0,2,1,0,0
0.3353100572249926,44,0,0.25595731212706135,2526,5,0,2,0,0,0
0.4723211373499841,29,0,0.46388014535067834,6585,5,0,0,1,0,0
0.51424274945233,52,1,0.18075544506075192,5601,12,0,1,0,0,0
0.389287205690996,33,0,0.8164870712999657,20156,10,1,1,0,1,0
0.14245799357916927,35,0,0.22818326314898468,3828,7,0,0,1,1,0
0.19615493407937426,63,1,0.23603212150786743,3915,3,2,0,0,1,0
0.25149739699024504,38,1,0.6207626905900182,24618,11,2,0,0,3,0
0.16846529012562225,40,1,0.6142052086703115,3051,7,0,2,0,1,0
0.5787081270081839,21,1,0.42571769467948406,9182,9,0,0,0,2,0
0.026477412168123254,34,1,0.1915632893239457,2421,11,1,3,1,1,0
0.05879360383316963,18,0,0.29910242698399014,4096,6,0,1,0,0,0
0.6287805574935522,29,0,0.6173245471375843,1512,6,0,3,0,1,0
0.246110152231157,46,0,0.7813538301040329,10472,6,0,1,0,0,0
0.18699119951346807,55,0,0.42443135882904337,4943,5,1,2,0,0,0
0.39799436133486393,39,0,0.4014728977154074,4014,3,0,4,0,1,0
0.02077568820944183,42,0,0.544414151245433,20830,8,0,0,1,1,0
0.22642725170144637,55,0,0.1011498477438138,2365,7,0,1,0,0,0
0.21690575454589894,45,1,0.3389965748166085,10140,6,0,1,0,1,1
0.23446769250127739,35,0,0.4743447145294638,14488,6,0,0,0,0,1
0.7270387500519778,48,0,0.26688852740227426,3375,11,1,0,1,0,0
0.821766334116685,63,1,0.3475583045637374,5892,9,1,1,0,0,0
0.19481699061321592,18,1,0.12679881888399844,2947,5,1,2,1,1,0
0.3960906126411183,47,1,0.4941492253450053,5814,10,1,1,1,0,0
0.3323602809608856,28,0,0.8252244353676398,743,9,0,1,1,0,0
0.32786772226449856,39,0,0.49150237263897945,937,5,0,3,0,0,0
0.1721611941482678,62,2,0.3589504985943332,13478,9,0,0,0,0,0
0.07884218984353976,55,0,0.2377450869155934,9968,8,0,0,1,0,0
0.15688250440606963,57,2,0.5054048922000425,9489,5,0,0,0,2,1
0.2218109042836035,54,0,0.5883567624410556,5038,8,0,0,1,3,1
0.04158114475369892,58,0,0.5522734702721076,10148,8,0,1,0,1,0
0.7047691836226937,42,0,0.13050010264329104,16524,6,0,1,1,0,0
0.168764771198916,77,0,0.34001228077308787,26281,11,0,0,0,1,0
0.6242154436655228,36,1,0.3681259154809303,31752,11,1,1,1,4,0
0.3617166139639242,27,1,0.11847623650949465,2887,5,0,1,0,3,1
0.1560519397712386,57,0,0.4161621399729155,4242,8,0,0,0,0,0
0.261972865656364,31,0,0.624403586636832,7125,2,0,3,0,3,1
0.25399669279266585,18,0,0.18540269521632233,7690,8,0,1,0,0,0
0.23574904985355266,41,0,0.27551156465877125,2219,7,0,0,0,1,0
0.3710596633168772,56,0,0.5534368346082237,2961,9,0,0,1,1,0
0.11150390757215986,66,1,0.25098447321628947,6724,3,0,0,0,0,0
0.5520062245903963,39,1,0.288764446080847,7349,5,0,2,1,3,0
0.24611555709212804,45,0,0.12877178202590076,4529,5,0,1,0,0,0
0.23044619901746805,49,0,0.5482772031326096,5508,8,0,0,1,1,1
0.08625072675343558,55,0,0.6165451899715902,13311,9,0,1,1,0,0
0.397109163173481,65,1,0.23344869978830438,2735,5,1,0,0,0,0
0.3954491894250986,27,0,0.34877292003190064,6655,7,0,4,0,1,0
0.2187613239657216,31,1,0.15175426439389847,17157,9,0,0,1,0,0
0.08842451080425646,54,2,0.0886611977798626,7389,8,0,2,0,0,0
0.16276494367902306,31,0,0.3817377648316144,9597,9,0,0,0,2,0
0.2934080882242393,51,0,0.1408706263536521,2661,9,0,2,0,1,0
0.1506654665703926,54,1,0.29046125623490215,1561,6,1,0,2,1,0
0.276852620904502,44,0,0.4202875452705275,7918,8,0,0,1,2,0
0.24885025355166268,25,0,0.4218137113503899,5765,8,0,1,0,0,0
0.48015959469245495,62,1,0.29280226864713355,380,5,0,1,1,0,0
0.3230731015479179,64,1,0.41408637049844865,5422,3,0,0,0,1,0
0.22602334418274442,57,2,0.5452052903222043,4070,8,0,2,1,1,0
0.3712137091324541,18,0,0.24119597989367295,1481,12,0,1,0,0,0
0.18887640664196095,42,0,0.2884365259475614,5098,11,1,2,0,0,0
0.20241690140153265,44,0,0.021208355866869914,8771,14,0,0,1,1,0
0.5432122320664634,49,0,0.31246074456513206,9243,10,0,1,1,1,0
0.1937521915854768,53,1,0.40828320519406613,3204,6,0,1,0,2,0
0.3574261670331563,33,0,0.09917427024459483,8821,13,1,1,0,0,0
0.0731918542975512,29,1,0.5364340911913825,18069,6,0,0,0,0,0
0.20489502299968376,35,0,0.7537191256446091,7117,8,0,0,0,1,1
0.6717886245520293,23,1,0.16554328300783477,2390,6,0,0,0,3,1
0.22114478743306426,53,1,0.1358251448714941,9173,8,0,2,0,1,0
0.3612113288344856,73,2,0.4883747619540329,4909,3,1,0,0,0,1
0.42891288787117526,27,0,0.3976254847095744,7324,10,0,2,0,4,0
0.4434019011815812,23,1,0.3317501805659281,9325,5,0,0,0,1,1
0.07439677221212525,57,1,0.314813894213265,4313,16,0,3,1,3,1
0.3773551500535414,19,0,0.5206479996899945,5122,10,1,1,0,0,0
0.1537771698602375,51,0,0.659171819459321,3700,4,1,2,0,2,0
0.5369549414822143,36,0,0.4413189341289763,5572,6,0,3,1,0,0
0.725405174366267,73,1,0.2748406184973876,1546,3,0,0,1,1,1
0.4261497451347733,39,0,0.31597433325379387,21976,11,0,1,0,1,0
0.1562745326983506,37,2,0.5370564679014074,5478,7,0,0,0,2,0
0.4279293345250629,45,0,0.7236151035997942,8873,9,0,0,1,1,0
0.42522534820975655,64,0,0.7903416358717036,3718,7,0,0,0,0,0
0.25687535175181114,40,1,0.2546828115052321,3830,13,0,2,0,3,0
0.6762444575418072,36,0,0.8846379275264831,6038,5,0,1,1,4,0
0.2360664816360317,72,2,0.34141553355050575,4965,6,0,1,0,0,0
0.13132346251958635,50,0,0.4017027625002886,5544,10,1,2,0,1,0
0.08788092991391243,67,0,0.11169524034871077,6063,5,0,0,1,1,0
0.20547668096075425,34,0,0.3181262386460372,4473,11,0,1,1,1,0
0.04860727191984531,65,2,0.645752545057516,27275,3,0,1,0,2,0
0.22127019761359631,48,1,0.5126616207579708,9331,6,0,3,0,0,0
0.08670596023015661,41,0,0.26541910215610093,7694,4,0,2,0,2,0
0.3065949777503212,71,2,0.8256112835584343,4417,5,1,0,0,1,0
0.44685114024008965,57,1,0.5482840356599302,10106,14,1,2,0,1,0
0.42080585308038737,51,1,0.6947906062126232,8716,7,0,0,0,0,0
0.33786512152989334,49,0,0.3822358088396179,6207,7,0,3,1,1,0
0.3661148176838018,40,2,0.47796594291097716,3039,6,0,1,0,1,0
0.19049502391688286,31,0,0.20053930051865426,17176,6,0,1,0,0,0
0.1739553336145646,33,0,0.4062818283704074,3708,6,1,1,0,1,1
0.16074459172092198,56,0,0.17025157023421572,10014,7,1,1,0,1,0
0.11902599299736681,43,0,0.20120271226569997,4568,7,0,1,0,1,0
0.3553846323823248,36,0,0.15525895271521306,2326,6,1,2,1,2,0
0.28930355960400855,32,1,0.6440179264492611,6079,5,0,1,0,2,1
0.3236065944943118,51,1,0.5116548053600509,5456,7,1,2,1,1,0
0.17193120600617184,53,0,0.3208697620228737,5248,6,0,1,0,0,0
0.10925928875617462,64,1,0.36543738215489185,3685,5,0,1,0,0,0
0.05416644584921976,55,0,0.687570455106357,14764,7,2,1,0,0,0
0.05801022300323055,58,0,0.5491762549688669,3955,5,0,1,1,0,0
0.3062472086551024,26,0,0.42007429887260606,10721,6,0,2,0,0,0
0.18828379079827257,64,1,0.12091591250306516,14273,10,0,1,0,1,1
0.3602090794868404,49,1,0.3583443535922606,5371,9,0,1,0,0,0
0.04210067600740059,64,0,0.6742284196076923,6187,5,0,2,0,1,0
0.14537280976883096,46,0,0.6515147846419348,2788,9,0,1,0,0,0
0.6542154608000061,18,0,0.5769378336006625,2085,6,0,2,0,0,0
0.3400992179276174,57,1,0.22908491368315415,2279,10,0,1,0,1,1
0.24804899372158204,59,0,0.7597519834701042,1964,9,0,1,0,1,0
0.07473406054216478,67,2,0.5786988677367313,31821,10,0,1,0,1,0
0.08280542276403842,50,1,0.17373328698937618,6600,6,1,2,0,0,0
0.1068931421846334,38,0,0.22552836386488692,1695,5,0,0,2,2,0
0.49125055446488397,36,0,0.05272613787135489,1720,7,0,1,0,1,0
0.2353206147575576,44,0,0.035993381075443795,7020,7,0,1,0,1,0
0.4021391684756752,56,0,0.1371176370609229,1555,10,0,2,0,0,0
0.5404021781986661,57,1,0.28032091643453916,8624,11,0,1,0,1,0
0.14008387003344863,31,0,0.7242789405005813,6742,5,0,2,0,1,0
0.26261226660207765,42,0,0.714076270814606,4660,7,1,1,0,0,0
0.6672545440706849,62,0,0.26380206450580157,2098,5,0,0,0,2,1
0.1355590338327691,49,0,0.18802204223607885,799,5,0,0,2,0,0
0.09632181035491647,38,0,0.3359870373305816,5153,6,1,1,0,1,0
0.27575351158033845,27,0,0.6433543706647593,19298,10,0,0,0,1,0
0.10040070838649247,28,0,0.12361555730358402,5774,10,0,0,0,1,0
0.015183585075088088,26,0,0.5630891942702442,903,9,0,0,0,1,0
0.4800720924165234,36,1,0.9172040628933649,1575,4,0,0,0,1,0
0.20905251786250648,49,0,0.5846195084941949,3558,6,0,0,0,0,1
0.27675577365463155,29,0,0.06663442017843375,11884,6,0,2,1,0,1
0.2871559466941019,45,0,0.5740812610645085,5183,5,1,1,3,1,0
0.6724673775752166,48,0,0.6355210393728069,10949,7,1,1,0,0,0
0.131902015074569,61,0,0.22031496730597383,1806,8,0,2,0,1,1
0.22393258336464972,63,0,0.8029697641348191,2075,10,0,5,0,0,0
0.3228995972780636,50,0,0.49879213474002904,2305,5,0,0,0,0,1
0.04442148945605136,54,1,0.639405450865119,1358,8,0,1,1,1,0
0.10479363831665676,40,0,0.5046683032835031,3500,10,1,2,1,1,0
0.29601302423933956,50,0,0.1714631809722194,15278,9,0,0,1,1,1
0.2010485295575652,38,0,0.03138724650398419,7448,14,0,3,1,1,0
0.4431669278103143,33,1,0.7249097659509723,10519,7,0,1,1,1,1
0.5040834651504696,41,1,0.38498738546224986,1374,9,0,4,0,0,0
0.20566199785654313,70,0,0.19467281302014644,745,10,0,3,0,1,0
0.23650324724740335,55,1,0.35408201639649023,6471,9,2,1,0,1,0
0.13074007702570647,47,0,0.25772923921408,7858,8,1,0,1,1,0
0.16341578562734413,18,0,0.44411165937927544,1010,5,0,0,0,4,0
0.1059126513571753,28,0,0.14504249806149078,5401,7,0,2,1,0,0
0.03355662136287255,27,0,0.0928462571860141,20460,4,0,2,0,0,0
0.05119685536510047,31,1,0.4075112117024742,1914,13,0,3,1,0,0
0.20922574200952385,44,1,0.4538728756630742,4278,11,0,1,0,1,0
0.11777599272214324,36,0,0.1965817406810118,2043,9,0,1,0,0,0
0.11381051522010682,65,1,0.1350568002516327,6663,6,0,3,1,2,0
0.39983825778342347,41,1,0.07195590528601883,2551,5,0,0,0,1,0
0.029790656074965775,43,0,0.08261036065044362,29694,9,1,1,0,0,0
0.03979565688651564,57,3,0.33557712331260314,3813,10,0,0,1,1,0
0.01858177754060836,44,1,0.1589966008598764,3366,5,0,1,0,1,0
0.10659211624215632,62,0,0.24801406387013514,1526,13,0,1,1,0,0
0.19999280402695552,38,1,0.532630360272074,2299,11,0,2,0,1,0
0.45198140558391486,56,2,0.379811754154489,1696,7,0,0,0,1,0
0.34767651125603455,41,1,0.05075300542826778,8892,7,0,2,0,3,0
0.4500613087625671,29,0,0.8658899586083477,5434,10,0,0,0,3,0
0.17218408479941863,31,1,0.5300066302716264,8017,6,0,1,0,0,0
0.6278781898567891,46,0,0.16142620422497259,6124,10,0,2,1,0,0
0.44646289164267167,66,0,0.31889853412822644,11765,6,0,0,0,1,0
0.4957526088057853,37,1,0.2420623369269129,5160,7,0,1,0,2,0
0.36898020025695555,29,0,0.41258853723743616,1608,4,0,0,0,0,0
0.38943515565514,31,0,0.20566972195994265,1453,5,1,1,0,2,0
0.3059303326691916,25,0,0.6583035166006055,7128,5,0,1,0,1,1
0.2016141602992953,39,1,0.5311726365389802,1151,7,1,0,0,0,0
0.6501345127065429,37,1,0.10232664793904724,4966,7,0,1,0,1,0
0.4068149532942283,29,0,0.12523358385485603,5563,9,0,2,0,0,0
0.6509312624880413,42,1,0.7774507386161675,4695,10,1,0,0,0,0
0.18400722577051476,34,1,0.12465682561938024,2092,8,0,1,0,1,0
0.23781227832757645,45,0,0.30135214030500435,3904,15,0,1,0,1,0
0.43942558994937425,52,0,0.3756299368452528,1732,7,0,0,0,2,1
0.2677027627949372,37,1,0.3408516839445279,5333,13,0,2,1,0,0
0.32327970205485496,58,0,0.14088339649800755,10635,8,1,2,0,1,0
0.10612382593202041,53,1,0.527518441604405,6638,10,0,3,0,1,0
0.28639506836883244,43,0,0.10026808368028263,5892,8,2,1,1,2,1
0.17872585609335156,42,0,0.2893064867657528,1718,7,0,2,1,1,0
0.0464754598778787,56,2,0.4361625418145701,18326,7,0,1,0,0,0
0.6273149995213438,27,2,0.07310560202283209,8715,6,0,1,2,1,1
0.436481557828138,52,1,0.3585522296138016,13283,6,0,1,0,0,1
0.14113747660966097,66,0,0.7051126861583242,4717,14,0,1,0,1,0
0.3455892136242778,26,0,0.11891573638039742,1358,7,0,0,0,1,1
0.1797491607792859,18,0,0.3838269729582899,4282,7,0,0,0,0,0
0.2610650321300997,18,1,0.19856599986127602,3009,7,0,0,0,2,0
0.17478864380106343,28,2,0.37353047694383124,1360,11,0,0,0,0,0
0.5052512912207996,51,1,0.7246309475596157,2337,8,1,1,0,1,0
0.21404282734463886,40,1,0.8186728928980458,3638,10,1,1,1,0,0
0.11826765526096157,43,0,0.3812869964765747,927,13,0,0,0,0,0
0.06439053958288601,34,0,0.48378883108596016,5583,13,1,0,0,2,0
0.42984630271948665,21,1,0.3601573857955299,6976,7,0,2,0,1,0
0.19283197007768857,39,0,0.38570213474170706,3079,7,1,0,0,1,1
0.45775916921949805,40,1,0.2823674091738115,5486,9,0,0,0,0,0
0.16138829180690456,66,3,0.38297745615298734,22199,8,0,0,0,0,0
0.19920290393589898,55,1,0.5014896668960307,1483,9,0,1,1,0,0
0.3519676892336315,26,0,0.606000030899618,5118,12,0,2,0,5,0
0.06139462791116105,37,0,0.29864643930069673,1152,8,0,2,0,1,0
0.34520291521347696,31,1,0.12067071872382866,1626,3,0,4,0,0,0
0.2237027936220139,27,1,0.3304189150389016,2530,8,0,1,1,1,0
0.45535467359456355,57,0,0.3885873169690182,9207,9,0,0,1,1,1
0.17967085117253342,29,0,0.06518040941578777,3189,7,0,3,0,1,0
0.6934551502972296,66,0,0.24015179643351087,10269,8,0,1,2,3,1
0.37360233936915377,36,0,0.3781928624398285,8587,11,0,1,0,1,0
0.21097128597946227,34,1,0.7845171366996077,8066,16,0,1,0,0,0
0.4642570312377992,32,0,0.43252109019429125,1204,5,1,1,0,1,0
0.13590085546413663,31,0,0.7533978209971561,795,2,0,2,0,0,0
0.030919173886476563,18,0,0.17257641627825066,1721,6,1,0,0,2,1
0.6217602772304439,45,0,0.8359242111182308,11885,8,0,1,0,0,0
0.3116173667635116,64,1,0.6224324083425974,3869,5,1,1,0,1,0
0.6560599632204241,69,0,0.42115726904145995,9149,7,0,1,0,0,1
0.5743189636570689,30,0,0.1685924147609103,8777,10,0,1,0,0,0
0.4628430986168239,33,0,0.4849600142837194,17581,12,1,0,0,0,0
0.10623817674123123,63,1,0.49673375369060885,8699,6,0,0,0,0,0
0.33361994883227014,43,0,0.23126663961210484,1375,11,0,0,0,0,1
0.02779038223988755,34,0,0.6028630531619931,2176,12,0,2,0,0,0
0.3536268389219699,47,0,0.4098710810094447,5824,3,0,1,0,0,0
0.1733104616232103,61,0,0.48642532184491716,20444,11,0,1,0,5,0
0.11386112080415396,58,2,0.377864548334045,14048,6,0,0,1,1,0
0.15144537597846394,59,1,0.038161023641694394,1593,9,0,1,1,0,1
0.5149591285964545,44,0,0.10489272785666083,11506,5,1,3,0,0,0
0.10986538609616611,54,0,0.23182734138836777,15067,8,0,1,0,1,0
0.1517434563071011,33,0,0.27452986749500313,4031,14,0,0,0,2,0
0.3168356609849638,67,0,0.4609227800429265,9490,6,0,5,0,2,0
0.317872529495147,21,0,0.31617429002682296,10230,7,1,0,0,1,0
0.06817150765366467,52,2,0.5048549688333481,7414,6,0,0,0,2,0
0.29084668917223255,18,0,0.6279281982291869,8174,9,0,0,0,2,0
0.39573377447812885,35,2,0.4169070344934555,1931,12,1,1,2,0,0
0.6590971184053989,35,0,0.461674224185942,11545,8,0,0,3,0,0
0.033054025435065616,37,1,0.20763394943134642,4740,9,0,2,1,2,0
0.21057214780538194,18,1,0.1807900844653314,10177,8,0,1,0,0,0
0.4030327517266763,44,1,0.45536846221536237,1692,7,0,1,0,1,0
0.49068490153570377,37,1,0.746476812979478,11258,15,0,0,1,2,0
0.056750482328753814,39,0,0.6238125763186783,6598,9,0,1,0,0,0
0.23910143329851344,19,0,0.4936039712337716,7185,10,0,1,1,1,1
0.239148745871168,23,1,0.8102973677878131,5008,7,0,1,2,2,0
0.48522328030249623,28,1,0.3517371864442403,5040,11,1,2,0,1,1
0.08452287069217888,41,1,0.32291969946881227,4388,6,0,1,0,1,0
0.37826029833961317,55,0,0.14503395526083496,3072,8,0,2,0,0,0
0.17680156214916753,53,1,0.21860562286416169,11587,10,0,0,0,1,0
0.28689481184899807,37,0,0.04485445116009914,2661,8,0,1,0,0,0
0.3190777401392112,57,0,0.7844706584190649,2841,12,0,3,0,0,0
0.26519457623395715,53,0,0.5043299452774974,1870,6,0,0,0,0,0
0.20130971150910054,55,1,0.42819271762618516,1950,8,0,1,0,1,0
0.48082454063580915,42,1,0.7454384460239802,3879,7,0,0,0,1,0
0.22972919209991205,46,1,0.4053976285215117,10127,9,1,0,1,1,0
0.15624501424235698,45,0,0.2751274701944021,6263,8,0,0,0,1,0
0.35246466616796884,28,1,0.24570420095963266,18373,7,0,2,0,1,0
0.7003114962227664,51,1,0.4391968744602604,5096,6,0,0,0,0,0
0.19940680323591764,61,0,0.5836702506412886,15481,6,0,1,0,0,0
0.18176291275973866,51,1,0.46406697263706853,6389,8,2,0,0,2,0
0.21470253292728061,45,1,0.6566827939139929,8697,9,0,1,1,0,0
0.05854989253039646,40,0,0.4279992976207972,1431,9,0,2,0,3,0
0.2708767168143593,38,0,0.6466924778875734,7386,6,0,0,0,2,1
0.137389487055196,34,2,0.667268679265434,2145,7,0,2,1,0,0
0.08198280846865183,51,0,0.6320644716294921,6517,4,1,1,0,2,0
0.4170105065459123,60,0,0.20593958784861213,7506,3,0,0,0,0,0
0.1538278920968818,35,1,0.27259860205209224,6310,9,0,1,1,2,1
0.09033735008162375,49,2,0.36391222895294945,9940,6,1,1,0,1,0
0.17335018552239306,36,1,0.5283493026357915,5691,12,1,1,0,1,1
0.23660287400248198,39,2,0.40858100550815857,2797,7,0,0,0,3,0
0.27584325255651326,26,0,0.7580179192150441,1730,8,0,0,2,1,0
0.5481997241588691,48,0,0.31603847464916573,49924,8,1,1,0,1,0
0.2634203694932688,45,1,0.16993174974800726,8759,8,1,3,2,0,1
0.7686867167042607,38,0,0.40901979617038065,5320,5,0,0,0,5,0
0.5670205293204661,28,4,0.40096845739277087,16729,11,0,1,0,0,0
0.16307702191810391,63,0,0.598352828364093,1810,5,0,1,1,0,0
0.4238322484981113,44,1,0.22093165310083057,3311,5,0,0,0,0,0
0.12210852512403718,72,0,0.35604928116290163,1112,11,0,0,0,2,0
0.5038957213375579,49,1,0.4815201037733475,2451,9,0,1,1,2,0
0.052040600226504495,47,0,0.28495557856618003,6804,13,0,3,0,0,0
0.12364493033843627,53,0,0.6915884825613974,3274,6,0,0,0,1,0
0.23038586096101127,58,1,0.4274687932615951,5528,5,0,0,0,0,1
0.13639150776783307,59,0,0.5795817599770021,7910,6,0,3,0,2,0
0.2021370158357697,66,0,0.44618776349324574,5388,5,0,0,2,1,0
0.18221989945141873,46,1,0.14779026657935718,2997,9,0,1,0,0,0
0.11052244124274925,45,0,0.2595942275586499,52565,9,0,1,0,0,0
0.08858044274418166,23,1,0.6341914918440646,8360,15,0,2,2,1,0
0.43916260090536724,34,1,0.5928037949362415,17668,5,0,0,0,1,1
0.2477056766383628,39,1,0.32366449908003037,6901,10,1,1,0,1,0
0.2295162029412423,38,1,0.21372351068361956,6342,8,1,0,0,1,0
0.12826554340330695,18,0,0.2590551276637266,2870,8,0,3,1,1,0
0.20066782495277924,51,0,0.39037832903107283,8633,14,0,1,1,1,0
0.3785167122665566,35,2,0.3990216955917902,8754,7,1,1,0,1,1
0.281084412618864,59,0,0.16460505401950568,1602,9,0,2,0,2,0
0.10488956952822205,44,0,0.2809684577463552,9540,5,0,1,0,2,0
0.11110671571202003,49,0,0.23917300279315504,3542,13,1,1,0,3,0
0.23954697807820044,43,0,0.10353454365615666,3335,6,0,2,0,0,0
0.42660398549983125,23,0,0.529221655332827,8449,6,0,0,0,0,0
0.4748409612022482,47,0,0.8447808538168918,4239,8,1,2,1,2,0
0.23391137797365774,58,0,0.22785602556247553,7481,4,0,0,0,0,0
0.30360438407846096,23,0,0.5109039654748087,2135,7,0,3,2,3,0
0.2168584715052338,38,0,0.08387341697944514,1160,3,0,1,0,0,1
0.16376511552184086,18,0,0.13439299637914925,7035,7,0,2,0,1,0
0.5683542520624102,33,1,0.5368471823697548,2629,8,0,1,0,2,1
0.44416938606759154,21,0,0.6179467006528188,14056,16,0,1,0,0,0
0.06727891896178056,37,0,0.7071356376832368,2379,7,0,3,0,2,0
0.30164869487688134,60,0,0.4236890483080944,19274,6,0,1,0,4,0
0.1513074693501956,53,0,0.10819204591769654,1459,4,0,0,1,0,1
0.20392596883953362,46,0,0.36403504634998746,1879,6,0,3,1,2,0
0.26368710387281075,37,0,0.024420457686942003,14232,5,0,1,0,3,0
0.427041570136931,27,0,0.12718644973658974,15522,10,1,0,0,1,1
0.17561633091837625,43,0,0.17980384506214322,7658,9,0,0,0,0,0
0.1467449030797616,34,1,0.25863980626128463,15845,5,0,1,2,1,0
0.30428113540680185,27,0,0.732382848109064,4370,7,1,1,0,0,0
0.3054844264877216,26,0,0.3801251331279738,901,8,1,0,0,1,1
0.6490747832973648,46,1,0.19823383337322553,2679,9,0,0,1,2,0
0.21647051560625036,42,1,0.4553161713520319,2829,7,0,1,0,0,0
0.1336448561287317,58,0,0.8730007101774184,4075,4,0,3,0,1,0
0.18713199401745936,42,1,0.13323559214165098,1291,7,0,0,1,1,0
0.32677827581515284,64,0,0.1740031351187632,9420,11,0,0,2,2,0
0.19080271890423997,41,0,0.12026692884603292,20794,8,0,0,0,0,0
0.35140704075001505,51,2,0.07012561828155821,2046,8,0,1,0,2,0
0.259543048998665,53,0,0.41168022158145523,1947,6,0,0,0,0,0
0.44854609537648826,59,0,0.3130916110526046,2354,7,0,0,0,1,0
0.18216369817298683,84,0,0.39548459313698225,3953,15,1,1,0,1,1
0.13385552268019776,73,0,0.7175976542696726,2537,13,1,2,0,2,0
0.5387722560732602,18,2,0.7157890445168803,4201,4,0,1,1,1,0
0.2770219663274453,39,0,0.09641554121187038,1276,9,0,0,0,1,1
0.09005963319887192,42,0,0.13694890926620212,9977,12,0,1,0,3,0
0.36934664881424395,47,1,0.1860445261240658,11202,5,0,0,1,2,0
0.2540000202181538,43,0,0.06675747810981128,5971,7,1,0,1,0,0
0.3987314556208666,52,0,0.616317763863688,14286,9,0,1,0,1,1
0.17054891278294818,71,0,0.517573743912282,2832,9,0,1,0,1,0
0.21741349801961707,23,0,0.6188120938140237,1960,6,0,3,0,0,0
0.2629314783193622,51,2,0.21773268562057715,18029,5,0,0,1,1,0
0.3701409944634081,32,1,0.3205945740547746,2761,5,0,0,1,1,0
0.19045717397970896,46,0,0.21519378485777182,5915,4,0,0,1,1,0
0.11670840475342692,65,1,0.1994785175766292,8465,8,0,0,0,1,1
0.3717198442049408,34,0,0.6044973530555506,2201,11,0,1,0,1,0
0.11360712612140236,35,0,0.5244341263699636,2686,10,0,1,0,1,0
0.2914419670986788,62,1,0.2997383752155578,16411,6,1,1,0,2,1
0.4827412463026292,95,0,0.5576153908923596,13927,8,1,2,1,0,0
0.2823008389018895,38,1,0.6790896847505253,7119,10,0,1,0,0,0
0.40565032323181904,43,0,0.22304542420165815,4141,8,0,0,0,1,0
0.5747465294970351,28,0,0.26520363021604487,19840,9,0,1,0,1,1
0.24599941564717004,68,0,0.09876575791636154,8164,2,0,1,0,0,1
0.30971629772357134,50,0,0.7442298088016526,8330,9,0,0,0,1,0
0.20334815278159782,44,0,0.4487257378823476,2619,11,0,0,0,0,1
0.318266954763941,61,0,0.46504994875527,4215,5,0,1,0,1,0
0.3117742195100334,48,1,0.756062177544357,1278,11,0,0,0,0,0
0.7028284050178053,55,0,0.09335091786521015,3541,10,0,3,0,1,0
0.18061358931211352,43,3,0.7247606823635345,5580,6,1,2,0,1,0
0.23648563702207834,44,0,0.3606926820246821,1236,4,0,2,1,1,0
0.347279020007677,31,0,0.736562892400025,18000,11,0,1,0,1,0
0.2882029095459376,40,0,0.6968242013252148,3913,9,0,0,1,1,0
0.19254527153377127,47,0,0.5448730110672265,5208,12,0,1,0,0,1
0.22023384761971482,40,0,0.146357814347788,16893,6,1,2,2,0,0
0.4956432919434514,61,0,0.19922793272823386,2335,13,0,0,0,3,1
0.11006652286664724,41,1,0.3798057550578738,3578,10,0,0,0,3,0
0.2507123179702504,38,0,0.07688196800594445,11811,12,0,0,0,1,0
0.06525555865924923,42,0,0.4487444659135746,5721,11,0,0,0,2,0
0.148969373589933,37,1,0.24208017378690908,1995,10,0,1,0,3,0
0.43124385306056623,58,0,0.3432405769960223,18662,9,0,0,0,0,1
0.44307777719479297,49,1,0.5880204444549071,1735,7,0,0,0,1,0
0.04927653526361056,45,0,0.42916013126303093,3689,6,0,0,0,0,0
0.1506945999914199,65,0,0.07855162770841376,1960,2,0,1,0,1,1
0.2429862805054261,44,1,0.18346270372655646,3971,9,0,3,1,0,1
0.5943648035265477,44,0,0.370018817549927,4021,9,0,0,0,2,1
0.45552588738783684,36,1,0.6715803260523963,24688,11,0,2,0,1,0
0.49038589805908456,26,1,0.3746495429832605,3044,8,0,1,1,2,0
0.49056211950069023,53,1,0.5256412302346729,9749,10,0,2,1,1,0
0.2659863372079755,25,1,0.6039183578902652,6874,10,0,2,1,2,1
0.433349298617075,44,1,0.5728824588183182,7234,11,0,2,0,1,0
0.24242992259390717,61,0,0.13678648327737744,10210,4,0,3,1,2,0
0.027639802720211153,37,2,0.408543681582396,6187,6,0,2,0,3,0
0.2515577390813412,43,0,0.3601104664318934,1346,12,0,0,0,1,0
0.13827134649590034,40,0,0.19821723239679973,8273,12,0,0,2,1,0
0.3158015404762268,50,2,0.35786796260048986,3491,9,0,0,1,0,0
0.15599211355163792,51,2,0.4370273113092942,13004,8,0,1,0,2,0
0.10266731007544151,75,2,0.4521898872838991,3175,3,0,2,0,0,0
0.07688378341155123,51,2,0.06824770913695073,5628,12,1,1,0,0,1
0.3839713328049938,39,0,0.27128656925154276,25139,10,1,1,1,0,0
0.08771347465980128,40,1,0.6605656865272261,6026,7,1,0,0,0,0
0.3361154456727322,51,1,0.43745033072379386,3938,8,1,0,1,1,0
0.1710118722002906,35,0,0.2603319079137508,3977,7,0,1,0,2,0
0.2615483907762579,45,2,0.6821697296262723,6033,10,0,0,0,0,0
0.08618417909173322,43,0,0.2738489153810134,3119,5,1,3,0,0,0
0.2416555411206482,22,1,0.39590088859757994,1846,4,0,0,0,1,0
0.08813204487642501,43,1,0.8180955916364506,1005,9,0,3,0,2,1
0.17357916617026328,53,0,0.609289221085308,1118,2,0,1,1,1,1
0.22967598531857156,40,0,0.7360761825584755,7604,6,1,3,0,0,0
0.23015949357734425,38,0,0.7629941570539245,5281,6,0,3,0,3,0
0.2242001233611461,54,0,0.5511699058920432,1489,5,0,0,0,2,0
0.21249097956400673,47,0,0.08954896991206596,16737,8,0,0,0,2,0
0.23404575656105842,46,0,0.15420371363392005,19291,14,0,0,0,3,0
0.36367461562660086,37,0,0.6635676890061684,6278,6,0,1,0,1,0
0.4136282292807882,79,0,0.0847615180785518,1578,6,0,0,0,2,0
0.02944367184069753,18,1,0.5094984570352865,1067,6,0,1,0,1,0
0.11741390705281501,44,0,0.4696054590984498,9521,8,0,1,1,0,1
0.3664973330889071,43,0,0.357411192404317,10549,4,0,3,0,1,1
0.10318802119073807,43,0,0.248853077607114,3012,4,0,2,0,1,1
0.3821058364803599,53,0,0.6581190550326184,9579,5,0,0,0,0,1
0.5168658746198822,25,1,0.4334458622553608,7188,7,0,0,0,4,0
0.23852831818672648,68,0,0.16356384334230525,10509,5,0,1,0,1,0
0.37709647770274307,18,0,0.353387086845617,12037,10,0,3,0,1,0
0.5256253348862855,49,0,0.2401118830482401,2810,5,0,0,0,0,0
0.090676763517273,67,1,0.5858002139344419,2612,6,0,2,2,1,0
0.2180130543856724,59,0,0.6207761699746628,1704,7,0,1,1,3,0
0.7612780700464188,21,0,0.038108802170191136,9804,12,0,2,0,1,0
0.0675334795074743,57,0,0.14723586586088935,9545,9,0,1,0,2,0
0.11900977474783356,48,2,0.5927306249689142,23860,9,0,2,0,0,1
0.19899111405454617,47,3,0.36152313498419086,3291,10,0,1,1,0,0
0.44505240963265164,37,3,0.17770355985114972,6165,9,0,3,0,2,0
0.7238716706230879,48,1,0.35406768684125134,7137,8,0,1,0,1,0
0.28855723652909676,46,1,0.7293762710179967,3112,13,0,0,0,1,0
0.27027448210441885,18,2,0.2009468223383404,14019,16,0,0,0,2,0
0.08058067539286208,40,1,0.5946490632287247,8335,13,0,3,0,1,0
0.39488370670050144,53,0,0.24185433414723811,17871,8,0,1,0,2,0
0.42335867803049837,36,2,0.4064167593642284,6351,6,0,1,0,2,0
0.3235845099361497,40,1,0.4913744310837491,10614,8,0,0,1,1,0
0.19858935293934063,55,0,0.7055990126923557,1920,12,0,1,0,1,0
0.47307246660230584,70,0,0.3595028016781463,1229,12,0,1,0,0,0
0.003470136573523545,40,0,0.5135423980323761,7002,11,0,1,0,1,0
0.25607560975219584,36,1,0.29791616523640396,6963,4,0,2,0,2,0
0.3047569263932714,53,0,0.4567823982764889,6271,6,1,0,2,1,0
0.10747994595358744,25,0,0.5095267208931653,2072,7,1,1,0,0,0
0.2289555546725983,42,0,0.556160844285212,4141,6,0,0,0,2,0
0.3190577690317159,78,2,0.259838569454321,2517,9,1,1,0,2,1
0.08224137745949628,18,1,0.42246006880832343,3287,10,0,1,0,3,0
0.4898567957396081,36,1,0.17942304078486848,15383,7,0,1,1,1,0
0.18600441815254265,27,1,0.18466658265273603,4417,9,0,1,0,2,0
0.46492598384677636,32,0,0.4244454157220598,10881,6,0,2,0,1,1
0.14895203743319954,74,1,0.5737341821803207,4244,4,0,1,1,0,0
0.04955438735254928,36,0,0.30406814849191405,5133,14,0,0,0,1,1
0.44048850295619785,43,0,0.32525550970266837,3658,8,0,1,0,1,1
0.16045570588820138,48,0,0.5027470604789775,7080,16,1,1,0,1,0
0.5934081446853771,49,1,0.23047552780180888,12350,10,0,2,1,1,0
0.36323344945412966,43,0,0.3946101491961,4499,9,0,2,0,0,0
0.493908768946438,63,1,0.3370815284314604,5358,6,0,0,1,1,0
0.40333111114874914,21,0,0.3496097780557817,1224,7,0,0,2,0,0
0.39970505669598555,33,0,0.2706582273675508,8831,2,0,6,2,0,0
0.20412346684866498,19,0,0.6275480555017781,1695,5,0,3,0,1,1
0.4197310218409028,37,0,0.2561950456702599,6067,9,0,2,0,1,1
0.47488410813702325,38,1,0.5416285807627599,8868,11,0,0,1,1,0
0.250589728803184,46,0,0.48545369051120724,3746,9,0,0,1,1,0
0.4444035560867679,50,1,0.46103810816884566,2142,8,1,1,0,0,1
0.2868057310726866,41,1,0.1415131035053965,3104,9,0,1,0,2,0
0.10166104522472555,37,0,0.2108254592070593,10544,6,0,0,0,2,0
0.5221764596757159,45,0,0.3874675758412464,13052,9,0,1,1,0,0
0.6635705461653721,65,1,0.5845697074926659,6729,4,0,1,1,1,0
0.5068851602920038,38,1,0.813925926733337,7039,6,1,0,0,1,1
0.3121410209416156,48,1,0.2929450722822707,4734,12,0,1,0,2,0
0.342193164558806,57,0,0.08204261879857987,1753,10,0,2,0,2,0
0.31984822465058405,41,0,0.399862522467895,7502,9,0,2,1,0,1
0.18338228526237704,20,1,0.10923244751541704,2970,4,0,0,0,1,0
0.29116037196642924,42,1,0.08197973477175331,19232,11,0,0,1,1,0
0.04915393345352628,45,1,0.5646407406096389,4439,8,0,2,0,1,0
0.24654555479252574,36,0,0.5249499843206203,4966,12,0,1,1,1,0
0.2702242092539049,37,0,0.8208551434687623,4231,11,0,2,0,1,0
0.6707541383400907,71,1,0.16042089129413692,2003,3,0,2,2,0,1
0.18872569189519214,45,0,0.8080981429329633,20309,11,0,0,1,2,0
0.47588087882742297,28,0,0.333700546745836,4705,6,0,3,0,1,0
0.46696284543063976,63,0,0.28270199563748993,10211,5,0,0,0,0,0
0.5874009438038718,41,1,0.8399116098257181,6539,8,0,2,0,0,0
0.17200113844906417,38,3,0.03652861829295076,8833,8,0,4,1,1,0
0.4584865310831823,60,1,0.2965459011451568,2556,5,0,0,0,0,0
0.45723926284742683,24,2,0.15659352959377992,3571,3,0,0,0,2,1
0.09001534660808422,38,0,0.49802874923687757,799,7,0,0,0,0,1
0.34293791930954187,57,1,0.44389479240824686,4446,5,0,1,0,2,0
0.262910850157517,35,0,0.3924960619521162,10195,7,1,1,0,1,0
0.19988713998350047,59,0,0.32042206142049307,5917,10,0,1,0,2,0
0.3397160011559758,22,2,0.7268458275093994,2328,9,0,1,0,1,0
0.43812432040265353,83,0,0.23579855889764026,3254,9,0,0,0,0,0
0.29384165577515814,56,0,0.4319456611402359,17702,8,0,4,0,0,0
0.6399272095337339,18,0,0.6191693069299715,4629,9,2,1,1,2,1
0.08452481206268068,64,1,0.43975643744291104,7612,10,0,1,0,1,0
0.09987448953269448,71,0,0.1416739352081295,8714,10,0,3,0,1,1
0.4662734181903082,50,2,0.6280829974659758,1807,6,0,3,0,1,1
0.213173957413612,71,0,0.4662290180563453,5602,6,1,2,1,1,0
0.3111142554990835,55,0,0.2213186178818234,3014,9,0,0,1,1,0
0.4721585399360232,40,1,0.20648907097432437,9764,5,0,0,1,0,0
0.3781969739373207,36,2,0.22482543887185588,1839,9,0,0,0,0,0
0.21792762591980427,71,0,0.5277410091017886,8230,5,0,2,1,1,0
0.3146020566781832,47,0,0.6631258144428066,3232,14,1,2,0,2,0
0.2030396972556244,34,0,0.17416590682953012,4940,5,0,2,0,0,0
0.29843014768131126,47,1,0.5819583528911558,3550,7,0,2,1,1,0
0.1066432540139431,45,1,0.6166321752526476,2273,6,0,1,0,3,0
0.59735278917162,58,0,0.5435220687166125,6719,9,0,1,1,1,0
0.23008928463918518,51,0,0.4019422546517737,5818,16,1,2,0,2,0
0.23947599383039667,31,0,0.6422185325607747,8671,6,1,1,0,1,1
0.4423285910060725,27,2,0.3487599920061477,6894,0,0,1,0,0,0
0.1789598775770337,47,0,0.15480989159745506,16119,6,0,0,0,2,0
0.28813102144444885,33,0,0.20092704467185807,3073,8,1,0,0,0,0
0.28981682154797794,43,0,0.17121024063332974,17520,7,1,3,0,1,0
0.339285310393097,68,1,0.670246503280286,10006,6,2,1,0,0,0
0.5247308439848329,63,0,0.2715857648424205,4316,4,0,0,1,0,1
0.5958621037635864,75,0,0.14861685879269593,8311,9,0,0,0,0,0
0.35183845395652835,52,0,0.5944427227610377,17316,5,1,1,1,2,0
0.4367717932001911,37,0,0.8486040258300834,1548,10,0,0,0,1,0
0.09358725813546995,53,1,0.4336008228353625,4103,6,0,1,1,4,1
0.2871506093136976,35,0,0.20603507327887016,31839,6,0,0,0,0,1
0.12387690597336946,50,1,0.2833590185803476,8165,1,0,0,0,0,1
0.3134080131467728,64,0,0.06522438727012439,7996,11,0,3,0,1,0
0.5999148362431191,50,1,0.610950922980268,23427,12,0,1,1,0,1
0.28011745928205356,45,0,0.28757517784546927,2079,9,0,1,0,0,0
0.6212822117834467,49,1,0.8279177951960293,8290,7,0,2,0,0,0
0.29967576175298444,42,1,0.41849564377943504,8252,5,0,0,0,0,0
0.04237744391534848,32,0,0.49202547444903855,9495,4,0,2,1,0,1
0.3870225545875993,47,0,0.6442690619251151,771,11,0,0,1,0,1
0.2959727988644975,18,0,0.4721472436428624,1394,8,0,1,0,0,0
0.26468761877461794,61,0,0.24797956233241275,7463,6,0,2,1,2,0
0.37612209382241146,51,0,0.06932025746442107,1113,9,0,0,0,1,0
0.4292679911113365,36,0,0.47785573248623736,4618,3,0,2,0,0,0
0.19165968422486807,48,0,0.41991049561028915,5654,7,2,2,0,0,0
0.5008832355197103,60,0,0.21473983482429757,4012,8,0,2,0,0,0
0.21238695003947813,50,0,0.1963500652755958,13464,5,1,2,2,0,0
0.5398483366733264,65,0,0.3139236333233924,1058,11,0,2,0,1,0
0.5521848917793385,52,0,0.07747266909290479,1931,7,0,0,0,1,0
0.10425499429494062,52,0,0.682826939141565,4813,6,0,1,1,0,0
0.3418753732539584,50,0,0.6327766053592364,8069,10,0,1,0,1,0
0.14016364735948597,37,0,0.1959870046531034,22901,9,0,0,0,0,0
0.2353082644366802,47,0,0.7927353275332354,19295,8,0,0,0,3,1
0.14331399768003683,52,1,0.6636443898744362,1293,7,1,0,0,2,1
0.21258338309613808,23,0,0.7952003552171084,3351,5,1,0,0,0,0
0.33632484773736576,51,1,0.30442201910921496,4652,8,1,1,1,0,0
0.45389203996454436,54,0,0.2068094739183838,14127,9,0,1,0,0,1
0.5526956415231866,30,0,0.19804680599876487,2751,9,2,1,0,0,0
0.3976355645861634,54,0,0.6593031155077411,34860,10,0,5,0,1,0
0.25320110314622063,33,1,0.1640925365395014,7963,7,0,3,0,1,1
0.2292237377323402,49,0,0.4679420654769935,5598,5,0,1,0,0,0
0.2886616177446276,68,1,0.4330632063281606,3596,7,1,1,0,0,0
0.5544411535372294,38,0,0.02608786688141688,12885,7,0,2,0,0,1
0.13973584045828463,65,0,0.4275204338639973,4511,10,0,0,0,1,0
0.27069681306501253,61,0,0.24897102755623515,5430,9,0,0,0,0,0
0.436633088876728,41,0,0.5290531089025691,6428,7,0,2,0,0,0
0.39837918870436756,31,0,0.6184099761827296,12820,7,0,1,0,0,0
0.35305496117607416,60,1,0.32582673562015724,4477,5,0,2,1,0,0
0.12209713246436579,70,0,0.40645883869051264,944,13,0,1,2,0,0
0.4751754552385549,18,0,0.35191318474691685,6544,4,0,0,0,2,0
0.24686232324891336,42,1,0.3437204943984297,1460,7,0,0,0,0,1
0.11321106615678513,33,0,0.14478479998480795,682,9,0,1,1,0,1
0.2403756335020903,22,0,0.40764643593646593,11768,11,0,1,0,2,0
0.3390994859277383,44,1,0.6923305686490585,2068,8,0,1,0,1,0
0.43939774690275213,43,1,0.8834918473474017,5487,9,0,1,1,1,0
0.07810107517146572,27,0,0.45510454364804004,13227,6,0,1,0,1,0
0.39003144936290296,55,1,0.31530115620383886,5860,8,0,0,1,0,0
0.16400393578052702,52,1,0.2497131691393331,1887,5,2,2,1,1,0
0.16804482007537122,18,0,0.296564031502923,2249,5,0,0,0,0,1
0.4909988705150311,61,0,0.7458679177205444,16159,11,0,0,2,2,1
0.3469460381939782,59,2,0.6697268825809884,6589,7,0,2,1,1,0
0.0510295852640957,29,0,0.5575253697833198,3129,3,0,1,0,1,0
0.23146683057335918,28,0,0.5124459842604565,2726,6,0,1,0,0,0
0.15353578232111087,53,0,0.2823919961859105,2901,5,0,0,0,0,0
0.08953001218263099,53,0,0.5366447233681171,18307,12,0,0,0,1,0
0.46364810057412503,52,0,0.44978626253398896,5103,7,0,0,0,0,0
0.7113864422690569,44,0,0.2715681862898087,4283,14,0,2,0,0,0
0.18681667729676021,44,2,0.4131235478099546,13015,12,1,1,0,0,0
0.264684825913399,30,0,0.29364846301504116,5617,11,0,0,1,0,0
0.22886157291068907,18,0,0.6839777854038062,8442,11,0,1,0,0,0
0.026230129302350146,46,0,0.23397396327689501,4636,11,0,3,0,0,0
0.2921676589732682,79,0,0.22303132670610487,4413,8,1,0,0,1,0
0.7637460892996141,39,0,0.26762364335320665,4303,7,0,1,0,0,0
0.229315087624331,50,1,0.8305291166646792,1823,8,0,1,0,0,1
0.7227006974424867,36,1,0.049395190600823154,21110,10,0,1,0,0,0
0.12737929950294946,46,1,0.5842711307299395,2127,8,0,1,0,2,0
0.10561703124436235,62,2,0.10714513849854676,1719,6,0,1,0,0,0
0.3710148720080005,38,0,0.17577950179871857,5287,7,1,0,1,1,0
0.11710236790914706,45,1,0.3316963942780219,1826,6,0,0,0,0,0
0.5298525023290274,37,0,0.0986454163709872,8739,8,0,0,0,1,0
0.2607830212093005,62,0,0.7730868373865787,1081,8,0,1,0,0,0
0.2989711616595873,44,0,0.1677870477464073,13597,8,0,0,0,1,0
0.2023447122960871,40,1,0.07653528886789875,5283,8,0,1,1,1,0
0.011641033307300602,53,0,0.3877247215285452,6317,6,0,0,0,1,1
0.44782892660901963,47,0,0.6365241720360889,5037,7,0,1,0,2,0
0.09016936915893183,20,1,0.05675949691412979,7465,8,0,1,0,0,0
0.2186880573134403,65,1,0.507120059525834,4744,7,0,1,0,0,0
0.2508404816690165,26,0,0.2705386224694836,13297,8,0,1,1,1,0
0.1297472023619675,35,0,0.16153919195628993,4532,11,0,2,0,0,0
0.24132621660972237,75,1,0.2435792085896039,5557,7,0,3,1,0,0
0.3515235009702711,53,0,0.48930843354901543,2627,6,1,1,0,0,0
0.38017766993435953,55,0,0.7332351682890977,10668,4,0,0,0,1,0
0.3715228029014398,38,0,0.3268773630437395,5068,6,0,2,1,1,1
0.18001147792634828,67,0,0.7936649771032087,2031,10,0,2,0,3,1
0.5355606089818379,53,0,0.3142119896780402,1784,6,0,3,0,2,0
0.25526346722277415,23,0,0.17762427198546174,1753,5,0,1,0,1,0
0.7019591828423551,40,1,0.3768354243718562,6345,6,0,1,1,2,0
0.11799908693409948,64,1,0.5429365631330814,3037,11,0,0,0,3,0
0.6781135868509093,55,0,0.025365402400076727,9554,9,0,0,2,1,0
0.7021100374612929,70,0,0.19224313971594048,14006,11,0,0,0,0,0
0.19429280921586772,32,0,0.06937780830089561,8442,10,1,1,0,1,0
0.18878439377790707,60,0,0.7562303574564524,13898,3,0,0,0,0,0
0.2713389518024304,42,0,0.5037935842695138,5058,8,0,1,0,1,0
0.050652073619338635,22,0,0.6129822566271281,9205,17,1,4,0,4,0
0.3320895496260186,39,0,0.29466248500161785,1713,7,0,0,1,1,0
0.35947988183053287,18,0,0.5271722770870516,2741,8,0,0,0,2,1
0.01759378744522033,32,0,0.4857602287996513,15966,6,1,0,0,0,1
0.08840472545715394,48,0,0.23731188788892413,7577,12,1,1,0,2,1
0.3767462684391849,29,1,0.3081236018802203,2488,6,0,3,0,1,1
0.16887274384115428,55,0,0.6885881728993843,17130,15,0,0,0,3,0
0.15435142623815798,51,0,0.13671642384221916,11948,13,0,0,2,1,1
0.218605216219048,49,1,0.3149948577392431,3719,8,0,0,1,2,0
0.19308174239832848,18,0,0.17675851521880218,4324,4,0,0,0,0,0
0.45153135796921784,33,0,0.35839717447742886,1756,11,0,1,0,1,0
0.04580129764291275,26,0,0.5384538547420016,4749,8,0,1,0,1,0
0.29428534508737747,48,0,0.5003314885675906,4249,6,0,1,0,0,1
0.656243559738432,18,1,0.5652884645110644,3989,10,1,1,0,0,0
0.3048004740778547,49,0,0.5913164527709954,990,16,0,2,1,0,0
0.35961509330318187,48,1,0.8366304595388072,1546,3,0,0,0,1,0
0.33241913958574837,37,0,0.5540732061875717,4214,13,0,0,0,0,0
0.4881541243795015,49,0,0.5000971893819766,5740,11,0,0,0,1,1
0.05771748499830571,40,0,0.4692586689283705,6218,7,1,1,0,3,1
0.5302728996935645,47,1,0.22168745557543595,4513,10,0,1,1,1,0
0.3685639692120128,52,1,0.4580829771932017,13916,9,0,3,0,1,0
0.1842275018898328,51,1,0.18758877656318113,7615,6,2,1,0,0,0
0.41400417600902606,56,1,0.6058176818365465,5860,9,0,1,0,1,0
0.13924308053171586,64,1,0.6208248139040118,8349,10,0,0,1,1,0
0.4475154695786806,36,1,0.2908074239326351,1809,8,1,1,0,2,0
0.22068371437527406,59,0,0.18891338915418876,14715,6,1,0,1,2,0
0.3625518238434533,35,0,0.2922950827945655,1644,9,0,0,0,2,0
0.26081661425167957,37,0,0.6237884780628508,3137,5,0,2,0,0,0
0.021409300401959538,30,0,0.46905115522490815,4554,11,0,0,0,2,1
0.33658602790267034,28,0,0.48119326151599173,9073,8,0,2,0,0,0
0.2979396007208644,40,0,0.7611133513184188,791,7,1,1,0,0,0
0.4450738090239265,51,0,0.2294426199295127,8922,11,0,0,0,1,0
0.5382915105463303,37,0,0.331512542308372,4895,6,0,1,0,0,1
0.30217578845005766,68,1,0.7162509842570065,1682,9,2,0,0,0,0
0.3092140900123913,57,0,0.39022427954785366,6539,10,0,0,0,1,1
0.5439620602507066,52,0,0.476967040919367,2120,6,0,0,1,0,1
0.30352341212520206,32,2,0.1402818119381521,1723,9,0,1,0,0,0
0.36518940278256395,42,0,0.26573314893886657,10242,5,0,0,0,0,0
0.1897341532343832,47,0,0.7868580250067803,10191,5,0,0,0,1,0
0.26073178317661794,46,1,0.41881997296411977,6565,5,0,1,0,1,0
0.08810787520341033,33,0,0.5207283162478797,2744,6,1,0,0,1,0
0.4515619483179679,37,0,0.30293972042493333,10242,6,0,2,0,0,0
0.3945365850869259,41,1,0.4933645866230068,1616,6,0,0,2,1,0
0.44051563537493826,50,0,0.33912611810138266,552,8,1,0,0,2,0
0.2095794533727523,33,0,0.6716787592042875,2024,7,0,0,0,1,1
0.3235580617894177,45,1,0.14317565042130354,2223,6,0,1,1,0,0
0.19027006479101202,39,0,0.33039312284198574,39912,16,1,0,0,1,0
0.21347061208756246,67,0,0.07579730712771796,10948,11,1,1,0,0,0
0.4014348359710181,24,0,0.14614621063707403,3342,14,1,0,0,0,0
0.5772742584345172,20,0,0.6204100905166587,2411,7,1,0,0,0,0
0.16633435610605116,46,1,0.8332609256765782,7659,9,0,1,1,2,0
0.20103528721678324,56,1,0.33012340393823414,2893,10,0,3,0,2,0
0.311178263763065,18,0,0.16099596223776988,6372,5,0,1,0,1,0
0.23964875896269647,54,0,0.45286136941888877,15646,10,0,0,0,0,0
0.18115743523278782,65,0,0.6181173118199372,15511,6,1,1,2,0,0
0.3431362689712929,27,0,0.45453076198621317,1945,6,1,0,1,0,0
0.12643037463898657,62,1,0.5918728473852638,2317,10,0,1,0,3,0
0.08740876213799931,21,0,0.11482832728900984,8591,8,1,1,0,2,0
0.08735119883484531,42,2,0.25646226989088133,6179,9,1,1,0,1,1
0.044353803162454325,45,1,0.6182571366182126,2031,15,0,2,0,0,1
0.11275154130336577,37,0,0.5957374794246022,2973,10,0,0,0,0,0
0.1308261441280912,47,0,0.32275677169204475,14338,8,0,0,0,1,0
0.33047850200363876,57,1,0.5588823859222121,3949,8,0,0,0,0,0
0.6376875071048825,56,1,0.04529126468567578,9047,4,0,0,0,2,0
0.03337317227855333,49,1,0.5238595042585359,3849,10,0,0,0,0,1
0.3239723434008149,29,0,0.7092881442227358,4229,11,1,2,3,0,0
0.3353498399219435,18,0,0.15865334326925137,2282,7,0,2,1,1,1
0.014273864818346044,43,1,0.36857316060710077,12220,12,1,0,0,0,0
0.5430175938577375,48,1,0.4501864274540669,3686,8,1,2,0,1,1
0.17008636736502347,49,0,0.507787386727768,14048,4,0,2,0,1,1
0.23967169962871843,56,0,0.6369589384309187,3001,6,1,1,0,0,0
0.25007586593708164,41,1,0.35052392657080456,996,8,0,3,0,1,1
0.49005865526787745,24,0,0.3360489965802394,1495,10,1,1,0,2,0
0.045006336267153065,60,0,0.1534021275389628,5325,10,0,0,0,1,0
0.1653488848601726,35,0,0.19164685923213393,18384,5,0,2,0,1,0
0.07752050150478124,44,1,0.5166778967894129,4039,6,0,1,0,1,0
0.42199206374891635,40,1,0.41253440696826255,6756,5,0,3,0,2,0
0.08502330192571815,21,2,0.1925042848533525,904,9,0,0,0,0,0
0.564769052006197,48,2,0.35911333700384324,1855,5,0,0,0,1,0
0.091272006729193,55,2,0.5088063622914626,1254,9,0,0,0,0,1
0.4917023665451372,49,3,0.05578149231814126,12127,13,1,1,2,4,1
0.04753925582716103,60,0,0.06742352585830111,10294,14,0,1,0,0,1
0.3463995627617069,20,0,0.24012688386990194,20119,10,1,1,0,3,0
0.40105162477865974,57,0,0.6572029940896426,3746,9,2,1,0,3,0
0.48858746567480105,52,0,0.4049744160972122,1863,5,0,1,1,3,0
0.12659479255250192,38,0,0.41879622945972544,3839,4,0,0,1,2,0
0.0046521410275179986,53,0,0.19955384242139707,2481,4,1,2,0,2,0
0.25404454210886385,61,3,0.3651968376427917,4396,7,1,2,0,2,1
0.26965977730592605,52,1,0.30708104712379447,1247,8,1,0,0,2,1
0.47933931933838475,39,0,0.5876575542057043,6741,6,0,2,0,1,0
0.06710744317691482,32,1,0.3363525314993336,1919,4,0,2,0,4,1
0.1204051147793337,56,0,0.5151228863390105,2140,6,2,1,1,0,1
0.38020478345972747,37,1,0.2524904007929619,2918,7,0,2,0,1,1
0.18815229803885114,65,1,0.3957091790081018,2712,11,0,1,1,1,0
0.06839691833128116,34,1,0.3434583595332761,10933,6,2,1,0,1,1
0.4306990885604494,27,0,0.0687724167820805,3926,10,2,1,0,2,0
0.18747058341556694,40,0,0.8304343202281143,15341,6,0,0,0,1,0
0.19676385898047782,47,1,0.10545869191714848,4616,5,0,2,0,2,0
0.347169759601458,42,1,0.2534088742593359,6139,9,0,1,0,1,0
0.24220561017437017,22,0,0.4563286406241317,3284,7,0,1,0,1,0
0.6617879516325016,29,0,0.27417439311575037,4966,8,0,2,1,3,0
0.41920044603679335,45,1,0.4808069924683355,19916,11,1,0,0,0,0
0.17469672962046615,47,0,0.6849527718164451,5578,7,0,3,0,3,1
0.49270581848358436,53,0,0.24677821418569842,8753,8,0,2,0,0,1
0.04750225747046604,24,2,0.32854398285186126,3886,5,0,2,1,0,1
0.2792074015541838,52,0,0.6702477586884503,2644,12,0,2,1,2,0
0.626582786044786,30,0,0.7398441474905096,4915,9,0,0,1,0,1
0.4286501068036329,52,0,0.156258044619373,4736,6,0,2,0,2,0
0.14937746840790286,46,0,0.6128719953895878,18480,13,0,2,0,2,1
0.07903596171122196,45,0,0.24207979343869235,4531,8,1,0,0,0,0
0.102365767271365,54,0,0.5672626155711628,2245,10,0,4,0,1,0
0.224588931874763,19,1,0.7560702371262522,3486,5,0,1,0,1,1
0.1573321875178529,21,0,0.4143152563025148,4383,8,0,2,0,3,0
0.13700222058742478,54,0,0.5509866615030791,7338,9,0,1,0,0,0
0.43269112094200773,46,0,0.5755355854312064,4445,7,0,1,1,2,0
0.18928904628155352,33,0,0.42355757548464024,1338,7,0,1,0,0,0
0.1076836323794692,28,1,0.24663292063179904,2790,4,1,0,0,1,0
0.22263613659335268,32,0,0.5517072876102752,2012,6,0,2,0,0,0
0.4366747460687983,55,0,0.3867994283532923,5297,6,2,1,1,3,1
0.528688928102362,42,0,0.042464268658022886,3843,6,0,0,0,0,1
0.5150801224920135,18,1,0.8116392965690122,5611,8,0,0,0,2,0
0.49052467443512965,41,1,0.5855454329744229,4066,8,0,2,0,0,0
0.4583082397603357,40,1,0.3031223187306471,20202,5,0,0,1,0,0
0.3818613944302149,45,0,0.2587358568225334,3912,6,0,1,0,0,0
0.4927298134265539,48,0,0.33070346461238687,3227,10,0,0,0,0,0
0.12534251666358542,26,1,0.31606307835701225,12201,7,1,0,0,2,1
0.383117094148808,50,0,0.24754667661654428,13591,5,0,1,0,1,0
0.17687516634866227,21,0,0.5143619232182892,1568,10,0,3,0,3,0
0.4020988953932731,46,1,0.2604855357548928,2950,9,0,0,1,0,1
0.6280023452940542,32,2,0.2727291887507999,12637,8,0,0,1,3,0
0.22169637875535456,60,1,0.2978272602071218,7615,6,0,0,0,1,0
0.2063673339810642,47,1,0.09653283774516132,2048,7,0,1,0,3,1
0.30642735469070803,75,1,0.1788769615797099,10259,10,0,0,0,2,0
0.2506828821969994,27,1,0.2562705364498259,1971,11,0,1,1,0,1
0.06818302131041727,57,0,0.30139322319249146,769,9,0,2,1,1,1
0.19384213323000563,36,0,0.48812043000623234,4885,12,0,0,0,2,0
0.42091673452082323,45,0,0.3943275638357221,1604,8,1,0,0,1,0
0.14435626033786136,49,1,0.17533146033287467,4881,6,0,0,0,2,1
0.12366905416713299,40,1,0.4367931768876579,1868,7,0,1,0,0,0
0.2957089417039266,32,0,0.4307572359425595,2235,4,0,1,0,2,0
0.3887018789969176,18,0,0.5049528802257105,3675,12,0,1,0,0,0
0.4690247551079356,71,0,0.6261697849051342,1890,6,0,1,0,1,0
0.3018193583956362,48,1,0.04969003548318537,14595,9,0,1,0,1,1
0.13002902464290125,26,0,0.6901471885995347,5934,10,0,1,0,1,0
0.13007886331948154,28,1,0.05837963740164618,2733,6,0,2,1,0,0
0.12283212744050213,26,1,0.3263924322025371,5780,12,0,2,1,1,0
0.08631484034969407,58,0,0.39495469731040805,8195,9,0,1,1,2,0
0.3340103949099874,18,0,0.3423251529167644,6999,11,0,1,0,3,1
0.35362232905299457,39,0,0.7285391039050884,7321,8,1,0,2,0,1
0.08806299883280484,47,2,0.21564787826569953,1083,10,0,3,0,0,0
0.37962042603483337,63,0,0.4030105776366881,2072,9,0,1,0,0,0
0.1178300165449037,23,1,0.5311489215391183,11152,7,0,0,0,2,1
0.3198227188405108,43,0,0.14520901250596696,3285,7,0,0,0,0,0
0.31179646237475067,56,0,0.21264854455951077,1548,4,0,2,0,0,0
0.5964111477260177,54,1,0.5394240579856429,1480,14,0,0,1,2,0
0.0316769681395172,18,1,0.10014346617735154,3020,8,0,1,0,2,0
0.5063393165589483,32,0,0.9052621106962191,3723,10,0,2,0,1,0
0.5551624826177526,30,1,0.2741054174115383,2200,3,0,1,0,0,1
0.3281817485595668,26,0,0.622388772897823,2668,5,1,0,0,3,0
0.16770106074819033,49,0,0.6796954678687215,9090,7,1,2,0,1,0
0.06915353346447779,54,1,0.5026126090076856,872,3,0,1,0,0,0
0.23469055874498757,36,0,0.23775527536288774,21140,9,0,0,0,1,0
0.6635632909434657,25,1,0.39928881388052156,1435,6,0,1,1,2,1
0.24803213107359887,46,0,0.31021959575649344,12452,13,0,1,1,2,0
0.255607683290615,30,0,0.2283954447259601,7055,6,0,0,0,2,0
0.2529482361389463,41,0,0.8288540593780482,13431,3,1,2,0,1,1
0.818121953923511,57,0,0.17739292604802784,1631,5,1,1,1,1,1
0.5646101906662717,43,0,0.26381083184080634,3341,9,0,1,0,1,0
0.0961786788145202,40,0,0.24087460536607103,7802,7,0,0,0,1,0
0.27182243146715784,44,2,0.49310474541669375,3721,5,1,1,0,0,0
0.3117503890156903,52,0,0.6276796348530483,2379,6,0,4,0,0,0
0.03449251247975591,25,0,0.6555667871405361,17276,8,0,1,0,1,1
0.4163753922955279,51,0,0.329038428927145,4736,7,0,0,1,0,0
0.3607148555445577,56,0,0.3045298136034501,1133,6,0,3,0,1,0
0.01594567242580211,38,0,0.6569918843021237,9690,10,0,1,0,1,0
0.27417185729687055,41,0,0.28166993199428364,5004,6,0,0,0,1,0
0.39612573814027674,35,1,0.5015952487345184,14084,9,0,1,0,0,0
0.23231047577444175,53,0,0.3439341068475744,4502,7,0,1,0,1,1
0.12324727149087952,53,0,0.21506493348370612,3494,10,0,1,0,2,0
0.06388564767134443,53,1,0.5013195579340167,1455,12,0,0,0,3,0
0.36695501542844283,39,1,0.8779854659764211,4356,7,0,0,0,1,0
0.2125157993782748,48,2,0.21889543727767358,6242,13,0,0,0,2,1
0.6103666456351197,36,1,0.1413667558275276,6912,9,0,0,0,0,0
0.12137921049883509,41,0,0.043345550040956485,1582,7,0,0,1,1,0
0.30329969810868973,64,0,0.26084428656919156,9480,15,1,0,1,1,1
0.07697152124301358,50,0,0.6972273147020237,16190,8,0,1,0,1,0
0.19777510899315986,55,0,0.3328383553375241,5363,11,0,0,0,1,0
0.38407729588719913,50,3,0.2947785295126928,5181,7,1,0,0,1,0
0.2825514440143427,28,0,0.3996181409851932,4117,11,1,1,1,2,0
0.6699180538270079,47,0,0.41624904252265554,279,12,0,1,0,0,0
0.528911706900928,66,1,0.48746771375663983,18865,5,1,0,0,1,0
0.2033630807875764,48,0,0.2852423753454798,3546,12,0,0,0,2,1
0.45594918633691445,24,1,0.797480000472815,1610,3,1,1,1,2,0
0.08334760845350334,46,0,0.6122579253106509,4037,10,0,1,1,2,0
0.13610907855569745,25,0,0.4631974432131426,2233,6,1,2,0,1,0
0.4703318178459371,52,0,0.3747737706089476,5794,8,0,0,0,0,0
0.5331676741480783,31,0,0.6137701364743693,9897,9,0,0,1,1,0
0.2258925072377475,54,0,0.3494436060711601,11931,4,0,0,0,2,1
0.035318311685139,53,0,0.209975333522373,3500,9,0,0,0,0,0
0.2420823371943163,39,0,0.37628336702264,8775,11,0,0,1,1,0
0.3030776414988941,39,1,0.8539368540244178,20446,7,0,4,0,0,0
0.3294220516272902,38,0,0.6684803441263835,2711,10,0,0,1,4,0
0.07979946279313531,37,0,0.4363904318870849,2273,5,1,2,0,1,0
0.22564332101168413,34,0,0.1668948768743018,4902,4,0,0,0,0,0
0.5166165056442843,52,0,0.29158406598358233,16491,6,0,1,1,0,0
0.14394459276302793,31,0,0.5554878855244206,4951,5,0,1,0,1,0
0.3069685518548321,43,0,0.46961925743532656,2474,5,0,1,1,1,0
0.09016798797841359,56,0,0.23379941249672537,8849,11,1,1,0,0,0
0.11568581334066365,44,2,0.6097550175895008,2556,8,1,0,0,0,0
0.005485065014748681,42,0,0.3152373446450571,2904,4,0,0,2,0,0
0.3087663714437307,35,1,0.40344554798623744,6089,7,0,0,0,0,0
0.3438486865662993,48,1,0.27934559076215454,4123,6,0,1,0,0,1
0.16573488648677157,29,0,0.6369110016039827,11390,12,0,0,0,2,1
0.20618173776500806,53,0,0.3161401155524986,17756,7,0,2,0,3,1
0.3034488053694046,25,1,0.578841596843315,6462,7,0,0,0,3,1
0.1444597495333645,37,0,0.5846353883361723,8048,7,0,1,0,1,0
0.32569463888114564,46,0,0.4038135890119248,1150,10,1,1,1,1,1
0.3281612140944572,38,0,0.4081380078462813,19442,11,0,0,0,1,0
0.17150400073383537,42,0,0.11996334051652205,2006,2,1,0,2,1,0
0.07241207624566634,38,1,0.7125751078887561,2351,6,0,2,0,2,1
0.06551988854924054,24,0,0.5315913699087742,903,6,1,4,0,1,0
0.3585018190459025,38,1,0.7433970978302366,7584,12,0,0,0,3,0
0.2512347620131456,58,0,0.020331635929039145,4915,7,0,2,0,2,0
0.1180094957724513,72,1,0.2515694164811989,3834,11,0,1,0,1,0
0.43797410169149253,60,1,0.6676349576104996,14479,4,0,2,0,0,0
0.3832823676836793,74,1,0.6614463119914762,12399,7,0,2,0,3,0
0.3340172443581714,19,1,0.5362302085139512,8975,6,0,1,0,1,0
0.039395460500993004,30,1,0.513119657382647,6323,5,0,2,1,1,0
0.14631256063016362,42,0,0.2758800644154995,9257,14,0,1,0,0,1
0.3861678655038884,56,2,0.5773854127198841,7624,15,2,0,0,1,0
0.3436224833642534,53,1,0.5006671391031586,24062,9,0,0,0,2,1
0.1113683091151214,23,2,0.37076715965737206,2558,11,0,5,0,1,0
0.1284077575580664,37,0,0.47738892589941867,1665,5,0,1,0,1,0
0.3765875913149336,46,0,0.5885936402769788,5318,9,0,2,2,0,1
0.34459771451327087,54,1,0.44868267819264956,8315,9,0,0,0,1,1
0.06563630617898732,47,0,0.4406278868708313,4254,6,1,1,0,1,0
0.333110766795773,32,0,0.13719049517770418,4166,8,1,1,0,1,0
0.09546423968407138,37,0,0.4791942855945287,4103,5,0,1,0,1,0
0.21472211774914954,39,1,0.26579904557046957,7664,10,0,2,0,0,0
0.22790517089473689,43,0,0.476393989505578,3635,9,0,1,1,1,0
0.6417884833558231,29,0,0.32998765479795383,5024,6,0,1,0,0,0
0.2229775988130908,56,1,0.16436088893135167,13752,11,1,0,0,2,0
0.28475953720140973,60,0,0.4218243033370624,7182,9,0,4,0,1,0
0.18236909661895012,51,2,0.6066285794937761,8916,7,0,1,1,0,0
0.41628031034175955,64,2,0.23632234384750742,4089,6,0,1,0,1,1
0.13237689350585624,49,0,0.42273080212867326,5836,12,0,0,0,0,1
0.2301620239486364,66,0,0.314905687626887,7890,6,0,3,1,1,0
0.47789922827888137,43,0,0.4701210879562696,5072,12,0,0,0,2,1
0.3783818478622575,69,1,0.34691062010254375,8488,3,1,0,0,2,0
0.23009534886896033,33,1,0.6302162542420707,8463,12,1,0,0,2,1
0.07517340748982788,33,1,0.2630746096653478,6853,7,0,4,0,1,1
0.141096238100848,30,1,0.8693181221432515,7382,8,0,1,0,2,0
0.3640596302533173,40,0,0.39397920420953214,7708,11,0,0,0,1,0
0.475711745972616,69,1,0.4491966347609325,4242,7,0,1,0,1,0
0.38951054168034804,26,1,0.6481648002764505,7193,7,1,2,0,3,0
0.43450151979000684,48,0,0.24226893044570422,4160,4,1,0,0,2,0
0.4541659383516221,51,1,0.67267472489989,18206,12,0,1,0,2,0
0.5907154801428222,40,1,0.6932668739853989,2757,3,0,0,1,0,0
0.1599006456117096,41,3,0.08021086384794046,5477,11,0,2,0,2,0
0.5815456355916374,46,1,0.1710791844208956,5498,8,1,0,0,0,0
0.15155426770094757,70,1,0.14665614745374067,15129,6,2,1,0,0,0
0.14318394976253576,42,2,0.47580954036230916,1407,11,1,1,0,1,0
0.38624156370232876,18,1,0.6054690738507726,8549,7,0,2,1,2,0
0.08599859029749418,52,0,0.0780199059365355,11587,4,0,0,1,3,0
0.28709328809582696,25,0,0.4560581308253412,497,8,0,2,0,2,0
0.4699032330902514,28,0,0.28999175750285455,8044,11,1,0,0,1,0
0.2850175021007188,21,0,0.5956024094483092,3591,4,0,0,0,3,0
0.7714696140360862,44,2,0.3894360094562795,570,10,0,1,0,0,0
0.1767239945276442,38,0,0.36122791994227854,8752,10,1,1,0,2,0
0.05282146132792572,38,1,0.3571362475570735,2970,10,1,0,0,3,1
0.4164013022442137,47,0,0.6539625406815455,5059,7,0,0,0,1,1
0.6752409790363401,57,0,0.3250493512513868,6660,11,1,0,0,0,1
0.1727587131321382,44,1,0.520870248815619,20227,5,0,0,0,0,1
0.060896252612567356,49,0,0.327823146083998,2302,8,1,0,1,0,0
0.3115011005136337,32,1,0.5268108839957646,16610,12,0,3,0,1,0
0.06926736267350249,41,1,0.679407016811305,7123,12,0,1,0,1,1
0.15544181584881445,26,2,0.5611303847212241,1238,10,0,1,0,1,0
0.49722663628309044,80,2,0.20793550757856014,4163,7,0,2,0,2,0
0.2990364559887388,51,1,0.08783302070323595,3300,3,0,2,0,1,0
0.13691124193002047,37,0,0.6489620242489579,4727,9,1,2,0,0,0
0.16394684676745802,46,0,0.5989484774871325,11219,6,2,1,0,0,0
0.24432687127925665,37,2,0.27945969591877634,3135,8,0,1,0,1,0
0.41247675679061097,57,0,0.5820613674097829,2648,14,0,3,0,1,0
0.23803535110480742,32,1,0.2709778678580792,5455,11,0,2,0,1,0
0.29525143831448275,28,1,0.45944632961266113,24073,11,0,1,0,0,0
0.18435654967542323,48,1,0.05406227381001871,8588,7,0,2,1,2,0
0.37624840711701113,49,0,0.5503499885873824,5230,8,0,1,0,1,1
0.340697760143507,60,0,0.7724274224841543,3489,3,0,1,1,1,0
0.28708615177578184,42,0,0.8359249769973024,14936,11,0,2,1,0,0
0.05388982898454631,46,0,0.27933599570212214,18199,9,0,0,1,2,0
0.20398456196169992,82,2,0.53204510752425,4992,3,0,2,0,1,0
0.23830291486897695,22,0,0.4981093363279513,12908,6,0,0,1,1,0
0.09508718031274926,59,0,0.1491874847512503,8877,7,0,1,0,2,0
0.3354935773487307,39,0,0.09369728136667813,7775,12,0,1,0,4,0
0.44553194742798097,42,0,0.20499428596360486,4843,5,1,1,0,2,0
0.14765597343280779,55,0,0.4488556239953772,900,6,0,0,1,1,0
0.43667234546647005,18,0,0.19251395230475324,23849,6,0,1,0,1,1
0.49039951053463854,54,0,0.3438074234248925,6585,9,0,3,0,1,1
0.28006829667399336,63,1,0.20176661601141588,1687,5,0,1,0,1,0
0.30627642291090834,36,3,0.3021296930827132,3187,10,0,0,0,1,1
0.28875572811337846,52,1,0.6486589865260388,9309,5,0,1,0,1,1
0.10638722690757618,58,3,0.2624773986708759,2442,2,0,0,0,1,0
0.16379342441851616,77,0,0.40202649320443934,6701,8,0,2,0,0,1
0.3879856216639497,24,2,0.3145669853958641,9889,6,0,4,0,1,0
0.4589226284119262,61,0,0.563415100944228,3550,6,0,0,0,3,0
0.08043965645199491,32,1,0.32565974917386337,3236,5,1,0,0,0,1
0.21747357214238322,68,0,0.24364629621171693,1031,9,0,3,1,3,0
0.39505520109081915,33,0,0.6938149316627835,4077,9,0,0,0,1,0
0.33177278229762797,32,2,0.18271396799733394,12381,9,0,0,0,0,0
0.6831848341352907,56,0,0.37331604921829264,12400,6,1,1,0,2,0
0.0054196932020872295,51,0,0.34503578933249185,5137,10,0,0,1,1,0
0.23510102269251623,47,0,0.3545268413446512,3100,6,0,2,1,0,0
0.23167669995638487,26,0,0.33091770361318845,16020,9,0,0,0,2,0
0.38023628472706145,21,0,0.5819629256240718,3781,8,0,1,0,0,0
0.13620001450916153,44,0,0.40248370093666175,7099,10,0,0,1,1,1
0.22152755993959206,65,0,0.4615923228392538,9249,7,0,0,0,0,0
0.015028095819066861,28,1,0.247254684039349,5190,6,0,1,0,1,0
0.3333728389583809,23,0,0.16487650165448153,19029,8,0,1,1,2,0
0.056575826457152874,46,3,0.11664351241951566,4476,7,0,1,0,0,0
0.15875909227999171,49,0,0.28881209938819263,5324,6,0,2,0,1,0
0.13313848736406125,30,0,0.3786434644181522,2970,10,0,1,0,1,0
0.14234890092486047,76,0,0.7997607429746711,3534,11,1,2,1,0,0
0.23779816429967854,22,0,0.26880848279117014,4945,5,0,0,0,1,0
0.480693689383954,34,0,0.3415977479598528,6809,12,0,2,0,1,0
0.1457809929794742,20,0,0.3988846772816705,4435,7,0,1,1,0,0
0.48269443054814426,39,0,0.779224018735731,4737,8,0,2,0,1,0
0.2714640633506687,18,0,0.45374363459996203,1507,6,0,2,0,0,0
0.09481087335588192,63,0,0.21048294247772925,10200,7,0,1,0,1,0
0.42358710422440876,33,0,0.5187511353080144,2472,8,0,1,1,1,0
0.6662420618435807,55,1,0.3166230125034888,14823,6,0,1,1,2,0
0.3661241856896147,29,1,0.19828078805397134,5086,10,1,2,1,1,0
0.2972453501598513,25,2,0.4539612368676841,3721,10,0,4,0,0,1
0.313436368394497,64,0,0.5011923441040574,6016,14,0,2,0,0,1
0.3050923220545638,70,0,0.5331714998786515,2174,13,0,2,1,0,0
0.3032441405904725,20,0,0.6578925191603208,6782,10,0,0,1,0,1
0.2668410427214281,58,0,0.6450909878132925,11210,4,0,2,0,0,0
0.2931146380131376,46,1,0.33708929118514674,4610,6,0,2,0,0,0
0.27766819057928954,38,0,0.1497754670988316,5123,9,0,0,1,4,1
0.41028702203950124,40,0,0.6498960309894083,11306,9,0,2,0,1,1
0.18337642212759933,65,0,0.19922380023004188,4827,10,0,0,0,4,0
0.4529205601678812,45,2,0.1933429608949664,9071,9,0,0,0,1,0
0.12982981704614638,42,2,0.5598263676817934,15651,12,1,1,1,1,1
0.19442027264857237,41,0,0.4417142555678067,9827,12,0,1,0,0,0
0.15472802890344153,53,0,0.5281301613668419,3275,15,1,1,0,0,0
0.03652278953522707,44,0,0.548843539094209,20921,12,0,2,0,2,0
0.18312665331193528,42,0,0.30874592863402944,4443,7,1,2,1,1,0
0.20669753439615987,55,1,0.5181064354735773,5052,5,0,1,1,1,0
0.18680354517240902,66,0,0.28530363219799587,3207,14,0,0,0,1,0
0.745192994898019,21,0,0.23330240595350463,12856,6,1,1,0,1,0
0.2871360152504299,30,0,0.41139259856662513,2660,8,0,0,1,3,0
0.03367595828996704,57,0,0.3344984765686781,5946,8,0,1,1,0,0
0.16788314916140246,73,0,0.5434188550221698,3686,9,0,0,1,1,0
0.387680688031495,51,0,0.22459108349396403,3474,8,2,1,0,0,0
0.3739068682086717,65,0,0.46504340014120815,17323,8,0,0,0,1,0
0.21044269876210253,40,0,0.5944283167497122,806,4,0,3,0,0,0
0.4568623061381573,42,1,0.38941868037155997,19296,12,0,1,0,2,0
0.31743129725402275,56,0,0.44391290261892324,8556,3,1,2,0,2,0
0.02625313352333935,18,1,0.3807910442056053,3893,6,0,2,2,1,0
0.11658350302139554,50,1,0.3450223170497257,3086,7,0,1,1,4,0
0.30427532332341495,36,0,0.4783930568799676,10300,10,0,1,0,0,1
0.2314290430441098,33,0,0.5515188414287563,1676,10,0,0,1,1,0
0.3002036885932752,53,1,0.5457185197030883,25039,7,0,0,0,2,0
0.1557051428007464,47,0,0.6748342663354872,767,6,0,1,0,1,0
0.45862341748477875,48,1,0.44258992456518353,22180,7,0,2,1,1,0
0.23920463807987638,28,0,0.238708008741972,7296,7,0,1,0,2,0
0.2996367566622254,53,0,0.453564444654342,18094,10,1,0,1,0,0
0.21635535013254747,22,0,0.0930066381234706,2808,8,0,1,0,1,0
0.2628926507297764,26,0,0.3582616792127642,7226,5,0,0,0,0,0
0.41279660164990706,71,2,0.4522087752791288,4349,3,0,3,0,3,0
0.24266792398548648,40,0,0.36793107388438157,4853,6,0,1,1,4,1
0.7075468939834275,52,0,0.4463984458148334,7848,14,0,0,0,1,1
0.5061207472220272,40,0,0.5667393683155767,12367,10,0,0,0,0,1
0.25740986548733613,49,0,0.3172544366613033,7467,4,1,0,0,2,1
0.24163667040363157,31,1,0.2716516601737714,2976,4,0,1,0,1,0
0.25426847144818426,50,0,0.18826661641984757,5121,9,0,1,1,2,0
0.6375534340123169,63,0,0.49543300936440576,4421,6,0,1,0,0,0
0.24805645134042573,69,0,0.5328202836701761,1569,9,0,1,0,0,0
0.3183940114837081,63,1,0.36856704282015973,650,5,0,0,1,1,1
0.5306996260896465,44,1,0.24753876932774221,666,6,0,1,1,0,0
0.18764424776142996,69,2,0.23625761848681,3451,10,0,0,0,0,0
0.07435852539997964,50,2,0.43253173592771277,3011,4,2,1,1,1,0
0.3445742803594345,64,0,0.25511683727569184,1581,8,0,0,1,2,0
0.40965597686588906,32,0,0.49276386893201163,8582,10,1,0,0,1,0
0.3567648076203752,65,0,0.2063012888866343,5595,5,0,1,1,3,0
0.2227030774055542,44,0,0.4658438379057765,1549,6,0,2,0,0,1
0.48395856680595745,35,0,0.48440357127619127,10472,9,0,2,1,2,0
0.5050866440772344,46,1,0.16352086280470143,3999,13,0,1,0,0,1
0.2996004251901696,31,0,0.16153277117902537,3769,10,0,0,0,1,0
0.4004139559517628,42,1,0.5119203794972315,4350,12,0,1,0,0,1
0.4709170181804331,39,0,0.3987625508185893,9687,5,0,0,1,3,0
0.478807570871822,35,0,0.37797471647701286,345,7,0,0,1,1,0
0.3396751912731396,39,0,0.5671066518344813,2449,4,0,0,0,0,0
0.18496678010291137,27,0,0.04907250407991677,18493,4,0,2,0,0,1
0.13493094138735195,56,0,0.45151205367829683,2021,10,0,0,0,1,0
0.15315783993889923,43,1,0.7955852773931241,9017,5,0,1,1,2,0
0.2365871906537327,47,0,0.33780647327635016,1085,8,0,2,0,0,0
0.5714438010993526,64,0,0.4141333912175373,4160,3,2,0,0,2,0
0.43582632923922415,46,1,0.33674612024149114,5265,8,0,1,0,0,0
0.09120506224159855,48,0,0.1441158614062768,7202,7,0,2,0,3,0
0.5717954100463684,57,0,0.6070004671495722,3511,6,0,3,0,0,0
0.49312862733804025,62,0,0.5570502589631342,4570,8,0,0,0,1,0
0.4408728374255569,30,0,0.07004664606363835,1199,10,1,1,0,2,0
0.08020189944836109,35,0,0.3470569783073917,5125,9,0,0,0,0,0
0.24895092851374614,24,0,0.6924726041301394,9741,4,0,0,1,1,0
0.08882184059199986,28,0,0.6863323527291657,1314,11,0,2,0,0,0
0.20781051621598212,53,0,0.605361218060611,11866,11,1,2,0,0,0
0.12634775578170526,61,0,0.4925832935013758,3300,5,0,2,1,0,1
0.4108460409124318,65,0,0.498895108250754,16710,7,0,1,1,0,0
0.17316088427077445,58,3,0.722492643932206,7106,9,0,0,0,1,0
0.18656237420921085,59,0,0.4393589309225632,20072,7,1,0,0,1,0
0.23472723546969979,67,1,0.03556793538184204,10342,9,1,0,0,1,0
0.11901502954140347,88,0,0.21218168902953785,13492,3,0,1,1,0,0
0.13639645512537216,49,0,0.18359163080287325,5929,6,0,0,0,1,0
0.17183978625343319,52,0,0.33554467248912145,815,4,0,0,0,3,0
0.374390984304134,31,0,0.33339466302370285,8791,5,0,1,1,1,1
0.24407247936769488,20,0,0.2540370696319516,7853,10,0,4,1,0,0
0.5236841749506406,48,1,0.08429825946148858,6397,9,0,0,0,0,0
0.5032239878831021,66,1,0.554683305963919,2979,3,0,0,0,0,1
0.12705103170077164,42,0,0.08478218031712957,3329,6,1,3,1,0,0
0.3636229270561669,65,0,0.19720654759372885,6058,6,0,1,0,5,1
0.4723251326195756,62,0,0.29651866179488834,15462,12,1,2,0,1,0
0.10129096794322304,39,1,0.6181227008543793,6468,3,0,0,2,1,0
0.5275321908485621,35,0,0.23196302590022744,10491,8,0,2,0,0,0
0.397258836638065,63,2,0.17721594874101096,5228,13,0,3,0,1,0
0.41775777195856245,46,0,0.22911986634664425,4622,1,0,0,0,0,0
0.11031802607677546,57,1,0.3115590982807336,12437,6,0,1,0,3,0
0.2750218773260883,34,1,0.5912876403494002,2130,11,1,0,0,1,0
0.1786900209919358,83,1,0.33519556524666055,4549,4,0,2,0,1,1
0.24285939424628425,46,0,0.013235126120288142,1981,8,1,2,0,1,0
0.35492447721350817,56,1,0.07404113826947269,2206,3,0,0,0,1,0
0.4090482941323256,69,1,0.45025255912807066,2995,5,1,2,1,0,0
0.040901461518417406,37,1,0.19652158092726674,1330,9,0,1,3,0,0
0.10645056480153638,47,0,0.259826948232951,4105,6,0,3,0,1,1
0.4670048499992172,31,0,0.5433956672566658,2242,8,0,2,0,1,1
0.4631171097732246,39,1,0.5916227381107949,3257,7,0,0,0,1,0
0.2792666645369579,38,1,0.4604019377317409,3196,6,0,0,1,0,0
0.17522659796401602,60,0,0.41020456590953236,2668,3,0,2,0,2,1
0.3854745862921517,53,1,0.29598674667496,9997,7,0,1,1,1,1
0.1538487157972448,35,0,0.6004385687380778,7435,6,0,1,0,0,0
0.15258657823479266,29,2,0.22780805418065642,8022,5,0,1,0,2,1
0.3664043892858109,68,0,0.29485884213180974,4857,6,1,0,0,4,1
0.29599829871081607,59,0,0.4388323296012417,10217,5,0,0,0,2,0
0.34898784525682147,55,1,0.5013403551649602,3817,6,0,1,0,0,0
0.5366251835879773,39,0,0.3615032141874132,9027,8,1,1,1,2,0
0.6245396416972546,55,1,0.3543371812104813,7790,7,1,0,1,1,1
0.23028089422115877,51,2,0.44788850167569677,7603,6,0,1,0,2,0
0.3268153416679871,26,3,0.08291016174606378,1776,10,0,0,0,1,0
0.4119956330052137,35,0,0.46263520621618714,9540,7,0,1,1,0,0
0.2819444566805682,47,0,0.32529360917590805,5039,9,1,1,0,1,0
0.4917248351670729,34,2,0.3597094822066593,6864,8,0,1,0,1,0
0.37642745999815896,47,0,0.2197326088070956,11719,11,1,2,0,0,0
0.24422409377438137,42,1,0.24511336410307738,6157,6,0,0,0,1,0
0.3129192364482848,42,0,0.08160449625442134,7213,8,0,0,0,0,0
0.6191167061303562,40,0,0.47335301048635176,4744,9,0,0,0,1,0
0.5729352175868958,64,0,0.37097756321379616,5840,10,0,1,0,1,1
0.3125734199139665,20,0,0.17845447727594257,6153,7,0,0,1,2,1
0.3984909709519388,40,0,0.6454781953631202,5287,8,0,0,2,3,0
0.2595957766623852,35,0,0.5656374642421471,3918,6,0,1,1,2,0
0.44221506927232845,44,0,0.2888356972889851,1676,9,0,1,1,1,1
0.2537641315745546,77,0,0.30097507910594956,2719,10,0,1,0,1,0
0.07075379662846455,35,0,0.4859667219296926,554,5,0,1,0,0,0
0.47255078028430453,45,0,0.49244490525055495,10615,8,0,0,0,1,0
0.4368924742191821,22,0,0.614457017408236,2145,9,0,0,1,2,1
0.26203709123107777,39,0,0.5596880700163842,1872,7,2,0,0,2,0
0.2965816397577849,49,1,0.2279985857978949,6892,11,0,0,0,0,1
0.5938830003203862,21,0,0.41832737527547126,1965,10,0,3,0,2,0
0.1052155826271248,66,2,0.7261625282758113,2998,10,0,0,0,1,0
0.11304664958936857,32,1,0.21261476949402397,3719,8,0,0,1,1,1
0.4958226235204975,53,0,0.05067144805116046,13887,9,0,3,0,2,1
0.14733759368591517,37,1,0.029314048579719313,1977,9,1,1,2,1,1
0.09258361568384157,50,2,0.4285306425633208,2671,9,1,0,0,0,1
0.46189831211471377,35,1,0.5564742052568252,4812,10,0,3,0,2,0
0.20419195897895445,62,0,0.48273165802699997,1561,7,0,2,0,0,0
0.06294872878130654,74,0,0.43741698323127326,3319,9,0,0,2,1,0
0.6865072032625631,29,1,0.4951734649583808,24327,6,0,1,0,1,0
0.7096759136874695,18,1,0.23565865770352137,5365,4,0,0,0,1,0
0.05646010016866262,56,0,0.5665595250012595,20381,10,0,0,0,3,0
0.34910980484631754,53,0,0.34150236785756205,4685,8,0,1,0,1,0
0.2612602544569136,45,2,0.6534633606399032,5929,10,0,0,0,0,0
0.3792358725471326,36,1,0.3336279444883422,2589,9,0,1,0,2,1
0.2722194399508499,29,0,0.3096808956108551,5549,4,0,1,0,1,1
0.15787700965409618,82,0,0.5037267674733915,9437,8,0,1,0,1,0
0.5177304590861218,46,1,0.5396780168156255,5627,7,0,2,0,0,0
0.3305625669192204,32,1,0.41229811048352916,4906,14,0,1,0,1,0
0.6615079986634934,27,2,0.13324975409064682,7924,7,0,1,0,2,0
0.19537873220527766,35,1,0.555580916277888,5083,11,0,1,0,0,0
0.16584239131944378,35,0,0.09937635260313625,6070,8,0,1,0,0,0
0.3327816791734449,65,2,0.40798927419521475,4412,9,0,0,1,0,0
0.18317135729889308,50,1,0.384736661704892,12234,6,0,0,3,2,1
0.1738216452347073,50,0,0.41796777594612855,5827,6,0,0,1,1,1
0.17172586912442697,60,1,0.20078934014953548,10498,10,0,1,0,2,1
0.1760425481419737,38,0,0.6105021533971163,7710,8,0,0,1,0,0
0.31941102306226365,33,1,0.11769156164087811,2395,7,0,2,0,1,0
0.4471422543369717,45,0,0.14085594586414568,1285,3,0,1,0,1,0
0.1751456489999457,22,0,0.40158717396407206,3622,12,0,0,0,1,0
0.08877723218505261,100,0,0.617116252364383,6888,5,0,1,0,0,0
0.0491086851967766,58,1,0.6826334548457399,12259,9,0,1,0,1,1
0.29309718528747497,84,1,0.862939593945058,2866,7,0,1,0,1,0
0.6633235958021367,53,0,0.25328985336974685,3136,9,1,2,1,1,0
0.39166555526896996,41,2,0.15586894149833244,8703,8,0,1,0,0,0
0.23107737449081583,35,0,0.2064794911409059,3359,13,0,3,0,0,0
0.28612461739442663,22,2,0.05046969131862053,10420,11,1,2,0,1,0
0.32691109539776136,24,0,0.5961795112808579,10748,7,1,2,0,2,0
0.3417137226921557,49,0,0.3198012428169941,9175,13,0,1,0,3,1
0.19476362455171048,62,0,0.5176851673920644,3644,5,0,3,1,4,0
0.2728208225044479,18,2,0.6503292252773423,2347,15,2,0,0,1,0
0.3827846969642279,40,0,0.930717139698881,9414,10,0,0,2,1,0
0.3210083616602778,51,0,0.38368702058956,10284,7,1,1,0,2,1
0.11045328128879413,22,0,0.36840613190231053,3691,9,0,0,0,0,0
0.08238791548408755,42,0,0.5780555463113556,4954,8,0,0,0,1,1
0.35025050494587434,18,0,0.37512193235972546,4966,7,1,1,1,1,0
0.15559133826671354,42,0,0.32225460397023126,1620,7,0,0,0,0,0
0.2094118605170243,47,1,0.14635703970557953,3598,5,0,2,0,1,0
0.15498855285338264,55,1,0.8556407772161145,4385,9,0,1,0,0,1
0.046077513036645576,18,3,0.6514089801196222,1866,14,0,0,3,1,0
0.21556580412652582,60,0,0.21387386876749195,6945,12,0,0,1,0,1
0.11329106435806463,45,0,0.03995169036822715,10088,8,0,0,0,0,1
0.5555832706360724,32,1,0.562159058098947,56654,10,2,2,0,0,1
0.24280645887723734,36,0,0.2664982336356465,26014,6,0,1,0,1,0
0.47719307432322144,29,0,0.5145077116754063,2666,7,0,1,0,0,0
0.14239333020277173,52,0,0.2924512021469542,2778,11,0,1,0,2,0
0.2226350041371823,43,0,0.4261908428013655,9551,10,0,1,0,0,1
0.2514667769867873,56,0,0.4901495345177288,1862,8,0,0,0,1,1
0.09516430665772065,33,0,0.4579617620486987,4650,10,0,2,0,0,0
0.24103224230258524,43,1,0.17072122658615196,7867,3,0,1,0,0,0
0.08446498140051631,54,1,0.09288578410185788,16329,11,0,0,0,1,0
0.12865126057448187,50,1,0.5214176896161847,10086,5,0,2,0,1,0
0.1379463873804201,18,0,0.6873083322544724,9762,8,0,1,0,1,0
0.4015517559512665,55,0,0.8019125206728261,2722,5,0,1,0,2,0
0.45738337558817105,33,0,0.43204647246001227,9988,8,0,0,0,1,0
0.5864307210532869,55,0,0.17953645487101144,3528,5,1,3,2,0,0
0.3439535568556123,39,0,0.40008237530097485,4860,9,0,1,0,0,0
0.5154698153911449,72,3,0.29377654623594207,4603,10,0,0,0,0,1
0.31791405464834227,56,0,0.22918169053905438,6753,7,0,0,0,0,1
0.07086761078151137,22,1,0.3741002485467737,17840,6,1,1,1,2,1
0.35523580267481863,47,0,0.09736570795532182,16149,6,0,2,1,1,0
0.26655574417906713,73,0,0.7029113610018625,5531,10,0,1,1,2,1
0.2655176839086845,32,0,0.37410278186039053,16942,4,0,1,0,0,1
0.18716080832763538,51,1,0.5343165380314872,1558,13,0,2,1,1,0
0.4799567858616743,41,1,0.7131979634541492,4629,9,0,0,1,3,0
0.28564889734847737,35,0,0.45851221418677257,7491,10,0,0,1,0,0
0.6093767357860603,27,0,0.7805030544213566,4117,10,0,5,0,0,0
0.3744699567658354,31,0,0.2716537051017372,2845,14,1,4,1,2,0
0.08043693576925241,68,2,0.7670234090083595,776,6,0,0,2,0,1
0.5493327434207963,33,0,0.10678717916740758,5402,11,0,3,1,1,0
0.4048713908212232,41,0,0.38747726336196564,2299,12,1,0,0,1,0
0.23530131291080408,58,0,0.21715767344998782,1256,8,0,0,1,0,0
0.2192866721670017,35,0,0.4387549571771748,1845,5,1,3,0,0,0
0.5731287086747118,38,0,0.4970560784807536,4315,10,1,0,1,1,0
0.17612758791823457,37,0,0.37703681612708223,3221,11,0,2,0,0,1
0.12472311190441548,46,1,0.43717132961160876,3708,6,1,0,0,1,0
0.042169217429035545,41,0,0.33577798330813513,1586,6,0,1,0,1,0
0.5657849469317277,38,1,0.49661439071395796,5467,9,0,0,0,1,0
0.09584441429302053,31,0,0.7390032989699118,9313,7,0,1,0,2,0
0.04531098707521007,18,0,0.22785190779837164,3680,6,1,3,0,0,0
0.42324138860410593,49,0,0.539717110207374,1018,2,0,2,0,4,0
0.10202410565295991,70,0,0.45770568416126006,3276,7,0,0,0,1,0
0.08724642171369507,33,0,0.7449696620898256,3937,9,0,0,3,1,0
0.23607556057547138,48,2,0.350922254587863,11776,8,0,1,1,1,0
0.26117762444066045,27,0,0.2059510440799198,1689,5,0,0,0,0,0
0.19606784352407788,36,1,0.1412660380146593,7417,11,0,0,0,0,0
0.13621966270597002,43,0,0.33065513731333823,2560,6,0,2,0,2,0
0.1000667864567717,25,0,0.4175488596047701,4934,13,1,0,0,2,0
0.36713083890236187,40,0,0.0837684801439209,5835,9,0,3,0,1,0
0.2573171913183024,53,0,0.24264966385355471,6336,4,0,3,1,1,1
0.26354980675834494,45,0,0.4123134461721224,11286,8,0,0,0,1,0
0.2168429730405495,35,0,0.4072680666491041,2590,8,0,1,0,2,0
0.47207045853515944,18,0,0.46382220217079784,8958,8,0,1,0,0,0
0.11945362789099383,66,1,0.3558223110603074,26639,15,2,1,0,2,0
0.21574689920808812,68,1,0.4753708837704155,721,12,0,0,0,1,0
0.3167790999096382,23,0,0.4962313770158604,7418,6,0,1,0,1,0
0.33808821783194304,43,0,0.47781975784711267,3095,9,0,1,0,2,0
0.18688034159858397,57,0,0.37154090698181746,4395,8,0,0,1,2,0
0.03759673711240887,85,1,0.4481075553157793,4803,9,0,1,0,0,1
0.3666691822701355,28,0,0.06072587814411141,4146,5,0,1,0,1,0
0.322855463256118,37,2,0.06336473494032947,5223,10,0,2,0,0,0
0.10757302237464075,35,0,0.6639862534127253,11327,8,0,1,0,0,0
0.25883860681570037,37,0,0.07665363289769395,13037,11,0,0,0,0,0
0.03875631304114623,53,0,0.20301993269435573,2773,8,0,1,1,1,0
0.7077069872756051,49,0,0.5368667844914115,2129,13,1,2,0,0,0
0.12441643699949764,65,0,0.22785620612665933,5755,10,0,2,1,2,0
0.24767008927099524,45,0,0.5552797830458414,5293,4,0,1,0,0,0
0.3728242190486027,18,0,0.7207544569090244,7087,11,1,0,0,0,1
0.6119656394102326,54,0,0.3153478127769227,10948,14,0,2,0,1,0
0.0335540153169959,55,0,0.2876574541031075,14907,11,0,0,0,3,0
0.14705479321608492,53,0,0.5327039030769128,4600,4,0,1,0,0,0
0.5028259609580022,51,0,0.778681216379582,4048,11,0,1,1,3,0
0.062300000943487276,60,1,0.3644918027076874,5352,8,0,0,1,0,0
0.30788067579840583,26,0,0.7731537391046528,2114,4,0,3,0,4,0
0.1840707553591489,59,0,0.6770369337730622,8067,8,0,1,1,0,0
0.48962485724178934,36,0,0.7959778330609294,4535,9,0,0,0,3,0
0.04475144757952863,66,0,0.47409062112706074,2265,7,1,1,0,0,0
0.21584473191890144,51,2,0.46169078115071005,9026,6,0,1,0,1,0
0.11719476170637254,66,1,0.2041064316484693,1264,6,0,2,0,1,0
0.18851587093150418,85,0,0.3458464728450946,6550,4,0,1,0,1,0
0.07735590676397229,51,0,0.6400361961896142,6495,10,0,1,1,1,1
0.3834747419525153,46,0,0.059505935457590683,2295,7,1,1,1,2,1
0.09757067391584477,59,1,0.32797850992917876,9029,12,0,0,0,0,0
0.1537895080320089,18,0,0.1259651312859235,12896,8,1,1,0,0,0
0.2979104411371657,30,0,0.44641726733385834,4713,6,1,2,0,1,0
0.8838966474462572,51,1,0.3514394945735556,9420,12,0,1,1,2,0
0.1740079979763504,47,0,0.6463181835926824,3084,8,0,0,0,0,1
0.18593556304167322,19,1,0.5735024576723092,6266,9,1,0,0,3,0
0.14205525746298353,63,0,0.06572654673056658,7691,9,0,0,1,2,0
0.29531845093713693,53,2,0.28090167098336877,1331,12,0,0,1,0,0
0.13072236584287006,56,1,0.6743014803404178,2529,4,0,0,0,0,0
0.6028164086319625,34,0,0.2550490763642806,7852,8,0,0,0,3,0
0.5386414447527922,49,0,0.2910339152222411,4781,7,1,1,0,1,0
0.5554006939294608,55,2,0.5780200833904187,4891,9,0,0,0,2,0
0.13690251341526133,25,0,0.5056273926113544,8734,7,0,0,0,0,0
0.8522583730809299,38,2,0.7088836823842538,4681,6,1,1,0,2,0
0.11462595789263694,57,2,0.21722839525849055,1473,9,0,1,1,0,1
0.1502840642445765,44,2,0.23088017075027473,1939,5,1,1,1,4,0
0.14823791050787158,44,0,0.06848437950434665,4928,7,0,1,0,1,0
0.07409051608181712,41,0,0.6337253334094026,3120,5,0,1,1,0,0
0.6671902250126551,28,0,0.5212492371356454,4956,10,0,0,0,1,0
0.2783547383397932,42,0,0.5851321757360287,1510,8,0,1,0,0,1
0.07361915671342188,40,1,0.30911141329321046,6112,6,0,0,2,2,1
0.30658645178130933,65,0,0.2913310105289615,1157,7,0,0,0,3,0
0.26782908310931186,24,0,0.09109190308653815,4368,2,0,1,0,0,0
0.19713386648172398,65,1,0.4209315654490678,4352,4,0,3,1,1,0
0.03983332436742613,62,0,0.14050453784209446,4563,7,0,2,0,2,0
0.15017287839785284,74,0,0.7594363503809533,967,8,0,1,0,2,0
0.18434176845393285,54,1,0.28639758564729717,7283,6,0,2,0,0,0
0.24474513543285187,31,0,0.20492201187548736,4357,11,0,1,1,0,0
0.19902517281963145,58,0,0.26604548873506767,6787,3,0,0,1,2,0
0.2730662739376426,40,0,0.4769480898265556,15634,8,0,1,0,1,0
0.12421897411287741,43,0,0.17058531966101542,47049,9,0,1,0,0,0
0.17926408463622628,40,0,0.5770593331447934,3940,5,2,0,0,1,1
0.4901848281474899,64,0,0.13936648824120176,13606,4,0,0,0,1,0
0.5949963806275591,43,0,0.7052494463013625,3771,10,1,3,0,0,1
0.23287193174411222,44,1,0.14232833179618654,35382,8,0,0,1,1,1
0.600293666074023,38,0,0.3386971313745063,3366,8,0,1,0,1,0
0.11024341789306277,36,1,0.46228554576372766,3751,10,0,0,1,1,0
0.07838689796734769,21,1,0.7073283901297781,20678,14,0,2,0,0,0
0.06522997427547746,59,0,0.5120402815896481,2781,7,1,2,0,4,0
0.0720436540508253,66,0,0.22918922342052858,22549,9,0,2,0,2,0
0.1840095525683044,46,0,0.39111667183353943,1079,8,0,0,1,0,0
0.59748573602507,74,1,0.6511943790110009,1190,9,1,1,0,2,0
0.4891843784832773,34,0,0.2062960777919834,2116,6,0,4,0,1,0
0.4053071111002838,79,0,0.055341906605491646,3196,8,1,0,2,1,0
0.1719618896712105,37,0,0.30636890069954476,7627,7,0,0,0,3,1
0.6961106040385703,46,1,0.22842543441153662,6235,8,0,2,0,1,0
0.3953138395050593,42,1,0.1376379902798619,12956,7,0,1,0,3,0
0.04790732974799833,42,2,0.10934405072082719,1869,5,1,0,0,2,0
0.33267652470667775,70,0,0.7884039261096004,3685,8,0,2,0,0,0
0.15179605902390148,37,0,0.47676628171881025,829,8,2,0,0,1,0
0.30364689095998776,40,0,0.2580296803896182,6766,5,0,1,0,0,0
0.07594695162675964,67,1,0.049024539666553596,4761,6,0,0,0,0,0
0.09815805283621593,51,0,0.34763474013605367,7985,5,1,0,0,3,1
0.43375994859325945,47,1,0.5358073935736486,14806,4,0,4,0,1,0
0.449607744617505,44,0,0.818557630324,2885,10,0,2,0,0,0
0.6431868163300135,38,0,0.24921569565068052,3105,6,0,0,0,1,0
0.30251069948342874,33,0,0.6658157475783859,9175,5,0,1,0,1,1
0.09653602253709426,66,0,0.8365363645693775,4837,3,0,1,0,0,0
0.5607561253368677,26,0,0.2018145920781987,5437,12,0,1,1,0,0
0.6352858235977953,45,0,0.37137243891171073,13310,7,0,1,0,2,0
0.2847010264824395,39,0,0.2619647937383385,5601,10,1,1,0,1,1
0.30146442489078784,64,1,0.40079392576880896,1357,9,0,1,0,0,0
0.18922414652206862,57,2,0.2986535109007111,3175,6,0,0,1,1,0
0.4204943046275479,57,0,0.14006597999513076,2537,13,0,1,0,1,0
0.07664356284660044,41,0,0.6456416830596277,754,12,0,0,0,1,0
