LIMIT_BAL,SEX,EDUCATION,MARRIAGE,AGE,PAY_AMT1,BILL_AMT1,PAY_1,PAY_AMT2,BILL_AMT2,PAY_2,PAY_AMT3,BILL_AMT3,PAY_3,PAY_AMT4,BILL_AMT4,PAY_4,PAY_AMT5,BILL_AMT5,PAY_5,PAY_AMT6,BILL_AMT6,PAY_6,default
46926,1,3,2,26,4667,57272,2,9243,66403,1,4415,37993,2,1351,40435,0,1617,84642,1,11013,25231,7,0
301012,2,4,1,25,5349,13528,4,33421,57312,2,2892,30659,0,5084,34078,0,2028,7562,1,8576,45099,1,0
131674,1,2,1,50,4316,52907,0,5223,25252,0,1681,37480,1,33104,56195,1,5809,24588,2,6678,62895,1,0
91294,2,2,2,44,22137,20321,1,1441,67959,1,4986,42067,1,3707,45484,8,4149,30692,-1,9196,45079,0,0
16962,2,3,1,54,5873,40148,2,1364,42500,2,3575,60261,1,1583,59945,1,10138,46577,0,5369,37767,5,0
16959,1,5,3,35,13406,38485,5,297,61216,3,7456,52850,4,6871,51488,-1,1468,33760,-1,16640,58175,0,0
5983,2,3,2,37,627,7646,-1,402,66543,0,490,46571,0,861,25759,0,5370,-3959,1,4972,71540,-1,0
201123,2,2,3,32,316,23743,0,12324,34748,0,1802,86144,1,152,53418,0,14101,54739,2,902,51923,1,0
91908,1,3,1,32,1862,84103,0,507,51426,1,130,25838,3,4647,59218,1,1215,66695,1,1008,8391,3,0
123125,1,5,2,24,734,44767,0,3311,31864,2,6851,12801,2,1180,68003,2,1832,48652,1,2816,24633,1,0
2079,1,4,1,35,3731,36488,0,5988,58602,2,12178,63483,8,2547,29457,1,2616,30871,1,6355,60415,1,1
350355,1,6,3,27,3659,76257,1,9497,41805,0,4426,77336,-1,1314,32737,1,455,44093,0,756,30507,-1,0
178642,2,1,1,39,4278,32075,4,939,59206,-1,4798,27296,4,12508,57607,3,973,15662,1,1083,41758,8,1
23868,1,2,2,36,6836,38171,2,2879,70495,2,237,67556,2,2062,56831,0,2407,61223,-1,401,29748,1,0
20067,1,3,2,37,17759,59816,0,1448,50944,5,3503,29330,-1,2980,29793,-1,386,49950,1,916,57393,0,0
20261,1,4,1,51,10529,31985,4,1477,38130,3,3741,51695,1,1338,26551,3,2252,29330,1,1243,50601,0,0
36275,1,2,1,34,629,25069,2,1810,38463,2,198,52805,3,443,31339,1,1399,41640,2,4088,27329,2,0
74392,1,2,3,42,2066,-5075,0,4422,-19140,8,7625,27378,0,3592,41585,1,9994,60626,4,2458,57170,1,0
56553,2,4,1,55,1477,21270,0,83,25744,1,1630,76934,2,10152,22243,3,4688,63289,3,492,58292,-1,0
34422,1,1,2,48,972,21079,3,2627,58651,1,6426,79231,0,2166,48394,6,11437,38513,3,862,52023,-1,0
94637,2,2,1,46,3934,43171,2,1034,59397,-1,2578,19575,3,7592,5463,1,1133,82930,1,3668,44860,1,0
15023,1,3,2,31,4028,27790,1,17074,25308,6,27183,44021,1,165,23366,3,425,67361,0,707,114104,3,1
34551,1,3,2,37,1288,83160,0,4370,43291,1,1192,58290,-1,1342,43680,1,2185,50558,0,6526,11796,0,0
45627,1,4,1,21,6222,18847,3,10128,36214,0,300,2348,-1,704,21612,-1,290,32090,-1,500,34321,0,0
60893,1,2,1,39,6600,68012,0,1088,53792,-1,19536,40524,4,2578,31632,7,10749,32697,1,1054,40171,1,0
153793,1,3,2,37,106,44395,3,8304,84172,0,1397,6936,-1,11237,37454,3,1042,44011,8,10437,65454,1,0
22273,1,3,1,35,2518,56135,2,2678,54169,-1,5043,53349,0,2338,82420,3,760,37793,3,3813,34850,1,0
72202,1,3,1,45,11042,54920,0,978,26596,0,2346,41719,1,4623,13877,1,7750,74007,1,22626,62997,1,0
89750,1,3,2,22,3673,-4364,0,7161,38431,7,5103,32524,0,11420,44713,6,6231,21259,0,827,28767,4,1
4756,2,2,1,51,2135,39768,0,7177,68038,0,4532,8661,0,2229,19503,1,293,50114,0,403,49482,0,0
93533,1,1,1,44,1462,34755,0,27469,11826,1,6142,28027,3,2276,18753,2,3562,-36,0,394,57708,-1,0
18696,2,2,2,34,1394,17340,0,7591,27698,0,93,50383,0,460,22499,0,2978,47543,1,13693,28069,-1,0
6726,1,2,1,33,525,49192,2,784,54199,3,9045,39180,-1,2146,36869,0,2445,57438,2,5153,55854,1,0
297368,2,3,1,39,8497,74330,1,1947,65886,1,3256,63850,2,6855,68676,1,677,68807,0,2055,69147,4,0
337063,1,4,1,50,453,-13460,1,3004,52179,0,3657,62555,7,9309,63496,1,7740,28170,0,2423,38505,2,0
165233,1,4,2,36,1728,29310,2,677,27866,4,2646,61705,3,6414,30836,3,1371,25759,0,6022,20808,1,0
36328,1,4,2,36,233,15084,3,7756,50730,3,22726,29244,1,34,34670,0,3064,60466,0,4794,34337,2,0
10277,2,2,2,35,7602,41435,5,3740,48285,7,8086,45899,1,622,51826,3,10645,63899,1,2198,38747,0,1
115275,2,3,1,52,200,33487,0,14452,47016,-1,1865,20695,5,6564,41153,4,1915,35458,0,5856,59741,0,0
58009,2,2,1,31,1843,27886,1,4449,38058,1,7640,14801,3,14270,27267,3,181,810,0,2097,22597,3,0
13015,2,2,1,34,4258,53790,-1,3700,41059,8,2872,63637,1,5943,53228,2,10997,18824,0,3010,53389,-1,0
68354,1,1,1,49,2634,72723,0,370,21850,3,10201,16269,4,1281,72419,3,3405,38150,1,9512,51738,0,0
3499,1,3,3,36,1658,93226,2,808,89604,3,156,14120,2,568,61168,4,3436,11639,0,629,50062,7,1
240042,1,6,1,46,1609,25207,1,9469,43139,2,2195,42103,8,10478,67131,1,4008,54574,0,2832,64695,2,0
29945,2,2,1,25,7992,3582,3,23375,50970,2,2809,34586,4,521,37212,3,991,24546,-1,482,45842,2,0
108625,1,1,1,32,18244,51183,1,2682,35641,3,6817,36315,1,818,18347,1,6274,38552,0,197,29354,0,0
37354,2,4,2,49,2138,72209,0,8305,56906,-1,1006,86113,5,4540,-5,1,1315,61895,3,16917,39302,0,0
73411,2,2,2,28,199,56273,4,4938,14031,2,1686,20110,0,1053,-1439,-1,1791,47352,0,4133,41412,2,0
79122,2,4,2,33,186,72126,-1,15978,5087,3,6434,49900,2,1291,35933,4,4987,78887,1,18883,30470,1,0
20438,2,4,2,37,7119,35490,0,1359,39390,-1,399,41733,0,767,50136,0,6926,67955,1,9790,11306,0,0
349280,2,5,1,25,4018,27808,0,3935,81081,0,1122,60186,4,14441,56861,0,6558,19222,0,21094,42648,4,0
149224,1,3,1,30,7652,42308,8,2627,64166,0,6999,24284,0,667,44861,0,434,51858,3,13637,45147,0,0
280509,2,3,1,36,5978,33388,1,3901,23831,4,10418,35510,6,13392,25567,0,7023,43058,6,10570,39258,0,1
225215,2,3,2,35,11903,53261,1,1565,50321,3,6525,42282,-1,1974,53089,5,5434,63743,0,6441,41081,0,0
91105,1,3,2,47,10850,59395,3,3443,27280,2,3744,11323,2,8617,16036,8,4645,50467,3,6633,22145,0,1
254943,2,3,2,50,7763,60961,2,4901,48528,3,521,3888,0,14978,17925,4,17037,30005,3,14297,-7904,2,0
9265,2,2,2,26,3223,50211,3,423,50087,1,8778,39584,3,3662,52258,0,2129,49521,3,18863,34920,0,0
21813,1,3,2,36,1841,44916,1,6793,58529,4,662,66752,1,7352,15336,-1,5745,32619,1,14414,13294,0,0
4628,1,3,2,41,3536,55888,8,6129,8686,0,2431,32955,5,1546,24694,0,4257,27074,2,3300,47327,-1,1
39353,1,4,2,50,3486,740,3,10620,14688,2,259,35698,2,2414,20446,3,2454,37773,0,10475,18619,0,0
49213,2,4,2,42,4711,44211,1,2774,38488,0,6183,63014,3,4025,43382,0,7761,44975,7,3569,39127,5,1
31656,1,3,1,37,1029,41049,0,318,19351,-1,3500,37023,0,9500,51764,4,2580,66004,2,4153,34111,2,0
176455,1,2,2,41,5330,44261,5,3094,17805,0,11908,55538,-1,4847,52279,3,4088,30066,-1,8687,25254,1,0
44122,1,4,3,41,3049,38247,2,740,45437,1,746,93329,4,111,28393,0,4112,1666,4,8862,60050,1,0
32980,2,3,1,25,4840,48637,2,5212,21679,3,8550,28458,0,1817,36643,2,3580,36059,7,8681,17284,2,1
78240,1,4,2,36,1369,28507,3,241,85153,1,3573,36458,4,10011,54701,1,3056,45127,0,8812,-7085,0,0
15189,2,5,2,49,2849,62590,1,2341,29336,0,2279,47924,0,1373,29392,0,918,43647,1,2783,15610,-1,0
162048,2,1,1,32,1179,49472,0,432,34595,8,5158,69832,0,2293,21741,1,1377,34925,8,3780,70547,1,1
7747,1,4,2,36,10409,43013,0,16,45950,0,7813,37697,5,2468,27168,3,659,58992,1,1456,34619,5,0
433414,2,1,1,32,3346,26049,1,16164,9840,8,2901,54585,3,838,27842,5,6427,46246,2,3112,61703,1,1
147948,2,2,3,21,1274,56306,-1,27769,50170,6,1325,46957,-1,2152,40613,-1,6818,52060,1,16184,39698,4,0
22153,1,3,2,35,210,44133,1,4054,46829,1,12372,38555,1,8502,39462,1,5087,3260,-1,8479,64067,0,0
553,2,2,1,38,5631,24890,3,1365,33013,-1,1877,31591,5,9455,36651,2,12483,36526,1,2252,23553,0,1
168989,1,4,1,29,1208,38866,0,12101,45478,2,31702,27815,-1,4348,23998,0,1539,37216,3,5010,45694,2,0
122709,2,1,2,23,22821,52581,-1,12822,48565,3,7290,101310,0,5677,21354,0,8602,73678,-1,1461,55927,-1,0
130566,2,2,1,26,3814,51031,3,9638,68703,1,5820,9179,2,3823,52983,3,1027,37875,1,1160,14674,0,0
147521,1,3,1,42,1705,49740,2,3930,90005,0,62,11074,0,226,46862,3,351,26796,3,2702,19411,0,0
7692,1,4,2,54,5360,41850,0,388,18769,3,2975,44894,1,5964,31303,2,0,25622,0,942,34988,1,0
44389,2,5,1,48,1609,60516,3,462,14053,1,3490,44065,1,28348,38862,4,4345,59584,8,4045,49542,4,1
12315,2,4,1,21,8581,64755,2,11346,42054,0,2361,48527,4,1292,64242,1,7542,28390,0,2765,24125,-1,0
198852,1,3,2,43,1842,54746,0,10430,-1578,6,812,22509,7,20129,38561,3,8657,22941,3,743,62782,-1,1
97630,2,2,3,28,22218,28250,0,2849,52988,6,2289,19470,1,30536,39874,-1,3180,58334,0,6027,59059,2,0
40181,2,1,2,29,4646,18838,0,1988,42261,0,389,34290,1,762,70547,8,302,47838,0,6382,38746,0,0
6566,2,2,2,30,9302,29121,3,5165,47345,-1,1718,58152,2,13027,61406,5,182,35277,2,11056,48930,4,1
37248,2,3,1,42,378,79073,1,8225,33928,2,436,19645,0,5627,27183,3,12465,13447,-1,6226,54603,1,0
39331,1,3,1,44,2140,45633,1,6577,45100,0,6980,43022,6,3140,61407,1,487,51085,-1,1224,57041,-1,0
130787,1,3,1,34,6687,82528,4,4780,49444,-1,5560,29754,-1,2113,36601,1,7677,56538,0,5438,50038,-1,0
101488,1,4,2,34,5321,37596,-1,1316,44000,4,14061,9510,-1,4968,18987,0,360,20934,0,18712,28349,1,0
218225,1,3,3,39,1079,34823,-1,1522,13098,8,2389,14371,2,9250,66083,-1,1012,47296,-1,9566,7052,0,0
63906,1,1,2,40,2201,38518,0,6437,43440,0,7713,58206,0,173,25809,0,888,37986,8,2844,43184,1,0
12737,1,2,2,46,1528,38156,-1,8113,77079,2,4428,27923,0,3833,29800,0,1622,22318,0,5954,64950,1,0
124912,2,4,2,22,4751,24526,2,617,44817,-1,5193,64876,0,5252,32373,1,2601,31116,2,81,66610,2,0
143039,1,4,1,35,2112,17023,2,1036,42741,0,3964,39255,1,129,80739,0,666,39058,0,1235,46376,5,0
82388,2,4,1,24,1848,50026,0,5704,71200,0,7551,12643,3,10994,20960,0,18089,13633,8,2546,30882,3,0
147388,2,2,1,34,1162,61098,0,2463,25087,-1,214,49543,2,15160,27947,-1,10,51416,0,2644,58453,1,0
68081,2,6,1,32,2629,88899,0,4142,57793,1,419,23973,-1,4740,33154,1,7394,25793,0,10535,18038,1,0
73967,1,2,2,34,1087,31325,7,4770,29396,3,504,32463,-1,622,50544,2,3738,26590,1,22585,27663,8,1
55781,2,1,1,27,16426,32946,2,7485,61731,1,1703,62654,1,13471,38610,0,447,50111,2,3033,11370,6,0
2574,1,6,2,21,839,24575,1,8192,55960,1,4471,14206,2,8173,26653,0,639,30945,1,2473,59956,0,0
11416,2,2,2,21,12226,62514,0,1643,31754,0,5186,31007,2,144,52475,2,4457,35689,3,704,7274,2,0
3193,2,3,1,33,2797,56299,1,3896,34680,2,6234,18329,4,4327,67129,0,1893,37888,3,1333,48166,0,1
101172,1,2,1,30,2372,22461,-1,659,59556,0,1647,16193,0,608,7536,3,2990,24496,0,753,86517,0,0
37739,2,3,1,28,1315,21956,8,9226,2890,-1,5252,30536,2,760,26369,1,3983,29640,3,2126,48030,6,1
71043,2,5,1,48,5049,59050,3,9336,31161,0,626,22848,3,1069,50238,0,4258,39645,1,6878,20619,-1,0
238126,2,2,2,26,5784,47663,2,1779,52408,0,50,34521,6,2522,15343,4,4368,39690,-1,110,31637,-1,0
28673,2,3,1,49,3151,55167,1,875,33837,1,5931,52776,0,10452,36902,0,363,50540,0,10258,9808,1,0
52828,1,2,2,51,286,22344,1,363,42697,-1,6287,24982,0,157,65414,2,6744,51425,3,6412,22101,1,0
140874,2,3,2,21,12536,2445,0,4278,-823,3,4866,10636,0,5843,52453,2,1737,64373,0,2299,25707,0,0
25980,2,2,2,35,19643,22500,0,479,22910,5,1497,52829,1,16698,50420,-1,607,9872,-1,3726,23333,6,0
8010,1,2,2,31,2819,53755,1,5706,53589,0,13118,24848,1,5125,54946,2,539,58258,2,576,42739,-1,0
34214,2,2,1,21,4755,82221,-1,5667,24979,1,10424,76555,4,8453,46498,2,1352,33189,4,7547,-15615,2,0
17580,2,2,1,21,2991,31410,-1,4759,13950,1,3623,31820,7,11602,33255,5,4953,53165,0,7607,15147,0,0
265495,2,5,1,42,1942,85517,1,10460,61232,8,22613,37280,-1,6272,59297,2,3192,46788,1,2375,51476,0,0
165088,2,2,1,55,402,56596,5,2376,50313,-1,1773,-6081,2,5391,30483,1,566,28455,0,1510,81986,0,0
100349,1,2,3,44,3044,12139,5,11627,18229,2,3377,16765,0,90,36769,4,164,70402,0,4393,48615,0,0
205151,2,3,2,38,8529,44280,-1,188,42770,0,13150,-5582,4,3658,6882,0,124,55224,1,1948,23233,1,0
162796,1,2,1,34,85,57279,0,598,18881,1,3100,45881,0,3167,30444,4,2733,48414,-1,6089,56991,-1,0
20649,2,4,1,51,4362,-8509,1,2656,36950,0,3183,38364,8,3698,41572,3,7759,83801,0,6234,61873,3,0
223081,2,6,1,56,10633,52889,3,4506,43519,0,413,52602,1,2832,40528,2,4262,20514,0,19184,24954,0,0
77509,2,3,2,29,1226,63454,7,164,23830,0,1187,56148,0,11852,58476,0,8295,40501,2,2174,22800,1,0
164734,1,4,2,21,1012,47977,4,4190,54846,-1,859,59229,1,10992,31242,1,1923,51242,4,287,72254,-1,0
226424,2,3,2,21,7398,38765,2,1836,57947,0,4165,35499,0,671,32048,5,756,18659,0,10810,18399,1,0
38273,2,2,3,48,1472,36541,0,10908,45271,2,1917,41708,0,3805,29176,2,8122,26720,1,47,75058,2,0
11659,1,3,1,34,1065,35373,-1,3810,48279,2,400,51578,2,16039,44827,3,6506,59933,0,2966,51243,-1,0
25868,1,3,1,36,2373,16480,-1,4432,10943,1,3566,24105,2,4564,70926,0,4447,30072,8,1486,65686,4,0
55705,1,3,1,21,2492,26249,2,14558,67243,-1,5531,21239,6,8089,-6207,0,10935,57437,3,2641,60273,0,0
170382,1,4,1,27,10361,31668,-1,7223,38173,0,6669,70801,1,2336,30246,0,4980,27408,0,958,60923,0,0
197134,2,3,3,32,4817,42269,2,2883,21294,3,9085,3876,2,2368,32980,1,3730,80401,0,5611,17097,0,0
697,2,5,2,37,2604,28863,2,3239,42916,0,3288,50000,3,1970,-2632,1,3488,-6852,0,4123,54480,4,1
71487,2,4,2,31,3822,22617,-1,5219,54909,5,2476,46824,3,110,37518,4,4803,60172,3,2588,65388,0,0
54027,2,3,1,24,15391,55195,5,1116,50246,4,5761,17533,-1,12941,32933,0,3634,45017,1,5460,35199,0,0
25116,1,3,1,27,600,47412,1,464,18306,0,67,26643,0,2151,31222,1,1592,9386,2,435,238,2,0
12768,2,2,1,47,1164,29215,5,1864,55152,4,5019,32863,-1,2287,17932,1,15381,35539,1,9761,13778,0,0
41190,2,6,2,37,16420,50125,5,7534,38786,2,2601,44333,1,7126,38252,6,15857,1469,0,3028,8462,1,1
286312,2,3,2,41,15770,30936,0,1487,50024,2,3015,47033,4,3742,16671,3,912,47046,-1,4782,32340,8,1
39038,2,1,1,26,975,41261,0,700,23968,4,1756,39381,3,2247,23158,1,3781,28062,4,1619,12008,1,0
73145,1,2,2,21,783,59500,0,1236,60918,1,680,43767,3,10754,36011,2,7794,1003,-1,17890,27441,1,0
121408,2,3,2,29,2732,27925,3,5681,43654,2,2566,53189,0,8725,60431,2,281,43313,3,3001,80491,3,0
45197,2,1,1,26,254,16551,1,4758,63776,2,1842,52265,-1,18818,48206,-1,659,42896,0,1028,56859,-1,0
356779,2,1,2,38,5319,37097,5,5828,9302,3,16109,70686,0,5122,52277,2,3936,82138,4,865,52351,0,0
328200,1,3,1,67,403,12730,0,1942,11971,2,14371,60862,2,5857,79232,0,143,56560,1,1626,62673,2,0
29006,1,2,2,41,298,34451,2,11555,35199,-1,5162,40355,0,1961,48809,0,8948,-7749,0,7406,14290,5,0
68765,2,3,2,62,3319,34387,8,3005,69352,0,11701,52813,0,524,19063,1,10324,29432,2,1840,21142,2,0
35793,2,2,3,40,15825,-9273,2,3604,79256,6,6957,48476,0,559,28745,8,6664,62094,0,429,42065,1,1
33524,2,2,1,28,2782,50612,-1,14860,22231,0,2122,43288,-1,5191,22858,7,8639,7464,1,2962,26654,1,0
3758,1,3,1,38,2204,36346,1,19382,41060,1,4630,22628,0,601,37285,5,5569,24568,3,1205,32566,1,1
94049,2,3,1,52,30965,63637,0,5416,43103,0,1244,43245,7,11855,31772,-1,764,40036,-1,12686,52416,1,0
69851,2,2,1,53,3796,44310,-1,14485,54363,-1,5811,-1304,-1,6084,21147,4,151,29439,0,2333,58872,6,0
5285,2,2,2,29,2351,54712,0,3899,57699,0,229,61446,3,1282,58480,3,9422,71823,2,1892,50731,3,1
32662,1,3,3,37,2437,63800,0,1835,17712,0,8899,47006,8,1637,59910,1,6140,43662,2,2974,62985,0,0
238886,2,1,1,21,1084,37365,3,1892,41291,1,4376,36816,1,6188,43588,0,2541,40666,0,145,-13241,-1,0
27386,2,2,1,43,3589,39983,0,4092,-170,4,301,31585,6,8689,19961,3,7968,21665,8,3785,80323,2,1
15653,1,1,1,50,2888,8529,2,4644,56215,1,10269,53090,0,9145,42431,0,273,17951,2,21630,56337,2,0
67227,1,4,1,35,1579,64790,-1,2895,33227,2,10506,76750,8,4594,27763,2,1921,42080,0,2101,32871,3,0
424403,2,4,1,28,874,37086,-1,10760,15892,1,9580,47501,4,843,65715,2,2091,38396,0,13678,10467,0,0
27714,1,4,1,38,1864,19885,-1,2781,46650,4,7442,78044,4,8528,16086,1,553,15657,1,649,36487,2,0
111515,2,4,2,39,3553,54794,0,1597,32602,2,5664,55687,0,7842,53152,4,6768,44680,-1,4457,24065,2,0
143388,1,3,1,35,300,-3595,0,40,65229,-1,2528,23891,4,9019,52729,0,7514,41147,2,928,64219,0,0
27133,1,3,2,36,834,31414,2,17628,22148,1,732,49754,6,857,57928,1,4375,33835,-1,10567,53584,3,0
130274,2,3,2,33,14749,58166,8,8695,84459,3,1703,47801,3,5765,43925,3,2705,63850,2,6452,27092,1,1
45852,2,1,1,44,3913,31245,0,4779,57091,2,2131,23880,-1,16124,33397,2,4670,39752,3,10399,11994,1,0
100050,2,3,2,42,327,25641,-1,8875,65753,5,2216,31845,-1,1478,87862,1,11432,35239,5,5894,35046,-1,0
100383,1,4,2,25,5905,31676,0,8311,19423,0,4167,31448,0,6306,22458,0,2213,62623,0,5580,60071,1,0
76738,2,3,2,24,318,-198,4,13430,75769,8,1168,42004,2,1498,54362,0,2034,36981,2,3760,50917,4,1
9462,2,2,1,32,6713,54309,2,2439,15749,0,1051,34399,-1,1834,40368,2,4873,31970,8,3943,11936,0,1
180364,2,2,1,42,6930,37542,3,4046,35803,-1,6310,45373,7,3320,46857,-1,5754,16597,-1,7638,29491,8,1
38681,2,3,2,36,5264,34553,0,519,66093,1,37,48613,1,11266,46750,2,3060,41212,-1,4252,59600,3,0
20643,2,3,2,28,6587,34626,0,16807,50135,0,809,65353,0,197,18350,0,9815,58648,0,2835,37364,3,0
4162,1,4,1,37,460,40281,0,21041,15216,2,2854,50982,1,22849,13154,2,2171,31660,0,6147,38965,1,0
89377,2,2,1,31,6487,53068,4,7781,62708,5,807,25961,2,7393,14456,0,5121,13413,0,16617,77791,0,0
113185,2,4,1,43,734,38958,0,3026,46799,5,16071,82222,0,2229,31079,0,5510,60218,5,12017,18643,1,0
1672,1,3,1,38,2073,12767,2,3431,31675,2,5544,26090,0,2186,44964,3,1746,61005,2,1968,62475,2,1
71763,2,4,2,31,14301,51510,1,2857,9159,1,2834,32248,1,3298,26252,3,95,51699,-1,2446,31529,4,0
25682,2,3,1,37,3494,49971,1,1735,48695,8,595,51949,2,10416,11272,0,8761,41922,1,15789,32659,2,1
103612,2,3,1,48,17121,44110,0,3751,36731,1,2432,97905,2,90,58371,0,3292,48402,4,1325,43709,0,0
19160,2,3,2,29,465,61504,2,274,43126,5,5257,48031,0,3973,9227,1,501,8997,1,683,46334,0,0
117421,2,4,1,39,3246,40607,-1,24071,8295,5,17338,27168,0,288,49595,1,15798,28357,0,3235,52236,2,0
48895,1,6,2,34,322,62227,8,2758,31626,0,3199,7213,1,614,24971,2,1757,53511,7,2952,36821,-1,1
276034,1,1,2,39,4974,68144,-1,13111,49606,-1,5894,5883,1,5866,64351,-1,3216,46766,0,3968,53517,0,0
14794,1,1,1,28,409,51646,-1,6441,77529,1,1086,40219,2,1334,29487,0,3308,58050,0,162,42734,0,0
41713,2,5,2,36,964,25041,0,1712,35894,4,4885,50894,2,212,4788,0,2316,70677,0,1155,29012,4,0
12044,1,3,2,46,1497,37384,3,1255,68865,3,1365,11603,0,897,39208,0,821,15297,0,8113,15143,2,0
258619,2,3,1,25,6906,64777,0,27217,55746,2,1104,44439,0,1169,23192,-1,6091,49671,2,2234,52670,0,0
209833,2,3,1,21,895,10047,1,7394,44675,0,3558,13728,0,7343,56216,5,1087,34832,0,12417,46109,1,0
29832,2,1,2,22,9374,32160,-1,1436,19753,0,1189,21511,2,4903,46594,0,5733,31070,1,4206,26740,3,0
107876,1,4,3,23,707,33140,-1,349,20590,7,6388,52634,1,6642,27418,-1,8100,89437,0,107,11664,0,0
169948,1,4,2,40,179,22695,2,5968,52350,1,13849,25047,0,2308,19946,1,117,8595,1,19121,28276,1,0
81013,1,2,1,21,2513,57457,0,1804,29470,2,2501,66201,-1,600,18048,6,6579,36360,6,1906,893,3,1
75427,2,2,2,32,19422,47536,2,1250,27692,5,1946,28312,-1,8181,28281,7,5081,35274,0,2301,59504,0,0
27687,1,4,1,41,584,25778,3,6638,36387,4,967,62188,4,756,67274,2,1089,40953,3,12075,37796,5,1
9772,2,1,2,39,536,52110,4,5685,36723,1,2474,85304,1,2411,37124,0,4840,551,0,10519,45267,1,0
227512,1,4,2,31,6954,36831,0,3283,58015,1,4100,25086,2,1520,58940,-1,2730,20377,0,5776,31908,2,0
230677,1,2,2,36,1871,22196,1,14293,29890,2,2333,89320,5,1758,10382,0,441,40976,-1,51,75409,0,0
100266,2,3,2,36,6316,25741,6,5691,56024,0,4878,40269,0,4604,1580,0,3708,12093,8,17,54019,3,1
41404,2,5,2,32,1115,48721,3,11194,48794,2,5429,27348,1,897,21091,3,18112,59069,1,981,32588,1,0
42956,1,3,2,32,3081,58780,0,1057,6520,-1,514,34079,1,2951,53141,7,5232,51592,1,7188,33151,5,0
129446,1,3,1,57,1541,30264,1,1759,45890,3,5983,31931,3,5090,34222,-1,2006,8255,-1,9007,27500,1,0
227409,1,3,2,43,3003,50888,5,551,-13355,8,11528,68035,8,10159,57793,0,4144,35392,1,1273,37034,2,1
218113,2,2,3,59,7328,71635,1,1816,22095,7,133,66356,2,2319,65276,5,6693,47510,2,409,47701,1,1
151356,2,2,1,30,7177,14822,3,17838,49261,0,4007,66119,2,1918,20855,2,849,12484,1,2782,46983,1,0
102731,1,6,1,34,3626,47113,1,16464,39787,1,4630,14011,5,2293,56686,4,3762,8450,0,13218,34605,2,0
8789,1,4,1,21,13181,56613,0,7143,4642,0,6186,43786,3,3473,67760,5,3534,20849,0,3716,69005,0,0
17629,2,3,2,26,1531,38097,0,3680,17616,0,2436,9006,4,1877,60670,1,2362,93749,2,6601,-195,2,0
228823,1,2,2,54,1374,64765,-1,7588,-12178,1,8538,60221,-1,1441,8121,2,6873,61886,1,6164,28267,1,0
93249,2,1,1,29,4757,83976,0,4031,13148,2,3881,30326,1,2352,2901,2,4162,27828,1,9626,53777,1,0
923,2,1,2,54,4855,46867,4,17,51581,-1,2629,50061,3,7521,31027,2,6001,13378,-1,20742,68155,1,1
10699,2,3,1,22,238,35328,2,3481,28851,0,6351,29962,0,1457,31784,0,4531,23493,1,19635,43934,0,0
108916,2,4,2,24,4679,59539,2,4568,43398,1,13112,4882,3,9309,56857,3,7592,70447,1,3883,69941,-1,0
507,2,3,1,31,2345,56841,2,1544,40272,0,8356,57703,-1,1678,20647,3,5024,80675,4,2028,74228,0,1
17531,2,4,1,34,6880,-10376,0,1136,40651,-1,13344,59247,1,4620,48314,1,5662,23762,0,7759,32867,1,0
79569,1,1,1,44,8254,39945,0,1599,60462,1,1545,42787,4,17698,18335,1,1277,46221,2,6062,23136,0,0
117731,2,2,1,39,4016,32108,5,4885,35941,2,630,-2228,1,15161,46901,-1,9349,34755,6,7655,22733,0,0
105544,2,2,2,30,8,47934,1,789,58213,2,3821,55007,2,2851,30858,3,844,65406,1,1783,11470,2,0
25394,1,3,2,33,5058,36126,1,6370,-9546,0,227,25248,1,349,47170,0,2076,18121,-1,4374,15426,2,0
124541,2,1,1,31,6909,38296,8,2746,62228,0,5613,50331,2,11646,32723,1,11009,59579,0,1024,21051,5,1
27082,1,6,1,25,1431,22735,0,2179,14198,0,1372,30187,1,678,-4148,1,574,13197,7,1239,16673,3,0
39363,2,2,1,26,3124,54690,4,8231,18541,-1,3028,32240,1,12855,50179,2,10074,58955,1,2304,60508,3,0
137235,1,5,2,45,16866,73100,4,3526,25907,0,5329,49952,3,6595,63400,0,3225,22985,0,6198,31072,3,0
104877,1,3,2,21,1769,23046,0,2377,61677,3,3299,23581,-1,13608,23283,0,1014,33711,1,1815,12231,4,0
189195,2,6,1,51,1262,12058,-1,10525,22214,-1,1346,36666,1,5473,56190,4,6681,27091,7,1991,32225,1,0
107181,2,3,2,31,1184,40400,8,2296,26882,-1,10616,50191,0,26605,27732,0,1669,79222,-1,8025,45007,-1,0
84004,2,5,1,27,4091,39426,1,9794,20766,0,7230,83328,1,3146,13001,-1,5664,59879,1,12227,34777,1,0
9835,2,1,3,42,14957,63418,-1,3507,45107,1,4594,38510,7,1999,27773,0,7824,31772,0,9162,35657,3,1
45841,1,4,3,49,4691,15416,1,1166,54872,0,5995,56789,-1,2498,36323,1,4212,23504,1,1021,3426,-1,0
30816,1,5,2,46,1807,29240,2,4744,74086,0,2683,16563,1,2156,13591,1,7708,66271,2,3059,58201,3,0
27970,1,2,3,40,5088,-2954,3,1679,87996,0,2357,73892,3,2560,66992,3,13670,-27966,1,6073,32967,0,0
361230,2,1,2,45,4902,67499,6,795,53003,6,872,23839,0,10822,9383,0,3997,49583,7,6226,13986,-1,1
49938,1,3,2,21,4543,45010,5,452,47313,5,8137,37356,1,4483,29171,3,826,20814,1,2527,37863,2,1
222605,2,5,2,29,868,30731,6,1383,15653,3,2398,50224,0,6467,21554,-1,6182,85083,7,2728,30079,2,1
99733,2,3,1,25,5033,13554,-1,6669,78186,0,5893,24401,0,1697,67076,1,2638,94614,0,4305,42449,4,0
158382,1,3,1,47,2812,15390,2,9100,44308,0,1782,61618,2,22961,9852,4,3788,40613,-1,5665,91113,2,0
69843,2,2,1,31,93,48285,0,9892,34218,2,7947,26763,3,1647,56503,1,4928,32691,0,381,25041,0,0
86015,1,1,2,43,3880,17851,0,1574,47750,0,556,56612,2,865,43943,7,6320,41360,-1,5174,54909,5,0
67829,2,4,1,40,22672,42080,3,5408,27272,1,4904,61354,3,7529,15045,2,5105,27567,2,3589,33438,5,1
21721,1,1,1,26,2151,80858,1,1309,-6753,2,8240,51568,2,9134,32968,3,1325,24111,0,193,32207,6,1
128176,2,3,1,29,16842,33048,5,4874,51436,1,5397,54168,3,2502,36348,1,6894,44691,3,307,65116,2,1
32957,1,5,1,47,505,20771,-1,10911,66849,1,5955,90617,8,3894,51699,1,8234,52475,1,1111,43635,4,0
2461,1,2,2,27,6592,47640,3,208,51138,0,3732,48330,-1,2673,27100,-1,192,42665,0,2197,72247,0,1
103696,2,3,3,36,607,15484,0,21074,39858,3,4093,42196,1,1740,52628,0,1841,45802,2,7151,38970,1,0
19493,2,1,2,27,1598,74399,0,8774,40265,2,340,46724,0,8393,40975,1,19037,27348,-1,1889,67312,0,0
282108,1,3,2,31,4229,68072,1,7170,43445,2,1443,65426,1,7074,49024,2,978,21323,0,7206,33306,0,0
307756,2,2,2,34,4492,36716,0,5877,42833,0,6399,86585,1,3321,22375,8,1009,21128,3,3443,26296,3,1
246350,2,4,1,27,7462,22054,1,7354,38785,3,14540,36670,2,3039,35177,4,4474,55439,2,1174,48753,2,0
46228,2,2,1,25,4776,31484,6,26102,40506,7,3902,21752,1,993,42204,3,2063,41592,3,7502,42364,5,1
1557,1,3,2,37,4502,34086,2,7352,71100,2,6465,63250,0,5070,41632,0,5351,44030,1,6404,13245,3,1
263552,1,3,1,26,12172,47671,0,2166,49445,1,5753,12738,-1,12863,39208,1,1523,46826,1,183,43981,0,0
55893,2,2,1,26,3008,60792,0,4758,42102,3,36963,45155,-1,6344,81845,0,2775,38843,1,6639,24767,4,0
340084,2,4,2,25,1276,19269,1,2054,53184,2,7923,46092,0,3528,51485,1,32291,42169,6,5521,56337,-1,0
331373,1,2,1,34,882,60218,1,17543,53185,4,4939,37853,1,197,54549,-1,2337,65916,6,2353,26723,-1,0
191738,2,3,1,44,2554,52353,2,11519,58919,2,611,39029,1,13316,44937,1,450,55538,-1,4962,32721,0,0
34877,1,2,1,50,6237,29844,0,4192,24861,3,2252,6950,0,1841,50665,1,6782,36552,7,821,19500,3,0
48629,2,3,1,27,217,18265,3,7599,30389,2,1443,22634,3,1783,43972,0,4440,30556,4,4430,60088,5,1
190472,2,2,1,56,690,42324,-1,12022,23728,-1,9609,58741,2,3170,76355,3,2940,60545,2,947,48551,2,0
38114,2,3,1,24,560,18808,1,1395,55334,1,2954,-825,0,2803,38798,2,11969,46655,0,598,85527,5,0
18571,1,2,2,45,4400,60473,2,4331,54357,-1,3831,38280,3,16397,56626,0,792,33840,1,1120,65204,2,0
81373,1,4,2,27,1391,17522,0,3286,14535,1,16736,33748,8,901,81706,8,3364,14173,3,646,31174,6,1
275129,1,2,1,26,909,50954,3,7383,47816,2,9060,151,0,5841,53060,1,1064,73880,0,660,8984,1,0
119082,1,4,2,27,4491,38387,2,2382,67444,1,7798,73847,0,564,34309,-1,435,17459,2,10739,27448,8,0
84411,2,4,1,34,7162,28787,2,6171,35293,-1,767,19394,8,1621,25319,0,2920,45688,0,11468,36852,0,0
10222,2,2,1,40,2018,37943,1,2579,46279,0,115,50978,0,6403,30088,8,14720,76504,0,6622,3955,0,0
95453,1,3,1,41,4316,61599,5,588,54609,-1,670,30622,-1,8149,47834,5,6401,33175,-1,7622,23012,0,0
461056,2,1,2,25,516,16154,2,566,13588,3,6740,23102,1,3164,75685,0,1336,39090,7,2232,60318,0,0
15092,2,2,1,25,13681,31756,0,633,43039,3,2644,35280,1,7787,52072,4,3105,57074,0,3926,22821,1,0
73049,1,4,2,25,2054,24965,0,165,65442,3,624,32872,-1,13676,32268,2,7983,16137,3,8429,22521,1,0
209860,2,3,2,33,29968,39227,-1,3806,28135,-1,6716,36265,0,13727,33901,-1,1087,6603,1,3358,50368,3,0
135003,2,3,2,32,19218,26306,0,5572,56649,-1,1081,24260,1,2096,37011,3,1138,32857,3,6677,29165,0,0
119407,1,2,2,25,7543,4638,8,677,40543,5,4446,19720,3,1870,13187,1,998,41614,1,2753,40240,5,1
121228,2,2,3,37,101,18897,1,4731,26509,0,6765,60089,2,6481,30845,0,4675,41387,8,2125,47846,3,0
44549,2,2,1,57,3920,72755,4,4553,38069,2,4683,40138,5,5307,29968,0,146,68344,2,9382,27629,2,1
34756,2,4,1,29,454,44934,0,795,29477,3,25285,38793,0,2490,95562,1,4429,21081,2,2022,55434,8,1
165737,1,3,2,30,11275,44247,1,2588,22233,1,2847,22170,0,1298,58537,2,8725,37125,5,3227,53817,-1,0
166132,1,4,2,40,7794,34347,7,7035,34913,1,1868,71487,1,4817,18538,2,7631,70145,0,572,46503,8,1
201795,2,2,1,29,17938,38967,-1,84,41368,0,1123,38251,-1,2812,8615,0,5495,34443,0,3565,70225,0,0
244461,2,2,1,41,4687,31403,1,794,36678,5,3503,2085,0,708,13879,2,1239,79739,2,4653,57584,-1,0
71609,2,2,1,27,3692,50538,5,27397,34692,0,9568,45516,0,5097,68272,0,8475,35314,0,2476,34556,1,0
69618,1,1,1,53,3659,42016,6,6612,44519,0,14679,24716,-1,5981,13019,8,15787,26119,3,5202,24754,2,1
160094,1,2,1,38,2442,16574,3,3119,50628,1,17887,58216,1,2264,72194,1,1015,39216,1,2911,43099,0,0
104971,1,4,3,28,3162,45074,4,4968,17118,0,3789,60768,5,8917,44794,-1,12057,45191,3,2778,38616,1,0
121055,2,4,2,29,5044,-9174,2,9361,34952,2,4647,58458,-1,382,35080,1,9586,31769,8,2746,38824,0,0
158861,2,3,1,29,13511,48277,0,9235,529,1,4355,30771,2,3425,17107,1,19383,47962,8,9815,28812,-1,0
220732,2,3,2,48,4530,11812,2,1963,36756,0,3136,37742,4,15655,65276,-1,1922,37016,1,6503,40820,4,0
41248,2,1,2,22,9728,38078,8,3379,43010,-1,825,44972,0,1056,50924,-1,13595,65389,0,3050,71244,0,0
47093,2,4,1,28,9930,16107,1,5081,51395,0,338,57853,5,945,58002,8,989,50157,2,5090,53776,0,1
9869,1,1,1,29,3657,40056,0,373,43082,0,2869,19244,3,2379,34549,0,962,40215,2,8678,42741,0,0
86341,2,5,2,34,2134,51565,1,14575,50963,0,1030,41868,0,1560,53332,0,565,33669,0,3043,64759,-1,0
3660,2,3,2,32,5102,70056,2,2834,41304,3,10886,77358,5,1252,69632,1,2791,56056,0,9299,54541,-1,1
62660,2,2,1,21,2951,9172,0,2317,26489,-1,7171,29292,3,14962,51905,-1,61,40623,0,974,33457,1,0
78229,1,5,3,31,424,59509,2,11881,17681,0,4816,39478,0,2114,18885,-1,2401,30950,5,4493,38938,0,0
33763,2,1,1,34,2372,42623,1,629,34739,0,242,92269,3,308,50398,0,4916,25537,0,2232,58016,2,0
89363,1,3,1,28,25640,30986,2,200,24674,1,4867,35175,1,11502,55095,3,407,53987,0,522,44787,1,0
3097,1,3,1,41,248,55197,0,5775,37605,3,4852,9224,3,2973,73537,0,8531,30567,2,11116,48524,-1,1
3806,1,2,1,44,5964,35281,0,2430,30162,5,2892,38852,2,6657,51699,1,1731,34001,1,3363,14930,1,1
172935,1,3,2,34,9200,54350,2,7229,48381,1,5361,73458,0,2289,62030,0,237,51065,0,3888,29472,2,0
44658,1,3,3,37,5230,20154,1,355,40979,0,9756,61134,2,13679,52325,1,2346,61417,0,3644,38851,1,0
13588,2,4,1,21,4216,27340,0,2420,48949,0,7093,20406,2,1696,12900,1,745,51903,1,3912,62633,0,0
73865,2,1,3,30,6147,58872,0,1341,48847,0,3206,48307,3,5434,56587,1,7930,57055,7,4408,77817,-1,0
146964,1,5,2,45,2804,69708,0,6727,36406,3,1520,36483,3,8696,42399,1,2032,54191,0,10260,21990,1,0
24311,1,2,1,30,479,39299,1,1288,37633,2,3248,56240,2,1358,79939,2,622,40166,0,14758,27579,2,0
97521,1,2,2,27,16400,-15745,8,3061,50032,0,14591,27692,8,8085,11214,3,3022,47891,8,4829,48942,-1,1
8921,2,2,1,57,2830,36019,3,8542,88918,3,8573,49890,3,7857,17357,0,3007,76517,1,2357,82537,5,1
5306,2,1,2,53,5473,40648,4,12348,20217,4,137,78205,5,16652,54507,1,1612,36081,0,3618,20075,0,1
75790,1,2,1,39,3789,35344,1,6411,40835,4,7638,-12247,0,12807,70232,4,1980,18151,2,6068,744,0,0
77791,2,6,2,46,281,46726,1,2803,16085,0,935,51857,0,2460,37594,0,7323,-10527,3,3766,43282,0,0
101453,2,2,1,21,15261,30461,0,4242,39581,0,4232,66381,0,4464,37700,8,5090,78711,2,1509,13019,4,0
129496,1,2,2,27,7864,56777,2,5850,26518,0,8212,8873,1,12970,44142,3,1208,79616,0,4669,51351,6,0
372355,1,2,2,30,807,16665,1,10394,37601,1,4119,25588,7,21,30317,0,14800,20182,0,10982,55624,4,0
72629,2,4,1,32,19990,64736,2,10971,43106,1,2586,32125,-1,4935,59750,0,1817,65719,4,563,35596,3,0
39001,2,4,1,30,6676,71001,1,13366,30212,4,1937,25381,1,1212,30347,0,3811,60650,0,367,31007,0,0
158565,2,2,1,21,3196,21738,0,8322,4324,0,1819,23883,0,6711,54006,0,4232,52824,3,18456,25752,2,0
31585,1,1,2,38,4725,21728,0,793,68510,2,9083,32505,3,7959,13534,1,1201,50063,-1,8130,41299,0,0
57798,1,2,1,40,564,48213,3,6884,56785,3,8716,57033,-1,6240,74370,-1,1721,25107,1,2659,13634,0,0
8170,1,1,2,51,4109,16255,0,8425,37388,0,8668,69753,1,27705,-2407,-1,3276,42586,8,146,30787,0,0
2567,2,2,1,27,382,30147,0,10513,22105,0,1661,66053,0,3262,18734,8,1480,46959,2,13562,25393,1,1
328737,2,3,1,26,3935,62050,5,12939,41700,2,8020,59876,-1,4120,85068,0,1823,41394,0,7904,45525,3,0
180776,1,2,1,21,4022,54752,2,3558,47219,2,186,76642,0,2629,42020,3,4748,38905,2,4675,46969,2,0
119064,2,3,1,32,10374,79603,0,5322,55400,7,1156,80626,3,18245,26803,2,6616,66007,0,7857,68196,0,0
52585,1,2,2,44,6455,43415,0,47,57244,3,3612,43321,0,12803,14457,1,8071,60313,6,4950,20404,2,0
19030,2,5,3,28,1435,27783,0,4252,61013,3,2610,68619,8,21576,31278,2,648,57484,0,5600,33087,2,1
17012,1,5,1,56,10965,41024,1,3204,5182,2,593,48478,-1,20962,45795,-1,6677,58647,0,11748,58711,1,0
28800,2,3,2,32,4257,36988,3,16391,33907,0,213,35675,0,11290,49733,3,13773,44586,2,2609,49476,0,0
79679,2,2,1,36,4661,37268,0,11599,59862,3,4723,39004,3,13359,46445,4,4346,63319,3,3755,26790,-1,0
125384,1,2,2,21,925,39523,4,7987,21527,6,1880,60250,0,638,4275,0,4640,16037,1,7595,13543,-1,0
107939,1,3,1,37,9751,21364,0,293,64385,0,80,69311,1,952,42778,0,15541,41391,0,1579,77006,7,0
32841,1,4,2,21,13365,45644,0,2571,76207,0,2818,51609,0,10822,46779,0,10179,54160,1,4599,8146,4,0
309810,1,3,3,41,7458,11826,8,5954,63825,1,1831,32079,2,6487,46972,4,4078,50868,0,2153,15040,0,1
133901,1,4,1,42,14130,25663,0,150,53231,7,4297,30210,0,10396,40589,3,7258,47487,-1,260,43741,0,0
80823,2,5,2,48,1799,37622,4,1344,31049,-1,13283,2934,3,7349,15420,1,997,58541,5,839,59217,0,0
94603,1,2,1,24,9870,-5191,2,10924,45632,2,1839,47218,1,751,21569,0,2664,68820,1,602,22460,1,0
54403,1,3,1,36,3355,55379,-1,695,13078,3,29278,45857,1,12418,64261,1,6283,18729,1,3980,53644,-1,0
28466,1,1,1,40,895,-1063,1,263,24377,3,449,19107,6,7375,24486,1,1702,46007,2,638,19812,4,1
44001,1,2,1,39,5525,53391,1,4344,25783,1,462,49462,3,4229,25559,1,3024,25553,1,3911,56022,3,0
141818,1,3,1,26,5761,14143,6,14637,41239,5,6240,49126,2,3800,34074,0,948,61400,1,6619,56263,1,1
1449,2,2,1,21,1690,31901,1,8997,32156,0,6904,10325,4,4264,15667,-1,11404,54479,3,4999,22444,4,1
12338,1,4,1,38,139,50382,1,18399,45231,0,2748,33565,-1,2474,52676,3,11300,20593,1,6913,57558,1,0
4709,1,2,1,33,1114,83962,0,7002,57556,0,1684,68180,2,8128,14630,0,3253,39866,5,3380,20381,-1,1
4158,1,3,2,29,2552,42329,2,2875,25805,-1,7899,27336,0,11985,61680,1,1065,9977,0,6700,-9613,1,0
193420,2,3,3,42,916,347,0,14651,42972,0,15645,40352,0,1457,13104,0,5684,58997,-1,7840,37054,1,0
121624,2,3,1,34,1078,59073,-1,2781,31680,0,22977,43209,-1,193,34408,0,1201,29283,0,1443,47714,2,0
64278,1,2,1,21,2482,35361,8,2154,43803,2,5031,39473,4,1134,46875,-1,1297,17395,3,9706,55178,0,1
10295,1,4,1,21,16322,41398,0,2972,53723,1,6737,53774,2,7080,55811,0,17886,33087,5,13767,61469,0,0
67651,2,3,2,23,7224,51157,0,8409,58424,2,8636,58704,0,10139,35499,1,524,51677,-1,6570,19202,6,0
64145,2,3,2,58,1926,-4507,2,12486,53406,0,8019,65291,0,2142,25945,3,2384,45737,5,17752,39778,5,0
19019,2,1,1,42,15141,40130,3,2213,48279,0,25097,33730,1,826,68380,0,4046,30217,6,334,31171,5,1
56889,1,3,1,36,5187,31806,-1,3101,11595,0,8315,50477,1,9778,43629,-1,570,37901,3,813,39746,1,0
50833,1,4,1,33,3038,64436,0,11429,18374,0,5432,56796,1,1208,36586,3,198,34164,3,11655,86016,2,0
95672,2,3,1,32,3158,54542,-1,240,23516,0,2359,37633,1,1384,3627,0,3908,21318,-1,156,36169,6,0
100811,1,4,3,46,2644,7459,-1,7659,47172,0,4556,25616,2,485,43831,5,608,2686,0,4434,20395,7,0
4636,2,3,2,30,1326,65252,2,3027,14179,1,10616,42871,4,12057,39900,7,1446,39871,0,1565,34886,0,1
46938,2,2,1,40,2443,48990,1,2362,46750,0,1822,27885,0,1977,12882,4,3438,51700,1,3035,56909,0,0
98312,2,1,2,31,3752,9055,2,2961,45289,0,155,25915,4,942,24377,0,2134,39681,2,2441,49694,1,0
69943,1,2,1,54,3754,41115,1,2712,1286,-1,1981,44402,0,15357,41867,0,6198,80994,5,1042,60806,4,0
194134,2,3,1,42,7171,60696,3,7065,18247,4,16123,36233,0,2043,49347,3,16410,28084,1,4407,76968,1,0
107497,2,4,2,47,2222,15719,1,13151,60877,0,7901,43510,0,6881,19632,1,6995,39162,1,1131,76116,3,0
17785,1,2,2,29,6307,67551,5,3381,53948,0,1035,8975,0,1309,19823,0,58706,49721,-1,2614,23946,1,0
7318,2,3,1,45,4314,9747,1,8940,22992,0,60,36489,8,6488,42313,0,2462,48814,8,7357,54986,3,1
102839,1,3,1,31,16330,24175,3,6582,19302,3,5529,-5205,0,1320,23175,1,1820,34882,6,5534,5024,0,0
2686,2,3,2,36,2432,21142,1,2007,-9006,1,4325,19090,2,5076,35986,4,1195,38915,-1,5243,61835,3,1
88134,1,2,2,51,11574,67538,1,4425,69425,0,433,38221,2,2906,75506,2,10808,38333,1,3467,9033,3,0
281725,2,2,1,24,8591,30179,3,5495,40821,2,16906,64262,1,8015,39146,2,2470,53665,0,1045,9125,0,0
85678,2,2,1,37,5075,16743,0,118,77674,1,4808,50737,0,6551,60454,2,6205,26101,1,2947,36207,4,0
49130,2,1,1,39,5314,48904,1,2520,36166,-1,5270,41805,1,13704,15089,3,5616,-8674,2,3172,58623,0,0
103082,2,2,3,40,442,53223,2,24557,45651,0,9606,32465,1,2363,24643,5,293,33137,1,1133,21219,3,0
61295,2,1,2,30,15001,53350,3,5070,57825,8,2055,34988,7,7018,24218,0,10586,73756,1,4600,29413,4,1
78881,1,3,1,55,565,34573,1,2034,72776,1,4085,66115,1,17343,17921,8,3332,56025,0,3598,23301,3,0
283812,1,2,2,22,4141,45090,1,1438,50020,1,4292,17873,7,2049,4631,0,1265,8627,-1,1981,42955,0,0
48792,2,6,2,49,2002,26995,0,1175,40048,0,17110,25489,1,1712,43861,0,19336,53501,3,1161,58435,-1,0
324909,2,2,1,47,2809,73496,5,2567,40559,3,704,61335,0,7327,47737,1,6995,44168,0,767,40346,-1,0
235757,2,2,1,54,4710,62884,0,1073,19083,0,7112,33121,0,2948,21086,0,4795,32501,4,10629,27586,-1,0
21789,1,2,2,21,11976,61659,3,726,32362,0,4280,78781,3,2542,25096,0,22273,18437,6,13994,70678,1,1
7188,1,1,2,26,3058,55882,-1,2263,41024,1,9333,53813,1,3944,41559,7,7064,23728,-1,8544,60365,0,0
10622,2,4,2,49,22002,50394,0,4669,67637,1,8917,63099,-1,13707,40416,0,645,28801,2,4507,24336,4,0
1838,1,1,2,21,4492,15112,0,791,31399,8,60,7487,-1,437,60661,8,23635,76705,3,16306,22132,0,1
9920,2,5,1,21,875,52666,2,226,61253,0,1481,61188,0,3133,62674,2,4551,52802,2,3148,31877,2,0
114887,2,4,1,30,1053,42285,0,176,38363,1,997,23012,1,583,26633,7,1779,25808,0,228,59606,5,0
7384,2,3,3,36,6295,65267,-1,1555,64871,0,3096,54315,3,10753,38647,4,8505,29159,0,2338,-11820,7,1
38415,1,3,1,50,258,56148,0,1054,53534,2,11784,32725,1,734,19983,2,245,39251,1,986,66190,4,0
186352,2,3,2,33,3272,51007,0,3874,52183,0,25,44456,2,469,70044,1,5311,31336,0,5880,32839,0,0
2354,2,2,2,28,802,6315,0,3041,59576,2,3349,17875,2,16587,45326,8,867,40313,4,1754,15514,1,1
168453,2,3,2,38,2838,38219,0,1963,56663,0,10805,5588,1,4143,59875,1,458,37085,-1,3169,42836,0,0
33108,1,1,1,39,6929,28842,3,8965,61276,1,13032,43011,0,8740,32734,0,2184,41945,0,13619,45625,1,0
12575,1,1,2,39,3069,45047,1,3515,82635,1,5354,34124,4,3176,60415,8,2203,33,2,24474,57416,0,1
119315,1,3,2,33,892,31689,1,479,72337,0,8852,22124,0,2860,54887,0,4588,56005,2,3828,62933,0,0
99139,2,3,2,21,1451,34481,7,1753,49328,1,1958,6359,0,12129,65578,-1,4167,28797,2,1610,46918,1,0
209941,1,4,1,25,2290,49180,1,18122,31165,0,1684,-13501,0,22962,13123,2,5822,58136,0,2894,50116,0,0
132829,2,2,1,49,360,31357,5,18856,47328,3,251,50471,-1,4818,41495,1,956,83921,0,10410,41285,0,0
162699,1,4,1,36,4389,42431,0,1469,1476,1,3497,34898,1,12516,61950,0,10234,10946,1,1359,53300,0,0
33133,2,2,1,31,4676,9611,1,915,56579,5,3042,27922,0,9928,21286,2,9783,41968,0,323,27792,1,0
19533,1,2,1,46,320,23351,0,3422,18799,0,2325,44256,1,3926,50437,-1,1218,31598,0,8517,32161,1,0
138875,2,2,3,23,2573,53120,1,3283,62449,0,601,60288,1,14159,51426,2,3208,47896,2,3774,8656,0,0
164420,1,3,2,32,2672,15396,1,2639,79605,0,1311,45391,1,1178,54020,1,3347,-2146,1,11361,73023,4,0
465700,1,2,2,36,2030,64914,0,3768,10981,0,1138,31137,0,10807,46674,1,12706,32835,7,5781,27374,2,0
53207,1,3,2,30,4079,59487,3,1321,38993,0,14409,82649,3,1850,52352,5,11802,23627,1,180,61510,3,1
46524,2,4,1,36,2122,34635,1,610,18711,0,16975,27284,1,154,48654,3,349,72540,0,7739,65175,1,0
149795,1,3,3,33,2692,99974,-1,4225,5433,4,17,11807,0,7734,63698,1,15853,77186,0,1058,9088,0,0
41673,1,3,1,21,7985,64862,1,13485,37873,1,934,41996,5,13297,25646,1,355,34277,0,677,42730,0,0
267013,1,4,1,36,884,21014,3,741,52703,1,10981,34888,0,1221,46808,3,3987,17054,-1,4132,53128,0,0
195483,1,4,1,21,4826,54923,0,6100,55088,3,195,58941,2,3818,64375,1,1866,23228,1,2905,28972,3,0
56035,2,3,2,36,3521,41317,-1,2880,43078,0,14363,29474,2,6918,24325,2,2475,40781,7,1795,12653,3,0
138978,1,2,2,48,1819,24465,3,1740,6715,4,2390,36696,-1,2014,26177,1,4927,11973,3,4441,69671,0,0
140463,2,4,1,32,6501,18601,8,9590,42467,1,3868,22684,5,794,50487,1,4383,50381,0,6797,52964,3,1
10883,2,3,2,23,4005,59897,-1,3048,10149,0,7215,56153,0,2489,67641,8,916,36074,3,3399,40826,3,1
232844,2,2,1,33,3244,28041,6,4377,11460,3,1397,42871,2,3049,37314,-1,17496,47126,6,7758,19079,2,1
70370,2,2,1,26,5508,37962,0,2926,20063,1,530,34496,0,6778,41910,1,145,47887,2,2711,19703,2,0
175133,1,4,2,40,8104,21579,6,423,60996,2,8302,37000,1,1107,47277,6,2103,67588,1,3454,43347,5,1
38573,2,1,2,33,17998,25036,2,4518,50905,4,20875,39573,8,8440,30264,5,8081,52700,0,3930,30695,1,1
225879,2,6,2,52,4962,37461,4,2713,46451,4,5376,11252,2,3487,83874,2,9516,45859,-1,1895,44382,3,0
49298,2,2,2,46,10374,47763,3,453,22747,4,8721,63254,0,11711,21507,1,7979,44984,0,2258,47459,7,1
1089,2,4,2,33,5,-11767,-1,4529,32244,1,14177,62080,1,4171,41800,2,2330,434,2,3582,30975,0,0
235790,1,2,2,42,3777,40338,-1,49,12597,2,1297,40813,2,2960,42122,0,5595,43593,0,10743,73871,1,0
9572,1,3,2,31,1208,25077,1,1169,67286,0,2157,38676,1,1689,-3767,1,7225,52242,1,3996,24895,2,0
38465,2,4,2,35,494,68047,0,7595,83945,3,1236,20066,5,561,23153,1,4313,37575,1,575,21021,1,0
299697,2,3,3,31,3796,98855,1,193,51131,0,318,74546,4,2323,12956,-1,5681,73296,2,6564,48396,0,0
300794,2,3,3,42,6868,32814,7,5201,54635,1,6588,69709,0,2668,54405,4,4032,10292,-1,3631,49632,2,0
85199,1,1,1,49,2657,5555,0,14949,36820,4,787,47887,3,4199,6135,1,282,25202,8,2549,19969,3,1
99923,1,1,2,42,5544,42337,1,938,7610,3,486,56400,6,9825,58837,4,1596,27295,2,5878,33135,-1,1
59501,1,2,1,44,3363,35891,0,2698,23120,7,2212,64609,0,3116,16404,0,6064,40185,2,912,9191,0,0
34702,1,3,1,44,2873,79427,2,4284,30692,0,312,60549,0,1886,59230,1,1382,27070,-1,7693,28699,8,0
39848,1,2,2,40,1714,73331,0,2992,32294,0,989,22876,-1,10328,12070,0,3039,15189,-1,6300,56057,4,0
111632,2,2,1,23,2411,57307,0,4842,27692,5,362,33777,0,6619,48480,2,3824,32884,2,1025,14121,8,1
139583,1,3,2,52,2152,28266,4,2588,40955,1,10489,49363,7,1833,58702,1,5558,60295,0,9366,18172,2,1
156819,1,3,2,53,5194,53555,3,803,22996,4,7564,44066,0,913,51462,5,1499,55083,4,1070,23420,1,1
155883,2,4,1,32,616,45300,3,466,83354,2,9813,55061,0,1719,15577,1,4521,26101,2,5657,62815,-1,0
9563,1,2,1,31,486,44826,3,6821,12692,4,10137,52874,0,659,62595,2,4538,32533,-1,2293,59991,0,0
68204,1,1,3,41,5394,8835,1,1363,57746,2,14457,44939,0,11686,50915,2,9322,24447,2,7045,-1950,1,0
5928,1,5,1,40,3951,61235,2,9401,34762,3,1032,-12074,1,4730,-7157,0,4015,14770,3,298,4263,0,1
79746,2,2,1,32,2812,42156,0,6793,49255,0,11513,63456,2,9957,42213,4,1748,48539,3,1437,41767,0,0
58255,1,4,1,22,826,37983,0,253,50162,7,3722,56780,1,8584,96674,0,3698,14377,1,3179,7843,0,0
218661,2,4,2,38,2646,27996,0,1123,43140,0,908,81384,-1,831,62329,2,567,53257,1,6270,64142,1,0
43219,2,4,2,40,7796,24127,0,1726,17332,-1,5332,30450,3,2925,30019,2,4679,76372,2,4778,-3987,1,0
12450,1,2,2,42,11019,46345,0,4512,33359,1,1980,3141,6,17889,50880,1,12392,47513,4,15399,24962,2,1
15430,1,4,1,38,6062,5016,0,8299,43381,2,237,36391,1,1331,32143,0,3773,52455,3,4093,44157,1,0
143343,1,4,2,32,308,55789,1,311,42128,2,409,49133,0,257,60291,1,1727,51885,1,1796,69469,-1,0
96290,1,3,2,44,5549,18917,0,1435,19537,0,2755,31159,0,2123,23715,0,2600,30226,2,2842,39915,5,0
10660,2,2,1,35,1378,-1173,2,2359,65824,3,8757,67435,0,3576,64171,0,11606,47399,2,392,46329,3,0
8785,1,2,2,30,1893,76437,1,1012,-9871,3,1862,26797,2,287,58408,1,8385,46247,1,621,43549,2,1
120720,2,2,2,33,1089,22838,5,3940,34997,2,7264,37982,3,2781,52852,2,8127,27482,5,3644,58812,4,1
7554,2,3,2,21,7475,25556,-1,3250,21573,0,286,35080,0,1461,81416,2,4151,-10326,2,18584,46157,4,0
172518,2,3,1,33,5229,62690,2,1902,43643,2,2502,95486,0,1192,60116,1,2524,19041,0,1402,54754,0,0
122499,2,2,1,41,4731,77088,2,3637,60334,4,681,21878,1,1531,60431,0,710,21158,8,7507,55150,0,1
8484,2,3,1,38,5512,9339,7,2198,11860,5,9958,51674,0,556,62528,3,18568,50020,6,2283,61791,-1,1
8865,1,2,1,50,1350,20876,0,2101,87072,-1,17200,15975,5,398,54275,2,986,10421,3,161,-3467,1,0
431545,2,3,2,32,2940,22346,0,1542,44036,0,1969,46859,2,4529,49283,3,1452,77418,-1,894,9575,2,0
46883,2,5,1,39,5015,58696,0,3887,47634,-1,22487,20910,1,14766,26454,0,7225,72584,2,4858,53532,0,0
46305,1,2,2,42,5061,72782,0,2935,11204,1,6977,61998,0,8167,26729,5,2159,61043,-1,1300,79273,1,0
167557,1,2,1,58,7847,18394,1,1092,39068,1,6,58162,3,8975,48641,0,4383,29798,-1,9533,46504,3,0
294216,2,2,1,36,1692,68294,3,65,59433,1,3320,45430,1,6641,52184,0,7169,-1571,0,2285,34844,2,0
426877,2,3,2,24,7355,25819,0,818,44198,2,8981,12171,3,15615,40356,1,4061,56643,0,1278,59707,1,0
139989,1,4,1,43,2900,46722,0,218,42803,0,3816,38935,-1,15034,30368,8,3373,25042,1,7545,66428,1,0
47202,2,5,2,53,5545,14570,0,2824,38962,0,3992,33917,0,7532,37277,0,260,55750,0,864,53470,0,0
8719,1,2,1,31,3041,37561,0,1275,12439,0,2968,56607,2,6292,38943,3,3343,52024,0,15264,39287,1,0
150124,1,6,1,43,14841,37777,5,2727,12325,-1,2512,21950,1,1821,45501,-1,3035,31199,2,1357,40989,0,0
81736,2,1,2,47,988,33696,4,1998,63386,3,138,63101,0,477,35556,0,10622,15596,1,8444,45261,2,0
55203,1,3,2,45,5619,47699,0,3861,57645,0,4860,59347,0,487,63314,0,2965,43743,-1,3636,66506,2,0
236823,2,1,1,36,4296,19859,0,6434,60605,2,7277,12511,0,6663,37786,2,4970,8606,1,6718,48415,0,0
11788,2,4,1,28,948,22325,5,3263,23543,0,7807,35607,2,143,27133,0,7430,45622,3,742,48677,0,0
67850,2,3,2,34,341,48757,-1,319,36848,2,4899,38973,0,8475,38384,0,3152,49403,-1,1168,59116,8,0
1141,1,3,3,39,8025,66840,2,88,64636,1,2087,60118,1,2282,17972,0,1511,26809,5,1104,39010,0,1
63235,2,4,2,44,856,39543,5,1199,15426,0,114,26263,1,1066,80266,2,11219,9937,1,721,45154,2,0
5795,1,2,1,38,1032,50073,1,2766,62597,2,11306,44152,3,2617,53110,0,11293,72565,1,1539,79293,1,0
12649,2,1,3,31,19183,55161,-1,229,28269,0,2802,61981,0,6074,39747,0,11504,29303,0,9159,27284,-1,0
12502,2,4,1,40,6316,56610,0,1985,22895,1,4596,45025,0,1608,68329,0,1592,35854,2,6883,28595,-1,0
104756,1,2,1,43,1441,20929,5,10902,39361,2,1081,2853,0,953,35899,0,1895,61828,-1,1829,22816,3,0
137059,2,2,2,38,4469,24459,-1,471,17659,1,765,30109,0,6694,39330,2,12553,28633,2,2275,46314,2,0
87555,2,3,1,26,3819,26198,0,14832,2062,2,454,58084,1,10629,25916,0,672,24769,-1,6632,47510,-1,0
327472,1,3,1,33,9304,78572,3,9713,41520,0,8016,55587,1,4403,21189,2,5333,80202,1,8678,1662,0,0
46979,1,1,1,44,6534,50163,3,8912,50685,-1,5198,-4987,8,3710,44216,0,1728,25346,0,2758,59283,0,0
33646,1,2,1,21,8910,49266,1,9962,64305,-1,4853,44014,1,7029,61280,2,6388,64336,0,6747,18359,1,0
202950,2,1,2,21,1188,47324,0,417,52139,0,12591,58920,-1,6595,22434,3,8968,43060,1,4209,49003,0,0
25308,1,3,2,50,5111,13584,1,819,79307,1,864,50778,1,31,35214,0,2622,42637,-1,24246,42545,3,0
330287,1,4,1,40,205,78763,0,721,67221,1,933,53071,4,1655,35928,-1,819,29869,0,5864,-16669,0,0
1222,2,6,2,41,357,49583,0,589,54761,3,1050,81246,4,13442,55430,0,6588,36008,1,6695,-7341,1,1
350252,1,3,3,24,6250,54463,3,1985,49372,3,2752,39130,7,16119,31371,1,286,75742,2,9253,17568,1,1
4411,2,2,2,42,123,4689,0,8866,64602,2,10366,46095,4,3569,55062,0,75,57104,0,769,63558,-1,0
221772,2,5,1,37,4334,55592,-1,1451,-4260,1,10663,21210,0,4105,54308,0,10485,12745,4,2290,2523,0,0
75014,1,3,3,21,9175,32875,0,1400,30398,0,4465,27306,-1,3,26760,1,8486,20171,0,3381,62238,1,0
495682,2,2,2,49,2389,13544,1,5633,2830,1,5366,33360,2,5578,34139,0,4360,47658,1,828,4675,0,0
7666,1,5,1,36,229,20924,2,509,53261,0,11402,56994,2,1194,41609,1,5473,52775,-1,2246,-3716,4,0
80710,1,4,1,31,6256,14702,3,2233,25144,2,4893,25047,0,684,31260,0,15246,55334,0,5786,45933,0,0
348357,1,4,1,31,13273,14364,2,1750,100393,3,1305,64692,0,1816,22102,8,324,38464,5,1441,39305,3,1
74044,1,4,2,21,6314,41210,2,9396,29641,1,6102,18136,7,5466,69648,-1,1220,23012,8,3283,4806,1,1
99262,2,2,1,40,4319,32264,2,3612,42127,-1,7346,52792,6,2866,4347,-1,6531,23800,8,733,15959,-1,0
118990,2,2,2,37,1307,46681,0,5198,31954,6,5044,51041,0,2146,44656,1,1532,-6011,3,605,46100,2,0
60612,1,3,1,33,77,73519,0,690,30223,0,1598,45149,0,6487,67290,-1,1161,72671,0,2288,32578,1,0
98767,1,2,3,47,5931,37409,2,13219,15069,5,2553,59692,4,8402,23885,3,2918,-12585,0,6490,52413,2,1
87782,2,3,1,21,1313,-4897,-1,1946,14397,3,3179,25149,1,10170,40527,3,6431,35171,-1,3734,33274,2,0
231423,1,4,3,29,9765,35160,0,6135,-3589,1,785,30677,3,2941,58055,1,1181,4569,-1,4948,59740,2,0
4651,2,4,3,26,3140,63867,1,15464,50909,-1,3009,20732,0,6326,-20849,3,2806,28311,2,2579,17066,2,1
32984,1,3,1,32,3781,38281,1,3552,31507,6,878,40180,2,10823,38992,2,3657,51523,1,4412,51751,-1,0
300399,2,4,1,35,7010,70586,1,3541,78672,2,3460,37601,0,11979,8554,0,945,-5731,2,3308,14641,7,0
220967,2,4,1,39,7557,49058,2,623,15117,0,260,57129,4,3387,59266,4,3238,47052,1,2531,46151,1,0
60817,2,3,3,31,5145,3234,1,2473,69526,1,14833,47736,0,2195,24151,4,10044,57429,-1,121,52791,4,0
96793,1,2,2,26,13938,42191,5,9568,71445,2,1414,53788,1,11522,75689,0,6853,31655,0,9334,18741,0,0
32487,1,2,1,51,20170,45940,0,725,65540,0,3146,36057,1,1515,20901,3,3500,94787,2,15213,47560,0,0
20840,1,2,1,59,14676,61607,1,12475,44695,-1,166,48113,2,7968,48993,4,669,-4899,4,3773,51274,8,1
62305,1,2,1,36,8691,76392,-1,5502,33235,0,1070,76254,0,11965,22472,2,118,5741,0,2961,49995,4,0
43595,1,2,3,27,6114,58154,0,2731,65521,-1,5908,13089,2,6729,35254,-1,348,33936,0,7230,25071,3,0
87624,2,2,2,49,5443,48809,4,3953,24170,-1,592,3218,0,5694,39914,-1,6935,34342,7,64,32727,0,0
8092,2,3,2,21,547,53523,0,815,45414,0,4946,52738,4,260,40515,8,6093,42289,7,745,74183,2,1
366496,2,5,1,31,1583,36639,0,1226,39125,0,10,23029,0,1137,73097,1,6853,58565,3,1625,22302,0,0
428386,2,2,1,28,28,10742,1,1687,22171,0,3127,12365,3,5491,68546,2,1835,14881,-1,438,42804,2,0
119786,2,4,3,23,739,40829,-1,2429,45560,6,6388,50678,2,7690,25012,5,471,12836,2,234,35867,7,1
76807,2,3,1,32,2892,47305,1,12356,54836,1,13038,19912,0,327,40856,-1,6264,26110,0,13965,46751,0,0
37037,2,1,3,26,792,15926,0,2290,21383,1,3394,70781,0,96,16725,1,12785,60618,3,1020,68088,1,0
168090,1,5,1,35,11596,66532,0,3709,49202,1,9179,43129,7,1866,12173,1,3009,56189,0,4493,28167,0,0
115432,2,3,1,35,8191,60108,3,883,-4580,-1,8112,35947,0,5177,26661,-1,7226,38604,1,3869,47305,-1,0
17747,1,2,2,28,371,12564,2,6658,19016,4,1753,23568,2,3587,73666,2,6511,29825,0,1685,54175,7,1
241830,2,4,3,31,1431,67316,1,4108,30853,1,10386,44303,0,41,6248,4,9610,36944,2,5214,33367,0,0
172899,2,2,3,32,8548,33833,1,2898,47146,1,5112,8181,5,822,51526,-1,143,47241,1,1968,23025,7,0
299173,1,3,1,43,8123,24430,3,14704,57386,6,550,-9365,2,6975,49206,3,15539,41979,2,3058,42016,2,1
129360,2,1,1,33,14543,61585,2,11066,41656,2,13993,8916,6,1766,25135,8,10025,11834,0,2396,40456,0,1
95040,1,4,2,43,30053,38978,0,5386,51331,0,972,62743,4,623,52899,5,10456,10436,0,12078,7241,2,0
54170,2,3,2,40,18705,77983,0,12743,36788,6,3177,21517,1,261,52808,1,28069,34826,4,13329,24269,-1,0
269901,1,3,2,40,2639,22942,0,4159,48094,4,3140,11309,0,9500,39250,4,5100,54497,0,2342,54521,0,0
201039,2,2,1,48,1440,5366,0,8770,47038,7,4907,38223,0,3190,36992,3,426,18783,5,1418,30990,0,1
4627,1,3,3,23,7102,34391,-1,2633,29819,-1,5467,84493,0,3502,35089,3,8652,48149,-1,6669,49229,-1,0
2672,1,4,2,30,1778,55784,0,453,32892,7,1325,61837,0,316,23121,0,724,4228,0,1892,18989,2,1
47234,2,3,2,52,8209,21457,3,25705,52002,1,2172,23991,1,3352,43307,1,6695,41421,2,3278,42507,0,0
166364,2,3,2,32,3817,13397,1,905,76241,2,780,23630,4,5189,29897,0,2758,24367,8,3923,42471,3,1
436427,1,3,1,21,7897,44578,0,1448,64136,0,673,24080,-1,655,43230,-1,33,-1797,6,21691,45982,0,0
16300,2,4,3,32,1613,10726,2,890,17417,0,8716,21794,0,11640,27798,1,2861,29071,1,2414,32456,4,0
90172,1,3,2,36,3546,46133,2,2058,17488,-1,6945,50875,1,7647,26854,0,7964,14733,1,2636,43176,1,0
47947,2,4,2,21,4150,33187,0,1707,29287,1,2923,33281,4,8094,29105,1,457,34469,1,353,77903,0,0
350370,1,4,3,48,14333,49889,1,4595,41978,0,504,17737,0,3845,65380,7,11,48252,3,5437,48389,-1,0
184591,2,3,2,27,1550,12323,-1,28218,40965,-1,2988,13274,0,2031,12452,-1,3014,49135,1,1060,69446,2,0
182219,1,2,2,38,13798,65963,1,269,64805,7,1743,86020,0,5114,75451,4,7,458,0,4754,36540,8,1
63241,2,3,1,32,8170,36339,0,7535,65902,2,7523,54774,0,1276,55361,-1,13646,51500,3,1385,-11811,0,0
53583,1,4,1,22,6563,55270,1,684,40113,1,508,22878,2,736,8739,2,8710,48258,4,14457,55027,2,0
31938,1,2,1,24,7729,59197,1,100,35446,2,3001,64247,2,3864,28434,0,4972,31526,5,420,79305,2,0
5802,2,3,1,25,4649,16851,2,5088,50334,2,4474,16952,3,3256,7547,0,87,14633,1,13280,42760,1,0
200042,2,4,1,45,1399,57645,1,10330,61264,0,21246,37257,5,814,52937,3,4217,31837,0,4000,28585,0,0
167611,1,2,1,33,1050,11498,1,969,51048,2,469,35068,5,3779,65532,2,5559,72224,0,13833,41778,-1,0
817244,1,3,1,29,10062,12597,-1,2089,31369,2,604,43646,1,3953,44583,2,4426,51930,1,3397,63328,6,0
569487,1,2,1,25,6457,79279,2,924,27754,0,22134,21157,0,10259,64381,7,14677,59450,0,230,42728,1,0
81065,1,2,1,46,1198,62237,4,11849,17787,0,2601,42569,0,7119,43673,-1,8899,20221,1,1102,26501,0,0
146528,2,4,1,49,4773,81473,3,1576,43869,0,6807,5032,1,1226,59419,1,2271,29349,-1,2164,20258,4,0
289617,1,1,2,46,2966,32595,8,2941,52462,2,7650,32465,5,8516,45839,1,5933,14060,0,13870,54291,0,1
189477,1,2,2,39,863,42048,0,11256,54696,0,1888,66704,1,17371,40280,0,3091,26693,1,7121,102631,2,0
28415,1,4,1,37,3794,50547,0,4024,63035,2,1205,60507,6,6304,55473,2,13179,67164,0,4601,16604,0,0
59882,2,2,2,22,1653,39756,1,13504,69606,0,1615,26079,0,7732,36873,4,4813,31016,0,2895,52526,2,0
13829,1,6,2,32,505,25077,0,13048,12500,2,7227,9481,-1,1549,69138,2,4362,26217,-1,2960,53754,2,0
308022,2,6,1,28,3145,22078,-1,3095,48095,6,9177,-3662,3,24081,33690,1,3472,44774,-1,5286,17574,1,0
93184,2,2,2,21,4459,44277,1,4365,48785,4,6011,52349,4,970,51343,2,2371,28509,0,6369,56111,1,0
25960,2,1,3,45,240,18662,0,1308,38521,2,2910,45567,1,6948,25866,0,801,41854,2,3244,80719,1,0
111382,2,4,2,28,2571,18102,0,23301,23433,0,1522,47713,0,2514,8536,2,1600,28625,0,8003,59103,4,0
96267,2,3,1,46,1489,47871,7,1630,68892,2,2769,73812,-1,2207,47159,1,2021,43817,4,3716,32669,-1,0
44342,2,2,2,43,155,38096,0,7646,28227,2,12297,43057,-1,1678,3920,0,836,32398,3,3616,12770,4,0
12053,2,4,1,40,671,58744,0,1876,-3851,3,9946,44561,1,2908,82983,1,8375,17640,3,5226,48956,1,0
111344,1,1,2,41,748,31501,0,1877,40401,4,1953,12052,0,7824,32916,3,11,61081,0,7904,37092,0,0
73461,1,4,3,28,1009,28374,3,548,35242,0,1987,72478,1,14148,38444,1,12371,76359,-1,4544,53150,1,0
147980,2,2,2,53,8132,48471,2,4103,77153,2,7570,36720,1,2691,33799,2,686,49951,-1,12809,34011,0,0
73430,1,2,3,35,2894,23759,0,1404,49793,0,2780,23662,1,5273,42815,1,261,9964,2,10461,21707,1,0
191177,1,2,1,38,795,26837,0,803,33894,0,4251,44157,2,7761,46803,5,26682,35435,5,7345,41453,2,0
80275,2,6,3,28,528,27630,2,1285,36062,1,2743,80006,2,525,23202,1,42488,44897,0,3101,63293,0,0
82311,1,3,2,25,1768,35805,0,1445,35831,1,1387,82703,0,16162,-11082,3,1064,6295,4,4744,56273,0,0
209275,2,4,1,39,7997,75448,8,3506,84342,2,1046,20592,0,1188,17984,3,718,29276,2,3532,34367,1,1
51664,1,2,2,37,2266,12464,1,2438,53509,3,751,63507,0,12330,30294,1,1101,11906,2,31,16416,2,0
14388,2,2,1,27,871,65910,0,392,11856,2,57,46714,-1,21563,45604,1,3580,19405,2,5436,34196,0,0
2920,2,2,1,21,2588,54755,4,3839,35111,7,1646,59751,0,529,43671,0,1937,46789,-1,12360,33678,2,1
140705,1,3,2,22,4051,71339,0,7749,39527,2,940,45534,0,11162,55064,1,2050,39010,2,3658,38990,3,0
96839,1,3,1,46,150,102733,0,4269,17848,8,1491,52297,0,5120,7141,0,8292,18099,1,934,79592,0,0
121766,2,3,2,28,4939,68629,0,18353,4340,2,394,66426,2,8516,22144,4,11045,38658,3,3076,33796,6,1
23948,2,2,1,31,2513,58513,3,522,51911,1,2089,5016,8,577,31180,0,17504,32752,1,15,42644,-1,0
14661,2,5,1,49,48,13750,0,8606,23907,1,3669,47207,5,8986,70482,0,3615,57657,1,6733,55545,1,0
1465,1,2,3,23,5602,16275,0,3522,64975,2,14463,16609,3,4917,94410,4,1412,-1476,1,5520,50141,5,1
43168,1,6,1,27,6230,47203,-1,3686,40163,2,2131,30728,2,3573,13031,1,4047,25182,1,5272,69313,0,0
89139,1,1,2,27,4955,6038,3,3660,30514,2,157,40019,6,4105,61832,0,10241,70348,0,2845,29126,2,0
49798,1,3,2,51,2092,52308,0,1967,-8334,2,2249,19843,3,6822,41737,0,156,16719,0,2488,26743,-1,0
57531,2,2,2,54,3770,-2698,0,1961,64446,4,8497,28372,1,1766,51123,2,12109,18377,0,1591,32644,1,0
234506,2,3,3,42,2448,63044,1,4996,45870,0,2078,11985,2,14365,13512,1,1284,29639,1,12392,21404,2,0
42810,2,3,2,42,6030,33565,2,228,31036,1,1724,28134,0,1838,67101,1,1858,65375,2,2300,41086,1,0
72152,2,3,1,29,4380,42531,3,4443,22194,2,12566,50237,-1,10481,-4421,1,2263,48044,1,4045,43125,0,0
153087,1,3,2,54,426,25032,0,6447,71981,0,1763,57309,0,60,13705,0,12253,18751,3,3055,33341,-1,0
50508,2,4,1,37,5151,2029,3,2202,18715,8,17576,24612,1,12413,34604,1,967,38310,1,5405,50939,1,1
97309,2,3,2,43,5811,64693,1,1225,32627,3,8937,66555,2,9538,28135,0,1261,32967,0,20015,51515,0,0
198314,1,4,3,33,2315,66714,0,1200,51394,0,5764,51547,4,662,40516,0,6567,48995,1,4336,25397,0,0
298619,1,2,2,32,10428,32970,3,426,69015,0,4560,68667,7,6676,26305,1,13642,39162,0,2615,51491,3,0
15908,2,3,2,51,9258,53238,1,470,35673,2,1273,4584,0,2342,32867,2,553,43928,-1,4661,16927,1,0
261166,1,3,2,40,962,32182,2,911,25303,-1,6554,46225,7,3267,36311,2,3693,33567,0,173,21446,-1,0
67750,2,2,2,49,11730,45769,6,96,37865,1,2131,52224,3,355,35533,1,12293,66449,1,11745,68616,2,0
29873,1,3,3,37,2906,55182,1,1547,58089,0,3324,5629,-1,1194,42971,1,10861,39143,0,921,35454,1,0
61458,1,2,1,26,6432,51101,-1,1829,62587,4,549,88284,1,15357,57921,1,14826,27473,2,3885,35952,-1,0
391365,2,2,1,29,8412,66819,4,26717,12496,3,1755,27268,0,2705,24928,2,11619,61211,4,2387,73339,2,1
67849,1,2,1,36,3517,50377,0,23950,42298,0,3765,50877,-1,131,66953,0,1889,51811,0,9508,43507,4,0
39861,2,2,2,28,2546,40561,1,1035,11314,4,3155,58534,1,3618,40983,4,1166,21806,-1,16463,34823,2,0
100348,1,3,1,23,12352,24771,0,1197,57684,5,2104,42023,1,26199,65220,1,11587,-38800,4,320,22007,8,1
27462,1,3,1,47,1312,30429,0,3385,48447,1,3192,67716,0,2023,33149,6,6223,50808,1,1158,49306,0,0
7889,1,6,1,29,1485,56201,2,805,21576,0,6831,79904,6,761,22675,1,2378,31282,-1,9463,68989,1,0
13797,1,4,3,36,2244,9963,1,3506,70682,3,3074,17807,2,5157,41604,0,6240,40849,1,3026,38657,-1,0
13701,1,1,2,37,9811,62116,2,2549,46700,0,3527,42322,0,12617,91278,7,1835,63644,-1,5005,65773,8,1
16475,2,4,1,29,13967,34377,3,1962,44503,1,6039,58313,2,9800,12696,2,4353,20940,2,2318,37099,0,0
14946,1,4,1,49,1242,23627,0,8646,36417,-1,9213,7339,1,5349,53546,1,1328,17505,1,3821,24894,6,0
102408,2,3,1,23,9970,18025,1,8804,39839,1,3741,61285,1,1017,43549,2,4124,12077,5,1552,30280,1,0
20074,1,3,1,37,1493,53487,3,22068,32370,0,14799,74130,3,7670,48080,0,12830,84068,0,4458,25102,3,0
42413,2,6,1,37,17640,39707,2,1262,25175,2,2180,65677,0,8664,15884,3,7379,63833,5,2836,67547,7,1
227097,1,3,3,34,4549,71775,1,10958,64582,-1,1455,48768,1,9470,49142,0,5336,53432,3,5718,62623,0,0
64238,2,5,3,22,35,14738,0,3859,30145,2,5906,70789,3,2587,45908,7,1411,1461,3,4684,47797,3,1
110128,2,1,1,43,173,28436,1,4475,29471,3,966,47149,2,2628,10328,1,327,11524,1,717,-7416,4,0
18912,1,2,1,42,797,38155,1,11330,37414,-1,11511,13607,-1,843,42624,-1,6199,54051,1,1056,69556,1,0
21355,1,3,1,28,1038,24962,0,14291,68490,2,2443,29562,3,7407,35140,3,4291,48031,0,117,32372,2,0
4172,1,3,1,42,7296,40122,2,6487,62623,0,5989,34887,6,6682,32923,4,1195,34564,-1,2216,27561,1,1
18504,2,4,1,38,1260,46390,0,2137,32103,2,4221,38720,2,525,39087,2,13648,12958,2,1593,33339,1,0
32654,2,6,1,22,17391,49689,7,3363,64535,1,279,38115,4,101,61753,2,4015,61104,3,429,40797,0,1
19481,1,2,1,26,5054,70123,3,4773,42162,1,6173,33234,0,15153,49162,5,4241,75838,2,5667,48608,2,1
9288,1,1,2,46,5896,13930,0,8819,23131,0,7803,44376,0,87,19132,2,1774,48772,1,6293,61754,0,0
12855,2,4,2,38,1228,46755,-1,5363,30477,0,20219,70084,0,4952,49942,3,10575,24880,0,5427,50566,0,0
61762,2,3,2,29,11160,27061,2,2274,67465,-1,2690,44282,2,3022,39113,1,11100,70483,2,1326,40576,1,0
23109,1,2,1,26,5510,48600,2,2705,81656,4,3495,52574,6,7512,27675,2,6278,43371,1,4948,32566,1,1
45298,2,3,3,29,9990,48626,7,258,46396,2,10391,-3878,4,459,15206,8,522,72597,3,2388,22439,2,1
70000,1,4,3,30,15672,20261,0,12902,28669,8,1568,42519,0,5734,56139,0,440,32839,0,51,47600,1,0
117245,1,4,1,26,671,21976,-1,461,37501,4,1048,61736,2,4771,28590,2,3168,81241,0,17138,50592,0,0
4010,1,3,1,21,507,50232,5,4336,24751,4,713,64937,8,9606,58161,0,766,31030,-1,6324,24727,-1,1
160649,2,2,2,46,8133,40468,0,10265,27664,1,19141,62902,0,3654,18469,2,2016,26772,2,1363,18917,1,0
98859,2,6,1,44,10054,35607,2,2731,25699,-1,1576,46068,2,6515,79895,0,939,56584,1,1851,55672,1,0
8529,2,3,1,22,4382,53159,-1,8050,38413,5,7081,48278,5,2877,92674,4,1856,38536,-1,11419,31560,-1,1
206813,2,3,2,36,2278,54634,3,8143,42413,0,2986,26545,4,20669,50845,0,14315,47749,3,1471,16644,2,0
253669,1,2,2,25,5286,29407,0,308,37036,1,1375,56900,0,4098,65928,1,6999,19630,1,484,21065,0,0
6302,2,4,1,32,1823,22958,2,2656,35573,4,12228,26652,-1,7002,30932,8,744,19987,1,9197,50324,-1,1
32417,1,2,2,31,1361,14761,1,5872,55209,1,3116,53617,2,487,28954,0,5526,32371,2,5980,71432,-1,0
164093,1,2,3,30,3348,40669,7,2743,35415,0,4173,40830,6,3106,63881,1,154,47167,2,3912,60311,1,1
137935,1,3,1,55,1217,11536,-1,3939,36699,0,1258,40298,1,333,43028,4,20559,24442,0,4040,2437,5,0
20397,2,2,2,30,3305,41988,0,4512,36468,8,1958,60024,1,648,12559,0,3793,61383,2,5821,38075,3,1
23489,1,3,1,26,15687,64336,-1,819,70865,8,6885,51224,4,3527,41545,-1,3520,37853,4,12084,56320,0,1
46278,1,2,1,27,9156,32930,4,2654,30175,2,2100,45651,1,2171,15562,4,1374,74146,0,8643,10484,0,0
66266,2,3,2,45,14204,29275,1,144,51925,4,3525,30045,2,3079,36296,2,3060,18957,0,1328,72376,0,0
96300,1,2,1,21,8207,79956,1,810,25032,-1,607,72046,0,3427,60976,0,3735,46847,-1,5159,3969,4,0
46031,2,1,1,27,2190,70194,0,3589,46998,0,9487,46659,0,870,69188,0,5367,49184,2,5563,52096,3,0
62089,2,2,1,49,8357,24708,1,4261,50924,0,6689,54947,0,2277,45525,3,234,45422,3,8620,32989,7,0
137622,2,5,2,37,12814,42780,0,790,61685,-1,7151,41618,-1,9851,66760,2,2094,39021,7,12095,44365,1,0
3737,1,4,2,36,14690,46573,0,7045,32314,0,981,26125,4,9710,30801,2,2446,56943,2,301,41716,-1,1
29093,2,2,1,56,5747,44073,3,2333,17720,-1,3417,47098,0,3372,74013,1,807,15284,1,496,22493,5,0
124949,2,4,2,37,1187,76293,-1,12669,24320,1,139,28084,-1,6914,25541,3,1370,45657,6,500,50715,-1,0
225576,2,3,1,27,202,41744,2,2452,59290,-1,1892,48755,1,7003,23816,3,1350,20271,0,5890,35465,3,0
71677,2,6,2,32,796,44744,3,811,81635,0,2138,-25306,1,225,30782,0,8313,28416,2,13171,51662,1,0
75952,1,2,1,23,16840,53773,5,7093,56689,4,12249,31983,1,4719,25051,5,5811,45368,0,4362,26991,7,1
11336,2,3,2,47,3100,63798,2,4194,14757,0,24656,39713,1,8161,50348,1,12803,58963,4,4195,35118,0,0
59314,1,1,3,40,9654,58737,0,2444,56013,-1,4808,20911,0,4506,65045,0,1854,12524,2,9157,51132,1,0
76060,2,2,3,46,3127,50761,2,2199,21124,0,3636,47275,-1,3899,40310,0,10671,73016,0,24308,25536,-1,0
27769,1,6,1,47,5406,8826,0,817,33017,3,2899,31555,-1,3788,46225,2,9968,60046,3,14224,63427,2,0
31367,2,3,2,30,122,30237,0,2083,43744,1,92,39881,6,3545,12351,0,2970,40870,4,4667,45906,-1,0
47366,1,2,1,25,1437,56388,2,148,47107,1,8050,28969,1,7532,41925,0,4967,18649,0,29948,79657,-1,0
2027,2,2,3,34,2865,45007,4,3489,41308,-1,5571,59438,0,5142,75414,2,4555,70577,1,6422,36718,2,1
38872,1,4,1,26,4979,56522,-1,11351,27977,1,5238,50919,1,1213,68253,3,1839,49246,1,6029,45463,0,0
23755,1,3,1,36,940,77743,0,7931,61199,0,8278,45958,2,2840,18104,0,1519,49229,5,513,35489,8,1
39674,1,2,1,46,7231,16460,1,144,29448,0,13159,41239,0,3760,31237,1,925,26444,8,1762,40113,0,0
12756,2,6,1,33,2265,62758,0,10654,65090,1,2467,90612,3,2714,108130,3,9090,43883,0,4377,51111,1,0
221207,1,1,2,36,8503,33392,2,3010,12812,4,2779,36851,0,1356,48362,5,3812,27478,1,5980,72368,0,0
90039,1,2,3,34,515,58706,0,1059,44310,0,18472,26062,0,666,70306,-1,2065,64305,1,1125,68619,0,0
113663,1,5,2,43,5693,39175,0,6979,15476,3,5459,16538,6,623,71875,2,3566,64798,4,8277,55620,4,1
155670,1,2,2,28,1735,82540,1,1949,23318,-1,9530,58107,0,1756,17685,1,420,36929,3,10423,18651,4,0
69003,2,2,2,21,7933,42601,4,1460,29739,0,1252,72624,2,2576,54477,1,560,28297,0,9543,32630,0,0
9093,1,3,1,39,2572,27189,2,879,70412,0,1906,23038,0,5742,43745,0,7122,55826,1,3854,51689,-1,0
77025,1,4,1,44,5473,48397,3,3333,66160,5,2484,34302,1,20970,74833,2,11575,53031,0,2076,24081,0,0
88392,1,2,1,39,13613,46478,0,490,57484,0,1905,32811,-1,11382,79243,0,1930,16674,0,9223,39670,3,0
136821,2,5,1,28,104,62761,4,7699,40665,1,10781,37518,0,8401,23364,0,2631,34168,2,6775,43209,1,0
56503,1,4,1,23,55,48961,0,3180,43761,0,3582,4644,0,8402,108830,4,2339,83857,1,192,76407,3,0
13648,1,2,1,39,7354,89501,4,2961,65329,1,15357,56134,3,4532,43380,0,3260,39838,0,3477,36855,3,1
33376,1,4,1,36,5197,37771,1,9,54026,1,1938,63804,7,1456,52645,0,2672,44701,2,8659,8535,3,0
45111,1,2,1,33,1733,38007,0,8515,40360,-1,189,1908,-1,3192,-13044,0,2440,50900,1,4210,55412,1,0
103822,2,3,3,53,3410,27922,0,3394,69733,3,742,75158,-1,768,60166,0,5393,28825,0,1560,60897,0,0
84578,1,4,1,25,214,41713,1,2898,56290,3,1223,72350,1,4178,-3082,3,1588,55326,-1,83,85572,2,0
44020,1,6,2,52,1068,44621,-1,7164,44848,0,5107,-21397,1,116,37121,0,14291,47561,5,1285,31196,0,0
430619,2,2,2,35,2762,45624,6,324,30820,2,998,-3466,2,1050,28942,2,1844,62504,4,4731,12543,3,1
93083,2,3,2,21,8980,41343,0,2283,29015,0,2402,37341,2,6229,49322,0,1207,6294,0,1458,47052,0,0
27079,2,3,1,33,3266,27803,0,4286,33276,3,7933,66320,3,1620,43586,0,17861,47082,1,57,50487,2,0
10734,1,2,1,44,4413,22366,0,3086,49139,2,666,45795,0,2723,51738,0,1299,44199,4,362,51568,-1,0
16588,2,2,1,31,10347,32496,-1,1002,56715,-1,419,40427,-1,8920,64918,7,3846,11658,1,2388,31930,3,0
28230,1,1,1,21,1846,62830,2,1778,11114,3,3882,51473,4,227,19920,5,1994,34671,0,3125,48565,0,1
17516,2,3,1,33,6031,67135,1,1784,1068,0,5987,23838,1,114,35911,-1,403,47882,1,7116,42132,8,0
20649,1,3,2,26,9890,38460,3,24123,20970,0,12092,65547,8,1300,23091,0,15278,41001,0,3898,28736,1,0
33560,2,2,2,39,1132,21168,-1,1974,31846,2,5423,37927,1,5767,21585,0,2344,39504,1,7544,18061,0,0
19040,1,4,2,42,2203,38376,5,1148,63918,0,14610,7339,1,1346,78653,0,5175,39712,3,811,33528,0,0
227075,2,4,1,24,19512,81833,0,8647,34391,0,1402,24090,2,9964,14621,1,9911,30691,1,2156,38649,8,0
8363,1,3,1,27,20437,59979,5,2733,45095,0,2091,47380,0,2168,23558,2,4025,80110,3,3643,53736,0,1
74341,1,2,2,42,1263,51014,0,2933,48358,3,9141,34206,0,1666,83885,-1,6238,46566,0,78,39370,2,0
52830,1,3,1,26,343,59253,2,3980,19528,0,8331,32134,5,1325,37463,2,7676,46195,1,16198,29759,0,0
403864,1,2,2,24,1579,70811,1,4527,69197,0,5466,44058,0,4266,38711,0,2402,13452,1,12800,50736,0,0
11882,1,2,2,23,2535,16942,0,4464,26703,0,3526,47172,0,9700,48010,2,4954,33688,8,5454,38548,1,0
50725,1,4,1,38,2908,32159,-1,175,71195,0,89,15392,1,2604,15901,2,1153,29420,-1,1200,26102,0,0
348905,1,1,1,38,4822,29425,2,8541,37476,2,1645,64469,2,1455,21558,2,284,39382,0,741,46814,1,0
200624,1,1,1,28,11488,51742,-1,1083,33249,1,861,37377,-1,2731,27667,4,21609,33569,3,10953,53362,2,0
169866,2,1,1,35,2004,43202,1,1728,17784,3,262,48393,1,11758,60844,4,485,27652,0,1696,38218,0,0
29827,1,2,1,50,9485,55126,2,952,43945,2,7482,41947,0,2036,53431,3,2799,35431,0,2362,72999,0,0
18739,1,1,1,25,490,29862,2,7285,85087,0,703,31797,4,5331,27395,1,348,18341,4,2518,64711,1,0
110455,2,6,1,21,213,67439,8,4381,48271,1,2211,58232,3,2000,37329,-1,12800,51904,1,1198,50427,0,0
265038,1,2,2,39,3506,38613,0,7038,45408,2,18961,41623,5,5615,55588,6,578,56100,1,6447,32700,2,1
81365,2,2,2,33,307,53890,0,5297,26667,1,2630,41466,3,10643,-7697,2,7720,49961,1,4278,3597,1,0
84772,1,2,1,27,2491,63908,0,549,51839,4,762,-9773,3,4563,46044,1,6289,57115,0,10979,15669,0,0
32847,2,5,3,41,11354,62302,2,1794,43152,6,5852,56399,4,14729,55159,0,230,55712,1,1238,57804,0,0
146747,2,3,3,43,1381,47216,6,3538,38743,2,8302,36589,0,4600,21631,2,6387,14313,1,2073,21524,0,0
20707,1,2,3,21,6120,56386,8,1818,49895,8,1636,55098,0,18419,53002,8,17419,69853,1,3412,48202,4,1
39108,2,4,2,28,1800,74833,6,1161,3683,1,8286,72899,2,6431,40300,0,3680,57381,-1,3195,22121,0,0
55414,1,2,1,58,229,50272,4,10193,37989,-1,1583,56467,5,5289,76213,3,1708,1814,2,19984,36383,5,1
70848,1,2,1,40,4067,25407,8,6887,16059,1,5906,41083,2,8854,29538,0,3936,24799,2,4533,30392,-1,0
27761,1,2,2,41,9004,51661,0,2117,40577,0,666,34271,0,55,51817,1,644,15347,1,2640,56727,0,0
12198,1,2,2,46,2633,39254,6,7241,25516,0,2791,90514,6,1486,10600,0,15613,48679,0,1678,58130,5,1
94319,2,2,2,35,4802,-6960,3,4938,26883,1,3674,49667,3,1217,41504,1,2273,29319,0,4306,7655,2,0
34056,1,3,3,42,11514,49239,0,18,13331,0,6460,44192,2,587,56305,1,3053,40479,1,3954,66989,-1,0
87045,2,2,2,42,7795,42333,-1,2392,62313,0,5249,36341,3,13885,29491,-1,2565,74690,2,3547,34765,1,0
16766,2,3,1,40,1077,63128,0,1715,26445,1,9598,22068,2,702,62391,0,141,68885,0,14392,61717,0,0
65612,1,1,1,31,6609,24998,3,1228,27515,0,1018,986,-1,1524,58403,-1,174,20844,3,3507,66307,0,0
76054,1,2,1,36,3484,9885,2,1449,70612,0,5412,70423,0,2041,42876,1,4131,49157,0,1294,28724,1,0
5321,1,3,2,29,6851,43373,0,14268,51359,3,683,24412,7,4899,34574,8,3489,76542,2,847,72400,4,1
41038,1,5,2,35,3411,47603,2,3330,-692,0,3251,36193,0,7293,-21679,0,21523,21704,6,12020,4231,0,0
14434,2,2,2,23,684,41876,0,9409,67707,3,3717,37878,3,4640,27027,1,1527,59358,2,30668,19285,2,0
6547,1,3,2,27,4218,40414,3,1205,72957,4,138,68662,1,6910,62016,0,2298,36635,-1,4486,31633,0,0
460120,2,2,3,32,3387,18625,3,958,71087,3,364,24674,5,2571,34531,0,22057,21183,0,6493,19340,1,0
38913,1,2,2,25,3648,37221,8,10981,53363,0,9140,45146,1,27337,49037,0,245,70283,1,2727,11070,0,0
166007,1,1,2,29,10555,33031,0,3422,17965,2,1689,50243,2,932,30720,1,5144,31430,2,9895,60522,0,0
29388,1,2,1,33,11261,61454,5,11276,39015,0,2124,12310,0,2552,11462,2,535,37009,0,2128,31052,2,0
114414,1,2,2,39,3021,47586,0,325,11031,2,5113,10430,-1,8924,54957,1,14630,32902,1,96,41567,-1,0
142806,2,2,2,44,3041,34440,1,12410,22679,1,1246,25699,3,1416,15433,-1,1699,61069,0,194,53530,2,0
90544,2,4,1,30,3619,74477,1,2684,17782,2,1071,44873,-1,6948,34754,0,8412,59668,2,8731,61809,4,0
63785,1,1,1,48,3665,34621,2,844,27459,3,2736,42329,2,2264,47287,-1,12110,25162,5,2730,71030,0,0
53075,2,3,3,44,15017,51155,8,5750,43279,1,304,37618,1,977,26435,5,9387,42318,3,17167,22541,4,1
42904,2,2,1,40,5240,36661,1,7970,31101,2,12442,53047,3,2582,71407,-1,4069,47375,0,2703,70944,2,0
265255,1,3,1,36,1624,72623,5,242,30242,0,14076,22864,0,7680,79446,-1,18137,59508,1,14589,43233,3,0
177560,1,3,1,38,3791,41737,0,21789,34182,1,2972,36589,1,593,23808,0,5644,27846,1,3179,43365,3,0
335317,2,2,2,46,4933,42328,0,5970,69989,1,1173,37729,2,3629,24593,2,7712,67649,-1,6395,34429,-1,0
13272,2,2,2,47,5105,37202,1,1938,83275,1,3179,23404,-1,6761,31229,0,1399,56289,6,1735,46176,2,0
131255,2,4,1,48,4400,43930,0,820,30986,1,526,86033,2,6963,63060,-1,2709,21006,1,3980,70874,1,0
278612,2,4,1,35,978,63990,8,2492,46721,0,2535,-3208,0,2468,49718,3,4558,49692,6,1969,53149,8,1
19995,1,2,3,40,170,56916,2,1245,23174,0,382,64813,0,3140,55019,2,788,49785,2,5649,61976,1,0
6881,1,1,2,48,2061,40561,1,3407,55353,2,6123,56001,0,9716,66306,0,16867,25818,2,1292,22599,2,0
135139,2,4,2,28,2788,74026,3,7613,30470,1,1612,56165,-1,1168,21888,2,581,48530,1,2215,31358,8,0
85442,1,2,1,31,318,57459,1,5395,25777,-1,3676,41916,4,24526,50054,0,6599,40048,4,5024,41651,0,0
184407,2,3,1,35,8436,31236,-1,2862,80031,-1,68,66671,1,2717,41026,1,298,9373,0,1809,50086,3,0
15055,2,2,1,43,2108,12393,1,633,12878,1,3718,31032,0,1611,48601,4,541,-23918,7,1636,46914,-1,0
158605,1,2,2,44,12245,31699,2,15751,-9056,3,16,47848,0,13,62982,0,4881,80982,2,2393,75957,1,0
22517,2,3,1,32,838,48266,8,1576,54696,-1,12964,41464,2,667,36965,3,3011,37518,0,4859,26682,2,1
17871,2,3,1,21,293,51944,-1,1627,32647,1,3477,35353,3,7063,26065,3,18,42159,2,2026,49327,0,0
17944,1,2,1,37,3291,67182,1,5185,27080,4,527,42437,-1,5238,18977,6,2501,19469,2,2850,50186,1,1
168510,1,3,1,25,1048,18109,-1,7359,94633,-1,2085,21024,-1,1415,75083,1,1439,28031,3,105,31983,1,0
109421,2,4,2,21,13854,31216,0,20723,54604,0,235,26719,5,13086,39159,0,10262,83365,0,6019,38700,0,0
74037,2,3,1,22,51,16447,2,17395,38829,5,3784,71606,0,9029,12643,0,6156,88358,-1,8350,26738,2,0
44446,1,1,2,38,2660,13224,0,12253,25841,-1,652,97631,0,1568,67659,2,6687,2892,4,8775,45909,2,0
209720,2,3,3,48,13069,27443,2,2857,48915,2,3203,50399,0,2003,5801,0,15074,41149,3,3987,13629,-1,0
49831,2,4,1,35,2425,47332,1,911,5342,1,1822,56671,1,1021,9001,0,6186,77361,1,2766,73831,0,0
169608,1,4,2,37,488,55427,0,4391,29677,0,7168,45040,3,5143,33680,2,875,43958,0,1029,35120,7,0
57827,1,3,3,46,1804,21032,1,87,39258,-1,3291,49101,1,6038,29063,1,13847,53681,1,5334,25731,-1,0
47311,1,2,3,21,3445,23814,-1,1092,44269,1,9425,50875,-1,2519,46238,-1,600,36609,0,4298,5251,0,0
62116,1,4,1,40,1023,4403,4,12,37151,2,14180,60708,1,6681,1472,1,1069,50306,0,2809,32912,3,0
35864,1,3,1,34,3142,44287,-1,995,26135,0,17454,70738,0,23877,46521,1,1678,68911,1,4768,35260,3,0
137677,1,1,1,40,9049,25357,-1,3219,58413,2,1506,22311,2,4733,65568,2,962,50434,3,15425,46114,7,1
69860,2,3,2,30,10302,73260,2,2498,6966,1,7295,96555,1,5238,20361,-1,92,15686,1,729,35807,4,0
26424,2,2,2,26,252,48196,8,2304,34441,0,2882,42765,7,2340,32432,1,3073,27386,1,16713,97928,0,1
229833,1,3,2,36,877,36571,4,8887,29641,2,2777,42771,1,53,23968,4,5823,55467,8,4222,14595,2,1
48433,1,2,1,51,1609,27177,0,5619,60236,0,10133,31741,2,15387,46407,-1,2734,38643,3,8918,52280,0,0
78428,2,3,1,43,4517,10106,0,13778,30822,1,787,31818,1,7399,18490,2,1337,29095,0,25368,48119,3,0
236949,2,5,2,29,2239,12642,2,2947,48753,1,3248,52327,0,5946,15984,0,10723,18199,1,13188,13044,1,0
97879,2,4,1,21,9290,27557,3,1588,46660,1,4493,52743,2,151,36977,0,2457,20063,1,2547,33487,1,0
12431,1,5,2,21,6305,26021,0,654,3297,0,342,51304,0,7115,46740,4,9128,25697,2,3060,86981,1,0
281061,1,6,1,48,529,20016,1,5574,38687,2,9994,30903,2,5544,43009,0,983,49134,2,4655,29534,-1,0
98807,2,1,1,25,4898,47541,0,9217,5145,2,1886,-14023,0,4207,31208,1,2027,29655,0,5080,80412,2,0
40782,1,3,1,31,599,50285,0,1015,47025,2,5347,4089,0,4885,53366,-1,8135,43558,0,1295,37786,0,0
14997,1,3,1,48,1472,30827,1,10549,25393,4,13161,40265,1,12527,44607,0,154,43153,0,14764,40649,0,0
158000,1,4,1,21,979,78703,0,3735,63733,8,6360,46717,2,33,16616,0,12659,55378,-1,8799,32508,0,0
96777,2,2,1,49,950,5065,0,777,36384,1,10858,31606,2,853,-13517,1,2525,23561,3,697,20144,1,0
76241,2,6,1,32,4790,41163,0,5148,24598,0,360,26141,2,11257,50432,1,19079,72328,5,23733,15725,1,0
224330,1,3,1,23,4146,35628,1,3670,63997,3,3393,45933,0,41,34868,0,6042,4819,0,27660,27867,2,0
155399,1,4,1,32,968,28985,-1,142,22562,0,4160,37847,4,11698,17801,8,14918,33487,5,2187,55052,-1,1
16449,1,1,2,27,23113,26046,1,2547,57893,1,5840,30470,-1,150,72507,0,342,31505,0,9428,50824,0,0
37356,1,2,1,39,2739,39860,5,7680,49350,1,621,7689,0,7555,72297,3,6400,24203,4,1510,32586,0,0
28566,1,4,2,28,510,35489,-1,4053,32691,8,5347,23121,-1,11078,65471,-1,10415,-4085,-1,872,77585,1,0
136236,2,1,2,21,642,32162,2,1656,13280,8,789,58651,2,4740,44523,3,21936,64268,-1,9635,23140,1,1
3410,1,4,2,32,4384,14025,3,13200,64833,3,350,20747,0,5128,-23287,1,169,56587,1,4118,49154,3,0
84371,1,1,3,21,19332,7637,0,1357,50009,1,3167,53273,0,259,63505,3,434,49975,3,317,13835,4,0
143741,1,3,1,37,4242,34229,0,1456,24561,1,4586,67728,1,1184,21588,2,6577,25474,1,8937,46040,1,0
209366,2,2,2,23,14883,31958,-1,2189,44892,0,15864,24178,2,11486,28816,1,198,29887,3,2418,50300,3,0
41867,2,3,3,30,2936,36059,2,11247,60123,3,5997,31106,2,8678,57984,0,57,33275,0,925,36068,1,0
172180,1,3,2,36,2862,37827,1,3542,42240,2,4474,59746,1,306,80636,2,3938,35206,0,3744,40894,8,0
11724,2,2,1,32,3465,29549,0,5731,44767,3,1207,64656,8,8382,70821,3,3769,55901,5,3175,30464,0,1
187374,2,2,1,37,5977,35751,3,18703,60640,0,824,27104,4,2753,43453,1,4753,30109,-1,8135,58610,0,0
13637,2,1,1,41,2291,22929,2,7646,70745,0,4673,7573,0,4113,54779,1,70,22865,2,3257,57499,0,0
50631,2,3,2,23,9971,70478,0,947,37608,1,1261,65097,3,573,17885,0,3498,42932,4,5456,48766,0,0
159600,2,3,2,34,148,24005,3,7764,13251,0,6131,51677,1,2542,7548,4,1689,40850,0,2184,54006,-1,0
16242,2,4,1,21,2896,32580,0,6898,13948,0,607,48012,-1,2853,61599,0,7054,50070,1,580,51056,0,0
26039,1,3,2,37,3576,25524,2,1323,26180,-1,2074,58311,-1,5535,46451,0,2140,67775,-1,221,31790,-1,0
128104,2,3,2,31,4670,25188,0,1967,21302,7,7415,16297,3,5357,11033,-1,2204,31860,1,1932,47118,1,0
127309,2,2,1,25,1615,40492,2,6191,6350,3,8890,47823,1,3980,39040,3,5309,58643,3,5521,55077,3,1
102484,1,1,2,38,2788,37955,0,1361,76956,2,2117,34294,1,159,52338,2,5403,42842,0,53,35911,0,0
118400,1,2,2,46,3313,30810,1,1167,50561,0,1157,52055,0,880,58135,0,300,60487,0,1431,51400,2,0
78246,1,6,1,30,5806,34330,0,6078,29524,0,15874,55980,6,873,52563,1,4917,64642,0,821,13568,0,0
29008,1,4,2,25,7426,25603,2,10626,39349,0,7158,59531,2,10934,32736,0,5362,24854,3,3103,16296,1,0
42418,2,2,1,36,6693,48034,-1,389,4272,1,8226,51971,5,11599,23033,0,3058,79589,8,6857,41660,1,0
20040,2,3,2,21,2089,81103,0,2952,63146,3,1259,45013,-1,8212,42342,3,8797,43621,0,4022,33750,-1,0
239087,2,4,3,28,37532,22503,0,4671,1007,-1,2762,45683,1,961,56042,0,45,17053,-1,4685,62011,5,0
87560,2,3,2,47,9441,47879,-1,5639,50200,0,353,47335,2,9167,58104,-1,17268,17221,0,14612,36313,0,0
51224,1,1,1,35,1505,40898,2,27858,3231,0,579,27513,0,1038,71606,0,2358,69462,2,3055,62972,1,0
61990,2,1,1,21,1085,53372,8,5739,31719,2,1248,32590,0,4044,40700,1,4527,66287,2,8411,39476,1,1
294282,2,3,1,21,1884,53935,3,4839,64853,4,1806,48046,0,6618,17794,0,174,61930,1,2106,47021,3,0
16646,1,6,2,36,3010,44108,4,22894,7320,3,29363,53009,8,264,61729,2,6170,29175,-1,4842,31576,0,1
88244,2,3,1,43,9512,39203,-1,312,37025,1,2741,26980,1,4555,41659,3,3923,32527,5,7311,37594,2,0
70499,2,1,2,21,7533,31310,0,386,52555,0,5984,18467,0,1445,14346,0,16140,8485,5,8775,25392,3,0
94534,2,2,1,39,9527,24700,1,4112,49283,3,11740,6494,2,3444,52474,0,2745,34162,0,1255,18795,0,0
1827,2,4,1,48,1586,38063,8,2221,41403,0,1412,14773,2,2421,68237,1,6398,43412,3,1471,58601,2,1
205669,1,4,1,53,4500,14308,2,508,49915,0,781,29208,0,5801,47660,3,385,70003,4,2365,61501,1,0
268998,1,3,3,38,1665,28122,0,1829,27783,0,1393,31067,8,3358,68481,7,333,34490,1,1439,58618,7,1
83271,1,3,2,40,577,62137,0,5609,78655,0,10703,34343,3,1795,30309,0,14880,33325,2,3882,62170,8,0
119287,1,1,1,21,5763,41970,0,10627,7787,0,5478,15899,1,12059,25449,5,1460,45787,2,8225,44320,2,0
255746,1,4,1,55,771,57853,0,495,63241,3,3001,3749,2,15977,57090,0,12174,57011,4,833,31208,1,0
122839,2,4,2,29,5508,69392,2,3884,43789,0,8581,42531,2,8095,32944,-1,458,71056,-1,2615,26020,0,0
16551,2,2,1,25,5220,36459,-1,1755,52342,3,1350,42539,0,4346,64104,3,5076,26011,-1,6485,4893,0,0
85870,1,4,2,32,8310,44146,4,5502,55890,4,1366,52426,4,10788,43415,1,4010,36580,2,6080,50712,1,1
93322,1,2,2,50,751,33963,6,3986,51112,1,4187,56300,3,4602,64374,-1,16933,42739,-1,1364,42562,1,0
55187,1,1,2,57,7650,23747,4,13066,23779,0,7804,47847,3,805,52625,-1,2587,34674,0,5400,47546,1,0
133349,2,2,2,36,36157,20940,5,192,34274,1,1502,42293,0,87,21998,-1,248,27590,1,17001,52043,3,0
272367,1,2,2,44,9520,56863,-1,3174,10968,3,1178,57520,0,6471,169,0,3213,34860,0,4921,67748,3,0
259787,2,2,3,35,6967,44172,8,1070,34030,0,3212,68481,0,6981,55638,2,8691,15636,4,1980,33431,0,0
59936,2,3,3,24,5425,76932,0,3847,46450,3,720,26466,-1,13006,51303,2,269,27875,0,3617,49551,1,0
12017,2,3,2,49,2739,59441,4,9606,52142,2,6887,55405,6,8693,19640,8,184,15338,1,2062,30058,3,1
418917,2,3,1,28,6555,25375,0,12113,47828,8,4305,27516,4,5102,55971,1,8622,40242,-1,3793,5886,4,1
182571,1,2,1,50,6439,56806,1,2539,4898,3,3592,44380,-1,1055,67812,0,8685,32168,1,9187,36459,0,0
13314,2,1,1,47,4991,33898,-1,8350,28756,0,10288,61390,2,4507,25853,8,1115,29090,3,718,69201,2,1
253630,2,3,2,41,7955,64337,-1,1646,26755,1,6594,34526,0,2851,1329,2,5357,40319,7,2663,36325,5,0
203942,1,2,2,53,2977,30273,6,31,13796,0,808,20958,-1,1320,59412,0,332,-9467,2,5025,22247,0,0
73155,2,2,1,57,646,18951,3,9663,23281,-1,2727,30815,0,8025,65448,0,7253,33659,0,3128,47696,1,0
89471,2,4,1,33,4094,24084,1,635,40025,2,1937,20939,1,809,25322,0,1820,43892,0,7606,57799,-1,0
50916,2,4,1,26,1539,25106,1,88,68275,5,8099,18515,-1,4975,55480,7,1310,59496,0,880,50232,3,1
5631,1,4,2,21,2426,23194,2,2183,20938,8,6347,64131,0,4717,46632,1,5660,52182,0,10380,67107,3,1
40826,2,3,2,57,87,28547,0,2385,17422,0,3193,50647,2,1809,37809,1,12127,65409,1,19146,21291,5,0
162380,2,2,2,30,2412,57133,3,401,28010,0,8676,25608,0,2803,51611,3,211,11331,1,2230,67780,2,0
464,1,3,1,46,8272,75920,1,8414,46749,1,2638,20312,1,619,29958,7,775,60929,4,604,-1059,0,1
40571,1,2,2,27,3912,13396,2,2600,64474,0,8136,21691,4,129,17973,-1,1476,45975,0,21976,-610,0,0
50777,2,3,1,50,49,65270,7,3365,38269,0,163,25605,-1,65,48116,8,13141,29260,1,2160,10739,0,1
77088,2,1,2,27,3172,30445,1,1536,11082,3,722,63053,3,957,45362,-1,10484,42161,2,3387,49603,0,0
252392,1,4,1,23,1722,46957,1,3582,15338,3,7052,37798,0,10086,-10937,3,11885,102509,8,1389,9823,0,1
42517,2,2,1,32,3246,6917,5,7277,43765,4,607,82632,1,3697,16376,7,2377,42906,0,285,27233,1,1
42610,1,5,1,29,2593,50480,5,11832,59905,1,5756,39205,0,622,26555,1,1317,41606,3,670,31531,0,0
133750,2,4,1,40,13439,-106,8,17621,76314,1,6429,28487,1,11795,50498,1,1063,57181,2,1357,54926,-1,0
60187,1,3,3,34,210,46278,1,2781,16351,3,5426,58555,2,4206,9548,2,10683,35620,0,22076,65562,1,0
25438,2,4,1,41,5753,45145,0,23042,42795,0,8525,6597,0,141,33607,0,1314,24150,3,7957,58041,1,0
60228,1,3,1,32,9519,43820,0,1747,19403,3,3583,43768,0,7192,78753,0,3784,68080,0,2728,11384,1,0
15181,1,4,2,28,16000,25301,-1,35,22027,-1,11366,15756,1,3206,41335,-1,2015,11213,2,1923,43573,0,0
19405,1,3,2,29,977,50990,2,7296,20333,3,4213,-3642,1,3805,42581,4,3455,40863,0,775,32590,1,0
68988,1,4,1,55,3789,47821,0,982,33314,3,3545,37647,0,4749,38779,1,2121,38704,1,3317,36725,2,0
54287,1,3,2,37,222,35800,2,269,22354,0,3560,56695,1,496,59641,2,1733,23339,3,11882,38685,2,0
246329,2,5,2,21,3457,53437,5,12885,89576,2,12156,44278,0,14757,40834,0,2787,13642,2,24993,30717,2,0
45003,2,3,1,29,670,38087,7,7846,30806,0,1396,41874,0,1474,35602,3,2024,37450,2,11606,25484,3,1
86890,1,3,1,35,9097,50575,-1,541,59755,1,5937,-11975,2,4862,43043,0,9153,47324,3,339,31033,2,0
100039,2,4,1,53,604,37482,0,7500,26809,2,1389,36900,1,9674,66515,-1,4345,60950,-1,860,26173,-1,0
1318,2,4,2,45,3600,44334,3,9289,84664,2,483,37096,2,2016,48041,0,968,24571,1,763,60325,3,1
108926,2,3,1,25,3681,51494,1,11785,46781,8,15367,52425,3,4938,41149,4,1345,24310,8,881,38720,0,1
19605,2,2,1,59,17815,32041,3,3922,56738,0,694,18837,6,22493,63551,4,275,70522,3,663,60205,0,1
324599,2,3,2,34,5320,15323,4,6077,28178,1,5794,56593,0,9545,29556,6,1781,30642,0,506,61859,-1,0
16094,2,6,2,47,1697,45521,1,7182,59528,4,2763,29812,2,7554,-24041,1,5536,33322,0,2156,67713,0,0
53550,1,4,1,23,1377,63787,0,5834,46697,1,9073,34014,1,2892,48954,7,1010,64376,2,859,14843,2,0
8921,2,4,2,21,686,45983,1,5204,32420,4,7418,50558,4,3000,48721,1,522,7078,0,781,45255,4,1
576808,2,1,1,21,7063,46362,2,3965,18402,1,776,16211,4,3323,27555,0,1935,15973,4,3716,15177,0,0
69754,2,3,1,21,5868,39156,0,3261,35249,3,3153,56484,3,5862,34620,1,4740,67839,-1,1135,76738,1,0
90481,1,3,2,56,4706,54782,3,27766,33537,4,139,12907,1,779,65159,4,3200,27969,1,30,51777,0,0
6943,2,4,3,37,208,36281,5,2059,57380,3,2806,53103,0,9867,49078,3,2018,29321,3,5955,30610,1,1
138613,2,1,1,25,7194,30922,0,462,35355,4,6023,35290,0,91,69493,1,10725,31004,2,1991,33695,0,0
23560,2,4,2,39,5134,62105,7,7241,1569,0,1320,36924,2,931,45371,0,3160,33595,1,6679,56786,0,0
228331,1,3,2,36,16605,29389,2,1202,52923,1,8304,-21302,0,3287,36926,1,3035,30815,0,11178,32632,1,0
22958,2,2,1,41,4423,57789,4,3803,65863,0,273,28184,0,1452,54155,6,160,42849,2,12970,12856,7,1
21157,1,2,2,47,1811,62118,0,503,6678,0,175,35795,5,2275,47362,0,5099,65055,7,978,48993,2,1
3723,2,2,1,32,2402,51336,0,4828,76094,1,139,70972,7,2021,48775,3,3074,23929,-1,5583,64658,2,1
63878,1,3,3,26,966,15015,0,14412,67933,7,1642,39281,-1,1566,35394,0,783,28177,-1,389,38537,0,0
83204,1,1,2,43,6417,40543,0,6413,27382,1,3147,26940,4,2392,28560,5,1396,40641,1,3110,55002,1,0
6796,1,2,1,43,6150,35960,0,1207,17656,4,568,56673,6,3518,29312,2,1130,71430,1,2782,28169,4,1
149400,2,4,1,36,1119,30080,4,17726,61059,6,28635,29896,1,3234,50398,0,651,34090,0,1135,42517,1,0
60383,1,2,1,56,862,42855,1,1834,12607,-1,38655,60644,1,8354,52989,0,2859,22019,2,7458,41997,0,0
74315,1,2,1,30,400,55384,7,2868,26633,0,3667,45226,5,1841,-12572,5,2257,-388,1,12226,32994,0,1
58118,1,3,1,26,12150,30828,1,3446,13697,0,4196,22008,-1,1655,25344,1,2232,24780,0,1492,21108,1,0
51209,1,3,1,39,1326,36572,0,23398,40118,2,13073,58757,3,3510,8188,1,1448,22648,3,1433,25406,-1,0
82016,2,4,2,28,2109,35178,1,356,69303,-1,7343,52020,0,245,30033,-1,2867,16167,-1,1088,26296,0,0
16870,2,3,1,39,1646,63277,8,5965,47498,3,919,57914,2,592,27934,-1,3965,41406,-1,5806,30808,0,0
20080,2,4,2,26,2668,34857,1,2246,60361,-1,7862,36357,0,8124,42962,2,4727,34740,-1,290,37264,-1,0
197894,2,3,2,30,6259,15311,-1,407,32963,0,1312,52022,1,3403,43718,3,1241,68520,3,329,42889,-1,0
292091,1,2,1,53,10224,8531,6,13669,41946,0,2812,78409,3,344,82607,4,6506,44308,3,956,42858,1,1
46730,2,2,2,30,1008,47254,0,4456,15471,1,3801,43428,0,2902,47457,1,137,60171,3,3945,37949,-1,0
31573,1,3,1,27,5798,24786,2,7002,38062,4,6311,32027,2,2539,52770,0,6940,36575,0,1456,40296,1,0
103282,2,2,1,46,2173,53374,1,1374,25080,7,813,70879,4,1412,11561,2,1663,22431,1,21827,22867,7,1
52548,2,4,2,24,19693,13375,0,7167,36794,4,396,53342,5,2326,33304,2,2310,52377,0,2514,43820,1,0
2571,2,3,1,28,1775,29221,0,8815,35419,0,10054,30990,4,1043,18333,-1,4345,17422,1,3175,8679,3,1
16978,1,2,2,40,36,13388,5,2817,33711,2,8766,74702,1,2980,51971,6,4713,63149,3,337,19770,-1,1
125868,2,2,2,44,3624,48692,5,4242,82151,1,3703,15931,3,2625,41042,2,2733,25043,-1,6112,19190,2,0
107564,2,2,3,47,816,52976,1,17855,75350,0,5428,50583,1,4676,33168,-1,13894,54807,1,7769,28579,1,0
2746,2,3,2,27,227,46772,0,9377,68322,1,6352,62929,1,14245,59128,7,9771,47525,0,2034,45784,0,1
25099,1,3,2,40,5991,18281,0,2942,75901,0,3236,61434,0,1025,34614,7,1274,20578,4,6471,43488,-1,0
26276,2,3,1,30,6588,25084,0,5461,68386,0,1486,22000,0,2701,66679,6,4444,64210,7,1291,45464,1,0
111441,2,2,1,28,3087,44686,1,7667,39552,-1,3283,15188,-1,4130,66412,4,6382,78409,3,7998,56178,3,0
1990,1,3,2,47,5648,6245,0,123,37501,8,15059,44590,1,3959,27286,0,1222,25012,-1,3906,43610,0,0
10993,1,4,1,29,3863,35177,-1,4438,44708,2,9095,54094,0,5413,62269,8,93,26909,0,2531,19860,3,0
160901,2,2,1,37,4968,70338,1,20843,35786,0,3132,18440,0,1559,42253,3,18566,41374,0,6368,40595,4,0
19667,2,3,1,36,4540,36400,2,14704,19199,5,1278,46035,0,5033,32119,2,15892,57353,3,4766,21339,3,1
105769,2,6,2,24,5480,10229,4,8932,45932,6,11018,10850,0,1123,47896,6,1930,64489,-1,3800,33305,3,1
27204,1,2,1,44,1113,27851,1,561,8677,3,5083,61216,4,670,8258,0,1366,32835,5,1185,47958,2,1
10474,1,3,2,40,1564,27386,2,25614,42752,2,2593,28574,1,8908,29241,6,839,42757,1,9467,36621,3,1
27861,1,1,1,21,2898,82806,0,4702,20104,0,591,36719,1,3209,48355,2,5810,32962,2,2826,52855,4,0
128109,2,3,1,37,2954,73313,1,1260,38379,1,6966,57286,-1,2531,34113,1,7038,31741,1,2948,40166,1,0
193583,1,1,1,27,7445,54618,2,5608,43824,1,1906,55424,1,13191,61562,2,2727,29367,2,1123,9714,3,0
177325,2,6,1,45,2289,33138,2,9707,32942,6,4660,49478,2,6185,32038,3,1390,12729,0,13395,32105,3,1
50614,1,4,2,21,886,64012,1,595,7189,3,4215,60589,0,5652,42429,1,2977,57263,2,4043,52706,0,0
110287,1,4,1,31,1448,17330,1,12410,16239,0,6013,48180,8,1079,37593,8,3632,42039,1,3107,49130,0,1
22939,1,4,1,38,1208,61531,5,12641,49164,2,3856,68950,5,1173,9441,-1,3919,70516,6,18947,18567,4,1
34693,2,3,2,35,6577,58559,2,67,28851,1,4976,5784,8,3299,47847,5,2929,56486,6,2278,30793,0,1
226659,2,3,1,42,3177,36973,2,11528,51216,3,425,38808,0,5282,46343,2,18,31996,1,161,44135,8,1
1308,2,4,1,21,6165,62783,3,14670,40194,-1,5472,37958,3,2514,1345,5,3191,17175,3,1302,29556,2,1
8938,2,6,1,51,2691,31055,0,192,36043,2,1079,35620,0,331,-9395,0,2132,77347,2,6861,33217,-1,0
23305,1,3,3,40,11024,14698,1,1741,46952,0,2487,49948,2,5744,30930,3,4065,6029,2,848,44977,0,0
2689,2,5,2,48,20528,59559,7,2334,26502,0,3592,44279,6,7430,64611,2,359,33162,8,847,76653,3,1
20020,1,3,1,43,5540,38295,0,2145,48007,2,5805,56496,0,14439,94366,3,10567,33474,4,3041,46199,0,0
87476,2,3,1,34,9968,52035,0,7114,31609,0,6782,16322,0,2627,3582,0,10414,27058,2,3014,53863,0,0
54718,2,3,1,22,3545,76417,2,2216,90725,2,6102,85844,0,1492,72512,5,4151,22973,-1,3079,22259,0,0
223186,1,2,1,29,13637,25554,0,15684,17321,0,499,32180,3,13005,63230,5,6680,15574,0,1238,15101,0,0
170069,1,1,2,50,8906,37132,1,26484,32855,8,2446,45735,2,6278,28333,1,2880,25488,0,922,22491,0,0
41827,2,2,2,48,24005,71392,0,1904,33661,3,1647,35875,1,330,77663,1,4461,38976,1,7327,36490,0,0
30032,2,3,1,28,4878,53374,1,3554,12962,0,2540,41621,3,4337,49330,1,4807,46113,4,4630,44536,3,0
47753,1,2,2,21,7552,26004,2,4078,54516,2,5204,29301,3,144,35450,0,2183,29500,2,1936,49609,2,0
89231,1,3,1,32,3913,20899,1,4330,31425,0,1071,44116,6,1284,4391,1,16204,29396,3,1097,57827,0,0
31206,1,6,1,32,1499,29438,0,2343,-7595,2,3486,51601,0,367,42041,4,4614,19151,-1,10503,65152,3,0
97856,1,2,1,32,2190,25231,0,907,53902,-1,10808,-8034,1,1146,40828,0,23298,43350,-1,734,-1596,1,0
52663,1,3,1,40,11221,44746,0,280,27276,0,6567,33429,5,3365,84776,2,2831,40962,5,4383,20380,1,0
80306,2,2,3,43,287,41568,1,562,37901,8,6461,32668,1,1775,21082,2,164,47590,0,4710,73267,2,0
57292,2,1,1,44,4476,45584,0,11577,53536,0,9442,86421,1,460,22278,0,1800,29175,3,9719,46981,0,0
34879,2,4,1,39,2329,23183,3,1645,32705,1,2547,57201,6,3289,29786,1,5260,21785,1,292,37864,2,0
296526,2,3,3,21,2444,38583,2,399,32542,-1,7124,70001,2,6163,93124,4,12058,39609,0,1838,-4565,0,0
144225,1,4,2,31,10795,-1113,0,4884,89294,2,302,51162,1,272,16990,1,4774,50411,3,16916,14093,1,0
15095,1,2,2,58,9614,42900,-1,391,-3074,0,290,41647,0,10702,66162,2,3191,22258,7,4206,57694,3,0
202850,1,3,3,38,4567,63508,-1,363,14280,0,2015,47283,5,5293,8844,3,420,27448,0,2704,30631,1,0
66832,2,2,1,38,1593,11505,1,4858,18158,0,1096,62459,-1,3664,48633,-1,781,15507,0,1905,50895,1,0
224953,1,2,2,38,3226,49668,0,4475,75780,0,3654,75002,0,2523,41964,-1,274,16564,0,808,31990,2,0
160871,1,1,2,39,2623,27779,-1,211,27107,6,1011,46041,6,2498,26005,0,6209,29066,2,1035,83638,0,0
55375,2,2,2,21,2181,56050,0,3085,44804,5,18560,27541,1,2044,54356,0,8891,23173,2,7554,39118,8,1
2272,2,2,2,32,542,43172,7,2861,30518,4,9522,58491,2,614,23991,3,898,56008,1,1400,10201,2,1
31290,2,2,1,34,3916,48094,2,3955,52064,0,20237,22936,1,412,7696,1,1966,40599,0,1241,51608,0,0
78008,1,6,2,47,1796,41296,4,6694,39745,0,8245,47807,0,1846,33767,0,3261,65302,0,1921,41496,2,0
100369,1,2,1,35,5405,66566,0,1662,45061,2,15090,53626,2,5499,21653,1,770,65504,2,7059,27548,4,0
29825,2,2,1,21,1922,46948,-1,2835,65744,8,2295,37838,3,1701,45184,3,2690,40303,4,2726,44010,3,1
15007,2,2,1,39,2820,25891,-1,7868,48805,2,3444,21903,0,8363,34277,0,17030,-76,1,144,60920,6,0
180138,1,3,3,26,268,41974,7,12791,25298,0,1370,30908,1,2392,71280,0,6349,47967,0,3597,35209,0,0
416062,2,1,1,22,24489,32622,0,11096,46241,3,5050,33671,-1,4987,33616,0,913,62883,2,1629,20900,0,0
74589,1,4,2,26,3542,43247,1,3246,88373,0,7761,18928,1,2827,45514,2,520,52649,2,3064,44137,6,0
18835,2,6,1,40,122,31604,0,3678,51299,4,3453,32278,2,3444,16756,0,2945,46975,5,10741,27159,2,0
31787,2,2,3,47,3896,26463,2,3765,43038,8,1757,10960,1,1439,31467,3,22093,35040,0,1096,46552,5,1
1856,2,3,1,39,10214,43985,0,10151,12588,7,3543,51822,4,3606,21767,0,7882,16439,3,2066,65339,0,1
245688,1,1,2,41,7404,41115,1,9161,54488,0,324,46666,0,586,63695,-1,1734,52511,2,14523,17155,2,0
12528,1,3,2,39,6034,61279,8,1866,57444,1,6384,45313,1,2445,24848,5,133,36094,3,7420,3079,1,1
85924,2,3,1,36,751,31700,1,888,46254,1,3003,32282,-1,2973,26991,0,2649,46243,0,1602,85851,2,0
32028,1,2,1,41,5360,382,1,2381,42281,0,11425,34959,2,6086,45976,1,874,28258,3,562,42658,1,0
80783,2,2,2,21,7268,32722,1,1701,96650,1,12836,23421,1,2555,25725,0,993,79987,1,13585,15070,2,0
105388,2,3,3,36,4248,7471,3,15057,57108,2,670,50103,1,5474,68193,1,885,44780,3,785,19973,0,0
177043,1,3,2,24,11162,48313,0,1545,64800,0,27747,12843,0,959,79154,0,6357,32403,0,2268,30503,8,0
23120,1,2,1,46,1621,6522,0,999,41337,0,17503,41675,8,127,22051,3,182,17273,0,2015,46041,1,0
1105,1,3,2,33,1386,20232,3,11486,37368,-1,4932,27326,3,3525,56912,2,4158,12026,1,616,-8333,3,1
14720,1,3,1,35,10184,32753,1,452,52641,7,8727,75146,1,3211,23100,2,6982,52413,1,531,53974,-1,0
230277,2,4,2,21,4909,70879,5,1507,37349,3,93,50535,1,5539,32868,3,850,28355,1,1659,26258,0,0
207060,1,2,2,45,7,18542,2,2891,38991,3,17597,39991,2,1881,53803,0,11171,31001,0,2296,69664,0,0
90984,1,4,1,41,2178,40248,1,4520,49264,-1,3046,17879,7,151,42796,1,406,29143,5,17355,47722,2,1
91758,2,3,2,40,9754,51599,-1,1985,29743,2,12023,12729,3,6428,43326,-1,5739,18158,6,3843,57888,0,0
109373,2,2,2,26,138,69681,2,3428,44408,0,2431,49916,0,14254,61966,-1,943,34196,0,11989,35318,3,0
19282,2,3,2,27,16,55555,2,1108,41601,2,7760,75975,8,2506,61827,0,8200,41127,0,687,44905,0,0
245820,2,3,1,37,1651,61878,2,4269,59340,2,2705,48179,0,4722,41022,3,4236,19867,3,1362,67685,1,0
54260,1,5,1,28,12267,57286,0,2619,27773,4,2252,43505,1,3933,27310,1,4448,46638,3,888,22956,0,0
48311,1,2,2,39,11587,15817,6,9460,1,0,14666,43794,2,4173,40018,1,2123,15529,8,2350,48842,-1,1
73171,2,3,1,21,3656,47193,0,2686,33787,-1,6005,42060,0,10101,19824,7,1665,31180,6,12474,50719,2,0
4810,2,2,1,30,4028,56973,0,2933,47945,5,9165,44066,7,6665,55720,1,3111,47292,4,1740,67249,4,1
18186,1,6,3,52,2017,20869,8,4484,59282,5,3919,26296,0,7343,36235,1,7088,39726,1,4526,27182,4,1
133953,1,2,1,39,1396,28404,2,657,26143,1,12526,20528,1,471,17888,8,920,7174,0,12357,23031,0,0
8642,1,6,3,36,8442,23936,1,852,50841,-1,6734,42184,0,793,66819,0,8471,-15725,1,3492,63784,7,0
92420,1,5,1,54,561,55452,6,7808,62703,1,374,69868,4,5442,39720,0,3268,51339,3,3750,35498,3,1
28150,1,2,1,21,3340,38614,-1,1597,55025,1,7280,55540,0,3887,25039,1,3009,53804,0,4020,22022,0,0
49314,2,4,2,26,5031,33583,-1,5771,24187,3,94,15331,-1,7442,62859,1,83,48747,2,1644,30091,4,0
34065,2,6,2,30,547,14366,2,512,26335,2,8832,34896,-1,488,65149,0,663,35455,4,2709,12287,0,0
43954,2,2,2,43,3665,38652,0,8625,48700,-1,2016,54579,1,4179,2260,0,2827,35039,0,9401,39442,0,0
126956,2,3,2,43,4308,28648,5,22210,72506,2,4560,70337,1,3328,62147,0,19895,37867,3,2551,-17620,4,1
35257,1,3,2,26,6783,44866,3,2339,40283,0,6919,75825,-1,9644,43155,3,1439,51704,4,2714,45317,5,0
83564,2,2,1,44,1338,17140,0,3521,36693,-1,5066,35785,-1,1036,59428,3,51,37330,-1,616,9163,1,0
64635,1,1,1,30,1735,43558,4,2923,12607,0,5579,56484,-1,2144,38640,0,2862,47479,7,3113,65373,2,0
108966,1,2,1,47,4214,31220,-1,11230,32714,-1,11159,44985,2,815,47584,1,80,66285,1,434,25885,0,0
276192,1,2,2,24,20410,15014,1,49,25695,3,2341,37605,0,3004,33915,2,2049,20658,1,1554,23438,3,0
131890,1,3,1,33,1226,13454,6,5298,40543,1,3960,41246,1,10660,59845,-1,2185,36292,2,19428,40841,3,0
24199,1,2,1,30,21309,16459,4,5283,9743,1,961,41492,-1,5548,26572,4,11,22832,0,11766,47867,0,0
3167,1,4,1,45,6264,35872,0,2409,33428,1,3151,63503,4,6818,60524,1,7560,32130,2,4855,40707,2,1
30416,1,4,1,29,8745,42419,0,1238,19821,8,812,11910,0,489,43573,0,12200,37975,3,6238,7576,4,1
90406,2,1,1,34,469,45396,0,1370,58804,5,5019,49362,3,3007,55134,0,33465,22407,0,1356,42350,3,0
5279,1,3,2,40,1786,46151,1,8058,22816,3,1959,70788,3,9121,19814,5,3554,7518,0,777,38422,3,1
68590,2,3,1,40,297,24829,1,341,28553,0,9795,68635,8,9084,48455,-1,1830,13869,5,4003,37659,0,0
90842,2,6,2,43,2322,61168,-1,4148,45642,0,2104,51379,2,22122,50664,0,6319,48871,1,11415,51578,3,0
40683,1,1,2,37,19893,31155,1,1832,30925,1,1690,24858,1,3733,77086,0,6667,26633,2,8929,24531,1,0
147364,1,2,1,30,556,49002,3,1541,87189,1,3379,55535,0,10,53954,-1,2383,35625,4,4447,17346,-1,0
11271,2,5,2,31,4131,36716,1,3523,58610,0,963,66498,-1,11466,28237,0,4168,40989,2,20898,52296,2,0
7811,2,5,1,35,30,47512,0,11407,40344,-1,1139,29697,4,15640,27409,3,8623,58144,0,1425,1018,3,0
130264,2,4,2,37,6235,35713,7,4812,47362,1,7642,47152,1,13137,55222,1,1048,34323,-1,7280,45661,3,0
68417,2,4,3,33,1098,47872,0,7770,-7108,2,3438,35894,2,7390,29200,2,103,44928,1,1668,15755,6,0
116604,1,1,2,35,693,39852,3,4590,64634,2,1155,27720,1,1190,29610,0,3879,17358,0,18335,68047,-1,0
57062,1,3,2,21,2055,56276,0,5981,50237,3,160,33696,4,748,22817,0,5459,36783,1,1536,10898,0,0
28289,1,2,1,41,7371,23626,1,2831,38536,1,3141,42570,2,6034,42662,5,4278,20447,1,2275,11326,5,1
170982,2,2,1,36,563,4602,1,13017,51316,0,6786,21635,-1,756,44385,0,4534,37175,4,3235,86595,3,0
160652,1,4,2,45,1305,20532,1,3485,53756,1,2163,18357,3,15321,33476,5,2496,42551,3,1940,65252,1,0
118644,2,2,1,35,42,61378,1,4012,31672,8,1424,22207,0,2951,73900,2,5270,35316,0,1611,23861,0,0
31765,1,3,1,21,17275,36908,0,3721,47603,-1,2524,46558,3,156,51421,1,218,31536,0,3178,15274,3,0
89216,2,5,1,31,4484,41841,1,1900,60974,1,15986,10683,6,816,75165,0,819,45382,1,8476,21471,0,0
44780,1,2,2,33,6363,18927,1,1314,49097,0,2750,-4339,6,1715,42617,2,2942,31935,1,7429,47204,3,0
9605,1,6,1,42,5268,41311,0,383,34947,0,1503,67450,0,6082,25343,4,14322,31717,1,2937,45686,1,0
249269,2,6,3,21,779,19543,8,6332,45933,1,4211,19735,-1,6683,20108,0,5171,18942,7,1876,32022,1,1
14713,2,3,1,35,4518,22484,4,1707,67644,2,8323,36119,3,1197,37539,-1,2194,50116,2,704,74314,2,0
300049,2,2,1,40,704,31950,4,2464,55679,1,112,58445,2,5228,55065,2,3062,39154,-1,10189,24278,1,0
59060,2,2,2,28,2564,48901,2,12624,16738,-1,4083,11234,0,161,34057,2,9342,30407,6,10852,2192,0,0
20473,2,3,1,35,4207,51036,0,4178,51733,1,9048,11211,2,542,57137,1,3909,19226,1,345,93394,1,0
78066,1,2,2,28,4092,51580,1,510,49083,0,1214,27348,-1,3828,68066,1,245,86737,1,6904,58295,1,0
206314,2,2,1,27,633,8238,3,8037,63282,0,12734,59226,2,6084,23866,1,2696,-20331,3,10766,35899,1,0
131760,1,6,1,30,175,39866,-1,1479,40656,0,4310,39567,3,12288,18010,0,2455,24833,0,6666,44171,2,0
164279,1,2,1,27,8003,36064,1,4022,32613,4,3635,39838,2,2879,58963,-1,11507,30353,1,2074,42415,0,0
107523,1,4,3,41,6471,9356,0,3566,12636,-1,16574,34091,-1,638,45379,3,1822,58410,4,2801,7543,0,0
117855,1,1,2,27,426,40319,0,1359,26108,0,694,51242,8,13223,46509,1,334,33708,2,1787,39664,0,0
189177,1,3,2,25,681,34991,0,615,64158,0,6738,68636,0,2876,53947,3,2191,43639,0,3912,48642,0,0
28723,2,5,1,52,11155,50230,8,1186,43959,2,8534,99680,0,3440,9481,8,224,31176,1,11031,47667,-1,1
67221,2,2,2,44,7329,41624,2,512,38004,3,3352,37038,-1,9635,48824,0,8927,76872,-1,5564,-7679,0,0
25001,1,2,1,21,27811,29013,0,1612,65912,2,32,70518,0,4406,43609,3,4460,47907,-1,3065,43763,0,0
439555,1,3,3,27,1465,58515,2,29567,61792,3,3715,59985,0,1793,49237,8,3168,26993,0,9842,49298,2,1
288346,2,4,2,37,3345,-4424,0,2571,25285,0,833,45339,3,3891,20904,2,2230,54074,2,4,38987,2,0
4022,2,3,2,38,1348,38714,2,9971,64019,5,4134,-4199,2,4902,41613,0,2703,35051,2,1604,15708,-1,1
122273,1,2,1,21,4874,4734,4,3983,6828,1,6708,32442,1,11027,30327,4,7752,76533,5,2862,66226,-1,0
259358,2,2,2,46,613,21756,1,5491,49190,-1,3786,33234,4,1338,60874,3,992,67029,2,4488,39330,1,0
19915,2,6,1,43,680,50496,2,850,46826,2,4982,47176,8,4097,38264,1,370,45887,1,27126,35722,1,1
83920,2,5,3,39,373,14516,1,1606,62995,2,548,36050,0,12659,27999,1,4124,35265,4,5101,36881,0,0
247086,1,3,1,48,5914,11525,1,3571,47620,0,510,28736,0,232,20183,2,9791,27300,-1,2402,10692,1,0
3453,2,4,1,39,3406,87638,2,10649,35108,7,9517,80600,2,1081,57456,0,4130,57641,-1,6452,79102,0,1
119541,1,3,1,39,4808,12814,3,219,36688,1,252,66163,2,2125,59623,5,7951,69037,0,20723,62592,0,0
35289,1,3,1,50,10572,73010,2,3535,93864,1,1672,-456,-1,5673,78468,8,11163,34165,0,4724,26197,-1,0
258224,1,2,1,46,6741,36555,8,261,41652,0,13878,34378,2,9220,33558,0,400,48984,0,2166,1523,-1,0
354246,1,3,2,26,3096,29503,3,3051,51941,0,3070,52618,2,1110,19741,2,4448,50108,0,5731,50539,0,0
288717,1,3,2,41,20788,51335,3,4955,-423,7,5612,66618,8,1416,37481,1,8941,57800,1,3119,54965,3,1
64286,2,1,2,28,3046,66731,3,6827,23452,2,1253,31600,1,8666,26044,-1,5157,24429,2,3836,41307,3,0
198081,1,3,2,40,596,17078,0,745,50375,1,1577,35692,2,802,27417,7,4476,48879,0,15545,33278,5,1
186142,1,4,1,39,24568,29795,1,911,7709,2,3556,41895,3,1513,49488,0,7757,84877,7,2868,6678,2,1
38434,1,3,2,21,115,56937,1,3175,50987,3,5081,53236,-1,6596,61840,-1,6142,41918,1,1882,51970,0,0
176559,2,3,1,33,3991,45759,1,31165,25497,2,16152,9289,2,908,48263,3,3481,49072,4,5035,6345,0,0
3770,2,5,3,37,1848,62038,3,2200,19322,0,4271,-307,1,8802,42264,-1,225,47575,3,4200,45515,0,1
90700,2,1,1,30,3501,50302,-1,2788,25423,2,504,65091,0,3371,56410,2,4751,51070,-1,2531,54533,1,0
26137,2,3,1,38,4090,76164,0,2832,70550,1,2285,20198,2,2967,35450,6,1198,16851,1,1803,33845,0,0
12847,2,4,1,43,1372,43571,4,420,46668,7,1399,82453,0,726,68998,1,1465,80953,3,3724,34928,0,1
8007,2,3,1,34,4069,44436,-1,7439,21791,2,1467,22728,1,5691,99981,-1,5690,41999,5,892,-10424,6,1
119167,2,2,1,37,7054,46434,0,1459,55506,0,3519,36300,0,10770,27407,0,3017,50892,2,1558,21457,0,0
41532,1,2,1,48,1549,37150,0,6081,56594,0,1903,47371,0,5890,64184,6,6307,41761,6,9507,30428,0,0
129013,1,4,2,39,2417,56961,3,3222,32373,1,1707,-2639,0,1905,64216,1,2492,58866,2,11991,7704,0,0
6758,2,3,2,37,1561,44740,1,4730,59183,2,17213,97287,1,5999,50543,1,10202,29963,0,2498,65658,-1,0
37876,1,4,1,25,8589,55763,7,277,60134,0,4384,32100,1,3566,65728,0,2784,13856,1,8983,24463,2,0
77542,1,3,1,41,6454,58889,0,11034,57026,2,1517,23229,0,9611,47096,5,3404,37649,3,544,30696,2,0
156409,2,3,2,38,10247,48569,4,1397,26524,3,1613,16672,0,3077,52976,1,674,49586,2,1218,75669,1,0
38382,1,4,1,47,931,50034,0,5544,16418,0,8330,47235,4,1354,41639,1,3501,33067,-1,4539,60431,1,0
98320,1,3,2,35,382,19793,0,7997,6142,2,10878,45817,5,533,42807,1,1370,26571,0,5664,75164,4,0
217136,2,2,1,21,635,28992,1,3883,26889,-1,5682,17347,1,1649,52722,3,7198,46969,2,1450,65506,0,0
95675,1,3,2,21,877,56867,-1,2057,32643,-1,2823,12561,1,4145,48426,0,6259,21448,1,14044,53869,0,0
26521,2,4,2,42,3808,68472,0,19061,34271,-1,7231,61105,1,931,19060,6,79,59587,-1,4883,23954,0,0
2470,2,2,2,29,17687,1191,0,1631,39055,2,13853,26885,0,202,50182,0,3404,33753,2,12721,10539,0,0
204098,1,2,2,39,2209,28642,0,14846,74659,8,908,5579,8,2978,35089,0,232,49948,-1,559,55953,4,1
2149,1,1,1,36,15911,40472,4,849,33208,3,9891,37041,2,2134,28880,-1,4211,16777,0,4377,29092,-1,1
207705,1,5,1,33,194,22414,0,2465,39024,0,9446,31965,0,2727,59398,-1,11595,67068,5,2091,-6943,-1,0
75276,2,1,2,34,13077,23549,8,745,3648,-1,2282,79000,0,3026,21322,1,10093,49377,0,10071,48740,6,0
279799,2,3,2,26,999,49498,4,11,84559,2,1725,29556,2,7263,34577,0,1397,52272,-1,67,44635,0,0
160337,2,3,1,34,12179,71627,0,1507,13681,-1,4165,33835,0,16211,18678,0,754,14187,-1,7286,13968,1,0
618219,1,3,2,29,289,-636,1,456,25862,3,1589,44389,0,1520,31957,8,7828,25008,6,896,67930,1,1
43187,1,3,1,31,14803,36590,2,21468,53914,0,785,28582,3,14271,87856,5,3950,43981,0,11037,22587,3,0
145752,2,1,1,31,1120,49265,3,7170,44923,0,15296,48819,0,1296,24703,0,2756,18345,2,3102,84558,2,0
51404,1,3,2,32,1802,55604,4,18,72863,0,3380,19662,2,7031,36973,0,8316,27460,1,944,66283,0,0
65368,1,4,1,44,3375,46382,2,1265,54400,3,3195,35213,6,5718,67840,0,1455,55100,0,8515,60213,3,0
98753,2,4,2,33,2395,75228,-1,5545,38374,0,673,48136,0,268,48770,4,1271,27882,4,3497,27855,2,0
206891,2,2,1,45,5505,40578,1,2542,60881,0,3507,62752,0,6453,37228,-1,4732,47475,6,317,43463,4,0
414039,1,4,1,50,18406,66239,4,8914,63226,1,6790,28276,6,11569,26141,1,1591,23458,8,166,45369,0,1
146219,2,3,2,43,4662,27072,2,3514,26796,1,1425,28037,0,13312,53471,0,2782,52016,-1,1462,34199,-1,0
54088,1,4,2,40,6391,41159,4,5301,59260,7,2301,70824,-1,5778,33522,3,3033,17582,-1,6252,40324,0,0
54706,2,3,1,38,460,15745,2,4544,35554,0,985,28963,4,7722,83493,2,1147,51877,4,2848,74655,1,0
133781,2,3,1,43,4941,58017,-1,5082,37930,-1,2193,38865,0,371,34348,0,318,83269,0,3735,26027,0,0
27282,2,5,1,35,3024,37591,7,1307,42858,1,9876,74255,0,879,73799,-1,7276,29300,1,731,49138,-1,0
11706,1,4,1,44,10848,47156,5,2336,32384,0,1352,41349,0,1522,57551,3,7652,26774,1,6369,28714,3,1
43791,1,3,3,41,2456,33732,0,259,31308,1,149,35044,5,3789,57380,-1,4561,62785,2,2241,8518,4,0
33860,2,2,2,31,5688,51728,0,4429,59694,0,3841,36536,3,2440,36835,0,804,41295,-1,2038,61227,0,0
35141,2,2,1,43,1294,47948,1,3074,9421,4,4331,25190,1,5352,30811,0,3233,16606,0,4359,48083,0,0
26606,2,2,1,35,1501,20106,3,7150,18767,0,1994,49015,1,2950,34801,1,979,46786,1,7251,59684,0,0
4300,1,2,3,33,2359,21264,0,1155,53494,3,5130,21519,0,7458,60909,1,10654,44331,0,122,20845,2,0
1803,2,2,2,30,1812,39444,0,2870,38542,6,193,55570,5,6251,50483,0,5974,27347,6,251,27563,2,1
439997,2,4,2,36,1464,53191,1,996,59830,6,2081,40304,2,6877,2680,1,159,26576,3,504,47887,2,1
55821,2,1,2,44,254,77257,0,4759,47158,1,780,44709,0,8826,14229,1,8,57372,0,9356,55465,4,0
48503,2,3,1,43,9062,46059,0,9420,13325,8,1305,74594,6,8985,37296,1,20601,20238,2,9667,63864,4,1
113833,1,2,1,38,332,60150,2,7250,41256,2,2410,11018,6,7560,50725,4,203,12586,1,5086,37983,8,1
24622,1,2,3,40,10918,7742,4,14429,50690,0,3400,40488,2,341,35416,0,10044,24499,0,234,50071,0,0
299495,2,1,2,47,670,80259,1,17829,44680,4,489,52761,8,4880,29945,1,15596,57310,0,6950,75750,5,1
154339,1,2,1,33,337,52113,2,7392,30634,1,534,27675,0,99,20316,-1,1841,34770,2,10113,32343,2,0
9366,1,4,1,23,4139,39007,2,1690,34521,0,5604,59022,2,6808,58260,2,3884,28713,5,12346,45628,0,0
54056,1,4,1,48,3490,36706,1,1237,28798,3,2588,29106,0,315,41990,2,5212,38630,3,8109,37088,1,0
211294,2,2,2,29,3378,17856,0,2966,13496,2,971,45832,2,20436,73609,2,3674,49749,0,2975,44201,0,0
289556,1,3,1,28,4272,23574,0,25483,10745,4,1338,37530,5,4760,14005,1,1200,70694,2,3069,67719,-1,0
62998,1,3,1,21,1691,78208,0,2660,47800,3,6365,43235,1,1004,53824,0,4352,47018,1,3436,28098,0,0
95039,1,4,3,40,5437,20219,5,1109,22570,0,265,41478,3,3158,50953,1,1496,79200,1,3210,23150,2,0
18276,2,4,1,21,3489,19834,3,14442,51511,0,3553,39360,0,8762,56942,-1,901,54627,0,3610,57526,0,0
472944,2,3,1,27,2037,25955,1,2438,28098,2,2233,30530,2,992,56533,0,3521,34047,-1,425,70194,2,0
26353,1,3,1,40,8757,16036,5,5870,13737,1,8333,26705,-1,3847,29859,3,2326,57821,0,8427,10844,5,0
286000,1,4,1,42,6504,40306,4,7759,31841,-1,7805,46319,-1,17,36387,0,138,52739,1,14,33233,1,0
104881,2,1,1,28,2501,61778,5,9262,81887,0,5843,41054,2,7765,43328,1,14946,63242,2,157,46296,7,1
93582,2,3,3,33,9406,27790,0,8609,38087,0,2428,26158,1,1082,19943,0,201,54738,-1,134,40891,0,0
71885,1,5,2,26,12644,12533,2,9046,52917,1,4987,46867,0,2448,60632,0,11662,42278,0,11521,42787,4,0
26223,1,4,1,29,3848,45837,2,5507,43376,-1,5106,30748,1,3777,-9490,1,1051,30381,0,26949,41361,7,0
19422,2,3,1,37,1210,38884,2,2586,11896,0,2018,71108,2,782,16754,-1,764,42697,2,1763,25315,1,0
24908,2,3,2,29,12372,60054,0,5502,68979,1,10600,89783,2,13063,6438,5,358,10359,4,670,-11229,0,0
20633,1,2,1,32,1050,30909,2,9061,35043,0,20951,67780,-1,3163,61995,3,2773,36741,5,95,39483,0,0
151224,2,3,1,21,248,34796,1,2158,13789,0,1887,66666,2,1318,44312,8,4419,16407,4,11605,35450,1,1
43097,1,3,3,46,1983,37009,3,1758,29755,5,8077,56283,2,6642,29341,8,11703,49163,4,2213,10104,2,1
5958,1,3,1,40,6490,41780,3,2105,35875,2,3474,35803,2,11231,41926,2,7656,56683,2,3389,26404,1,1
347708,1,4,1,42,12837,32148,0,4006,54989,0,3114,2018,3,12190,45284,3,869,46310,0,2351,57818,3,0
215232,2,4,1,47,5070,28907,0,269,26384,4,2443,19499,1,2820,15207,1,917,36748,2,11880,36072,2,0
262765,1,2,1,26,15165,2992,2,7547,92406,0,1726,26465,6,2227,42919,0,40,34294,2,8934,43735,0,0
528004,1,3,1,31,484,28692,1,747,21256,1,12597,64154,8,13243,67775,3,5820,64020,0,11328,18599,3,1
19103,2,3,1,21,313,54304,1,712,52239,0,6751,45122,3,271,71299,0,88,59730,0,2808,51870,3,0
50458,2,3,1,66,4634,57004,3,1101,520,3,2905,26809,0,6942,57066,2,745,18773,0,1221,84486,2,0
141980,1,2,2,33,16924,30577,4,4301,37526,0,6962,3096,0,977,45165,2,5033,45104,1,4607,50469,0,0
119079,1,3,1,45,3493,65989,0,1681,47344,0,6339,86362,3,3132,58490,1,814,46504,0,1186,48761,1,0
16711,2,4,1,22,264,39425,1,2295,17608,2,1555,50666,0,15362,54114,2,831,35890,5,1966,45032,1,0
169191,2,3,2,44,1250,13243,3,13415,69980,2,968,58170,0,4351,17520,0,1332,12685,-1,14511,26797,-1,0
25417,2,5,2,53,1403,6952,4,9393,48689,1,9048,29286,5,3705,21726,3,2432,-1091,0,10243,59196,8,1
25336,1,6,1,34,2061,64365,0,9559,33647,2,8340,37227,1,318,52693,6,39,43444,4,2873,37564,2,1
76997,1,2,1,24,222,32539,0,4309,48473,1,28821,33122,0,1624,26629,1,6853,6137,8,1933,74472,0,0
89879,1,2,1,33,11763,15718,0,10067,28133,3,97,41286,7,15,19495,0,7432,29529,2,4323,75732,1,0
86770,2,6,2,21,3623,-5185,6,7538,65027,1,3886,76915,2,10397,65787,2,2284,53688,5,7197,29240,4,1
9594,1,6,1,34,5557,32085,1,15313,60305,0,6041,15914,1,5176,41254,0,8000,48318,-1,1079,55324,-1,0
209932,2,1,1,43,347,48095,1,332,47467,4,4367,39174,0,627,38701,1,1675,28068,3,11870,28244,0,0
30870,1,1,1,34,278,26046,-1,145,52233,3,6196,47217,2,2258,15941,0,21235,57909,1,1038,63267,6,0
13870,2,2,1,32,4415,18935,-1,962,10456,7,738,37663,2,8341,31026,2,2535,50520,2,4709,22376,-1,0
219595,1,6,1,40,10914,29012,2,13231,69338,1,7,59906,2,755,33131,3,5525,30239,1,3990,44736,1,0
311567,1,2,1,41,3758,64863,1,4651,38012,2,488,5287,0,1308,21897,3,1946,70423,1,1994,50383,1,0
198142,2,3,2,21,10511,12140,1,2776,60500,4,2390,77675,2,3897,15690,8,2996,49747,0,4120,55404,8,1
165818,2,4,2,35,8329,27165,0,3594,54996,-1,1994,12589,1,782,74958,0,5179,24405,1,10604,19568,1,0
106491,1,1,1,59,394,64215,0,8848,60194,5,10357,17397,4,2412,68188,5,2134,-1059,0,2005,49126,8,1
80041,2,3,1,21,1127,49883,3,13233,19044,0,436,31010,2,20122,37900,2,5344,44477,0,10825,44301,-1,0
9100,2,2,1,34,5360,43582,0,6541,21590,-1,2923,27048,0,3924,13447,2,789,29901,0,323,17306,0,0
52501,1,4,1,54,2930,27031,4,7132,84965,0,15829,48490,0,6045,5492,2,3305,40419,0,3815,63129,0,0
46631,2,2,2,46,1717,40610,0,1931,9613,1,3494,46173,2,5442,30968,1,1593,35265,0,1733,72135,0,0
30077,1,3,3,29,2711,29243,0,3146,18047,-1,710,42271,2,1189,-5070,0,12630,-3963,6,13321,41198,8,1
128525,1,3,1,37,2945,22812,1,10823,40864,-1,1721,11642,0,9357,30944,6,8706,34157,1,241,37341,8,1
68493,2,2,1,34,12070,18398,6,7707,40899,2,4928,37210,0,650,-428,0,3341,17949,2,94,32653,0,0
8451,2,1,1,27,546,55681,0,5764,29199,1,60,40394,-1,12729,38114,0,3023,29836,1,8292,90672,1,0
24869,1,3,2,34,1640,38791,2,337,52321,3,17225,64645,0,1217,43928,-1,8978,28420,0,6728,58779,-1,0
114967,1,2,2,32,3856,46290,1,201,58041,0,4184,43988,-1,15477,36263,2,5863,41277,-1,842,25700,0,0
7918,1,4,2,36,5991,43033,0,698,39636,0,6089,47653,4,7996,83435,4,5749,45995,0,14241,8161,2,0
190519,1,4,2,27,4979,48818,0,4354,34630,-1,3455,79249,2,937,35874,0,3973,49227,3,10351,31463,4,0
68348,1,3,1,22,14205,34905,6,3843,39554,1,15841,16797,7,874,74605,-1,9915,-7957,0,1391,31595,2,1
65505,1,3,2,34,7938,30366,0,14296,30052,0,4448,32237,4,441,45925,0,1050,68424,0,5766,45106,0,0
89748,2,3,2,52,4071,23694,2,5933,6035,0,5423,17283,2,1420,80254,4,9898,7361,5,2797,40890,3,1
174114,2,4,2,35,1208,11720,7,1740,46018,1,9860,72130,1,5380,4887,-1,3677,39730,3,4113,62892,4,1
42741,2,3,1,31,2997,17559,0,880,55316,3,9886,73496,4,3672,18350,0,4855,23428,-1,7827,-14168,1,0
113325,1,2,2,42,5910,32691,0,9470,36921,0,142,70570,0,4751,34260,-1,16406,45910,2,4981,50754,1,0
83409,2,2,2,33,9099,7939,0,3077,-5301,1,1665,50947,0,158,72062,6,2762,3410,1,494,57877,1,0
31064,1,3,2,53,16061,12354,0,5298,28565,0,1413,47610,1,416,35218,0,5513,70984,0,4659,4061,2,0
210891,1,3,2,34,4650,60842,0,4163,58114,0,33,30839,-1,5887,26396,5,3692,32813,1,1025,22650,5,0
159665,2,3,2,42,3742,44483,2,568,11235,0,10469,55388,0,9416,52133,1,13412,50010,0,2950,30321,5,0
107426,1,1,2,27,89,30963,2,293,53917,1,1907,14372,-1,2226,58118,0,3343,23987,7,2494,50126,3,0
190100,1,4,2,40,374,85431,2,2366,31091,1,2130,14304,-1,910,24657,1,1479,73217,0,436,31729,0,0
201962,1,2,2,37,848,7035,5,2243,39624,4,524,31602,1,1843,26227,1,3295,12558,0,521,39313,1,0
123224,1,2,1,34,281,59512,0,5601,26282,4,22888,77740,2,2655,73898,0,12429,-12619,0,7749,24231,2,0
181408,1,3,1,29,2561,37770,0,5001,17288,1,8750,29730,1,4973,64976,3,3472,67258,0,4290,41273,2,0
119557,1,2,1,28,2053,55700,0,17359,68684,0,4241,32432,-1,2633,70328,1,789,16476,0,18191,27372,5,0
113987,2,3,2,37,5071,42179,0,9763,56316,3,7390,45755,0,11367,58813,8,3900,38601,-1,15121,22446,3,0
96393,1,2,2,41,3835,2555,0,3431,52894,3,7505,57972,0,2564,22928,1,2451,71167,2,1057,42812,8,0
139722,1,3,3,33,4531,41909,1,3465,58171,3,5346,65040,2,1000,39340,3,5245,31894,0,9673,57283,0,0
17269,1,3,1,37,3193,46711,3,5606,50054,-1,955,17592,3,1427,18770,2,1381,45205,8,1973,45245,5,1
212754,1,2,1,34,1626,-3839,7,605,58882,3,6370,38066,0,3128,59516,1,1945,56299,0,944,35496,8,0
205450,2,2,1,35,15269,78880,0,45600,26721,4,4215,44490,-1,7626,29130,3,3634,40601,-1,3005,60178,5,0
2968,2,4,1,32,451,46224,3,3657,67553,2,6438,46495,1,10178,5766,0,629,66022,0,1678,30829,0,1
174764,1,3,2,35,13975,53439,3,12034,65768,3,3920,57315,0,1024,42273,0,1181,54107,1,3551,38404,6,0
13796,1,3,1,61,1864,16689,0,17110,47609,3,15656,56401,0,17,62504,2,8080,22119,2,5218,63400,3,0
40814,1,1,2,38,3593,53812,0,4357,34240,1,4931,40509,0,10178,12458,2,14002,54635,1,1806,31387,0,0
136065,2,3,2,41,576,61790,8,545,15529,3,4262,63047,0,1295,37499,2,17455,39312,4,3927,29180,1,1
17525,2,3,1,39,367,45071,2,4258,44573,3,9250,59375,7,8620,28909,1,13843,39408,1,4913,54872,-1,0
170356,2,3,2,32,2806,39812,8,4552,73698,5,2384,57767,4,4000,59821,0,14238,46648,0,4787,20037,1,1
178459,2,4,1,47,6768,22128,1,7784,16783,5,1897,29423,2,2588,-941,0,8604,58410,0,12918,64029,0,0
70819,1,2,1,32,1569,35675,0,247,60361,1,3497,54257,3,793,62699,2,6651,20746,0,5229,1248,2,0
640,2,2,2,45,4131,29759,0,3139,30571,-1,4390,64071,-1,5574,25898,0,1318,66109,5,2021,41493,1,1
33832,2,4,2,31,1633,51439,8,12804,32278,-1,1245,29723,0,8523,36800,2,2914,64878,1,496,26979,6,1
95952,1,5,1,25,2460,23002,0,23721,16490,6,5732,42631,0,3091,57172,0,2537,27352,4,3335,46791,2,0
397316,1,2,1,38,11846,51293,-1,1062,24950,0,8106,71294,2,2956,69577,-1,6553,75172,-1,4290,69284,3,0
99916,2,3,1,23,9684,23220,1,10224,52935,0,4305,47929,4,7038,41026,0,3225,36531,2,4062,16856,3,0
30083,2,2,1,40,3628,34752,0,790,55422,1,3700,38242,0,3466,25500,0,2232,51345,1,3994,11902,-1,0
100513,2,1,3,23,1359,52320,0,9199,44717,0,1745,69232,0,7699,29369,3,8412,30766,0,2352,63005,3,0
77649,2,2,2,31,1073,25924,2,1623,29983,1,12016,30590,3,278,63321,1,6929,56389,-1,15818,35392,0,0
151342,1,2,1,21,15405,53010,0,16047,17928,3,7022,6077,1,9746,22316,-1,2300,31100,0,4746,38346,0,0
11314,1,4,2,63,1132,51059,1,5945,41235,0,3272,24416,2,1519,46577,3,2717,43194,3,1256,34681,1,0
143140,2,3,1,21,8255,34580,-1,2546,32700,2,5380,62720,1,926,40148,0,11183,-12374,2,32,32747,1,0
77928,2,2,1,35,2302,63235,1,1649,44223,2,2053,50413,0,164,55185,1,6596,30563,1,4221,21752,7,0
329662,2,1,3,46,21223,41555,0,1340,33575,1,308,41362,2,8981,40682,1,5855,28695,3,6859,35149,1,0
41835,2,4,2,45,2295,62045,0,5709,34086,0,1140,61222,1,309,31322,8,6218,2172,0,579,23142,1,0
100136,2,2,2,43,2165,75869,2,11306,43179,4,414,43337,0,15442,29918,0,539,55368,0,3139,60024,3,0
268866,1,3,2,31,5073,35173,0,7031,47043,1,3548,35553,5,4160,29544,0,4144,32287,1,17895,28939,0,0
10815,1,2,2,48,16287,52899,0,9002,64478,0,4865,56702,-1,5997,12410,0,1719,3639,1,3409,66217,3,0
276825,1,3,1,44,18692,27248,1,7602,33260,2,2393,32359,1,6460,50120,1,443,52032,0,9605,53380,0,0
116438,2,2,2,37,6141,19343,0,19351,50909,5,3776,49804,0,1731,44199,0,6566,61789,1,757,19959,1,0
7024,2,1,3,37,7024,36090,0,7090,76072,1,446,24105,-1,8211,10677,0,1814,37310,0,3007,18732,5,0
35805,1,2,1,31,4143,12747,2,1180,51441,2,7347,18909,-1,14616,31887,2,1855,9806,-1,2180,35588,1,0
123159,1,2,2,25,7048,21247,2,7841,63285,1,166,22685,0,2308,34489,0,5106,2321,5,143,25352,6,0
6972,2,3,1,47,9822,51828,2,1943,27587,0,5031,39478,1,9019,28291,6,5487,15508,1,3681,25214,0,1
87268,1,3,1,48,3328,29727,1,27363,25592,0,2840,27040,0,7392,37602,1,3212,23405,0,2543,56796,-1,0
42446,2,2,2,26,4836,54210,1,2363,36812,0,1015,27602,3,4453,37861,1,4064,74194,0,4729,45488,3,0
96999,2,1,1,33,3853,45988,3,1732,38941,-1,3701,36931,0,2291,57887,0,9448,35917,1,3953,64605,0,0
4682,1,3,2,33,4133,77023,0,1367,61416,1,7592,38555,2,2682,39906,0,566,14547,6,3020,18561,2,1
205211,1,3,1,34,11038,50486,0,5372,25406,0,2668,8978,0,1838,51872,1,337,27700,2,532,3340,1,0
363019,1,6,3,35,2197,62284,2,578,38227,4,2292,-10448,-1,2777,12182,1,5339,61412,6,2923,25387,8,1
346983,2,3,1,44,1167,48037,1,15347,61496,8,768,47999,0,22842,18769,-1,4629,51103,0,17716,61536,1,0
138490,2,3,1,27,3046,46227,2,1742,44310,1,4514,42784,3,2258,12524,3,1028,40933,0,1602,27458,4,0
13936,1,3,1,26,1166,63294,0,1750,39783,1,8801,12595,-1,5475,32085,3,3689,36627,0,2430,72734,2,0
141990,2,5,3,47,3449,53375,0,235,44769,0,4120,48725,0,1925,41111,1,6845,40073,0,9209,29335,0,0
2489,2,4,2,30,11691,44201,4,1411,17448,2,902,48689,-1,3142,73354,0,6578,43116,7,3670,51683,2,1
2237,2,2,2,22,4804,44113,1,2714,17124,2,5412,33955,2,437,23406,1,4528,36115,0,10,39482,2,1
39098,1,2,1,30,9670,50764,1,2307,8235,0,153,79187,6,7203,56986,0,698,42043,0,3876,797,8,1
67068,2,2,1,31,908,26572,0,1594,44133,0,9102,65384,0,5409,23354,-1,1812,33986,1,10279,26798,1,0
147144,1,3,1,50,11556,25724,0,207,58377,2,12722,32018,1,2134,40477,0,2602,22886,2,5861,49598,1,0
114978,1,4,2,44,4603,68508,-1,1787,55311,1,4544,32391,1,3720,36954,-1,7761,34729,0,7077,39056,2,0
59041,2,3,1,46,161,77288,1,7532,62872,2,10676,10842,8,10287,21523,-1,3924,46602,-1,195,31244,2,0
31969,1,1,3,43,5013,21422,8,2888,69084,6,441,64494,2,227,23088,-1,6606,25448,3,987,36625,2,1
585152,2,4,2,44,15120,26620,4,1717,42892,3,1296,44936,-1,13311,71949,4,12852,48419,6,4399,43011,1,1
55544,1,4,1,28,412,62850,2,1817,38707,0,1908,56461,0,3181,29335,0,4889,56593,3,830,-14435,3,0
60036,1,2,1,33,4366,50670,4,4042,69519,3,7417,-2679,1,9818,59972,0,1353,46823,3,7009,28839,-1,0
17867,2,3,2,25,12353,53528,1,1799,25979,1,3310,55550,2,9883,53573,1,751,28766,3,1286,23821,0,0
158381,1,3,1,32,48,57932,0,4982,16429,3,2141,29807,0,302,27778,1,2,41920,3,1913,53839,4,0
118313,1,4,1,41,4983,35185,0,22760,33222,4,860,51686,2,7607,39932,0,965,43069,3,212,55157,6,1
24944,1,4,1,36,3220,46599,2,210,30885,0,8320,50424,1,6600,42414,5,1568,43985,-1,2777,43396,2,0
8597,2,3,2,48,2130,45043,0,924,40966,0,103,39587,1,220,49739,0,1572,69800,-1,1476,42266,0,0
114099,2,3,2,23,4938,22830,1,986,22999,1,2056,26053,1,14112,31899,6,5499,16838,-1,168,-244,1,0
106279,1,4,1,40,270,46301,3,2962,47394,-1,1390,47977,5,5033,9864,0,814,44136,1,718,21825,0,0
31918,1,3,1,22,6993,64754,0,211,28617,2,690,23281,0,916,25991,-1,2858,31997,0,2491,32931,1,0
301315,1,2,1,35,22,33317,0,3245,64564,2,943,61011,3,656,63311,8,24,15086,-1,2094,37813,0,0
16376,2,4,2,42,1833,43051,0,13220,16108,0,3404,25567,-1,4127,39372,1,1513,14841,-1,9862,39897,0,0
56622,2,2,1,32,3505,44134,1,58,37210,1,2776,40454,-1,303,31584,4,209,57547,-1,1803,1034,0,0
287556,1,2,1,40,2366,34306,0,2270,33301,1,3652,25084,6,898,10498,2,6181,11916,2,2682,59502,4,1
54425,2,4,3,25,1837,53538,1,7154,44617,-1,6502,43174,2,14826,64741,0,2187,45974,0,2626,19533,-1,0
101756,2,4,3,21,8884,26398,0,839,58534,2,11143,19364,2,6827,35854,3,3270,42629,3,4568,-5338,-1,0
50682,2,3,3,40,13653,66652,1,403,45324,1,630,23817,0,4752,61749,-1,7165,22838,8,11653,55669,0,0
32050,2,2,2,52,10345,52524,0,4981,37428,2,431,85890,0,1171,53648,1,9936,56721,1,5613,21750,1,0
413377,1,2,1,25,3695,21264,8,50,53825,2,1930,56884,0,1232,55905,0,3635,16369,1,9112,53842,-1,0
52650,2,2,1,47,10777,73960,1,8091,56860,2,3951,47388,1,2951,73189,0,5245,29018,0,1035,5126,1,0
224525,2,2,1,35,12682,43362,2,345,45383,-1,526,50282,2,7013,42418,3,6658,18174,2,9145,31898,2,0
26130,1,4,1,21,2631,25541,2,3715,47751,3,6293,46112,0,19,37330,2,1679,55297,5,6022,20720,1,0
23966,1,2,3,23,1666,62091,1,6737,52932,2,4060,38222,1,226,71277,1,6142,63670,0,1747,47856,3,0
3162,2,3,2,35,517,49893,0,1385,7121,2,6900,55134,1,10205,56679,-1,5301,44971,7,11287,22191,1,1
105459,2,2,2,30,3260,4560,1,546,32983,0,2215,23460,7,8411,25903,-1,2926,90785,0,5468,47861,-1,0
45969,1,6,1,21,14621,29486,2,965,47524,0,2563,71910,1,5931,60867,2,2083,48914,0,3153,31533,2,0
199773,1,2,3,21,4115,45581,1,9644,34167,3,8240,42406,1,3461,70299,6,18183,52643,5,6094,26848,0,1
64095,1,1,2,26,5506,-3191,-1,6117,34237,0,1553,56034,3,784,-5999,3,21458,60130,1,33,57986,1,0
344808,2,1,1,36,598,41701,-1,1103,47498,1,2401,71467,1,539,15110,0,5938,26553,-1,1953,79072,8,0
20521,2,3,2,34,774,43159,0,6296,47952,1,67,49824,0,11789,23798,0,2423,48166,3,7496,32701,0,0
202968,1,3,1,29,3122,16330,0,6165,49341,1,4052,23790,1,2410,54461,2,6962,20660,2,9795,24529,3,0
149877,2,3,1,37,15106,45412,5,30429,24155,-1,9534,64390,3,5949,55777,2,5685,13637,2,8051,37224,1,0
147369,1,3,2,45,2237,40149,0,2484,11643,0,141,73923,2,3045,50390,2,3937,61844,0,6569,42155,5,0
186293,2,1,2,38,10497,16174,0,10006,56087,-1,4756,1069,0,6563,57527,4,706,23000,4,3441,4118,5,0
143139,1,3,1,33,640,58391,2,2956,25151,1,9336,37962,0,1074,17836,0,14649,43668,3,1051,19714,2,0
98408,1,3,1,44,4798,56757,3,11402,23769,5,3405,45828,1,3313,15879,0,1324,72630,7,587,9877,0,1
14069,2,2,3,25,4589,34205,1,480,21964,0,1877,34718,1,2364,65062,5,2498,3779,1,12884,16955,7,1
3306,2,2,2,32,9826,36028,0,963,63020,3,28396,15081,0,1405,42075,2,2095,53023,1,1183,69045,3,1
253638,2,2,2,32,16,54525,0,9484,44240,0,335,22338,1,4552,64173,2,834,39562,2,1407,-5733,7,0
95880,2,2,1,22,1053,35986,1,8554,46850,4,1181,3017,2,3849,26028,0,124,38592,0,6396,47451,8,1
159227,2,3,1,30,1240,1381,0,1822,53791,1,10824,59102,1,3422,18877,2,13282,41191,0,7050,32593,1,0
65685,2,2,1,21,14975,49738,0,4541,39152,0,1764,67471,1,4471,14582,2,6725,40350,0,2622,44869,-1,0
12477,1,2,1,54,834,23734,0,2411,60253,2,8569,67192,3,768,56020,2,104,50465,6,390,16629,1,1
13374,2,2,1,25,188,32203,5,51,16063,1,2026,39408,3,2314,62640,2,5820,18973,-1,3312,30796,0,0
115697,1,6,1,50,3822,69157,-1,132,18287,0,8356,45438,1,1962,50835,1,694,50043,8,8375,64474,1,0
56265,1,4,2,35,3759,37320,1,278,17184,-1,5787,61398,8,7330,30332,8,6436,17448,0,10684,30912,1,1
22379,2,2,1,40,9291,40034,8,4507,48433,0,3160,35342,-1,181,52742,1,3517,82077,2,5252,68198,1,0
67647,1,2,2,30,14865,50193,2,1637,50128,3,3700,21014,0,1655,52194,-1,19050,37900,1,5769,-14503,-1,0
6636,1,2,1,37,3866,50106,0,777,30548,5,978,28585,-1,12523,-504,0,2831,43588,3,120,50782,4,1
87220,2,3,1,41,13295,21616,0,14162,35351,0,615,43510,3,1785,32991,7,6910,75415,7,1198,40836,1,1
31333,2,1,1,41,6457,38794,7,646,65361,1,6310,25727,3,823,45588,1,210,24507,1,6872,11235,2,1
159730,2,3,1,42,1536,40723,-1,5604,26111,-1,9438,49465,2,7080,62161,0,13709,39775,0,3780,58319,0,0
37158,1,3,1,31,13184,45440,2,11229,45908,0,6400,12897,0,245,38297,0,4132,11799,0,4421,25025,2,0
60737,2,4,3,30,5504,45784,4,894,26285,1,12201,35146,2,2778,42980,-1,1885,20597,0,8313,44627,1,0
1168,2,2,2,21,2672,91748,-1,1208,61919,2,11039,48110,0,9667,38652,0,678,11520,0,5535,20262,2,1
7520,2,4,1,40,5700,16482,2,4264,52568,-1,7529,42650,4,15405,45305,8,5119,55964,-1,2722,29796,5,1
49839,2,4,1,45,2565,59601,8,3550,12021,3,11420,25297,0,1431,12624,0,6857,51389,4,18251,54109,2,1
65380,1,2,2,51,606,63667,2,3680,34783,0,914,54700,0,1756,27890,0,445,31257,2,1383,87047,2,0
91634,2,2,2,38,6346,49855,1,4044,-1580,3,6571,45249,7,4187,-4628,2,899,29866,1,2077,22043,2,1
34483,1,2,1,27,8688,26993,4,14968,58009,2,7005,-1779,1,1284,31160,2,2434,59413,0,5507,64988,2,0
118738,2,2,2,21,6524,73293,1,276,80946,0,836,49106,1,816,49913,7,9544,39899,-1,1320,66800,1,0
196698,1,2,2,45,1301,-3839,2,7144,-3608,2,12016,31556,0,2775,24159,2,20352,22654,0,2394,52754,3,0
151345,1,3,2,21,15690,26334,1,1323,11458,0,44,29500,3,374,34969,0,6832,61463,-1,5877,55346,1,0
4042,1,3,2,31,127,63433,-1,2339,43346,0,2851,23401,0,11231,47814,8,27,37171,-1,2063,25855,2,1
65490,2,5,2,32,2022,32597,0,467,39630,-1,108,19939,0,2033,94450,3,11688,53545,-1,294,20611,1,0
11085,1,2,3,34,1506,71929,-1,2949,31783,0,3704,44131,0,2049,38367,0,134,41435,3,4104,30540,7,0
27713,2,6,1,35,246,9763,0,8153,5247,-1,2656,50920,1,7836,54384,0,11371,81554,2,7351,45333,1,0
431718,2,2,2,36,2602,17757,-1,519,46468,1,4878,43063,5,2089,36263,7,2640,35863,0,6790,33972,0,0
15372,2,4,2,21,4879,29367,1,1612,57750,-1,7271,58989,7,7154,47119,0,6770,-169,0,4852,25060,0,0
69092,2,2,2,35,10708,48347,0,2334,96939,0,7317,51628,8,999,39432,0,455,35443,0,7246,25945,0,0
96274,2,2,3,21,22873,35559,4,548,66145,6,6404,-139,1,3764,31559,0,901,45327,1,1111,33918,0,0
121222,1,4,1,42,8253,30192,3,7184,14025,3,537,21669,3,7316,35949,2,2996,49195,4,6620,57203,6,1
82018,2,2,1,29,3161,68407,1,7731,39762,0,2701,63768,1,2988,64942,1,196,56175,1,256,18423,2,0
981,1,3,1,21,6431,70268,1,9036,51841,2,8462,14612,1,372,45782,0,2469,28382,0,6736,51321,-1,1
39520,1,3,1,26,9277,31712,0,4384,26234,2,5310,-14700,3,6676,16060,0,6970,71278,0,260,50501,3,0
72921,1,3,1,29,3130,5804,1,3538,55600,0,5713,76629,3,3406,31515,0,5316,59296,-1,7380,29550,1,0
9196,1,3,2,46,7686,-3149,2,1522,54067,0,1286,45932,-1,1902,22161,1,2167,42618,2,10811,45918,0,0
43174,1,4,1,36,3295,44785,3,5323,64747,5,1965,26338,6,24665,58548,0,44,26120,0,8831,63726,1,1
3376,1,1,2,38,2442,53119,-1,2940,56044,2,15596,23032,3,10440,24812,0,1571,78559,5,2142,33515,0,1
8183,1,3,2,46,3733,41259,2,17663,45702,3,9384,52588,2,192,57236,-1,7485,54584,0,18470,24553,0,0
50571,2,4,1,34,5632,38581,2,17238,27241,1,901,49559,4,4502,59531,1,2081,30154,3,3653,20755,1,0
14238,1,1,1,42,6489,23909,1,11780,14138,2,3933,46544,1,2189,42886,2,2370,68041,1,2384,23100,2,0
83826,2,2,2,41,2206,53099,0,2232,44380,1,3371,36225,3,190,50888,5,385,44405,3,4365,55816,1,0
116945,1,4,2,22,4235,73563,1,2294,31923,2,2931,14388,1,56,29970,0,4602,70185,1,1818,38857,0,0
161237,1,3,2,49,12032,-4337,1,9575,33856,2,3180,39280,1,4382,56983,5,4862,23138,0,981,7958,2,0
22333,1,3,2,21,18714,38449,1,6530,62435,-1,5148,61302,0,1929,15204,0,2818,35991,3,891,65095,8,0
18330,1,2,3,44,1288,20593,1,6093,67378,2,17078,29160,3,6075,30746,3,7147,67639,-1,928,36387,7,1
11044,2,3,2,21,1071,10190,0,1639,15292,2,10410,52021,4,3029,33846,4,10472,26623,1,1295,49601,8,1
101178,2,2,3,41,5645,17400,0,8959,35791,-1,10402,31907,8,7272,59729,7,6942,34930,0,10877,52030,1,1
122579,2,3,2,53,2678,47593,-1,4330,31335,1,6076,56024,0,8384,74104,0,3929,-14754,0,2593,23316,-1,0
3209,1,4,2,32,122,48099,0,2960,46298,4,88,20401,0,5353,30900,0,13720,48244,1,0,15390,2,1
275219,1,2,1,32,2129,69205,0,10028,-5325,7,2903,40273,2,2706,38065,1,2407,63083,1,1811,20661,2,0
5337,1,3,3,41,8218,40175,0,2506,10783,3,3578,49129,4,22317,16376,1,5317,21574,0,27737,36098,7,1
77935,2,6,1,31,7983,4835,0,5305,37650,0,9241,26490,3,1831,38337,2,4281,48951,2,6662,48751,0,0
123464,1,3,2,53,3412,35236,2,3135,55722,0,12809,47252,1,3613,62029,2,9212,29179,0,3504,77268,8,0
204770,2,4,1,36,3198,12272,3,4491,41505,0,3003,39408,2,3674,4084,0,3461,9816,3,681,57955,-1,0
125206,2,3,1,31,4331,15864,0,206,53430,2,1786,39116,-1,2796,40369,2,4031,33493,2,3040,704,0,0
161811,1,4,1,29,1238,51611,0,3091,43946,3,2057,26444,2,647,54360,0,3023,28507,0,5103,36949,2,0
41468,1,1,1,25,3733,43883,3,4065,65525,4,4321,59946,-1,2184,41140,2,757,42547,1,12552,-5493,2,0
168645,2,2,1,28,55,51751,2,3393,69717,4,1607,21097,-1,1211,36212,8,10876,33883,1,3386,59209,0,0
8350,2,2,2,31,3227,32850,0,9400,24790,-1,12080,45595,3,11505,57529,3,9896,66746,4,3971,36016,0,0
225205,2,3,1,30,2047,55810,2,1863,57672,0,2712,23015,1,5326,23825,2,6061,28846,1,4193,40706,0,0
79317,1,4,1,28,5617,31731,0,10774,50162,5,23058,38676,-1,1697,24411,-1,2136,37412,3,15058,35274,8,0
169989,1,2,1,55,5085,62333,1,2583,90093,3,579,52857,1,4170,3075,0,2193,44790,3,2069,41510,1,0
60206,1,3,2,24,2396,46892,8,5929,24043,1,1040,34222,-1,9593,46506,0,183,38980,2,9850,26287,4,0
103163,1,4,1,36,36,35860,0,453,37665,1,3583,-21523,0,13623,44423,6,404,29289,3,2822,41963,0,0
74739,1,3,1,40,1453,44241,6,1116,19354,1,10136,13106,0,389,28530,0,3605,41026,0,6751,20997,0,0
131523,1,2,1,41,5016,39642,0,7159,20541,1,2184,-3159,0,7730,22126,3,255,50493,4,3299,45819,1,0
8515,2,3,2,34,375,71922,1,62,47711,0,9084,41358,0,16952,39051,0,522,57973,2,4040,45410,3,0
6225,2,2,1,32,569,44908,1,17293,44110,1,2770,39899,0,3148,41922,2,1446,-2357,-1,1996,49567,5,0
28382,2,1,1,39,5206,39967,3,1057,50829,2,9586,32987,0,27056,16049,3,2339,50132,2,2677,38019,0,0
17381,1,6,1,37,7048,35230,-1,11578,50395,0,1624,27470,1,15741,1080,1,3360,26510,1,3725,60781,0,0
205403,2,2,3,32,1939,56863,2,3627,35287,8,3192,44422,1,5348,5492,3,1961,63159,0,4635,76370,0,0
24745,1,1,1,21,3363,54158,3,4157,35149,0,1633,11053,3,9406,10928,2,14124,58647,1,2312,9319,0,0
372410,1,4,2,30,14567,34523,1,439,20584,1,1211,59121,3,1758,15888,1,15068,58511,5,8984,14663,1,0
41082,2,2,1,23,14551,16887,0,2272,25976,1,2733,41502,3,12472,38319,4,288,28326,4,6348,36581,2,0
20103,1,3,1,28,1837,21960,0,849,38863,1,2037,21104,1,4481,41697,0,21138,12141,-1,3003,30960,0,0
155921,2,2,1,35,8303,36316,2,3732,43940,0,7735,31631,0,3563,36640,1,949,65421,1,6638,49499,5,0
107501,2,2,1,38,4506,66978,4,4000,54215,1,6884,37373,1,9029,47174,1,2012,63378,1,33,49508,1,0
68954,1,2,1,52,18542,34996,1,6183,52177,-1,2220,12384,2,11013,48016,0,9070,-72,2,4501,45995,1,0
81049,2,2,1,29,3246,28117,1,10530,71141,0,24315,53417,1,6040,46598,1,5819,67502,3,3726,6803,4,0
127011,2,3,1,42,7451,4785,0,3157,20546,0,18217,59309,2,126,41782,0,300,47097,3,3613,43924,-1,0
25935,2,4,2,38,7308,70270,1,1328,35348,0,12495,42348,2,4546,18872,0,7449,42639,1,4625,77038,2,0
560863,2,3,3,47,3440,51380,0,2029,22293,5,4415,58810,5,8620,13298,1,5441,23551,4,8108,50327,1,1
368063,1,5,1,40,7939,55920,2,9389,65545,2,2657,93000,6,3940,28758,0,15028,60286,1,235,38670,1,0
105075,2,1,2,24,1512,59233,8,788,29950,0,1877,2432,3,13655,62708,4,12040,30800,-1,805,52362,1,1
22257,2,3,3,21,651,36705,3,4934,63100,6,75,41038,-1,11380,86884,1,18490,30707,1,48,22703,2,0
114014,2,3,2,38,2768,41691,0,65,69055,0,4995,13137,8,3771,51144,1,3033,-2722,0,1357,48350,1,0
7493,1,5,1,29,14379,69772,1,1409,48268,0,4027,71214,2,2586,47158,8,6129,25120,1,19005,39577,2,1
3113,2,1,2,25,3473,43591,-1,4475,45861,0,4969,44926,2,283,61339,0,16338,20160,2,2337,17125,1,0
29797,1,3,1,22,5042,51750,0,3047,40772,2,4289,26038,-1,5006,70261,0,10,-1537,2,4299,44913,1,0
62105,2,4,2,36,4892,57411,0,3401,33657,1,740,34792,1,1545,21555,4,7777,71177,1,23077,40879,1,0
202701,2,2,1,50,711,52858,0,5402,31252,-1,5943,66725,2,5519,98060,5,277,37504,2,4934,56147,1,0
129890,2,4,1,30,2473,37436,2,1336,37051,-1,2234,49045,0,8016,71758,0,34136,11486,0,938,42661,3,0
135753,1,1,1,40,6136,39322,1,1648,76487,1,3631,51578,-1,2627,12670,4,69,20723,6,8175,44127,4,1
55424,1,4,1,33,17875,55552,6,5767,19162,2,2275,69761,1,78,20030,1,4045,28383,3,4014,42972,-1,0
42454,1,5,2,22,919,55520,0,3864,44092,3,111,59087,1,10021,96338,-1,3679,28074,4,26863,42673,-1,0
46368,1,3,1,42,2641,63364,0,73,54226,1,10459,62480,-1,3981,60736,1,1817,56012,-1,7033,62787,0,0
439406,1,3,2,24,499,51021,0,5548,34312,2,805,37473,1,1890,28056,3,6590,34614,0,26309,54323,-1,0
4093,1,1,1,35,1387,51932,0,4839,48321,2,4363,-5077,0,5022,41583,0,1485,41972,-1,11072,21240,1,0
201764,2,5,1,31,2364,31075,8,409,9907,2,10733,42071,1,5610,55082,1,1717,34705,4,1005,37488,-1,1
86435,1,3,2,43,3889,28377,0,6882,66500,0,1250,26710,0,797,57774,0,994,63257,2,6893,11835,3,0
57734,2,1,3,24,1310,55612,6,3691,62622,0,2655,55771,8,5197,67365,3,6259,67552,-1,3446,69823,2,1
129192,1,3,1,38,1291,28516,0,1145,38031,2,2371,4593,-1,1689,44844,0,931,37324,1,694,26067,0,0
66683,1,3,1,26,7521,39585,0,4097,22403,3,467,56564,1,8138,45608,-1,11397,21075,1,4194,24787,0,0
206690,1,2,2,29,16435,67580,0,4525,55857,0,2754,43770,0,14194,32723,6,1697,37809,2,491,76509,0,0
230962,2,2,1,21,1954,64411,4,12636,17037,1,3264,47075,0,541,21420,4,3655,-22200,0,7177,28078,5,0
54769,1,1,2,55,5823,46035,-1,6776,19907,0,134,52375,0,12466,20498,1,3222,46271,0,2241,21002,4,0
32410,1,3,2,40,1492,34077,7,1797,38927,0,3348,39430,8,11688,37124,0,6059,12820,1,8275,53171,1,1
89734,2,3,1,27,13152,37532,1,628,70360,0,492,33340,-1,2099,46883,1,1333,35579,1,5732,39822,0,0
243455,2,3,1,23,5587,57353,0,9592,52811,0,11149,62699,1,146,10894,5,9120,49432,0,10533,22117,1,0
23656,2,4,1,30,8114,39270,2,9356,27060,1,5251,51863,2,5441,80926,2,6695,28594,2,1028,46733,1,0
97542,2,4,1,42,253,28834,0,963,6358,0,290,53776,3,2113,26087,0,2097,31231,0,5179,52543,1,0
99847,1,3,2,21,4562,64315,-1,320,40830,1,8773,38349,2,1063,22854,5,640,45159,3,9970,57263,-1,0
132093,2,1,2,33,3749,43632,3,6221,45028,-1,2243,42190,0,574,39434,4,3513,28837,3,1292,45080,1,0
14106,1,3,2,52,1733,28454,1,6411,38544,1,1278,39735,1,1090,-7398,1,19693,58487,8,7644,57745,5,1
125816,1,3,2,23,1521,49578,1,974,76127,-1,1464,5116,8,1355,47234,4,122,55458,0,1676,56934,1,0
239725,2,3,1,35,4337,59424,0,5516,37361,0,4553,12377,3,7943,20195,-1,9317,51347,6,8450,30740,2,0
19806,1,3,2,57,6129,19846,-1,1635,-5642,1,425,37536,1,7658,1559,1,6015,27393,2,3623,74151,8,0
27120,2,2,1,41,168,35990,0,1509,31857,2,302,2451,1,3410,42869,0,1011,51469,4,5485,53021,1,0
355417,1,5,2,36,4189,35066,1,1961,49092,3,4937,37797,0,4029,42843,3,3235,25141,-1,2307,67894,1,0
19964,2,2,1,40,934,49045,3,3673,47737,-1,20061,22114,1,12494,78905,8,4940,38254,0,8739,37229,0,0
192678,2,3,2,30,756,52640,1,8159,36466,1,3302,38480,0,11932,43592,6,5964,-12715,-1,657,56936,0,0
67782,2,1,2,47,4879,28970,3,3452,33155,0,2666,43400,0,8820,43443,1,12714,63143,0,1074,45447,1,0
28399,2,5,1,31,1861,10144,0,1769,7,2,14706,2835,1,2344,40826,1,10320,74537,4,470,59400,2,0
204600,2,2,1,21,2906,60635,-1,10769,41715,0,1378,46501,-1,2282,-11568,5,1990,44496,1,14937,31621,1,0
58933,2,1,2,31,2231,17601,0,283,33227,2,1375,31009,0,10941,41536,2,639,8367,2,3139,28882,-1,0
72322,1,2,1,25,5225,45423,3,7975,44984,2,11775,-6456,0,13053,39030,-1,550,35646,1,3245,64652,1,0
44508,1,2,2,32,3175,37360,3,7671,49825,3,5205,30782,8,8008,37105,0,17327,41421,1,1794,44859,1,1
89882,1,2,3,32,16546,43248,0,1462,64821,8,276,47593,3,7076,23323,7,15597,40320,2,3171,59651,-1,1
17855,2,3,1,46,2172,73024,-1,1105,20888,5,5603,31886,1,4084,51300,0,8560,90820,1,1340,11772,0,0
49607,1,3,1,41,6740,100765,2,10385,14120,1,8574,30666,0,2064,20467,0,19677,35108,-1,15145,23885,0,0
348715,2,1,2,37,1487,7331,4,4092,28520,4,1600,43077,1,1376,54107,2,1602,28453,3,1528,29542,1,1
29858,1,2,1,34,3554,59678,3,235,25288,0,2413,30415,2,756,47763,4,8730,43259,0,12981,65959,0,0
106925,1,4,1,24,4021,36875,0,11074,23491,-1,1101,34656,-1,6513,68047,0,3488,37144,2,3348,65195,0,0
39332,2,3,3,21,1995,60957,1,2146,68898,1,5016,13470,8,7502,30719,0,8027,25010,2,2873,41751,0,0
148489,1,4,2,36,3191,59145,3,2093,42968,8,5456,29634,2,2220,66743,4,4718,4765,0,8143,49619,0,1
14026,1,3,1,42,1637,68194,0,5154,79447,2,354,77681,8,30,44246,-1,9360,54647,0,3412,43365,2,0
350061,1,2,1,33,30,45699,1,5413,39938,0,5661,43568,1,13951,38495,5,2532,22715,1,1552,20052,0,0
60475,2,1,2,29,1214,22208,0,2179,16562,2,5371,45382,2,2873,22937,-1,22613,19871,0,2855,41192,3,0
26925,1,2,2,39,6020,58552,0,773,23836,-1,178,27146,1,18363,47911,-1,1237,23778,0,2895,21933,5,0
7633,2,4,2,34,7369,42359,7,4017,60489,1,4052,32106,-1,5656,30478,4,5583,10761,0,1748,32379,0,1
18603,1,6,1,51,1643,35323,5,4906,17322,0,4758,35430,3,662,39442,0,8112,53120,0,2727,35509,2,0
73349,1,3,3,47,2621,30475,1,9838,51157,-1,2811,57483,1,1979,55548,0,4406,50449,0,639,73015,0,0
41098,1,1,2,44,190,60126,0,3312,32864,0,11579,63976,1,5350,39385,3,1714,43799,-1,14080,43156,1,0
176540,1,2,2,42,1352,72067,2,5188,21403,2,1990,30912,0,5238,46344,1,4119,54195,4,5108,31853,0,0
56367,2,2,2,22,7552,16092,0,279,67730,1,347,39531,1,1319,70272,0,3513,48632,3,1073,52274,2,0
28596,1,3,1,41,4656,52439,0,11246,28228,-1,5571,35299,2,973,51256,2,1054,51755,1,7789,26785,0,0
96009,2,1,3,38,1151,32552,0,1981,23448,1,4647,55247,2,1620,26417,3,7202,76488,0,1548,93149,0,0
122682,2,5,1,41,1488,10654,1,5001,38422,3,22575,49371,3,7729,31890,4,1554,59635,2,4534,48602,0,0
18277,1,2,1,39,8485,42954,-1,12387,29835,7,1315,38200,8,1384,42814,0,8922,43514,0,12291,-9449,3,1
18346,1,5,2,39,1172,23337,1,8317,84299,4,2516,60192,0,6049,82431,1,1206,21325,0,7246,23916,0,0
3736,2,4,2,62,2033,8444,-1,5076,61207,-1,3091,50362,0,10201,13306,2,3488,8081,0,650,76025,7,0
133333,2,4,2,34,5458,24365,4,6080,28186,0,9884,24577,1,2484,43803,0,5940,4811,2,3946,42962,0,0
109006,1,3,2,44,4117,19444,5,12685,30493,0,2677,40164,0,35,67288,2,27400,58926,3,6149,30540,1,0
64365,1,3,1,30,3088,27066,2,8359,-388,1,7395,36469,3,765,52292,-1,1580,28841,1,1128,48112,3,0
185899,1,3,3,42,11499,13482,1,4706,42748,2,853,20242,1,1869,37357,0,5047,41585,0,529,8211,0,0
163819,1,3,1,44,1240,32097,0,5375,25058,0,2636,35493,0,1053,5607,0,832,20939,0,800,20565,0,0
88033,1,3,2,38,6762,25735,2,796,41760,5,841,62781,4,1709,70228,1,8564,84110,3,16513,11852,1,1
202701,2,6,1,51,866,47512,6,3175,674,3,14946,61898,2,3926,30535,0,9882,4082,1,9323,32643,3,1
23047,1,4,2,26,4782,51870,0,1790,39464,1,978,58264,-1,106,20940,3,10944,42772,1,9757,72185,3,0
11869,1,4,1,30,10225,45202,1,2827,73973,1,2715,55582,0,332,45018,0,14550,32827,2,1413,51949,4,0
31436,2,4,2,37,3061,35291,0,5427,41082,1,429,44159,4,9680,68542,3,2197,40366,0,4084,49576,0,0
5878,1,2,2,43,6442,34751,0,807,24506,1,12715,27972,0,3694,48097,-1,5489,33587,-1,3342,26801,-1,0
75751,1,1,1,36,8584,23258,1,87,39590,4,4888,51275,8,13707,32707,1,1897,22171,6,8988,55594,2,1
275838,2,3,2,47,731,23740,7,2528,38715,0,16411,7073,1,16,44960,2,8143,17638,2,2738,24477,0,0
4013,1,3,2,28,6117,54072,0,1944,83836,2,215,26562,0,0,42369,0,2685,80968,7,3859,35911,0,1
13023,2,4,2,23,12618,4805,1,2727,33343,0,961,62095,1,6727,30637,3,4047,34042,4,4350,55092,3,0
60184,1,3,3,38,4294,38385,7,13384,15934,1,2390,30158,0,3233,41345,7,713,46844,0,2320,38377,2,1
271620,1,3,1,34,1029,33529,1,6139,40429,2,4855,52799,3,12255,23514,0,9502,8120,0,172,58293,4,0
38002,1,3,1,40,678,51982,4,1983,43910,-1,1998,32738,2,7722,20220,-1,3298,-2339,0,3418,35989,2,0
70772,2,1,1,34,1503,11499,-1,987,51245,0,6221,51003,7,3505,51050,1,5114,26467,3,3398,67158,0,0
4246,2,3,1,31,546,40249,7,4817,55115,-1,902,9198,2,3255,32110,5,5532,57461,2,208,48349,-1,1
16057,2,4,1,34,3601,46859,0,5358,79110,0,4589,65435,-1,8334,39486,2,1602,40566,0,3330,22363,-1,0
431475,2,2,2,35,361,1905,8,3304,28086,2,2537,17680,1,8140,24562,2,7923,29201,7,3578,29132,0,1
335580,1,3,1,31,1264,18513,0,1196,26269,8,3548,12763,1,1621,28660,3,8949,48596,3,722,35537,2,1
495,2,3,1,32,2898,38164,1,144,2917,0,4215,64361,5,5614,30330,5,3625,28993,4,777,59144,2,1
303264,2,2,1,30,3211,50282,0,1543,53233,0,308,39943,1,5152,28254,0,11634,67532,0,13785,76747,0,0
101920,2,2,2,43,4166,43649,1,3054,22253,1,12886,33875,1,9692,31802,1,877,68351,1,1055,10261,3,0
202433,1,6,2,36,6114,51209,0,7754,57835,0,7711,71352,0,10146,43948,4,2675,28454,8,1870,32275,6,1
60649,1,2,1,57,241,18412,7,9612,30167,-1,2921,54621,0,1561,67798,3,226,24465,0,1766,64525,0,0
72483,2,2,2,36,420,8224,0,2663,74519,1,3964,31009,1,10590,55218,0,2542,38534,1,5358,38885,0,0
67108,2,2,1,29,313,41690,2,7951,11329,4,165,37312,2,12922,33308,4,29109,48533,1,5135,36888,1,0
109920,1,3,3,61,2750,15412,0,25067,60458,4,3445,61478,1,580,27348,0,3110,34524,-1,12193,51490,0,0
15041,2,3,2,39,213,22693,3,6304,58076,0,2778,20728,1,4263,4419,1,2716,60919,0,2577,13068,2,0
3043,2,3,1,44,6853,58645,1,6520,50531,0,2345,68869,0,2867,26537,0,5820,45310,0,7572,52135,5,1
36806,2,1,2,40,1261,43781,8,12014,17654,1,8446,31132,2,2570,18031,4,249,61765,-1,2369,46126,1,1
121969,2,4,2,41,14001,28637,1,2063,50623,0,1004,22570,-1,6101,41090,-1,2182,17555,0,1372,43947,0,0
22546,1,2,1,40,3331,26039,0,56,42537,2,969,61738,1,693,73371,8,3807,28147,1,11094,61610,0,0
111911,1,2,2,23,2955,52418,0,21705,3394,1,3687,54692,-1,8572,32096,0,3308,50663,-1,3304,38621,2,0
350363,1,3,1,38,7582,44239,2,3371,71165,-1,5810,4468,1,134,10945,2,5142,41058,1,2475,40806,2,0
9860,2,2,1,21,6244,15708,2,7701,33087,0,113,37863,-1,4317,36080,0,747,36246,3,11802,43611,1,0
111657,2,4,1,33,4673,1043,3,8369,69624,5,3946,17896,6,1276,31183,1,2575,29617,0,14017,-956,3,1
58653,1,5,1,27,13678,77636,-1,2533,38646,1,1774,55966,1,5505,65221,-1,5020,41734,7,3002,60957,1,0
202603,1,2,1,38,2743,15550,1,3896,59646,3,7071,74392,2,3726,2304,4,1795,68564,1,99,51873,0,0
19498,1,4,3,38,8265,50553,6,3881,22809,1,3163,50754,4,41515,20167,1,4745,-182,1,165,50802,0,1
117968,2,4,1,39,2390,70213,0,1243,44288,2,8981,24806,0,9914,55219,2,15887,36960,1,4695,46808,1,0
182087,1,5,1,37,9111,42951,-1,625,42878,0,2528,57798,1,2052,8608,4,13323,37830,0,9553,67170,3,0
289343,2,2,2,28,1501,27991,2,3921,33527,2,8774,38992,4,3758,51475,-1,6464,18251,2,10406,44261,5,0
114963,2,3,2,32,1707,11479,0,639,22615,3,6302,38524,1,1912,26692,1,977,36880,0,11570,35714,-1,0
68751,1,2,3,44,5663,11199,2,2123,-21336,-1,8808,30294,0,6524,60525,0,7668,7211,5,8238,5315,5,0
96193,1,4,2,45,1195,47533,1,1029,23084,0,8367,42093,0,2744,39020,-1,2959,28316,4,10288,14599,0,0
203183,2,1,3,23,1301,69019,8,6136,54010,1,3331,38580,0,613,36806,2,15155,34630,2,9214,33905,2,1
84538,1,3,2,21,1821,32090,4,10278,12095,2,2295,-8083,2,5405,51976,0,4726,39896,3,9168,41997,1,0
3085,1,2,3,27,5680,28885,2,4312,16237,2,7243,40517,-1,55,40381,1,1227,77503,2,1983,28192,2,1
267290,2,2,2,45,11008,53949,0,2639,11302,2,2243,37247,1,1764,15277,0,1872,23676,1,2501,35404,1,0
116965,2,3,1,47,5613,26281,0,28483,44177,2,468,46936,1,11883,29583,0,1921,13508,0,1906,21910,0,0
112859,2,4,1,25,8795,45489,4,107,22131,1,9789,-134,3,494,7457,1,1616,59842,0,839,58884,-1,0
24293,2,3,2,38,3921,40836,1,1814,64406,1,2530,50240,1,3510,22713,1,7388,-49259,4,2017,34302,-1,0
107553,2,4,1,53,357,31810,3,1633,54692,-1,711,40572,5,7925,-2776,-1,2052,27618,2,11897,63576,0,0
50065,1,2,1,39,529,39689,1,2201,44002,0,5199,49902,1,11743,86764,1,1088,33486,4,17716,34756,2,0
105335,2,3,2,49,4041,75263,0,1310,46078,1,11026,7417,2,4103,39473,2,4532,21175,4,815,47242,2,0
11271,2,3,3,44,1986,52090,0,1534,24741,2,9865,15305,-1,831,50661,2,3125,38102,1,5423,49364,1,0
107249,2,1,1,25,1245,61850,0,1489,24746,3,4042,2500,0,14139,23295,3,112,27029,1,17049,43211,1,0
744172,1,3,2,33,3139,21626,3,3523,54220,2,460,42926,3,6916,50513,4,1636,5170,1,1157,17917,1,0
4941,2,3,2,35,5490,61918,2,2480,58267,1,5963,33098,1,2518,55475,2,194,52361,1,9164,33163,-1,1
377986,2,3,3,36,2430,52780,-1,5098,54045,0,4693,37120,6,1621,58724,1,7284,53136,6,1758,-1536,0,0
52240,2,4,3,44,8111,10008,2,3611,30588,1,1179,12150,3,244,38347,0,15082,20251,0,2640,72852,4,0
204603,1,3,2,39,6707,50795,4,1013,32173,-1,11540,15803,1,1062,60308,0,3467,29176,0,12399,-27208,2,0
152503,2,1,2,21,6638,29734,2,8304,21364,1,453,-9921,3,7518,27846,2,4084,77121,0,299,56839,-1,0
83705,2,2,1,21,21062,9083,1,3195,55365,-1,2334,13089,1,574,47483,6,9324,48969,3,2975,42170,0,0
134112,2,3,2,21,1749,42595,0,831,770,0,496,26999,0,692,40965,0,95,40004,4,3523,5268,0,0
210796,1,2,2,36,5174,50780,4,912,-4084,2,12148,28033,-1,1090,16496,-1,885,72349,3,11560,45210,0,0
51775,1,1,2,37,9671,43032,1,7971,-97,-1,180,38647,4,2515,3403,1,5311,7566,1,4264,17867,8,0
39605,1,3,2,37,4331,37817,4,6070,-2853,1,2773,55232,1,1047,34020,-1,6768,-658,4,14509,48648,1,0
110139,1,3,1,25,7791,33388,3,3531,67142,2,9894,26220,2,11732,34093,1,4920,43338,0,1912,38849,0,0
164945,2,2,2,41,2676,89331,3,1827,55736,3,1447,49775,0,1489,34607,-1,14004,56802,1,3402,44589,3,0
143668,2,4,1,42,4463,16348,8,3085,16028,-1,554,55565,3,12596,60999,6,2490,5786,0,114,32619,1,1
159856,1,3,1,22,286,57458,2,5059,37881,-1,679,63000,3,20979,67523,4,4049,14007,0,22451,66596,4,0
57196,1,2,1,21,21261,40308,-1,10571,69315,3,2595,49795,1,7028,53144,0,15663,55861,-1,1328,19683,1,0
170283,2,4,1,34,8047,22910,0,4058,50003,0,2798,41465,2,37,51744,0,11494,16954,0,13212,26511,4,0
12807,2,3,2,52,10155,39032,-1,1619,82287,4,6330,18399,1,1372,38401,7,156,34876,-1,2556,36574,4,1
78633,1,3,1,51,5925,12141,0,218,37714,0,1358,45450,1,1555,43531,3,2170,44197,0,902,37954,-1,0
577,1,3,1,40,1029,28090,-1,964,26896,1,6050,32474,4,3912,48591,6,6716,59097,1,2722,17366,3,1
39242,1,1,3,27,157,39061,1,5251,18377,0,34420,67529,7,862,42801,0,4,33871,0,1957,93,0,0
45643,1,3,1,43,9999,8977,-1,874,40472,1,9984,41825,0,401,51850,0,9938,49847,3,15163,47110,0,0
50446,2,2,1,30,2523,50127,1,3284,58721,4,5047,36800,0,970,40915,2,3486,15209,0,7373,46550,0,0
118897,1,5,1,27,1531,20724,4,6002,41982,2,14059,68318,0,1982,30095,7,452,51777,-1,1162,74056,5,1
49193,1,4,1,21,4123,10965,2,1842,32836,2,23613,30352,3,252,45229,0,2921,21824,0,3883,65036,1,0
59546,2,3,1,36,2731,18391,6,5529,65130,0,4223,39936,2,1086,35279,3,3392,12386,3,5542,41323,0,0
27121,2,2,1,28,5272,83519,0,4350,50577,5,1598,80187,-1,916,69046,0,2285,81303,2,4329,26495,-1,0
46721,2,2,2,35,3306,438,1,2889,37731,2,12324,45324,-1,7399,31452,0,3028,76599,1,12426,62567,0,0
25782,2,2,1,21,5973,48722,0,11377,24668,0,9295,62502,2,929,97194,1,11100,42962,1,599,23029,0,0
7601,2,3,1,36,9601,24967,1,5889,34911,-1,442,70075,0,7840,72793,1,1958,70942,2,206,57857,0,0
92494,1,2,2,21,1088,32997,1,2236,49454,-1,13773,28962,-1,3548,17347,-1,16210,33484,0,4732,11304,-1,0
110326,1,3,1,45,1998,52078,-1,8154,24393,-1,2280,58175,1,7091,65033,1,5808,37279,0,6838,79316,-1,0
96624,1,2,3,40,2870,51096,0,6699,15326,5,1943,33345,4,2992,37490,2,11317,36469,0,8289,18635,0,0
62267,2,6,1,32,16358,26386,2,7843,30396,0,2102,80798,0,11565,51310,3,1172,21732,0,1185,20200,1,0
47769,1,2,1,40,2273,12843,3,5121,39015,0,1928,68872,2,1618,71533,-1,3384,-6882,0,1054,1869,1,0
199021,2,5,2,25,2399,52442,1,2385,67265,1,3628,54865,5,7279,24499,4,4166,33814,5,9118,32053,0,1
73205,1,5,1,35,5298,51047,0,2142,16799,1,4334,60891,0,892,30732,0,445,66048,-1,2058,48719,-1,0
65235,1,3,1,42,2716,34300,1,5308,44534,0,2772,26088,2,10712,55068,2,3402,45516,1,5389,28044,2,0
2597,2,4,2,21,15102,48838,-1,701,34448,-1,2660,74350,5,144,32664,1,9864,56290,2,817,22226,2,1
41740,2,3,1,30,11243,31083,7,8571,35441,0,6683,21912,0,3057,-4496,4,268,47861,5,8072,11017,2,1
47835,1,3,2,34,3601,23459,4,2312,70787,1,15,48140,8,2734,59273,-1,5140,23068,7,16206,45596,5,1
50886,1,2,3,33,5175,40079,-1,4976,41624,0,14676,25720,0,4888,47388,0,22439,44964,-1,17815,53907,-1,0
86791,1,2,1,49,298,50380,0,3456,21728,5,6266,57207,0,2907,39533,0,3747,33353,0,3659,43271,0,0
76271,1,3,2,23,5949,46185,1,3662,57774,1,6142,74901,3,4445,42502,0,1807,18749,8,1367,53845,1,0
93625,1,3,2,28,6141,50183,0,6697,56304,1,2740,49030,1,9891,84766,0,4396,58391,0,759,15695,-1,0
144767,2,3,3,21,2225,24788,6,4926,19976,5,16875,46301,2,765,60253,-1,3898,13894,-1,1410,27341,-1,0
167657,2,2,2,50,1240,71637,3,1440,16141,1,1,37727,1,1399,22780,1,555,26819,6,4859,35992,0,0
126628,2,2,3,32,12330,33152,0,385,48210,1,397,42009,2,8118,42461,0,1205,84339,1,2862,65550,1,0
311279,2,1,1,30,2781,37621,-1,9170,39340,0,8149,33285,-1,1294,63719,-1,5534,54029,0,3244,65434,2,0
1840,1,1,2,34,5302,13626,3,10809,30588,2,6710,72666,0,11803,63297,-1,4489,44901,0,3214,55865,0,0
21787,1,2,1,41,169,36122,1,898,61125,0,1582,55879,2,3891,9950,5,2110,-3469,1,7885,55372,2,0
759,2,1,1,38,2672,50644,2,1851,28154,1,4516,33051,0,427,29974,0,19205,37641,0,8899,24219,0,1
104263,1,2,3,61,8498,55250,0,1658,48431,1,3796,41207,3,104,17321,0,5174,16709,5,70,42066,1,0
228308,2,4,1,39,2451,71238,0,13858,63492,1,3744,98317,7,7196,52793,1,1312,38440,0,12518,6664,2,0
27902,1,1,3,30,4621,50404,2,1145,33217,3,4526,45443,-1,9701,21857,0,3185,36192,-1,2458,55371,0,0
261776,1,3,1,29,1177,45538,1,910,3418,1,25364,69059,4,1371,71093,1,6216,22867,0,1377,35010,0,0
6215,1,2,2,31,2693,31074,0,1003,31938,0,21848,28468,0,1377,65906,0,5573,63449,1,27628,80834,1,0
272472,2,4,1,21,13130,26765,0,6544,43785,1,19999,49471,5,15406,35063,0,1413,59097,0,653,45221,0,0
43328,2,3,1,35,4178,59404,1,10947,60060,6,3977,27510,6,5338,14703,5,5218,17480,0,1936,24894,6,1
10694,2,2,1,42,11610,59021,2,2499,29576,2,1914,29293,1,917,24220,0,2023,71481,0,11881,34528,2,0
66528,2,3,2,28,11614,18459,0,731,74461,0,4106,55874,1,2976,49021,1,3057,17007,4,3227,27378,2,0
29675,1,2,1,26,14425,54461,2,4406,14023,7,4873,22088,3,12064,57043,2,5530,73284,2,13005,28369,2,1
33529,1,3,2,50,11287,53007,0,1178,43282,0,1865,16159,5,4853,39230,5,4349,35782,1,1382,39553,0,0
36714,1,2,1,21,16,17723,0,331,35216,8,5008,53704,0,2616,-11360,5,6236,31990,1,2616,20264,-1,0
162468,1,6,1,21,13591,50809,2,10867,66941,0,4864,30236,0,818,53600,0,2405,69780,-1,265,38834,2,0
77470,2,3,1,23,739,19009,2,10233,10527,8,11689,34399,1,6473,-408,6,6971,36716,4,3028,517,7,1
37296,1,2,1,21,203,-8585,0,18629,48512,-1,1356,3977,3,1617,-2382,0,78,61952,0,2,43212,2,0
94246,1,4,2,38,284,36797,0,3212,35115,2,5980,14614,0,4172,59965,4,1041,13977,0,1905,24809,0,0
125931,1,2,2,31,2145,45156,-1,1740,70582,2,2996,44413,2,4583,16280,-1,18101,40569,1,6278,13030,4,0
31831,2,4,1,32,4848,37698,3,7343,23428,2,695,35328,0,4053,45012,0,453,49490,0,6439,54481,1,0
53366,2,3,2,46,2573,97342,-1,995,48306,3,1900,58183,4,1415,41838,-1,5422,63927,2,2791,4620,2,0
12997,2,4,2,28,129,47577,0,1393,23236,1,294,22005,0,6159,23893,0,12429,54249,1,65,52496,1,0
19985,1,2,1,42,3235,42942,0,1476,43761,-1,1923,36678,8,4174,44122,4,9814,40898,1,702,49378,2,1
114293,2,4,1,50,2918,48591,1,15143,32612,0,357,40929,-1,2584,28993,0,12195,49472,7,1385,22161,7,0
20020,1,4,2,30,7070,31173,3,6543,32295,2,12981,35917,0,267,40951,0,20647,25445,2,82,34509,0,0
74478,1,2,1,42,1639,58589,0,717,251,2,536,51950,1,2011,32276,0,2210,52081,2,1223,45313,1,0
123459,1,2,1,32,1226,47220,1,487,48291,0,8500,18284,0,2172,29970,0,2003,49553,2,3707,44639,4,0
11303,2,2,1,44,1478,46303,-1,9251,18355,0,11829,50245,2,7831,26807,-1,644,24447,0,671,58276,4,0
83773,2,6,2,21,1810,27517,1,8104,17666,1,3152,62782,3,3602,22030,1,1125,42460,-1,10060,54639,3,0
29647,1,2,1,21,4571,8713,0,5558,8894,2,277,23533,2,13449,57050,8,5290,55423,1,309,60699,1,0
329486,1,3,1,31,3188,29972,0,1091,18879,4,4529,48013,8,6946,30941,1,2010,88876,1,7477,63003,6,1
66076,2,1,1,26,2054,45652,0,3272,50009,-1,1337,47147,1,3861,17368,3,2086,63710,0,2955,42279,0,0
163985,2,2,1,29,2344,31106,3,4615,49023,5,971,51775,8,924,31820,1,5191,44500,4,4744,34185,0,1
79901,2,3,1,32,2317,45834,2,13451,53274,5,4182,40029,0,1248,29443,-1,552,45692,1,3303,37576,0,0
4438,1,6,3,42,17950,35352,1,928,19460,-1,2203,68365,3,872,32118,1,287,37094,1,2794,33169,1,0
100280,1,3,1,30,1326,48611,0,3622,44295,1,6553,82205,-1,2924,54268,6,8118,42227,1,5702,68956,2,0
302420,1,4,2,26,8520,20463,0,858,27692,1,4473,52501,1,6410,27444,1,7799,55526,2,1288,24836,1,0
92032,2,3,1,31,6158,43857,1,2933,59094,1,8840,46278,1,7121,32408,1,2431,55031,-1,3335,62686,6,0
171030,2,1,2,27,27,27180,4,1116,48520,2,300,40275,4,505,52862,2,4495,38295,0,8234,30365,0,0
215594,2,2,2,25,24936,9234,7,9045,26869,1,1338,13729,2,3425,48878,4,1359,18013,5,842,62095,3,1
25887,1,3,1,21,7061,36696,2,1470,60811,0,4184,11451,1,3283,26258,1,2291,35719,-1,486,54540,3,0
23831,1,6,2,35,5735,70726,0,2698,50146,-1,10619,16920,4,2889,59320,1,185,23284,2,4626,39215,0,0
94412,2,4,1,29,2598,10828,2,2619,12259,0,8394,45314,4,1792,58188,-1,1598,15688,0,16563,45182,1,0
52937,1,2,2,44,4050,42387,0,10060,6569,2,5689,36145,-1,3229,56783,0,82,52169,1,2803,17807,3,0
183171,2,2,1,21,1460,55951,2,7089,13046,0,4267,70542,4,3634,46051,2,2758,46909,1,8426,51549,4,0
230281,1,2,3,29,180,86000,0,296,72983,3,4991,-10103,1,4577,36526,2,3666,21622,2,3176,58945,2,0
43606,2,5,2,53,9040,30141,0,347,19690,1,1201,40814,3,2368,18516,0,3419,33508,0,1337,66757,5,0
27032,1,4,3,25,11340,27359,-1,4005,77522,1,4521,48667,0,14511,12327,2,2082,46135,2,3318,33502,2,0
151651,1,4,2,32,886,16666,1,2790,18653,4,3403,57953,0,2068,38304,0,1159,45151,3,2915,84002,1,0
32131,2,2,1,22,7733,62810,2,1611,16522,0,2426,42866,2,11271,40284,0,3028,48785,0,1454,33647,2,0
172942,2,3,2,21,6757,22651,3,7866,57599,0,10934,47295,0,8078,34776,-1,10198,24755,3,2178,31000,2,0
55119,2,3,2,50,982,32588,3,688,58510,8,8842,43520,1,3129,37779,1,20440,47160,0,2488,36660,1,0
110126,2,2,3,36,2739,3021,8,18259,51116,1,399,48795,2,3428,67272,0,1875,39046,0,9805,36844,0,0
10041,2,3,1,36,2747,57679,-1,121,53522,0,21247,39614,2,10195,72547,3,18331,55437,0,1837,11324,2,0
97779,1,1,2,21,7134,63165,1,629,23967,0,1306,82323,2,3393,17881,3,2850,61496,0,12961,17372,3,0
60105,2,2,1,38,9090,56915,1,1864,56660,4,1212,51556,2,5687,45770,0,4750,100584,2,67,15564,7,1
88336,2,4,2,46,497,7893,3,3558,44799,1,14395,43947,0,8285,41039,0,8140,66192,0,687,44702,1,0
18393,2,4,1,46,4138,52143,0,1217,32694,0,2942,25237,-1,11923,53499,0,2226,42520,3,137,69928,3,0
133512,1,3,1,41,7172,6546,-1,6663,41892,4,8183,33154,4,1230,74670,1,1167,39244,-1,7298,26633,3,0
198629,2,3,3,23,7713,41160,0,2212,61212,1,1699,70202,3,18518,83759,0,1594,21281,0,665,37431,2,0
24429,2,2,1,38,800,44101,8,196,47837,8,10324,-9699,-1,16809,54392,0,9119,21776,5,4267,23844,0,1
10061,2,4,2,41,3727,46203,4,10507,-3156,0,8928,41135,3,1764,40801,0,13626,45431,0,7522,53204,2,0
2392,1,4,2,21,9744,50692,0,14400,57824,1,3664,39501,0,4756,32748,0,687,46051,1,3360,45344,8,1
102714,1,4,1,23,1917,39839,4,4819,56292,0,6104,50001,0,240,89735,1,5929,93527,3,515,58458,2,0
93418,2,4,1,43,2767,751,-1,8213,32418,1,16625,45304,1,918,24651,8,177,25445,-1,9083,19885,2,0
79119,1,2,2,43,8157,50702,0,645,42334,0,3007,70316,2,4383,56454,3,10395,23366,2,1154,39254,0,0
26389,2,2,1,21,467,41952,2,1565,42254,0,3408,41964,-1,5250,34715,3,9718,45001,-1,495,35323,2,0
49578,1,3,2,42,9812,21947,0,1966,410,0,6415,38717,3,3824,13227,1,7449,29924,1,7295,36594,-1,0
90257,2,2,3,35,1863,8612,0,16189,31966,0,2442,59035,6,6099,74310,0,8697,47785,2,141,59899,3,0
68670,1,4,1,42,7,70800,4,3589,32740,7,16250,70656,7,7872,5154,4,4636,30525,0,4808,28585,0,1
440513,2,2,1,28,1333,64626,2,37,36825,-1,206,53736,-1,922,-2975,0,796,34292,4,2726,31013,-1,0
14669,2,2,1,41,468,54119,8,2391,29483,1,2582,60230,5,5388,54002,1,12299,48591,1,2849,24169,0,1
118791,1,2,2,43,484,26474,0,38,53256,2,6256,35651,1,4134,33913,0,760,28661,0,8159,83151,1,0
51804,2,6,1,31,5901,-10339,0,1357,23817,2,2805,42508,2,625,48631,3,1275,32789,4,239,20943,-1,0
55896,2,2,1,35,1203,55293,0,3032,58201,3,1500,69714,6,1297,39857,1,2833,50572,3,6767,51887,-1,0
126442,2,3,2,28,13647,47333,4,1953,52314,3,2667,50534,2,2720,52012,4,3445,40931,2,6112,12601,1,1
117907,2,3,3,51,3632,32506,0,166,67208,7,10664,35159,1,9966,34086,1,506,27205,1,11005,49254,1,0
473938,1,1,1,33,3081,62496,0,618,74675,3,3959,40651,1,1223,58044,0,7170,30361,1,4303,17035,0,0
13741,2,3,1,25,2848,56959,0,4002,74809,3,2040,60743,2,1010,58620,8,738,60848,2,872,43037,-1,1
10993,1,4,3,27,5897,43521,3,5947,16287,1,5566,62524,6,6381,70978,1,5317,46206,0,238,46226,1,1
128858,1,3,2,36,3009,40701,0,2592,46883,2,4731,23157,4,18605,65280,0,3007,32770,1,2917,38503,5,0
86366,1,4,2,42,688,41019,-1,6574,25644,1,4109,47251,1,2964,37871,0,8328,57317,2,6368,54122,1,0
32042,1,2,2,21,10608,53598,1,891,105605,0,2480,39843,0,2154,53923,0,1752,48723,0,216,49302,1,0
8275,2,1,3,53,2796,22850,0,650,52281,0,374,38689,0,1464,48347,-1,9055,67097,0,1426,26340,1,0
8955,2,5,2,38,384,48519,0,9145,68326,0,4847,66606,0,255,48421,1,1453,57716,0,7365,49842,0,0
224611,1,2,2,39,3768,21588,0,2071,48707,0,2721,35249,0,982,13524,7,4270,63329,-1,1309,44542,3,0
21302,2,3,2,34,5211,66731,4,2830,-12708,1,2799,28488,2,490,55064,0,3328,33195,3,2399,59142,-1,0
39063,1,4,2,35,1611,50642,-1,14742,24328,0,1333,23700,3,3407,52174,5,2173,22222,3,6870,10964,-1,0
25703,2,2,1,33,8055,26235,-1,2759,26288,1,1434,36509,0,19128,76405,3,59,55436,3,2814,42245,-1,0
43849,2,4,1,45,5539,41611,0,17,32197,5,7743,25295,3,7741,63311,3,2536,55626,5,7377,41911,3,1
7195,2,2,2,34,5253,22924,7,13900,47191,1,3263,22704,2,4602,42991,2,629,37906,-1,1575,32563,0,0
73201,1,2,1,42,2730,70082,-1,71,50026,0,578,22200,1,3333,37964,1,1275,19131,6,15858,61184,2,0
7000,1,2,2,30,16339,72457,3,5427,-12546,0,234,23389,2,4800,19918,0,5828,46139,1,492,25790,-1,0
161122,2,4,1,36,1602,53924,4,1949,35261,4,1272,24783,3,2358,76354,1,4234,47768,0,6960,54246,3,1
26619,1,2,2,26,4310,71133,0,3178,30282,6,3341,47981,1,982,18691,0,3744,12845,0,385,25516,0,0
77655,1,4,1,47,1848,43035,0,3962,67620,4,4801,800,1,4455,2620,0,4150,47485,1,9325,66521,0,0
212092,2,5,2,26,6828,55270,2,2625,51844,0,775,25964,0,3754,57997,3,639,63012,2,733,48110,2,0
105233,1,3,2,31,244,64494,2,7444,36338,0,2844,37997,-1,14460,41739,1,899,13722,-1,4415,8854,-1,0
76133,2,3,1,31,234,39885,3,13347,44473,8,376,62972,6,5246,45288,2,3913,50583,8,2029,62735,1,1
39205,2,3,2,31,8326,41422,3,451,6259,0,192,35081,0,7423,43731,1,2611,66206,5,4640,51244,0,0
40496,2,2,1,42,2848,58673,0,8053,53227,0,9951,36933,2,486,18839,1,3110,67457,4,245,41826,2,0
110710,1,3,1,31,2086,52929,2,688,32089,0,5369,38241,6,7155,47377,2,10566,2511,1,10657,27204,2,0
513949,2,3,1,48,4676,24890,0,418,23852,7,7595,3526,3,20328,33544,0,1023,61752,4,6262,22920,4,1
108423,2,6,1,26,6051,-3736,1,15598,66284,1,1003,53181,0,5357,30744,3,12078,33728,0,2120,50108,2,0
81595,1,5,3,36,1123,36489,2,3359,45471,6,1944,52348,3,6775,68460,1,9741,31407,5,3179,9173,1,1
131174,1,4,1,27,1025,-1938,0,827,26691,0,2933,56289,2,19441,55821,2,11603,90247,4,4920,26467,0,0
62587,1,4,2,39,15868,20179,-1,4219,27912,3,5365,90116,0,2481,-6018,0,5127,44398,1,4809,53956,1,0
6202,1,3,1,34,4453,22514,0,1527,47318,-1,3826,14029,2,8691,44326,2,9973,32343,2,5104,11867,0,0
82621,2,3,2,33,2472,28627,1,3120,45763,0,4008,10239,3,2551,61321,-1,23659,55984,0,841,12775,0,0
316120,1,4,1,46,8083,56408,4,4899,40588,2,853,54117,0,2774,15080,5,3187,73713,6,7879,50426,-1,0
19273,1,2,2,28,3723,60753,1,10173,15932,1,3219,33250,4,5368,22726,3,9895,43466,-1,3078,34672,1,0
117119,1,6,2,40,1383,50174,2,15,18890,2,8680,20287,-1,1481,60005,2,11701,29326,4,8053,73295,1,0
22431,1,3,2,27,1157,52650,0,1204,25033,8,3561,34348,1,24655,30920,0,1853,41824,0,13190,33896,2,0
76749,2,3,1,36,2528,53122,0,506,36077,-1,1114,27633,0,1996,435,3,2923,61817,3,545,8979,4,0
10167,1,4,2,23,9826,-9936,0,510,39173,0,2667,74495,2,655,63994,3,4262,33782,-1,2200,62665,5,0
59851,2,6,1,28,317,40203,0,14573,36800,2,7028,85236,0,1947,36513,1,2147,61836,0,3785,13406,0,0
141125,1,2,1,34,1232,4070,1,13750,37715,4,725,7288,0,9688,47474,0,1944,37191,0,724,19801,2,0
42705,2,4,1,53,11181,50182,4,6917,77624,3,4343,10469,0,1883,39014,0,2395,2907,8,1499,33284,1,1
109336,2,3,1,36,649,-1862,1,5150,56985,1,16807,24812,3,4725,62419,1,2757,70398,0,252,43252,3,0
158694,1,2,1,51,4966,36391,1,9418,63764,2,2392,26209,0,13691,18020,3,1453,46705,0,5718,47618,2,0
261973,2,4,2,37,1200,50955,-1,300,49285,0,223,24494,2,1505,53282,2,3205,61079,0,3429,59212,0,0
26741,1,3,1,31,4655,17644,-1,636,41448,-1,5013,36115,2,704,66374,1,7542,46046,8,158,-11509,0,0
50968,2,3,1,50,2415,59234,-1,1907,48199,1,241,31063,0,509,13012,0,4897,40743,2,1809,21171,0,0
16536,2,2,1,39,536,50132,2,8933,44516,3,1063,12927,1,2902,25209,0,2388,54737,0,2622,61166,0,0
489065,2,3,2,28,4367,47616,1,3195,56159,1,248,19463,1,550,72892,-1,849,36920,5,2097,22109,0,0
261730,1,3,2,39,5744,53960,0,3501,20497,1,935,70926,1,3023,61623,0,8687,76267,2,92,38979,0,0
77643,2,3,1,32,5701,32815,1,1302,54494,1,9652,32851,6,9928,23613,-1,3580,39391,2,1696,66942,2,0
184537,1,2,2,21,5067,43038,1,5226,43341,1,6637,31827,-1,7513,15709,2,17743,76374,1,423,36577,2,0
73596,2,6,2,44,3467,40201,-1,10939,3858,4,2091,9591,3,4357,45653,1,1456,52092,1,29,34758,0,0
97706,2,3,1,45,3664,39749,2,1998,41714,1,11371,30735,4,9499,46592,8,964,-7623,2,2178,36798,0,1
9334,2,4,2,53,5048,26559,3,4827,13875,-1,5470,59218,0,528,38817,3,40,20202,-1,2442,65757,1,0
140760,2,3,2,39,5860,15149,0,2016,29300,3,2968,51911,2,4700,86666,0,431,56993,1,12294,7945,3,0
13663,2,2,2,32,5319,33262,2,7868,36816,2,353,56221,2,614,52935,2,2433,21630,8,686,75749,3,1
174908,2,3,1,43,4420,32161,0,3221,9857,2,6560,15928,1,3290,23191,-1,1104,12872,2,6026,35473,0,0
152338,1,3,1,43,847,25265,3,2073,38925,5,2354,15607,1,3113,61153,8,193,65682,0,1529,33176,1,1
123355,1,3,1,51,1182,57041,5,2724,41369,0,1803,62668,0,1540,41163,2,1276,8235,0,3441,23772,2,0
3683,1,3,2,34,1507,16555,1,478,55101,1,1700,56525,2,8855,26465,0,6523,55559,0,2817,17300,0,0
36115,2,3,2,33,12607,36569,0,10053,30924,2,38,34830,0,1295,58020,1,6653,32734,1,3308,-6773,-1,0
30532,1,2,1,27,7122,63326,0,15858,45489,0,6786,57060,1,4013,69511,6,810,54046,2,7190,64352,1,0
44650,2,3,1,40,4024,58182,0,3244,38091,3,785,15940,4,3291,44316,3,13782,45331,8,93,-4317,8,1
9172,1,2,2,21,1452,64325,-1,1250,31634,2,3676,15110,-1,2825,20454,0,866,-1463,1,1996,38971,0,0
276395,1,2,2,42,587,28184,2,5462,6588,2,81,7650,1,170,42262,0,467,33701,0,2079,31156,0,0
80699,2,5,2,40,11451,55685,-1,3010,37767,3,4942,47229,1,5965,20876,4,889,35116,0,497,45855,3,0
36459,2,3,2,40,11159,18740,0,1453,54890,0,2306,44334,0,63,44530,5,757,48181,3,53,83,5,0
50580,1,3,2,36,586,34482,2,195,21325,2,4981,29551,1,8589,55089,5,4994,46370,1,6347,23483,3,0
59276,1,3,1,50,7978,36364,2,11022,35644,3,470,24392,-1,1548,467,6,849,35096,2,10716,49494,1,0
91777,1,5,1,43,2958,28483,-1,7966,38590,3,1548,88290,1,639,54310,1,5030,17317,0,1862,43688,4,0
72500,1,3,1,28,1957,32763,2,8830,62048,1,584,34817,1,2698,32524,4,1618,49622,0,5292,26728,1,0
251815,2,4,2,29,6718,30132,6,2897,40602,1,5193,67761,1,4097,28754,0,1427,57423,7,26636,42065,0,1
68709,1,2,1,26,4763,20352,-1,6997,45761,-1,574,37073,0,1857,13453,3,11377,46616,0,897,74455,6,0
484826,2,6,1,40,7571,57128,1,4352,39826,4,4799,29985,0,649,18529,0,1206,35610,0,1619,61781,2,0
190666,2,4,1,24,386,36350,2,2348,30153,1,723,68333,2,92,75292,2,9997,32591,1,8520,59437,0,0
23383,1,4,1,45,1917,44028,2,9249,17310,1,14354,55799,-1,6083,56986,1,1808,21645,1,16,50994,0,0
266779,2,2,2,48,1923,43275,0,33453,34298,0,2692,39517,0,10876,65893,4,23681,44968,-1,4490,43628,2,0
12371,1,2,1,26,2000,41094,0,11477,47867,2,676,62674,3,529,22853,-1,19797,43834,8,3250,26326,3,1
170072,2,2,1,33,3490,41856,3,7484,42461,-1,213,90406,0,1310,75973,6,8790,56724,0,6377,41112,8,1
47904,2,2,2,35,1663,33891,7,6881,69590,5,1998,25352,1,102,38667,1,10128,27541,-1,3764,79336,0,0
210352,1,4,1,43,2938,68367,3,5252,58917,4,11099,49434,2,10816,24223,1,8665,42384,0,3630,58390,3,0
202538,2,1,2,51,2292,55214,7,9607,64811,0,776,31815,0,2941,18439,3,4966,13678,0,6195,32833,0,0
163951,2,1,2,21,6645,40367,2,3397,-645,1,7823,21309,0,12964,19032,2,8278,33210,0,3992,-1911,2,0
156079,1,2,3,31,4625,31058,5,1002,71586,2,2701,20754,1,3156,25067,7,4948,28764,0,21398,55149,0,1
36338,2,2,2,32,5301,37623,2,7306,45336,3,8120,71846,0,9909,22122,1,9231,61152,1,5986,58725,1,0
8438,2,2,1,21,1182,48352,5,12597,48178,3,10368,3504,0,15157,58085,1,13709,74127,3,8221,29141,1,1
51580,1,4,2,30,1968,69998,0,2087,57920,8,30636,50157,0,2040,92023,8,6998,16472,2,2745,26641,4,1
19058,1,3,1,39,106,12539,3,7638,40426,0,353,23495,0,5118,35059,5,16717,58153,1,15853,1022,1,0
118728,2,1,1,32,573,53195,0,1599,18592,0,7955,75449,8,5489,35446,0,2973,53611,0,2975,65116,2,0
42480,2,3,1,21,1539,62534,-1,14288,68948,1,361,34538,0,108,2843,0,12977,29019,7,2124,31700,4,0
371359,2,3,1,63,338,10265,1,5751,24635,3,1890,32719,1,2883,21494,2,1282,24964,0,14011,45214,0,0
102435,1,2,2,37,4614,36376,0,4211,20285,0,5195,71390,1,9666,7582,6,159,24711,0,2366,18025,0,0
172867,2,3,1,36,31409,18709,-1,7567,35313,0,2964,57536,1,14620,56268,1,685,32452,0,2275,11044,0,0
14216,2,4,2,24,531,48610,8,8389,32279,3,4164,51084,1,11474,78668,2,873,32824,2,4063,69911,0,1
198060,2,4,1,37,8608,32832,2,11145,40076,3,16935,56116,2,18040,18379,-1,8698,36943,0,9467,32212,0,0
256080,2,4,1,33,632,37397,5,11569,38035,0,8536,18334,4,5292,35938,1,2562,29801,0,2003,24991,-1,0
66760,2,1,3,21,5542,31778,8,270,66942,4,2260,54834,0,1325,35030,0,1327,56119,0,8845,98047,0,0
93204,2,6,1,24,5152,54403,0,655,49186,0,4580,36018,0,4282,53667,0,8363,50175,1,889,59703,-1,0
144736,1,4,2,42,11650,44580,0,8745,22844,0,248,47218,8,2733,42106,0,1129,36535,4,947,25570,0,0
19217,1,5,1,54,604,44618,0,14598,25589,0,3015,49691,4,1496,82289,0,405,29211,0,2997,54741,0,0
69829,2,1,1,38,1894,43212,1,1838,32236,4,4687,17789,0,7409,25016,8,3138,28677,0,1527,7897,3,1
50859,2,5,1,46,475,51449,2,43,32315,2,6271,51876,4,4960,57991,0,359,48775,1,3311,33617,8,1
15826,1,4,2,33,2616,34760,1,1948,29705,0,11589,36272,2,7805,28095,1,1635,41123,0,62,23241,0,0
45812,1,4,1,34,12129,74015,0,2413,17965,0,1663,15201,1,1570,7962,-1,6025,43974,8,1619,48369,2,0
7060,1,1,1,45,7605,15304,0,7157,45808,2,11622,37068,4,11711,68532,3,2346,57167,4,14738,73134,0,0
2615,2,4,1,51,6416,5481,1,243,30887,1,5416,40400,2,1363,77468,2,457,38913,-1,10570,6119,3,0
14521,2,6,2,48,3807,3826,-1,1195,20963,8,404,51872,3,4605,48199,0,2579,67403,5,145,77142,0,0
329995,2,3,2,24,10748,-1591,4,11220,49709,3,2392,-7765,1,292,27397,-1,3598,-48,0,8156,54992,0,0
79746,2,3,2,34,2984,53463,-1,841,56956,0,3236,47762,3,3893,17229,0,1439,13697,0,2933,20015,1,0
337617,1,5,1,37,810,51027,0,7119,35087,2,2173,29762,0,519,51212,2,937,76201,0,8487,20396,8,0
56651,1,3,2,32,9088,64155,0,2241,75629,0,616,56197,2,2018,-2535,-1,7170,32045,-1,1643,25707,0,0
37369,1,3,2,38,1640,18867,3,5433,84310,7,4010,39962,1,9855,57434,-1,351,45925,3,3994,22672,0,0
70550,1,3,2,43,275,54909,0,383,49937,-1,706,33332,1,11199,31642,1,15717,65062,0,21387,23299,2,0
57894,2,5,2,45,673,41136,0,1688,30623,0,12327,36449,3,7289,31212,0,38,46864,0,1978,3716,4,0
11167,2,1,2,51,4695,43331,1,2765,45379,1,10021,46668,0,2291,18538,2,5266,58260,3,10801,36095,3,0
102394,1,3,1,31,4670,52512,5,9731,15511,-1,3223,58158,5,4322,11255,0,717,52312,-1,10487,54932,4,0
24339,1,3,2,21,1506,24874,5,4144,22562,0,350,22177,1,1267,38837,8,3960,59658,0,836,28516,-1,0
96650,1,4,3,38,6494,91744,0,231,6346,1,4017,33126,2,5671,43910,1,1037,49860,1,1395,45947,-1,0
105039,1,3,1,53,7428,66637,2,8094,27430,1,4485,69386,1,2133,38165,0,174,54622,0,684,62505,3,0
16490,1,5,1,30,12660,29365,-1,280,15349,1,10965,32777,2,1248,61894,-1,9822,28401,1,1698,10096,1,0
6331,2,5,3,41,4396,18185,0,13618,52481,4,349,47344,2,4397,41198,1,2757,50461,0,3710,26647,1,0
151759,2,1,1,41,7557,38241,1,1189,25016,1,5889,15316,4,592,54311,3,1609,39190,0,13160,9886,0,0
61581,1,3,2,36,6993,43645,0,3346,45532,6,4136,5709,4,5802,10626,1,14712,38258,0,2525,11970,0,0
5992,1,1,1,35,1490,61312,3,375,54958,0,960,19195,0,1035,31162,0,427,6416,0,22069,67227,6,1
527193,1,2,1,25,1856,16625,6,4124,63426,0,649,26202,2,4031,69670,1,2142,31567,0,2547,29912,2,0
5951,2,3,1,21,3255,45709,-1,3438,32931,2,5920,60798,3,2492,59433,0,976,37312,0,4446,49257,0,0
118755,2,5,1,23,96,9419,0,2640,46212,0,2076,62990,3,4176,46672,1,23662,71113,0,16728,43307,1,0
411529,2,4,1,31,1764,48727,1,181,46850,0,48580,1493,4,1411,32428,0,3948,34413,5,4601,54166,1,0
27335,1,2,1,45,3211,37849,1,10557,65441,5,11221,29175,3,1858,21275,2,8362,45657,6,2446,42952,1,1
15344,2,1,2,33,571,78733,5,8113,55671,1,4170,53955,2,755,29407,3,892,67506,8,3727,42136,7,1
12940,1,3,3,29,674,9079,4,5012,66066,0,5132,37892,2,7502,52749,4,1815,15246,1,3923,10344,1,0
36136,2,3,1,26,3110,67412,2,4245,6706,3,865,70091,3,363,343,2,4832,32340,0,554,40699,2,0
10652,2,2,2,41,6564,5923,0,5936,26714,-1,11221,53470,3,2361,75900,0,980,57592,2,2593,40473,0,0
117817,2,4,2,48,8971,13455,3,777,60636,1,3071,34646,0,2980,64776,1,3466,89386,6,3736,21163,0,0
6431,1,5,2,45,3951,6458,0,13488,51614,-1,3683,36426,3,1085,64318,2,13412,298,-1,7553,-1373,1,0
71217,1,3,2,41,3219,45007,7,1675,37499,0,10322,38864,6,2429,52291,0,13314,37654,-1,30,44897,5,1
571287,2,4,1,21,2424,16526,-1,5342,30519,-1,31,23080,0,2707,42159,2,2191,52564,2,8407,64485,8,0
168184,1,2,1,31,1071,13033,1,4666,55773,5,3409,58784,-1,1270,47555,2,3629,56821,-1,1574,4609,3,0
95508,1,4,1,54,792,44055,-1,5061,408,-1,4927,54848,-1,5097,32678,2,1105,84922,0,6283,36633,3,0
36564,1,3,1,46,7848,49035,1,10557,55843,1,867,49085,0,156,82355,0,19202,27096,0,7399,-4669,0,0
97788,1,2,2,21,3127,40796,2,1754,41813,0,353,44851,5,1100,37230,2,3668,35299,-1,9817,52997,5,0
74874,1,5,1,34,7810,36755,2,6910,30223,0,3827,19636,0,4891,30486,0,1155,7438,2,15168,63683,6,0
55527,1,3,2,38,6088,76578,3,4561,50048,1,3965,50083,2,4937,34690,0,9313,42562,0,11513,38046,0,0
14007,1,4,3,27,1077,42916,1,395,32279,1,2004,42582,4,1541,25535,3,2726,50222,0,5014,52494,1,0
217687,2,2,3,21,3569,56113,0,2673,40580,2,10695,80045,4,5745,56180,0,5054,81840,2,6463,41271,0,0
59744,1,1,3,35,2935,42858,4,9099,39075,5,1791,14134,1,3172,29618,1,9275,74079,2,6055,20589,2,1
21644,1,2,1,27,2757,18042,3,1894,54890,0,3633,25534,1,3745,37483,0,1849,70324,1,3647,37311,0,0
45848,2,3,2,27,3910,50997,0,3291,43183,-1,1033,8267,0,2021,66726,0,4312,26093,-1,7317,39453,2,0
53465,2,3,1,31,20109,26884,3,3353,1817,4,56,35639,0,20761,61416,3,288,48526,3,3016,37093,3,1
175757,2,2,2,33,8380,38180,8,4811,12158,8,2775,5182,0,6685,19523,3,1336,47783,3,8572,47427,0,1
132281,2,3,2,34,11702,46108,2,10771,18316,1,3742,63710,0,1427,63615,3,746,49342,0,6808,42651,0,0
146665,1,3,2,26,150,1171,0,953,49130,1,7234,61844,1,1349,11671,4,5166,39148,8,3364,36116,0,0
1109,2,4,1,32,756,7809,2,3512,51137,0,2978,36807,0,7439,9976,1,1469,62618,0,3609,27173,3,0
53811,2,3,2,21,442,58189,0,2760,73407,1,1633,19725,1,2455,33468,3,7135,32881,1,5123,49993,-1,0
65651,1,5,1,38,1527,26725,2,1754,19711,0,4634,9517,4,479,45858,0,7159,46588,1,2025,48604,4,0
1937,1,3,1,21,2916,27673,1,12604,66185,8,2399,25922,2,181,35507,-1,7668,69064,2,4060,43539,1,1
30085,1,3,2,32,5136,43328,5,41,1242,0,1329,52507,2,2671,48778,2,711,83071,1,11509,23410,0,0
142832,2,2,1,44,3474,32286,2,651,40355,0,12059,24258,3,2678,32466,0,3733,23425,1,1862,17376,0,0
14746,1,2,3,24,11674,48351,0,6608,44904,2,3846,78171,-1,6135,-1186,1,5683,51012,3,5846,53514,0,0
76638,2,1,1,42,14055,38977,2,1528,44831,0,1118,69813,3,4275,36187,0,1948,49087,5,203,22162,0,0
24232,1,3,2,46,892,43972,0,6421,33808,1,5557,40016,0,7350,9588,0,1505,64397,3,685,33248,-1,0
1219,1,2,1,21,9583,25962,0,8926,42357,8,8124,30762,0,1911,40062,4,6328,72671,2,10814,8888,3,1
27601,2,2,2,33,3286,43871,0,1469,15295,1,7105,28616,0,4894,14942,2,2163,33330,-1,11681,48861,0,0
372445,1,4,2,21,3019,62101,-1,1065,57303,5,4575,71967,0,10844,50346,0,1430,38488,0,4205,15206,-1,0
161715,1,2,3,33,7684,28645,7,785,44995,-1,3665,26866,0,359,67093,2,4138,41464,0,4543,14173,3,0
320834,1,2,1,34,488,58306,1,1116,47244,0,7510,58687,7,6162,5419,3,4843,49573,4,2635,20215,1,1
66914,1,2,3,21,10706,38968,3,1554,34419,6,6157,40435,2,6291,-837,0,7498,56537,2,4540,48580,-1,0
11623,1,4,1,54,5556,54689,0,10153,33440,0,4237,54271,1,7900,33992,2,208,32493,-1,10426,35676,0,0
79398,2,2,1,37,10407,42575,2,7348,50494,2,5360,23592,3,1567,62587,1,958,77140,2,839,27325,0,0
60582,2,3,1,26,25994,39331,1,9,71799,1,923,33341,3,2693,43119,2,7508,3415,0,3471,73052,6,0
186019,1,3,2,49,3649,46994,1,10362,12127,1,100,39516,0,1370,31466,6,3795,16115,1,10441,50443,1,0
10323,2,3,1,21,489,64271,8,410,11118,2,13378,27372,2,1845,18484,-1,8201,52153,1,368,168,2,1
66990,2,3,2,22,910,44721,1,5324,45324,2,13688,64984,6,17290,54469,2,2975,36714,0,1123,22532,3,0
16257,2,4,2,21,1954,49570,2,821,33355,6,7755,24713,1,2949,70747,-1,3075,28679,0,3595,440,1,0
39256,1,1,1,53,546,32630,-1,321,42482,0,2328,28459,2,9437,2612,3,2370,59189,1,4804,30439,0,0
133695,1,2,3,38,8446,71417,0,7130,39524,2,817,67174,4,7920,45876,4,5875,56251,2,6140,60726,6,1
64629,1,2,1,41,1761,52806,4,3148,52440,0,2210,63298,2,2939,90898,-1,4460,64983,4,1022,44975,1,0
47142,2,2,2,38,18624,41554,3,4569,34276,2,6477,71759,8,24254,27887,-1,2493,19287,2,4554,35327,0,0
50166,2,2,1,40,6063,37546,1,2769,15835,0,2041,1834,0,9187,36185,7,1038,56252,2,2103,30563,3,0
61516,1,2,2,35,952,59558,5,347,24202,1,7946,44014,3,3295,39307,5,11,56042,2,1901,46399,4,1
153719,1,3,1,37,3231,27875,1,6728,36790,0,5589,41805,2,1853,31830,5,478,19850,-1,324,6116,2,0
222640,2,3,1,36,3145,4342,1,8583,14900,0,4970,28765,0,391,61941,6,570,40786,0,661,37591,1,0
310855,2,2,1,28,3391,41447,0,211,39262,2,13313,46489,4,3125,76030,1,4212,59376,1,8021,43372,8,1
154600,1,4,1,34,3836,63800,2,2355,41215,0,11194,33571,8,2231,5908,8,7118,66843,1,3051,14521,0,1
37893,2,2,1,37,158,71826,0,4074,32843,2,6218,43239,-1,6213,21312,4,3052,37063,3,6912,22245,0,0
116518,2,2,1,36,5796,37854,0,4646,44184,1,1111,108037,5,99,64923,-1,2674,18024,1,8507,79346,0,0
57554,2,3,1,21,3339,40871,7,4315,7714,-1,13978,46342,0,8902,52006,3,708,70644,3,7884,50554,0,0
29392,2,1,2,21,7826,50390,0,5903,20936,0,1288,47182,0,2694,48734,2,11563,40795,5,19874,5905,1,0
183804,2,1,2,45,8446,34713,0,17028,17146,4,2330,56424,-1,3171,53930,0,6643,2220,2,1500,24994,1,0
3918,2,3,2,31,1310,50328,-1,2476,57597,8,8765,43612,5,1009,41922,2,2697,35207,0,377,39419,0,1
232036,2,5,2,40,248,38291,0,4066,86123,0,1170,18039,3,13861,49623,1,510,62656,0,3697,86165,-1,0
61892,1,4,2,24,6074,60227,0,6004,22383,-1,5088,7065,-1,2540,33491,4,9356,15613,3,16527,57800,1,0
101390,1,1,2,21,19029,54459,-1,4487,35295,0,3060,39414,2,9248,35439,3,929,42344,1,1129,61799,1,0
107691,2,4,1,26,2958,56204,1,2444,26131,3,4891,34617,0,1355,38095,6,5594,33454,1,3925,47957,4,1
225491,2,4,2,32,1502,35893,1,4891,44424,2,15856,727,3,508,31852,-1,2074,39250,7,2634,20309,0,0
101244,2,3,1,28,851,78518,3,5250,27831,0,8260,72587,1,5049,49376,2,9814,31275,0,4886,71900,0,0
95174,1,4,2,47,1694,49678,8,4397,45655,0,1753,42140,-1,20807,45952,0,4420,50063,-1,2865,57088,0,0
6897,1,3,2,36,1986,44945,2,1147,53300,3,294,68788,3,5205,2676,3,1289,35547,0,22323,65507,0,1
73065,2,2,1,53,2757,24781,0,3525,15523,1,17062,-4637,1,4691,35934,2,63,53137,0,7554,74018,0,0
16271,1,3,2,39,5326,38058,-1,10786,45430,3,4399,69169,3,2919,40414,1,1193,32647,1,7413,71113,3,0
133725,2,3,1,21,1595,42287,3,10147,4118,0,950,30295,2,1668,70602,-1,2273,62371,-1,2285,39676,0,0
71789,2,3,1,45,261,24246,2,6947,34869,2,4932,65183,1,2817,34265,2,6161,40259,8,7245,45464,5,1
114014,2,3,1,21,2336,34153,0,5973,33526,1,215,44297,2,806,41928,1,1217,15853,-1,3688,43857,2,0
4256,2,5,2,37,9676,36683,0,831,35417,1,1038,49065,-1,1518,38464,0,1515,22878,0,9734,58570,-1,0
8860,2,5,2,27,3449,41118,3,3075,33758,1,5006,49090,0,3341,66443,8,2855,16841,2,7620,46639,0,1
125992,2,4,2,56,16731,4745,1,588,30101,1,2574,31497,3,782,16103,2,219,17979,8,5545,42902,-1,0
7481,2,4,1,49,3502,37294,1,8499,34684,1,1965,27069,3,7839,24301,1,7313,13735,1,1379,37887,0,0
7392,1,5,2,27,1614,32453,0,1719,44762,0,5328,32776,4,58,22961,4,410,18279,0,4263,37027,2,0
1218,2,1,2,33,1074,39582,2,7280,45325,8,10064,10561,2,1940,40280,0,6678,39890,0,11178,46020,0,1
313502,1,2,1,37,5929,60705,3,8425,42303,5,5675,30385,6,3635,10123,2,1559,54769,5,4890,65969,0,1
133753,2,3,2,43,3843,81047,4,11151,28528,1,3112,26064,1,13221,69303,4,3080,12947,-1,8913,20959,2,0
43579,2,4,1,35,4631,53567,2,7008,61606,-1,5377,10081,1,4260,48310,0,2641,23908,-1,3814,41455,2,0
35173,1,3,1,24,7035,15311,1,4158,70507,0,5947,49173,0,1747,51707,0,1460,56061,-1,9254,46904,4,0
43032,1,4,1,27,6471,33091,2,4558,14231,4,7459,40154,3,2170,82046,-1,1476,36841,1,4380,73123,0,0
149011,2,2,2,34,221,51919,1,1932,43285,6,1833,44920,2,2071,33119,8,14884,5779,6,9527,31355,0,1
108284,1,2,1,47,8111,49665,0,973,30637,0,607,53949,1,994,57119,1,1822,40755,1,3201,24404,-1,0
20480,2,4,1,39,3803,59746,4,699,58511,2,5726,35242,-1,782,51645,1,1011,47240,0,5490,70195,0,0
19129,2,2,1,27,2485,38052,1,1004,39748,2,645,21225,0,3275,70788,0,1441,46285,0,295,50192,3,0
10357,1,2,1,41,3855,32729,1,13586,41063,0,3099,46078,0,1575,53824,1,5940,84919,1,2879,31546,0,0
107970,1,2,1,31,4739,75048,8,898,49899,1,1311,-18443,0,481,29816,3,1847,24936,1,750,61111,0,0
144550,1,2,1,43,809,41173,8,6432,34049,2,2017,37838,0,1219,48480,5,941,62002,-1,1308,2468,3,1
30794,1,4,2,60,2701,19666,1,1020,73549,0,3180,55303,4,3677,27063,0,2676,39511,-1,3896,38929,0,0
2116,2,2,1,31,2044,69502,-1,18502,50194,0,11325,60938,4,1484,30657,0,625,49366,1,3889,45882,0,1
8574,1,3,2,43,2157,10078,0,2283,58632,-1,5703,29411,4,1357,39727,0,2543,26970,4,8031,51794,-1,0
343765,1,1,2,27,478,-29900,6,2656,35588,5,941,-4827,2,4846,36284,1,9910,26542,2,3222,23479,5,1
35018,1,4,1,33,870,55387,0,2591,37542,1,10578,-12665,1,5846,22122,1,2333,14982,0,14440,23141,4,0
146630,1,2,1,35,882,58214,8,8476,56232,1,3471,52761,4,1380,-5388,2,3609,10639,0,2039,70807,0,1
97993,1,3,2,33,2335,48280,-1,1231,54223,2,1142,32920,1,3194,45928,4,7782,53423,2,3071,40322,3,0
48116,2,4,1,59,11244,13950,1,8890,15026,8,3747,80345,-1,7231,47352,1,3628,29272,2,7357,43187,8,1
23027,2,2,1,31,1153,38822,1,5350,42552,0,1059,11777,1,5854,47274,1,242,90901,3,5351,25429,0,0
12941,1,4,1,40,2690,34436,0,1244,49476,0,2288,46846,1,359,78119,1,1209,30528,8,912,21654,2,0
95454,1,3,2,21,1866,29254,6,338,37393,0,8187,73247,1,2231,9276,4,11234,53454,0,3659,28649,0,0
149002,2,3,2,39,7741,68241,2,7458,47578,5,5373,44129,0,6423,71063,2,8102,41102,0,394,63910,1,0
103255,1,2,3,46,257,19066,0,1235,38240,1,3249,8161,3,988,89840,3,7149,3494,0,808,27556,0,0
75566,2,5,2,29,1094,46322,0,10994,-4935,3,1283,95452,2,1090,75275,2,3964,13080,1,552,35270,2,0
4285,2,4,1,21,1182,63880,2,695,13782,0,1657,71611,0,4973,33013,5,2179,9789,-1,499,72251,2,1
345741,1,2,1,34,24782,47628,0,4790,59499,1,19137,35455,1,1668,49060,3,5927,69378,0,791,82731,2,0
160302,2,2,1,35,4228,64822,4,5891,35112,0,2099,56379,3,1955,24575,0,5443,65970,3,11056,10667,5,1
34647,1,4,1,42,748,51274,0,5360,43793,1,4787,56593,-1,3699,26479,4,5146,78554,-1,5824,-2512,0,0
391054,1,3,1,55,1588,48586,0,1899,39926,0,3463,52835,0,6943,74466,1,3502,-4408,3,5627,25748,0,0
92100,2,4,1,31,918,47336,0,10418,23494,1,116,12365,1,3448,53981,3,1501,12613,0,11311,20439,0,0
87328,2,3,1,26,665,52268,0,7344,30658,3,14472,46483,3,11194,55199,5,2858,52095,0,5983,49542,1,0
137861,1,4,1,23,7977,32289,0,3568,46578,6,460,69214,3,563,17540,2,3588,24648,2,4693,39728,1,0
167008,2,2,1,36,3423,13962,8,4622,48619,0,5375,50090,0,7015,10534,2,1216,53885,3,6838,37414,0,0
106850,1,2,3,39,4987,59080,-1,4177,83768,2,8330,47943,1,3922,61094,0,1307,31092,0,5984,57546,8,0
13707,2,3,2,29,2011,63234,0,14658,30445,4,6906,29263,0,8482,48433,0,7847,29045,1,4591,-2557,3,0
41289,2,6,3,42,4033,45039,0,11336,73412,0,8283,21920,1,1901,34032,1,1926,3681,0,569,27638,-1,0
263225,1,2,1,39,1489,29032,2,1342,22791,1,6729,8549,1,3289,74728,-1,18186,28465,1,363,37670,1,0
25439,1,3,1,35,1841,8845,2,1524,49772,2,2949,55149,1,8674,51865,3,2867,47413,2,900,60642,4,0
46548,1,3,1,25,5281,41716,3,19933,43557,0,11330,35582,0,8912,22998,0,4692,20240,0,4855,38827,0,0
56576,2,3,1,30,814,13020,-1,1349,37482,-1,12177,13172,0,2357,1238,2,3505,41373,1,3689,48224,1,0
57875,1,4,1,21,4801,10220,2,15339,39886,0,2871,59528,0,8635,51964,3,3397,19064,1,3954,33488,3,0
94917,1,4,3,37,9560,39585,2,5245,27547,1,3315,28261,3,5734,30611,1,11036,24511,1,2435,39137,-1,0
286603,2,1,3,35,641,24724,1,257,58078,0,3324,22842,-1,2633,37223,3,488,25900,1,8655,34139,3,0
27534,2,6,1,36,11387,46906,0,2045,23147,0,1634,30075,0,17483,35565,2,2121,49292,0,6777,35399,0,0
12954,1,4,1,40,413,36814,3,3232,46350,2,610,36138,7,156,68617,0,1684,57164,-1,264,41510,1,0
21998,1,4,1,38,2145,27867,0,8951,55117,0,1518,49160,-1,2411,56855,3,1972,76762,-1,1117,68926,7,0
217970,1,3,1,33,4714,5901,0,1991,67684,-1,9292,22493,-1,1833,38074,2,12185,55585,8,3945,48284,1,0
103792,1,4,1,35,4098,22942,0,1859,59435,0,3915,60207,0,13725,37536,0,362,47275,-1,1061,35889,5,0
33674,2,2,1,21,506,23677,1,12645,51448,8,9492,49684,0,523,45761,3,1666,75497,0,760,50888,5,1
169253,2,2,1,29,8020,15493,0,411,27245,0,6835,29706,1,4944,66361,2,6690,45490,3,47,43643,1,0
197594,1,4,1,35,18088,33419,2,4009,24284,0,2143,36804,0,6304,41659,0,1363,52287,4,20359,51745,6,0
187414,1,2,1,27,999,17054,4,3508,17228,0,1024,31547,0,1017,28507,3,8952,59128,0,1315,32123,-1,0
251239,1,1,1,43,11275,36725,1,295,15314,0,4187,41317,8,812,15902,0,2001,43473,2,2744,49838,0,0
29067,2,4,1,28,4068,44808,1,459,39971,1,13733,70397,0,245,38287,1,600,38637,2,4930,50200,4,0
140666,1,4,3,37,13739,23476,3,2406,25451,7,9144,31341,2,865,16034,0,3661,36669,5,1413,11611,1,1
61718,1,2,1,36,968,48508,2,720,63984,2,7216,43789,4,8256,46828,2,3580,28543,4,8408,32297,2,1
184515,2,4,2,42,7851,12772,0,3251,28420,1,7223,26028,5,14408,49060,1,199,30077,1,4488,36577,-1,0
130375,2,3,2,44,308,17756,2,4693,41885,0,3751,50639,1,11584,63815,1,6327,61240,1,5772,33487,2,0
149810,1,3,3,41,10736,37735,2,5878,34707,-1,928,45528,8,2273,35811,-1,764,18064,3,834,19426,3,0
106758,1,4,2,21,5606,53740,0,3953,11922,-1,1681,66592,2,6470,60646,2,1200,42756,1,6411,-9433,2,0
19532,2,3,2,46,2312,57347,0,2387,61788,3,4312,23416,1,8773,72231,2,4133,39525,0,272,60563,7,1
78751,1,2,2,50,1056,72247,0,694,53909,1,1901,53811,2,8369,41474,0,11071,11497,7,1935,-3325,2,0
417792,1,2,1,30,8478,32468,8,1421,56210,-1,7606,65281,0,323,84703,0,104,56763,8,2815,79571,0,1
277079,2,3,1,37,4622,37449,-1,2718,51898,0,2335,31247,1,1209,68738,4,8650,13273,6,499,35271,0,0
4413,2,3,3,26,2234,19346,0,12892,24810,0,604,37460,1,13979,30411,1,7015,25095,0,4096,26653,2,0
18010,2,4,2,21,2933,14924,1,1131,25199,3,7628,43814,0,6733,98888,1,881,38288,0,2084,8997,-1,0
14125,1,4,3,27,8759,44571,4,2666,49039,1,5988,35268,3,8989,38645,6,2334,69799,1,726,6802,0,1
129455,2,3,2,29,2069,24482,0,6589,70858,3,1459,43546,0,3609,67991,3,11820,50415,3,1680,22166,1,0
170256,2,4,2,31,469,64647,3,6107,47719,2,19846,53468,3,2496,52570,-1,791,46218,0,4340,43813,2,0
24017,1,2,2,25,12111,10752,2,16847,59569,-1,2580,37720,0,5266,46067,4,590,67033,1,1276,68244,0,0
70492,1,1,2,27,2449,49727,2,1059,29482,7,5704,37564,0,3201,66176,0,6644,34714,0,3176,9016,5,0
183698,2,4,2,34,2141,19885,3,83,61957,0,12064,45333,3,2340,43016,0,3183,79964,2,5862,47181,6,0
131976,2,1,3,27,1143,23591,-1,1945,31610,0,847,32016,0,2137,38471,-1,1671,50071,2,4725,2983,1,0
78140,1,2,2,40,11385,50782,5,810,44803,3,10560,33005,3,859,39075,1,942,42670,1,7221,21882,2,1
89244,1,3,2,41,1226,26482,3,3975,32676,0,6085,22022,3,3768,17123,2,6404,4065,2,5887,50048,0,0
71000,2,3,2,58,5062,29684,6,11452,57783,1,916,39157,0,3668,61332,3,2894,59519,2,3311,19659,0,0
35317,2,4,1,46,10633,23756,3,5827,58055,4,5460,48954,-1,4467,26805,-1,1368,50749,5,3666,70871,0,0
83245,1,2,1,37,177,75700,4,729,10464,2,10380,34617,0,617,44202,0,14357,35549,1,1537,55096,1,0
116759,2,1,3,28,8824,27650,0,617,66505,0,8022,24529,3,12320,40402,2,4117,29900,0,13443,49912,5,0
206611,1,2,2,37,2643,41031,0,12120,87528,2,7148,38075,3,6775,52148,1,2178,80268,2,11610,28840,0,0
101140,2,3,1,38,5364,35961,0,3343,32893,3,879,47941,0,701,39738,-1,6358,24062,-1,8475,22669,0,0
143180,1,2,1,29,2329,44428,0,12863,37463,1,1057,42559,0,413,34632,6,3430,46976,1,806,30864,0,0
17443,1,3,2,42,5945,27705,2,6663,64788,1,3967,84590,-1,5148,48293,3,47,40693,7,7398,44998,0,0
61907,2,4,2,21,1467,35983,0,25064,41335,8,4339,26871,0,2088,46578,0,9182,53768,2,13122,44987,2,0
937,2,5,2,32,110,47879,-1,10248,39920,7,14378,36993,8,1921,18765,1,343,1552,8,12029,23622,1,1
28326,1,2,2,40,14762,22739,3,2673,77939,1,3161,55585,0,9162,37800,0,22712,53451,0,11772,25474,1,0
129631,2,3,1,32,82,61786,5,7098,12914,-1,1801,26106,-1,2116,65399,1,2151,71996,0,5603,9047,2,0
480483,2,3,1,32,8689,63709,3,3185,24220,2,1058,78564,3,5000,89145,1,3720,1955,-1,1439,85590,2,0
10444,2,5,1,33,926,52129,3,1326,48356,0,278,40092,2,3850,5849,0,38450,21032,0,4404,22047,1,0
51331,1,6,2,26,2489,41397,1,1378,7609,2,355,51222,1,1525,56554,2,1568,51305,0,1669,6310,-1,0
160979,2,2,1,46,8643,-19812,4,2531,32539,0,4268,40380,1,2014,42115,1,3105,37323,0,8067,-9753,4,0
22820,2,4,2,24,1152,48485,1,590,32356,2,969,60372,2,14340,28160,2,7030,53593,-1,944,26569,0,0
80987,1,2,2,38,10038,32173,8,978,59235,0,9539,18743,2,2012,31440,0,3146,54887,1,1219,48120,3,0
132077,2,1,2,39,3443,35074,0,3471,53857,6,4537,71436,1,7662,21205,0,2030,44503,6,1540,37903,2,1
95707,2,1,3,25,2279,2052,3,15387,6335,0,10008,44634,0,9876,12754,-1,642,75256,3,4510,36219,3,0
20828,1,3,1,35,5430,49871,2,4310,26137,-1,2788,53169,3,368,47705,2,3598,55049,0,4433,54592,4,0
43910,1,3,2,25,2088,11028,1,2625,26198,3,4528,25232,0,5439,75665,8,4011,13486,0,3984,51671,-1,0
153151,2,1,1,48,2133,42368,2,1389,35668,1,3726,46744,1,6916,47053,1,1325,54015,0,785,22031,1,0
80794,2,3,1,23,6612,58093,3,1090,18049,1,21591,20640,2,2845,43431,0,2031,39347,-1,3112,45212,-1,0
524,1,2,1,28,1854,30613,4,5370,49032,6,7968,63512,2,4212,27528,-1,1773,50951,8,13188,41387,0,1
143125,1,3,1,22,1120,64321,0,9430,26116,1,4524,14203,2,882,21393,1,2787,63362,2,13921,28150,0,0
3594,2,2,2,21,8242,25060,0,2544,51772,2,4664,43083,2,1917,40436,8,8003,72308,2,3274,68583,1,1
136937,2,2,2,50,8183,52008,-1,3999,39942,-1,1430,32231,4,6149,19414,8,2021,41685,2,1521,24456,2,0
22624,2,3,1,40,3441,13904,0,6133,20538,2,6635,8747,0,4613,62461,0,1590,56767,1,24581,28464,1,0
317183,1,2,1,36,3739,60622,0,300,67765,0,20323,21292,2,733,28449,3,9158,18395,3,1242,30481,0,0
45877,2,3,2,28,5954,57519,2,2160,68354,1,693,48991,2,22134,23130,0,8332,30727,0,9192,58533,0,0
39590,1,2,2,44,3559,49367,1,6542,45806,3,5070,22068,1,13886,85013,3,7882,28746,0,1745,61745,0,0
16121,1,3,1,26,2698,32134,3,5769,35215,1,3647,26616,5,1268,65977,4,6788,60682,0,12034,67009,0,0
36471,1,2,2,42,26386,11959,1,274,18874,8,9499,47466,2,10402,16099,-1,10978,74544,7,633,55485,1,1
209273,2,3,2,26,798,32187,1,1357,61422,3,0,58296,1,1554,22355,0,6245,103785,-1,1901,38001,2,0
560874,2,4,2,28,4491,62206,0,5696,56452,2,734,53215,3,4147,36102,-1,928,57225,-1,5149,59229,3,0
45935,2,2,1,42,10851,42599,3,1583,23720,1,188,39068,1,7617,36782,1,167,62483,7,497,47504,-1,0
59531,1,3,2,43,5811,8939,3,8421,26263,1,889,44352,1,2108,30824,-1,1003,5391,2,2485,37523,-1,0
128038,2,1,2,40,10639,17505,0,149,49138,-1,6153,42374,1,4050,66734,2,2267,4239,2,2501,30716,2,0
217327,1,3,2,24,2049,65063,0,1055,16491,-1,752,19272,0,2992,44210,1,271,22623,3,3579,36563,1,0
89905,1,2,2,30,1587,49758,0,1651,27486,-1,4868,45588,2,7139,39261,0,7073,14914,5,18,30465,0,0
49680,1,3,3,36,9528,15319,3,12970,19188,7,10132,19094,-1,3256,27838,1,5126,50234,4,5267,48305,3,1
53208,1,3,1,26,2505,4683,2,7956,19833,0,176,52285,4,4184,18967,8,6329,74719,4,2632,35747,1,1
118947,1,5,3,48,6183,27499,2,10777,25598,2,135,42702,3,9339,27509,0,503,40239,3,1386,49768,1,0
322,1,3,2,21,799,2972,0,2903,58120,1,22950,-3284,0,5997,22483,2,1993,26885,0,1154,50144,0,0
96650,2,3,2,27,7049,36883,0,8645,4909,1,5593,59582,0,3748,14813,2,3075,46106,2,7459,40149,0,0
43926,1,3,1,29,3981,89032,-1,9603,48669,1,758,29559,0,3092,61560,2,4613,25617,1,1686,30975,6,0
158083,2,5,1,21,1564,8060,-1,2553,45158,0,1831,27903,3,677,58602,0,8116,29137,3,5655,21837,2,0
9760,1,4,2,21,3411,36279,0,25980,59366,4,21000,59118,-1,290,32507,0,18847,36100,7,49,37841,0,0
88722,2,2,2,41,5969,66238,0,9527,45140,5,1288,36734,1,15264,66354,2,428,47760,0,17582,45868,8,1
65579,2,4,1,35,59,54981,1,18266,32423,2,6988,51948,0,1032,51805,5,5131,6665,3,419,12702,-1,0
102813,2,3,2,50,5073,37025,0,10068,23693,4,1379,26932,4,1620,18390,8,724,-592,0,2592,4444,1,1
6705,2,4,1,50,3899,37073,1,7485,59808,-1,2541,56073,1,4720,10841,1,1782,22809,1,5507,37551,8,1
86746,1,4,3,39,1244,16881,1,14398,49938,0,10630,43944,2,8799,46120,1,7393,50446,2,4894,22097,4,0
82436,1,2,2,38,6991,34646,2,2722,30137,1,144,48098,0,8953,49520,0,25662,14696,-1,11151,60183,1,0
82248,1,4,1,35,1808,44868,2,7646,58178,3,1835,36429,0,8849,14145,3,3737,76685,4,17485,66098,2,0
92504,1,2,2,21,1620,62102,0,1196,31082,0,3339,72595,0,19103,29487,0,2177,57041,5,6360,19776,0,0
112845,2,2,3,21,3185,27596,3,6598,39981,1,4910,77408,2,286,57062,1,1204,53385,4,5091,5947,1,0
163469,2,2,1,36,5637,36203,5,7693,27910,-1,143,-4074,7,2552,71417,0,7628,57104,-1,517,51513,2,0
31446,2,4,2,41,13214,21015,0,6303,50676,8,2643,58527,0,12243,41688,4,11702,48530,3,2904,44075,0,0
174325,1,2,1,37,762,44506,-1,9479,20116,3,2110,18405,2,3149,41125,0,9438,50139,4,1035,47873,3,0
68966,2,1,2,26,2524,55675,4,2666,34028,0,136,50193,0,10251,30978,2,3563,64839,8,2387,55346,0,0
8018,1,4,1,44,346,52592,5,3934,26908,8,2195,4446,1,89,69744,1,4447,60000,-1,762,31630,0,1
6033,2,2,1,49,7105,16596,-1,53,45274,-1,13418,48064,1,3509,51117,0,9058,46008,1,7693,36058,0,0
40682,2,2,1,44,2968,42937,-1,789,47769,1,1605,23275,1,12784,23178,0,13215,78470,4,3598,56249,5,0
153663,2,2,1,44,6136,26453,3,5166,17916,-1,4404,30823,1,1514,55642,3,13985,41549,2,585,48921,3,0
122990,2,2,2,29,1944,60221,0,4131,48128,0,1769,31358,4,13271,25981,1,5852,30899,4,3678,80938,4,0
155407,2,3,1,45,9299,36773,5,1099,10465,0,563,25308,-1,42,20964,2,1063,10336,2,1997,45871,6,0
72829,1,1,1,36,3826,9609,0,1395,83839,0,1710,25851,3,411,31055,7,1877,25551,-1,3479,45133,-1,0
58017,2,6,2,40,14377,35603,4,2108,29770,6,3181,32039,1,3239,22789,0,1547,64046,4,1484,57627,0,1
15952,1,4,1,38,410,49169,-1,6301,60985,1,1756,36921,0,562,21905,3,952,39317,2,7060,81318,0,0
39778,1,2,2,33,3610,44880,0,4704,44023,0,4893,46462,0,1278,12017,2,1443,49586,0,40,54296,0,0
56919,1,2,3,26,7271,29764,8,360,44835,2,14888,77214,3,1765,26026,1,10196,41616,2,755,34260,-1,1
9277,1,3,2,34,4583,28294,0,7134,16678,2,358,21062,1,3284,29339,-1,7355,15943,1,4235,26778,5,0
24924,1,3,1,44,117,20249,0,1523,56868,8,6311,42534,2,2475,12973,5,223,34239,2,5224,43244,4,1
91186,1,2,1,30,17938,32105,4,5570,40972,1,6,55453,0,12764,50802,0,799,23318,1,212,18001,0,0
133053,1,2,3,43,1770,22886,0,658,49402,3,5,25822,0,10858,4672,1,20940,31299,0,5487,52913,1,0
640547,1,4,1,42,1433,59401,-1,30880,38185,0,713,-5145,5,6893,32376,3,1280,22247,5,1125,45952,8,1
270475,2,2,1,32,3324,21977,0,418,42600,0,3268,1814,7,5383,53224,1,5030,49639,2,797,50364,1,0
102880,2,2,1,48,3906,42445,2,6768,22256,1,245,-4409,2,1142,62643,-1,1150,56248,2,101,4447,1,0
54688,1,4,1,31,7268,41086,2,3897,36942,1,6403,70802,2,4604,28504,6,1330,40700,3,3383,66940,1,1
101108,1,3,2,50,2498,58913,4,449,31602,1,148,52283,2,795,60266,-1,3450,208,1,6978,17583,0,0
154015,1,2,2,39,2898,61787,1,135,25888,2,3420,55119,1,3013,32650,-1,3343,12946,2,4525,14829,0,0
12594,2,3,3,34,3828,53919,0,2252,42690,1,5636,59628,1,3095,85101,0,5194,52918,0,10041,-350,4,0
52747,2,1,2,26,2507,47058,0,8103,47267,7,1356,28490,7,5851,10803,1,920,24888,1,3819,27899,0,1
183134,1,4,1,34,12299,19027,3,210,45015,8,4329,86060,3,9012,19860,8,1523,24909,2,45,43068,0,1
48423,1,3,1,32,9527,18622,2,6093,37954,1,1517,46709,2,1932,43220,5,4892,41378,3,9645,37951,0,0
84833,2,4,3,22,3034,23086,5,5326,48222,1,1204,38544,0,210,14772,2,512,24260,7,12554,53921,0,1
88617,2,6,1,32,0,55038,7,1543,44843,1,8529,62200,8,240,25839,2,12002,-2429,4,10328,65520,2,1
20392,1,5,1,26,11559,41466,0,403,41950,0,2024,53345,1,10390,49058,2,984,21512,-1,1054,67207,1,0
44978,1,5,3,40,663,57373,1,12344,43323,8,8409,66700,6,3330,43822,2,2884,31925,0,23307,34878,-1,1
40723,1,3,2,48,1401,60056,2,1785,63660,-1,1222,67876,2,1425,39298,3,575,28903,2,16260,37077,1,0
2654,1,2,1,22,826,25480,0,590,15898,1,2199,32935,-1,164,39506,0,5773,54022,-1,9702,37253,1,0
2448,2,3,2,52,991,40641,-1,5720,33628,0,541,43740,1,3761,-9224,0,1979,41774,8,4353,31739,0,1
178198,2,3,3,33,8119,39740,4,1221,46763,2,3430,21816,4,737,42971,0,382,40358,1,1104,80491,2,0
31892,1,4,1,25,4331,33444,1,3227,8345,0,2403,7434,-1,2698,27279,-1,4490,63137,2,1076,46246,6,0
72997,1,2,2,42,15628,29303,1,258,67651,4,29,56735,4,3629,32605,7,19730,8799,-1,3657,50151,2,1
35485,1,5,1,30,1316,63695,1,24797,45096,0,3126,59140,2,1301,8196,2,10235,71293,1,11153,53606,0,0
282479,2,4,2,34,3324,41039,3,2967,59138,5,386,355,-1,1108,53463,0,6068,73028,0,2413,64278,2,0
30015,1,6,3,30,18955,40262,0,35121,62395,8,9068,25655,0,100,51036,0,63,37687,0,3406,35410,0,0
56151,1,4,3,26,8756,23944,2,2436,48249,3,3403,41121,-1,4403,16703,8,9825,32143,2,2716,50241,1,1
206144,1,2,1,42,6521,53504,1,2137,-4651,2,5856,43027,-1,1118,43588,3,11352,66854,8,6703,51762,7,1
184473,2,2,1,32,1047,19897,4,12300,42953,0,8605,80900,4,10528,72928,1,193,34723,0,521,8806,8,1
20591,1,2,1,21,7335,49098,1,1998,44237,6,262,27461,2,4628,42802,0,652,47067,5,6366,30247,4,1
162274,2,2,2,40,2135,49644,6,2828,18262,3,2056,36573,0,4064,-284,-1,3002,45563,-1,7694,36714,0,0
61283,1,3,1,22,3780,31749,0,406,4206,0,127,52997,0,3512,28590,2,2571,49783,2,6279,59792,2,0
65965,1,4,1,23,4697,46353,7,15557,49233,1,254,32995,-1,1212,42539,3,1743,18001,1,5651,109833,0,0
14327,1,4,1,46,4699,43713,4,444,15016,-1,192,29900,5,17435,82322,0,1102,48795,0,2474,31265,6,1
8403,2,3,1,23,6482,39212,1,7374,81228,2,3249,28258,2,17063,15816,-1,3982,22357,1,3304,30420,1,0
130173,1,1,1,21,5419,40258,0,3867,45262,0,2995,44659,0,1937,37052,0,7377,28021,2,1190,48845,1,0
68609,1,2,2,41,354,41235,0,316,67030,2,315,36486,2,7485,18651,2,13826,58570,1,5891,5487,0,0
57421,2,1,1,31,3056,42598,3,8,40623,2,1521,53649,8,634,57584,5,1791,29932,1,1172,4304,1,1
130751,2,2,1,32,5453,41204,1,13709,55030,0,1401,47149,3,7582,32673,4,6074,27241,8,4081,37252,0,1
145035,2,3,2,31,1754,17922,1,6777,41065,6,1759,-18307,1,1686,-14631,2,7760,44075,3,6870,29166,1,0
17305,1,1,2,37,1877,36955,2,5798,60111,3,5118,4969,3,1706,32134,3,3250,66931,0,1019,62342,4,1
94218,2,2,1,27,665,45298,2,2886,-766,1,5971,29984,2,3538,37758,0,12697,88098,5,1579,32545,3,0
14543,1,2,1,49,2711,41945,-1,1363,57762,5,2070,59600,-1,2490,47759,0,116,62847,1,2890,13873,0,0
139180,2,3,2,21,21649,59075,-1,5695,53375,4,7761,26966,5,626,43633,0,11537,62583,-1,5208,19642,0,0
106989,2,3,1,39,1679,52401,-1,4686,36916,2,2705,47491,4,4495,53144,0,11151,39522,3,1952,63769,1,0
313763,2,3,2,41,3790,22591,0,6479,31816,0,3694,51969,1,1202,37529,7,736,91190,0,979,25406,-1,0
7145,1,3,1,27,6798,36667,1,2276,34017,1,786,50805,1,2939,41692,5,2893,43972,8,845,33109,2,1
5874,1,6,1,24,67,33773,3,21684,45655,4,1325,29051,0,1313,40244,-1,3626,39287,1,1524,33946,-1,0
33154,1,2,1,45,11534,39913,0,346,64280,2,6501,17038,3,9745,31697,1,2570,47653,0,2592,28353,0,0
30341,1,3,2,25,2443,39940,-1,415,29316,1,18870,13755,1,2062,51363,0,11295,45288,3,487,46107,0,0
28366,1,4,3,28,10167,52230,1,12437,5964,7,6098,99418,1,10923,56934,2,6241,13724,0,15198,75437,4,1
236717,1,3,1,43,198,43546,8,5216,89691,-1,278,49108,0,1973,39125,0,659,26056,-1,34404,51034,8,0
28707,1,5,2,35,787,64610,0,1975,53431,-1,770,76811,0,989,30166,0,13052,47611,-1,10248,56426,0,0
31738,1,2,1,21,1946,44820,7,7176,32175,4,2950,23337,8,4297,18349,3,236,24212,2,8784,20716,1,1
142461,1,3,1,52,2119,23388,0,3014,63776,-1,6594,64966,1,4049,47098,6,4527,52952,0,2802,47432,3,0
59736,2,1,2,29,9412,30654,0,106,58673,0,907,30463,3,4823,19929,0,3697,40721,0,2055,67363,0,0
149928,2,3,1,30,56,52075,2,5264,49845,5,6947,39421,3,1798,43188,0,375,58734,0,2835,35357,0,0
6760,1,2,3,37,5123,7716,1,1392,30458,2,4057,34272,8,1928,42622,1,5951,37525,0,95,39916,0,0
66859,1,2,2,41,703,13082,3,612,53346,2,7448,22411,8,1355,61341,2,16425,49634,3,870,55273,0,1
3419,1,3,3,54,8664,40213,4,1276,61791,2,4078,22715,1,13183,67743,0,3066,3764,1,3953,70599,0,1
6470,1,3,2,21,7538,59018,0,3232,5598,0,4613,39217,7,5743,-20762,1,3606,7812,0,13095,63737,-1,0
236912,2,1,1,43,3464,66140,2,255,44489,1,1430,28258,0,7058,35969,3,2421,23933,0,13107,14646,5,0
14994,2,3,1,42,1195,35657,2,10734,45963,2,6368,42534,2,1079,-2018,0,10405,46218,0,6265,46731,5,0
76018,1,3,1,33,5032,61216,4,4103,45321,0,9289,23243,3,5417,63231,-1,13141,24375,8,3316,27872,4,1
52949,2,2,1,42,849,41445,1,1733,40923,3,10250,54149,5,7191,39536,5,2529,54559,0,1557,33574,3,1
42670,2,3,1,44,1053,9371,-1,5807,63721,0,149,30800,1,2096,63033,3,11076,47734,3,2672,13932,2,0
230091,1,4,1,21,4926,39838,1,8154,35773,-1,4898,72738,1,858,45163,2,1143,30824,4,20973,34672,2,0
2206,1,3,3,52,23681,27621,7,4758,39944,0,22800,38987,2,5970,12994,-1,3061,44477,7,9732,22986,4,1
109001,1,2,1,21,11084,58364,-1,1131,46313,1,4420,37956,1,4722,20646,4,1451,31119,2,3313,36793,-1,0
330755,1,2,2,23,4496,39486,0,584,36438,5,939,72070,2,4285,37314,0,1267,46302,0,9606,49851,3,0
82136,2,3,3,32,3866,14441,0,9826,12279,1,10502,30094,3,1007,51390,0,9724,29791,-1,6882,45651,4,0
276180,1,5,2,54,32141,10005,3,1337,44282,-1,1534,31861,3,1522,41135,1,6262,47929,1,2583,57703,2,0
5367,2,3,1,31,3963,39580,0,101,44509,0,230,25980,0,4902,43550,5,346,67212,0,3406,30260,3,0
54264,1,1,1,34,2724,-8404,0,5148,32696,1,2815,44088,1,4754,32851,8,7081,15282,4,3113,6211,0,0
30131,2,3,1,49,12015,29636,2,829,37353,0,528,25296,-1,4045,62599,2,4254,26113,1,73,71933,0,0
131237,1,4,1,31,1334,44620,-1,23535,-23597,-1,612,55533,3,7308,42921,7,7731,26941,3,1938,50957,2,0
397907,1,1,1,23,513,18859,0,10190,64168,2,3111,39068,0,8427,40968,1,4498,46222,1,197,51887,0,0
29642,2,6,2,30,5026,59879,1,4688,58020,3,4742,56777,4,1618,45908,-1,2369,56753,0,10810,50785,0,0
106182,2,5,1,48,503,63820,0,8974,13243,4,11790,54523,1,857,31699,0,3415,5209,0,4416,45156,8,0
22076,2,1,2,35,2335,19665,0,3179,26490,3,6108,29750,0,1123,32996,0,763,36330,0,2588,59830,3,0
83316,1,5,3,54,2754,34039,0,7767,68970,0,9244,25260,3,1651,49626,3,1859,40564,-1,524,26873,0,0
62349,2,2,1,42,3965,59893,0,5199,16902,2,2653,33432,0,14758,55526,0,112,57638,1,207,55781,0,0
357574,2,4,1,28,23933,39973,3,145,49569,1,1917,40177,0,737,57616,0,2606,22083,0,1479,47121,0,0
93783,2,3,2,35,1248,12110,1,14855,30159,-1,4492,46680,1,10549,36095,2,478,54596,-1,2519,42630,8,0
43002,2,3,1,26,2356,37133,1,9863,48202,1,5945,48902,0,1136,42465,0,5403,45860,1,4566,30193,8,0
12114,2,3,2,28,709,22941,0,15331,41002,-1,4199,39361,0,2141,27870,1,12183,75481,2,2169,45018,1,0
16398,2,4,1,79,4677,62163,-1,6572,34335,-1,1536,26376,1,672,55732,-1,6748,83878,0,3281,35836,1,0
25530,2,1,2,45,6503,52118,4,2655,47770,-1,2307,28267,0,545,21103,2,1162,55916,2,5695,57122,1,0
28897,2,3,1,43,3289,33724,0,1159,30139,7,2973,50367,2,499,44442,5,3537,34791,6,223,30755,2,1
190123,2,2,1,28,1410,42842,0,992,4315,3,71,26996,0,2098,57579,4,6223,49813,0,3720,19389,0,0
82376,1,2,2,50,4849,13837,4,782,21445,1,10594,51204,1,3708,42514,-1,8191,51629,8,1675,51299,0,0
74105,1,2,1,45,3873,24924,2,1246,19042,0,3581,51859,1,1120,46000,1,1663,50534,3,7617,82144,3,0
12190,2,3,1,53,938,71065,3,3999,7917,-1,6952,70678,6,13491,34544,0,3241,48407,-1,1949,45125,0,0
196711,1,2,1,53,2601,41070,2,5756,47388,1,943,30382,-1,4414,2921,-1,550,50682,6,930,37102,-1,0
128306,1,2,1,21,2856,58601,0,1884,36544,2,4066,33496,6,10816,26527,2,6479,60992,1,7789,75770,4,1
7006,2,2,2,23,20261,44640,7,3978,47078,3,13027,-6253,0,805,40887,1,2852,83960,2,7322,49190,2,1
123043,2,1,2,24,9461,66285,5,2087,50415,-1,1205,21138,3,774,26218,-1,212,3813,2,3117,37033,2,0
78425,2,3,2,25,6628,23,0,5962,55129,1,2122,20877,-1,9378,49704,0,3768,65994,0,1018,74315,2,0
8525,2,6,2,38,10981,36235,3,22321,48138,8,2457,50113,8,4196,10719,0,7836,42831,1,3202,25249,1,1
61304,2,2,1,29,6649,72895,1,5840,20407,0,2416,76147,3,13950,1250,0,227,24203,1,2915,33335,4,0
66299,2,5,1,55,11685,59123,2,304,51590,1,4589,51615,-1,794,53900,0,2581,12984,7,795,46783,0,0
18125,1,4,2,54,280,66507,0,3243,44436,0,2502,59815,0,131,33767,3,3287,46110,0,2254,96511,0,0
291319,2,3,2,34,3044,39864,1,7356,83802,0,5605,25773,1,12418,46927,0,38530,40720,5,8426,21487,1,0
189695,1,3,1,54,6869,29257,0,3907,40158,3,3313,16040,1,6000,29579,0,1234,18425,8,3496,17317,1,0
110570,2,4,1,49,4376,19456,1,15086,47657,2,857,35159,2,8229,51294,-1,8550,39386,1,692,44528,-1,0
62044,2,2,1,30,962,18061,0,281,38103,1,14837,27524,1,1754,67148,3,788,60736,0,10793,69791,0,0
53062,1,3,2,21,2081,56141,1,1720,40977,0,1369,22778,2,15,68567,2,16621,71030,1,6813,58067,0,0
105260,2,3,2,32,1911,50264,2,1246,39627,3,4133,44365,0,3297,27040,0,1831,42548,0,3917,26538,3,0
78840,2,3,1,28,1514,38668,4,7296,31307,-1,313,16281,0,23030,31561,1,786,42488,3,1555,17025,0,0
6429,1,4,2,37,2101,50163,0,3709,43547,0,12543,56529,-1,11904,43402,3,2404,52457,0,508,26893,6,0
71847,2,1,1,35,3616,42849,4,744,52435,5,13155,32011,0,373,77418,0,76,63301,0,6700,42086,2,0
164197,1,3,1,35,9650,59244,0,1681,31609,3,2267,39095,1,1039,16943,1,576,43669,2,4934,46272,3,0
61477,2,3,2,40,6774,59053,3,3697,56711,3,644,41995,2,1864,17084,-1,3427,47005,1,8564,35165,4,0
5335,2,2,1,22,9016,18682,1,27771,54286,2,7348,30665,3,8871,57378,5,14119,32015,1,5841,34668,0,0
154308,1,2,1,39,10753,45472,4,2265,22394,0,1520,65310,0,8706,26684,0,2943,36845,1,839,34509,3,0
22484,2,3,3,30,2690,6622,2,852,20726,6,6030,7884,1,1022,53183,0,5397,27281,1,3011,52095,0,0
29924,1,4,2,36,2123,42660,1,3436,48963,1,12334,65666,0,3807,28299,2,6139,19307,0,1870,46973,1,0
17997,1,3,2,44,296,52086,0,1856,28249,0,4460,33058,7,3483,47045,1,186,15901,0,10029,52446,0,0
40079,1,4,1,22,13331,13725,7,4173,19085,0,9874,58414,2,2674,29800,1,1943,22757,8,1598,46843,1,1
141367,2,3,1,32,340,31670,3,3143,74337,-1,1272,44024,2,3838,19906,5,29122,21380,1,3419,2604,0,0
73269,2,2,3,33,6757,40190,0,5847,20673,0,12063,57009,1,1732,42926,0,35,45974,1,3974,40214,7,0
22926,1,1,2,29,2374,44678,0,12283,9528,0,1285,37631,0,3791,15749,8,3176,48959,0,4908,26602,2,0
210234,2,1,2,43,14858,34427,3,1118,24326,0,1279,44768,0,5785,49126,3,9083,31588,2,5042,71636,0,0
211678,2,2,1,27,2720,16554,8,8606,44632,-1,10595,61958,2,322,35314,5,1701,23218,0,5187,17062,0,0
204468,2,2,1,29,8480,38919,0,14905,41471,0,4047,41916,5,17102,12779,0,28462,83036,-1,2195,1756,0,0
27285,1,4,3,27,1660,6955,5,2338,77744,0,8033,66601,0,903,45998,-1,3328,31179,8,3523,55808,3,1
60009,2,4,2,45,1776,35347,0,603,24632,-1,8109,47043,1,2233,45577,1,12266,28134,1,301,44914,1,0
419901,1,1,1,30,4525,31172,7,8627,44723,0,5205,25345,1,3180,-7043,0,3757,8539,1,3748,42764,4,0
147846,2,2,1,39,31029,37314,2,6038,62569,0,1047,32903,2,209,38981,-1,2534,50340,1,4865,48098,-1,0
2754,2,2,1,54,3644,28813,0,1195,26819,1,5889,57762,1,3974,40197,-1,6191,76382,-1,6820,38162,1,0
6742,1,3,1,34,13768,9846,0,2945,54074,1,328,15204,0,10200,41853,0,15882,36266,2,796,30788,1,0
62349,2,2,1,46,7714,32673,2,4313,3356,0,1119,55857,2,11564,3624,0,2358,33060,1,4836,43337,8,0
239931,1,2,1,51,7944,58616,1,930,75175,0,5148,32684,0,1974,47074,6,10010,45533,0,1982,18779,2,0
77371,2,5,2,45,2863,65229,5,6274,59895,6,11919,14205,2,4091,50260,2,5388,46150,1,2586,69648,1,1
68878,1,4,1,34,2443,88786,3,5854,26386,1,7385,44145,0,7498,21240,0,2378,-9912,0,3220,26954,1,0
11146,2,2,3,41,1065,73833,1,10907,56596,2,2020,25996,-1,1457,12017,3,285,52950,2,690,15691,2,0
106938,2,3,1,22,16613,16061,5,4188,66263,2,8677,28567,0,3758,20412,1,1865,77501,2,1372,47751,5,1
172655,2,2,2,27,16019,31831,1,4270,14226,0,16995,27485,3,2284,42575,1,8897,41118,0,326,23467,-1,0
47871,1,4,1,28,6873,39544,3,4829,28002,1,2016,42297,0,2375,15243,0,499,37826,-1,18283,63894,-1,0
149437,1,3,2,57,1756,38288,3,1599,66921,2,1034,32200,0,494,12927,5,4245,55893,3,1058,106,0,0
333756,1,2,3,26,1406,41390,5,7106,41349,0,1100,47818,0,2611,81989,2,3585,53518,2,5022,7000,1,0
22786,2,4,2,26,22375,88151,-1,5430,48723,2,2556,60248,-1,877,39893,1,5418,43461,2,613,32557,0,0
74093,1,2,2,24,344,18358,1,9136,41403,3,268,50833,1,1792,33776,1,13984,55460,1,5969,42606,-1,0
33846,1,2,1,40,9275,25729,1,7317,57829,0,3344,76106,3,2004,26590,3,6966,56409,2,10396,25213,1,0
157433,1,2,2,36,2196,72876,1,5088,50258,-1,6589,81026,8,2815,31537,0,3573,16536,0,3224,34677,3,0
86178,1,3,3,45,2713,27680,1,877,42124,0,3780,34194,6,12439,76037,1,8870,17027,1,5799,74585,-1,0
100671,1,2,3,41,8918,47871,3,12575,-2033,0,17541,16947,-1,4984,56325,-1,6047,14171,0,5403,25978,1,0
159906,1,2,1,21,474,60693,0,2288,52800,0,3096,34217,0,18337,87734,-1,11295,9728,-1,5303,7799,8,0
50413,1,2,3,26,2186,49729,1,16662,54584,0,66,42367,1,4465,47838,1,6443,56210,5,559,35336,-1,0
246616,1,1,1,48,15185,43835,0,2569,15209,0,3175,84515,4,8186,20875,0,6992,56257,-1,8483,17352,0,0
76148,1,4,1,32,6004,58772,0,788,16568,6,13287,32503,0,8983,45423,2,438,48955,-1,4409,51494,1,0
17192,1,2,1,46,7031,22138,2,10807,50351,2,503,45558,1,6716,50972,8,19,73238,0,1286,49939,0,0
119039,2,1,1,33,7083,30072,0,7925,43886,1,1261,26376,2,5542,52278,4,15574,33833,0,2897,37330,1,0
157629,2,3,2,25,312,50712,0,7715,504,-1,6286,33066,0,2705,31156,1,1451,26200,-1,6455,47557,4,0
38091,1,4,2,31,1135,-1388,1,468,23559,0,1741,15712,1,4188,76077,0,902,42452,3,5142,18612,0,0
194616,2,4,2,25,3379,68331,-1,10571,46276,3,7245,10745,-1,1076,14608,1,864,62842,0,828,58889,-1,0
236598,2,3,2,29,2295,46067,0,4536,53533,0,2717,67218,1,4814,46789,-1,6694,28183,-1,4591,28654,2,0
32421,1,2,2,37,2645,43060,4,3177,28313,-1,7949,61323,0,3610,34152,8,237,78840,-1,3552,73578,4,1
410569,1,4,2,40,7603,7389,3,12219,37050,3,4009,32607,0,8156,24460,8,5409,38565,2,5306,33539,3,1
15165,1,3,1,21,73,14267,0,5483,22412,0,430,61267,0,11641,44942,5,4236,50259,0,7672,30990,2,0
22566,2,2,2,34,5401,32028,0,713,66478,0,2439,13861,3,712,65131,2,796,43251,1,1995,36068,3,0
20361,1,5,2,29,0,56148,6,3665,43491,8,2026,36532,4,5870,48079,1,727,32060,0,2629,51710,0,1
224421,2,2,2,28,325,-1532,-1,5061,26646,-1,8305,43485,4,14983,45461,2,711,58205,3,4511,68923,1,0
106216,1,6,2,36,2623,55767,1,11440,16873,2,4902,65321,0,12497,-392,0,1502,-29500,0,7619,47150,0,0
16499,2,4,2,29,9192,32799,1,1641,14662,6,7511,43950,0,8991,58424,4,5133,33227,1,4797,82735,-1,0
58039,2,3,1,48,783,35531,3,7905,76231,-1,2327,50895,-1,247,31878,0,1158,55904,1,74,23562,0,0
95528,1,5,1,46,4044,45071,7,8042,36529,4,5884,30600,2,1454,50683,3,5395,10964,4,23555,35912,1,1
8715,1,4,2,46,5673,45386,0,685,32009,1,337,45279,0,802,58403,4,17825,25982,0,144,17839,2,0
214060,2,2,1,30,1303,25751,1,86,35735,4,187,65287,0,13081,43857,0,9906,30137,2,10135,29921,-1,0
162761,2,3,2,25,3590,52498,2,4354,27395,0,1694,7669,0,6909,-23,1,7999,33398,-1,11804,26796,5,0
70361,1,1,1,35,12118,-6387,7,7790,37859,8,7429,62721,1,3794,68330,4,14892,27952,3,1208,10662,1,1
341509,1,2,1,33,3589,30991,4,4042,40698,2,3818,35800,0,19412,76104,7,4739,19627,1,7463,58704,3,1
54087,2,4,2,28,855,43073,2,8392,40300,2,2628,11880,7,1082,56262,3,7323,38580,6,3238,51831,0,1
414208,1,2,1,23,4941,33101,4,4868,14748,3,11347,34657,2,5130,25470,6,7434,56111,3,2702,32003,2,1
110237,2,2,2,34,4484,3461,-1,5296,57848,1,3439,65801,-1,4700,64596,6,18353,47649,1,793,46420,-1,0
100695,1,3,1,30,136,55160,0,142,28940,0,4751,30353,0,2081,34358,8,5208,60535,1,3083,31733,1,0
18146,1,4,1,41,474,15032,-1,463,26826,0,21282,45986,-1,3321,38660,1,1594,35988,-1,5074,35515,2,0
213645,1,1,2,41,852,38649,0,6455,25923,0,3694,7736,0,1341,63950,0,1088,65183,3,3446,50116,2,0
55772,2,2,1,46,732,43060,2,7195,18950,2,7650,3486,0,5652,52949,2,1831,14485,3,1267,39662,0,0
17701,1,2,2,22,1501,40396,4,3906,45355,3,2670,18465,2,2708,-7058,0,7172,66224,1,3337,40339,0,0
1268,2,3,2,39,3026,63380,2,4460,57899,1,185,60256,2,119,44157,1,5343,61843,0,10324,1762,0,1
82042,1,2,1,27,2323,38934,2,4764,25540,1,8993,38983,-1,15057,63706,1,1237,8447,3,8513,56417,2,0
74950,2,3,2,22,11066,48549,0,554,3137,3,14448,61993,1,3479,12728,3,9824,49362,2,1064,66067,-1,0
127065,2,2,2,30,4735,38881,2,5511,19457,0,2849,63162,7,6114,59549,0,19905,37474,0,3360,60525,3,0
220962,1,2,1,45,10443,52259,1,3254,31034,2,3502,24836,2,1096,6604,2,7077,37875,0,4629,29330,1,0
8273,2,5,1,31,3743,67869,2,4613,15371,0,2759,71340,7,680,35704,5,320,41320,2,3796,59539,4,1
131489,2,1,1,50,470,42750,0,4140,28025,0,28891,29112,0,11635,50828,1,4938,27614,2,5402,48647,2,0
20753,2,3,2,40,3111,55637,1,7198,28969,2,11683,60007,1,4469,34937,1,13878,58775,0,5765,22693,8,1
195317,2,1,2,31,8630,69106,1,1917,39690,-1,209,59189,1,3399,63552,3,1876,40081,3,2588,33955,1,0
170960,1,3,2,46,1079,67143,1,2338,10900,0,7548,41300,5,3681,11706,0,4402,17507,1,1384,38000,2,0
77825,1,3,2,39,478,32294,0,2484,51602,2,4591,41333,0,1347,56304,0,1287,39247,0,2919,-6623,1,0
123871,1,2,2,25,1998,60728,0,7187,73218,1,127,46409,8,12191,41058,2,10629,30515,1,571,43891,0,0
37738,2,2,2,53,2462,44975,0,2820,68582,1,2941,42308,1,1205,22948,0,10200,52317,4,6879,17535,-1,0
63708,2,2,2,37,1828,62344,2,974,28319,8,810,32197,0,859,48775,0,2266,13695,-1,7470,18884,0,0
172393,1,3,1,35,726,51372,2,20384,53373,2,10319,30481,0,13299,38593,6,2151,80055,0,14343,43120,1,0
61482,1,4,2,26,1444,45513,5,3399,51005,1,63,32357,0,1489,69591,1,0,42410,1,11462,33109,3,0
44285,2,3,2,46,5732,48679,2,578,39129,0,10322,64364,-1,9920,51668,7,1909,15275,-1,680,20001,0,0
68163,1,3,2,40,2438,45104,0,5547,43540,2,14137,8233,2,7403,48253,0,7603,35961,0,3947,43040,5,0
176171,1,2,2,41,5005,45886,3,6719,53660,-1,378,30063,1,2405,26540,0,145,30347,0,6112,22831,1,0
40828,2,2,1,29,3842,36823,1,3467,57667,1,6361,33481,2,1465,42931,2,1132,24099,4,8809,22779,1,0
19087,1,2,2,43,3982,34965,0,5198,23766,-1,3980,35438,3,7114,28496,0,6551,48501,1,1769,63530,-1,0
124484,2,2,1,44,1428,75263,2,947,54953,0,15425,45935,6,4551,38754,0,5220,84609,2,21686,43203,7,1
174857,1,2,2,28,3685,49550,0,2293,73329,1,8001,13035,0,1465,64907,4,21582,77387,-1,3509,46611,-1,0
10606,2,3,1,21,119,28533,0,882,57643,2,5927,60506,0,11076,34284,3,2476,44025,0,3102,71350,0,0
27427,2,3,2,40,2825,34451,3,2448,70729,0,12985,57739,1,6382,11076,0,715,24387,1,2740,35348,2,0
15311,2,5,2,21,4250,61125,3,4136,-11670,1,873,53486,0,11999,49890,0,5463,45598,3,980,27319,2,0
42762,2,2,2,36,1004,25276,3,2921,51914,1,2357,35848,-1,2876,55736,1,411,54761,0,4083,27630,1,0
59847,2,3,1,30,1482,10359,0,4497,45285,3,9255,25232,2,685,71779,2,620,44072,-1,665,77011,4,0
138161,1,4,3,47,1239,11831,4,3483,60541,-1,535,33495,2,12890,57287,0,4195,54901,3,9274,38094,0,0
105310,1,3,2,31,365,5420,2,1912,17487,1,13701,41217,3,4599,34566,1,3193,48877,0,246,21388,0,0
97003,1,2,2,46,2137,14023,3,774,29877,-1,6835,53323,5,4657,45215,-1,1529,45693,2,9570,42667,-1,0
43444,2,2,1,29,19308,16382,2,1456,58010,0,2893,38373,1,4388,47786,0,3250,15675,-1,8325,27556,0,0
184166,1,1,2,44,2183,67704,1,1120,18806,1,2067,47209,8,3197,48683,0,10136,37393,2,1788,31799,7,0
63730,2,2,1,55,3085,39076,0,6145,44846,-1,798,31321,-1,1472,-9481,0,6454,78216,1,181,72580,0,0
386824,2,4,2,24,5293,32734,2,8573,39661,1,491,45726,4,4746,28530,0,3033,49794,5,10790,42524,2,0
100551,1,1,1,37,5227,11131,2,6371,36081,5,2754,35016,0,6339,49540,3,1865,63367,0,8156,14419,7,1
13497,2,2,2,62,14968,37137,0,5160,51453,2,9260,45359,5,12417,61987,0,4363,80226,-1,5034,31192,4,0
112755,1,4,2,35,9744,5253,2,1839,17689,3,3794,4661,0,374,27314,2,14,16415,1,283,2972,1,0
39319,2,4,1,35,7898,32611,1,6206,24397,1,2999,49742,2,1469,31700,1,6603,91981,5,3553,24826,-1,0
115940,2,3,1,42,15144,81289,1,4645,37215,4,1921,50800,1,7495,35230,3,8108,59462,0,13594,60053,2,0
7218,1,3,2,35,1311,53276,0,240,15976,0,853,50579,0,7461,37302,0,649,63241,3,564,25539,0,0
19222,2,2,1,21,4799,35804,0,11908,64618,1,23075,20251,-1,1191,57088,8,2576,26597,0,3566,92848,0,0
193611,1,2,2,46,10910,53962,0,416,24024,1,130,25797,2,1021,25230,0,783,54484,-1,8133,-12259,4,0
25770,2,2,1,21,4892,29569,3,3492,55726,4,1868,22628,0,2287,57296,1,14860,23975,1,5411,31132,2,0
181425,1,3,1,30,18953,23986,0,3598,22489,0,7334,46599,1,324,68375,2,8743,42992,1,2508,42257,6,0
32749,2,5,1,47,528,74082,-1,9070,54083,-1,3675,53164,0,6553,32126,1,101,46736,3,11128,41215,7,0
102968,1,1,2,31,2893,17154,8,12213,7823,8,1883,26068,2,5540,31402,4,17597,35223,0,3744,51262,1,1
118466,1,3,1,28,18940,32917,0,14040,68172,-1,24626,66312,0,9785,43150,0,764,63011,2,10157,34508,2,0
71878,2,2,2,43,2386,46120,2,4216,62702,0,4827,66047,1,2811,28270,1,438,29602,2,4728,65062,2,0
36429,1,3,2,26,6726,21275,5,5682,28948,1,1748,42759,6,5063,38241,1,165,-243,8,1876,15406,0,1
23907,2,1,1,22,154,53012,1,463,23487,1,9417,47417,5,15390,10606,1,7818,35124,0,11449,35241,2,0
3375,2,2,2,37,5934,33868,3,3346,49156,3,813,6408,0,15946,57114,0,12968,65070,-1,10587,17712,0,0
36232,1,4,1,33,13638,53278,8,11406,9477,1,3114,29419,-1,368,73260,0,502,89117,1,1831,30099,4,0
105889,1,3,2,22,2412,51719,4,3041,40695,1,9150,14952,-1,9,26535,2,20465,66314,1,1218,34858,5,0
278554,1,3,1,41,107,35139,1,360,23848,0,20570,21800,3,16092,7075,0,1897,61337,0,19266,52370,0,0
204952,1,2,1,39,141,74213,0,1119,34913,1,2414,50290,0,3831,58417,3,5679,32426,2,3208,19732,2,0
145271,1,2,2,31,11129,26693,1,2806,27123,0,743,55121,0,6026,31630,1,21439,86068,0,30224,34433,2,0
155328,2,2,3,32,6409,66977,3,1355,24032,-1,4184,55957,0,12186,26643,2,42,53686,0,1463,40418,-1,0
109357,1,4,1,39,564,63498,4,2490,74095,6,14411,44833,3,2838,37560,-1,3956,54466,1,534,42883,0,0
30149,2,6,2,46,280,75417,3,2024,55610,-1,5477,50467,8,2904,15583,-1,5335,52564,2,38,17775,4,1
237725,1,3,1,32,8169,43481,1,1920,10402,2,4608,8217,3,913,49640,0,2320,16834,4,1871,44671,0,0
111088,1,2,2,41,8299,24228,1,477,22483,5,1850,14209,3,11813,14707,3,582,47677,2,4395,63341,3,1
82198,1,4,2,40,642,81535,0,10715,57148,0,4661,35815,2,5215,16312,1,4852,10906,0,1430,63102,1,0
11764,2,3,1,43,1794,33305,-1,5899,59373,0,10800,51949,1,993,16043,0,240,56539,2,4287,34438,2,0
59249,1,3,1,35,7571,23729,3,4882,12298,1,2354,31054,2,4102,43279,3,12848,46723,0,290,50390,0,0
61684,2,2,1,25,3726,36204,0,4662,53972,0,1385,12784,-1,1988,3726,0,3100,27359,3,17615,36754,3,0
199925,2,4,1,30,15684,20366,0,2525,45300,3,3278,26164,-1,796,81765,0,12055,62524,1,2133,61304,0,0
79108,2,3,1,38,3279,50522,3,8666,1166,0,2359,21330,2,1003,32489,3,9056,32832,0,18117,53566,8,1
47868,1,4,2,53,5649,27886,-1,13299,31936,8,3173,5510,0,4096,-2324,-1,18,33314,2,3824,16803,1,0
376361,2,4,3,30,3564,34250,5,28,37276,4,503,84487,1,4154,18785,0,3073,50679,1,3139,36938,0,0
11734,1,2,1,43,14320,59355,-1,412,40969,4,2048,64657,3,7801,51975,1,10937,39683,2,469,26864,0,0
54913,2,4,2,31,2542,52473,6,5619,13588,-1,8759,486,1,1424,66966,5,2327,44668,2,442,38096,-1,0
4293,1,4,2,36,1305,40311,1,1346,24739,0,2556,1558,3,12374,43263,0,1952,60646,0,3604,16947,4,1
134670,2,2,3,50,1977,43417,0,12135,27541,0,17193,23880,1,3655,41712,0,5785,25232,8,1916,37625,0,0
250197,1,2,2,42,9578,40245,2,5504,29286,2,6169,10213,0,1141,9396,8,6104,23538,1,1030,36915,4,1
32855,1,1,2,22,3445,31376,4,2296,29620,-1,2278,87652,0,2666,69777,1,5152,35344,8,727,37467,1,0
195433,1,3,1,29,2186,39949,1,2683,37347,3,1449,23953,0,12843,51118,-1,2257,38741,0,4089,45074,2,0
34561,2,2,1,47,3929,49816,2,5870,46192,1,5781,47230,-1,3251,46421,0,328,52842,0,1792,9160,3,0
241653,2,3,1,36,714,37476,8,759,75484,1,1800,29884,-1,10385,40338,1,12820,78835,2,8196,55611,1,0
140226,1,2,1,23,26,48395,0,10745,57417,1,13079,16656,0,870,50620,-1,1907,39144,1,470,56792,1,0
163427,2,4,1,26,1646,23266,3,23,66337,1,618,60946,0,12264,23998,2,7939,40724,1,40,68114,3,0
1817,2,2,2,42,4644,27922,0,19303,30384,0,145,53096,0,2816,58786,1,2166,26969,8,14234,38062,1,1
329172,2,2,1,44,6218,25313,1,917,19921,0,1248,38808,1,13754,56067,2,3413,24542,-1,87,45204,-1,0
129707,2,3,2,35,8761,28697,0,6776,56028,1,4664,87638,3,10052,38037,0,2339,53545,1,9828,60917,2,0
36348,2,3,1,59,13063,65743,1,203,39675,2,9007,44701,0,5393,34558,1,424,40780,0,10616,25956,-1,0
176840,2,2,3,43,2656,54520,-1,2823,54606,0,932,30870,3,5586,-3168,5,1998,64940,1,14670,49834,1,0
33061,2,2,2,32,6745,18461,0,4975,22353,3,4394,78305,0,1188,5355,0,15581,62763,6,3413,25264,1,0
206163,1,2,1,26,388,48749,1,364,52971,3,778,48077,8,4616,50915,-1,584,57388,3,4887,50342,0,0
11943,1,4,1,25,296,32188,2,2928,36495,0,4141,72558,0,3986,58094,8,4057,10780,0,2280,47852,0,0
121633,2,4,2,38,666,26352,2,1805,30781,1,91,39218,3,2033,61401,-1,17273,53666,2,17832,22083,1,0
77804,1,3,1,30,2976,10285,1,3448,32664,0,4080,-20288,0,3522,13056,4,103,21304,1,6580,50214,1,0
10151,1,4,1,51,1186,59438,0,3511,49808,0,3688,8824,7,13235,85869,3,358,2321,1,6375,31238,1,1
27693,1,4,1,49,1690,12722,6,7690,55482,3,218,61654,3,26,60005,1,11990,44418,0,2180,36763,0,0
1248,2,2,3,41,5218,38960,0,659,32671,8,5846,28218,0,2698,28530,2,6650,67159,1,1791,56290,0,1
63255,2,6,2,23,2219,21073,0,431,46886,1,4246,45066,1,2029,43266,0,3940,54234,1,4075,61544,2,0
35848,2,4,2,28,4075,55516,1,2569,46816,5,4878,62676,-1,16250,6052,3,3846,22365,1,424,48299,1,0
91219,2,2,2,47,2658,33312,2,10924,54766,2,3772,43589,0,18227,27661,3,18421,95929,3,2714,40257,0,0
35273,2,2,3,29,925,37310,-1,9664,59738,1,6400,22811,0,4405,50765,-1,105,56333,7,3796,54102,5,0
35655,1,2,3,46,384,37985,0,4104,76224,1,3722,39778,1,3992,41253,1,1576,23165,1,6935,33491,0,0
135943,2,2,3,39,1347,46051,3,10980,30696,0,12772,42138,0,11676,74862,6,1905,-912,1,4239,57906,0,0
4934,1,4,1,35,297,40260,1,8182,69200,-1,14368,31836,1,32,10411,7,636,35908,3,2471,27651,3,1
233196,2,3,1,27,4819,39134,1,1628,42341,1,6485,12300,2,4130,37657,8,2209,720,0,141,35647,0,0
191232,1,4,2,34,7941,29631,6,932,18103,1,12138,32890,0,124,17267,2,2313,19404,3,6162,21419,0,0
110203,2,4,2,36,2075,8505,-1,1791,26990,1,12829,38143,0,17235,70701,0,15946,6019,0,7301,38318,0,0
89948,2,3,1,45,2447,17628,2,1288,49319,2,1519,11136,1,1929,45307,1,2917,24927,1,9628,70320,0,0
222842,2,3,1,26,8469,54369,0,4873,54475,0,25521,21638,-1,3678,40168,2,13649,29328,0,1104,70470,2,0
20497,2,1,2,32,1259,33883,-1,4396,19674,0,1556,25662,0,2702,37337,0,8304,22525,0,3514,72566,0,0
8226,2,2,2,35,634,26719,0,4561,24722,1,93,2792,1,11203,22458,3,6674,86004,2,3084,27179,2,0
27379,2,3,1,41,3476,11885,2,1049,29337,0,16380,42564,0,43055,63968,4,2006,36265,4,7152,94152,0,0
158269,1,1,2,25,5194,5607,-1,7847,22732,5,1266,44739,0,354,43412,3,2784,66562,1,3495,63663,4,0
3528,2,1,2,21,4577,25935,1,2842,2398,2,4386,29113,3,6584,44895,0,227,51385,0,7993,60376,4,1
87420,1,4,2,41,6256,57761,7,3197,-4386,-1,17645,12627,6,2294,51646,2,2368,35859,0,432,44987,0,0
538988,2,3,1,21,292,28858,3,28982,32363,2,253,48139,3,748,22764,-1,10216,30437,-1,275,8758,1,0
193583,1,2,1,47,2794,48009,0,1658,45041,1,1568,50921,-1,2599,79905,0,7602,67020,3,1550,27470,3,0
73698,1,3,1,33,1362,27938,0,2505,53111,1,4692,41971,0,31453,71390,3,8260,19276,1,3215,31650,-1,0
6575,1,4,1,21,7117,52777,1,5642,12753,8,7189,40831,2,2212,39280,3,1252,27462,8,6956,37021,1,1
178006,1,2,2,30,10307,32964,0,10618,13093,2,8234,51878,8,1624,33978,0,1178,27164,3,2274,31455,8,1
91374,1,1,1,38,1651,15362,8,677,29441,4,10764,38090,0,9359,52792,7,5443,41494,2,6756,39443,0,1
12209,1,5,3,29,500,34620,8,6640,40066,5,922,21644,4,10122,62403,0,5267,21825,1,8900,49563,2,1
9855,2,2,1,35,1461,76680,1,12522,60175,0,2310,38594,2,2069,75005,2,1086,58734,0,3491,41512,3,0
240380,1,2,1,42,549,75797,0,2748,54354,-1,6263,32158,8,1773,52896,4,6358,61494,0,15860,35996,2,0
110624,2,3,2,32,1946,49730,5,1689,32643,1,6281,38593,-1,5210,42731,1,2359,25644,8,825,34789,6,1
176777,2,4,2,25,3863,37258,3,5661,47203,3,1841,57685,0,1148,42742,1,10893,50548,0,1752,68349,3,0
211179,1,2,1,32,18187,46078,1,1412,23129,3,1813,15958,1,3305,2386,0,2266,23198,0,30078,32274,6,0
84810,1,2,2,49,2548,46337,0,2424,41486,3,1933,43549,2,761,31394,0,1306,43576,1,912,55574,0,0
72866,2,2,2,51,1242,39202,1,11360,38751,1,11131,14948,2,1817,47224,0,1089,63401,1,12113,40432,1,0
56286,1,6,2,21,912,48818,5,4462,68086,2,12012,21636,5,1765,-5154,1,11423,42065,0,12642,2693,0,0
38118,1,2,2,45,949,44164,0,498,49871,2,74,71476,3,5935,43598,1,9831,37898,0,5100,86402,2,0
57021,1,3,1,37,1069,33680,3,2000,24584,0,1965,49146,-1,1658,23759,3,2774,85753,0,251,64646,0,0
148668,1,5,2,44,7183,16094,-1,4934,24788,0,2488,43218,1,11438,71540,0,1376,47205,2,3560,85280,0,0
92111,1,2,2,29,314,30798,5,3284,33338,2,20195,6830,1,20386,34306,3,1674,23137,1,358,57672,0,0
223048,1,6,1,21,29766,55990,1,5399,8710,2,14427,35285,8,422,34727,2,2430,21582,3,2013,41096,0,1
58587,1,5,1,40,3697,39370,0,7165,35399,1,4948,-1455,1,2534,37251,2,226,85586,-1,87,51495,0,0
93417,2,4,3,25,3929,46005,-1,3275,37126,0,234,40745,2,1796,39906,0,348,25187,0,234,30452,3,0
99779,1,2,1,21,2212,34339,1,21695,49330,0,1061,15060,0,2169,55856,0,13118,25972,0,5973,22973,1,0
89574,2,3,1,21,5860,18808,0,12306,52242,2,2847,51156,2,1541,33113,3,7264,40535,1,20155,81905,0,0
121279,2,4,3,41,3188,35227,2,308,41978,7,15975,43226,0,2411,40468,0,8409,54637,1,7629,34297,0,0
27106,2,6,1,36,1995,19550,0,1549,7400,6,497,15678,2,762,55975,0,3256,15188,0,2521,42786,3,0
71818,2,2,1,42,1540,18274,-1,1787,15579,1,7835,47631,4,1641,40170,7,2270,34429,3,2057,49418,4,1
11006,1,4,2,41,12994,64112,1,1018,27897,4,1060,81867,-1,6888,53108,8,482,13172,5,25488,35313,4,1
48533,2,2,2,30,1719,31598,1,1869,53045,-1,3544,35945,1,2108,31088,-1,4083,36942,3,1318,59272,5,0
66878,2,2,1,34,2866,25170,1,2765,52370,4,7282,57606,8,1164,47020,2,6800,56430,2,197,38009,3,1
105619,2,3,2,29,2156,72359,1,264,35011,1,5896,-2059,0,573,66179,1,1090,34977,1,1513,110412,2,0
300641,2,4,2,32,450,56299,1,680,87194,3,7474,49353,0,2138,52049,1,2464,79387,0,2090,1884,1,0
91791,2,3,2,25,1028,32569,1,505,71231,-1,8399,28614,1,5155,2579,0,13107,23065,5,3347,26642,0,0
136099,1,3,1,38,1050,48552,0,237,64798,4,1824,34619,4,1460,51107,1,9281,44355,2,5983,61538,-1,0
70575,1,6,1,45,5915,35284,0,3284,54013,1,2263,51902,1,2744,16920,1,8004,66148,4,5336,8592,3,0
100540,2,2,1,26,2609,26146,0,2030,49170,0,8457,35130,1,15224,21500,1,201,60178,1,4951,43930,1,0
7357,1,3,2,47,7615,49493,2,13701,47711,0,197,7651,-1,4018,49837,3,905,92852,1,10951,33357,4,0
29355,1,2,2,36,6171,33513,1,542,3899,0,3612,70544,7,3795,20608,0,1826,46475,-1,4344,37661,0,0
44918,2,2,3,37,1066,41509,1,13020,18974,1,12653,10995,0,2637,17803,1,1809,22102,0,967,64224,0,0
63959,2,3,2,21,4138,60427,3,452,35557,0,10814,23209,0,4069,39930,4,690,41676,0,2239,42916,-1,0
4672,2,5,2,21,6791,58224,0,4827,42557,1,8155,42562,1,20856,27731,8,1708,23237,1,5579,24983,1,1
15085,1,3,1,36,5012,28998,1,1423,37510,3,108,42748,1,1463,7404,2,2794,42410,1,3724,60376,1,0
32408,2,4,2,42,4581,49720,-1,8766,45445,8,10932,48559,1,14230,51107,1,252,64670,5,4323,44671,2,1
355899,1,1,2,28,6727,17442,2,317,-2066,0,12133,42665,2,807,59708,3,2580,53933,1,1771,12389,2,0
40249,1,2,2,51,292,49008,2,15235,50113,0,5448,62968,4,588,58094,0,3431,37911,3,1699,26621,0,0
65785,1,3,1,42,6573,42969,3,242,41242,0,1775,49805,-1,5316,22033,2,208,26261,0,2992,38318,5,0
21827,2,1,3,25,1591,47579,4,1379,36251,0,3366,16285,1,1446,48218,-1,5607,46502,1,172,55374,1,0
94361,1,2,1,35,4241,34051,3,3119,58546,3,7190,-11961,1,2938,30118,2,415,50595,1,2834,37433,1,0
32945,2,3,1,59,1387,81681,3,7054,19089,1,8384,43021,-1,6540,14650,3,5219,14920,0,3376,59120,1,0
23192,2,1,2,22,9126,21974,0,15091,35262,2,2102,69322,3,3826,25053,-1,25649,19617,0,310,41419,4,0
72685,2,2,2,40,3275,59431,0,2793,45688,0,1973,14952,0,69,-16386,3,312,34207,1,166,26445,2,0
552,2,3,1,31,5149,19366,6,7079,22939,2,6662,19001,0,1825,18854,0,1588,13369,1,45,41141,0,1
769,2,3,2,42,7901,50086,5,6494,-66,8,5797,47097,-1,334,10665,0,692,3781,5,2245,54590,2,1
24726,1,5,1,47,11284,51515,1,4233,16939,1,3599,49659,0,13026,44058,3,2304,19387,0,3448,36313,4,0
3741,1,3,1,31,6585,41099,0,5870,38705,7,2725,62445,0,7915,45829,0,9016,47651,0,948,17962,3,1
11431,1,3,1,46,805,30093,4,194,35019,-1,5352,72822,0,20626,6205,2,13256,42038,0,11298,43934,-1,0
41379,1,5,2,57,9639,42822,0,2913,39634,-1,164,44721,2,10818,56559,0,9154,31103,3,4376,21833,-1,0
162245,1,4,3,35,4819,45340,0,7705,26814,7,393,21465,-1,3224,27844,0,5873,21276,0,4551,69983,2,0
84874,2,2,2,42,4700,75798,2,3214,13754,2,4255,22077,4,10710,18612,2,6315,47375,4,340,62778,8,1
71880,2,2,3,29,12713,22553,-1,10337,42740,0,1180,29127,0,5580,4193,0,641,46328,6,418,35324,1,0
34741,1,3,1,35,1430,28881,0,8967,36669,0,7453,60624,2,3717,23982,1,1429,64857,0,3513,49137,1,0
268463,1,3,1,33,1369,45694,3,9955,52756,1,7400,29998,-1,2315,37215,5,2261,-10226,0,7188,38233,1,0
50586,1,4,2,42,3599,34878,0,696,25046,2,6188,59231,0,5712,59915,4,257,5080,0,9121,70072,1,0
9112,2,4,1,47,6948,37999,6,1399,-417,3,11696,9503,-1,4459,37894,4,8619,58762,4,3894,7799,0,1
95989,2,3,2,33,2964,61407,7,150,-12089,-1,758,45743,0,4761,33702,0,1476,49470,0,4448,43898,0,0
12085,2,6,2,50,5024,-16405,3,20314,31970,2,1500,24978,1,2552,51609,2,268,58683,0,4765,20948,0,0
42346,1,3,3,50,3012,28041,8,1346,42558,1,1453,50442,1,6722,42801,3,379,22157,2,1858,48458,1,1
70808,1,2,1,43,4713,5152,1,2287,35353,1,7625,34874,0,424,9898,5,17449,32217,2,18525,2336,3,0
207324,1,4,1,29,8637,16083,1,1607,28696,1,3683,55950,2,6476,31265,0,12151,14447,0,18608,46578,-1,0
68032,1,2,2,28,995,88092,3,203,8172,1,1456,31301,0,6560,28499,3,15939,-6703,7,4901,78778,1,1
121153,2,4,1,26,5943,51963,1,1514,2212,0,733,39480,0,3627,37001,0,15698,42791,0,2380,29083,1,0
493601,1,6,2,44,7742,59031,1,516,47345,1,11175,56161,0,1527,30493,-1,8033,68313,2,9471,9847,7,0
14097,1,3,1,22,2962,38389,2,2506,35447,0,5890,37962,1,3662,23870,1,1614,36648,2,963,53197,3,0
32121,1,3,1,41,1952,55174,2,17029,32729,-1,3759,41166,8,656,69297,3,1963,25673,3,4626,33676,0,1
50182,2,3,1,24,68,4668,3,5990,9164,0,16829,55209,1,1678,39095,0,2570,17607,0,7783,58870,2,0
54788,2,2,1,43,7975,60765,2,6136,20674,-1,9471,38464,1,2734,49537,-1,7685,62277,1,20,61984,2,0
52936,1,2,2,35,1987,23603,2,3018,40902,1,980,8303,-1,5592,37652,0,13070,41621,1,2826,60634,2,0
238174,2,3,1,48,2210,29373,2,8338,45692,-1,3547,28579,3,1036,56304,0,2901,42425,-1,1518,39486,5,0
125187,2,4,1,46,2047,50103,1,11945,36715,1,3328,1530,0,860,38183,0,1793,11121,2,8004,76478,1,0
93625,2,3,1,49,3453,46328,0,16291,67584,8,9298,35001,2,4679,59447,5,1390,21663,3,12858,55889,0,1
37015,2,2,1,49,6061,41692,3,521,28490,-1,807,49426,5,5690,-17405,2,1481,54696,3,951,25530,2,0
173608,2,3,1,36,7389,12738,-1,10586,65737,0,3005,42491,3,436,41993,0,34,29474,2,990,26995,0,0
310243,1,4,1,23,2492,41996,8,1274,44337,2,5060,67893,2,168,45221,0,1333,26969,1,16335,66086,0,0
172147,1,3,2,24,5439,59211,3,2531,42162,0,14525,65653,2,795,46092,5,1747,90190,1,3586,53377,2,0
156,1,3,2,21,6377,29350,2,2119,58650,1,11476,45134,1,11564,18323,4,7471,41391,2,514,25575,0,1
101170,2,4,2,24,1761,66298,7,5621,27517,0,3816,-7843,0,5583,25546,2,3976,36553,-1,395,32849,2,0
5248,2,3,2,35,508,22546,2,4555,33415,0,4666,53426,3,12693,19133,0,2010,37284,1,16663,38723,3,0
29787,2,3,1,29,11253,40130,-1,577,15529,4,9566,24565,1,5463,49741,3,4545,26439,-1,2827,56406,0,0
6136,2,4,2,33,5652,70706,1,7635,58704,0,6820,57624,2,16796,58085,2,7763,38549,1,14250,35539,-1,0
92582,1,2,2,39,5222,26372,0,2895,46710,0,10573,46253,0,2889,7122,1,4708,78802,0,4300,66294,-1,0
116024,1,6,1,31,303,61079,0,11,61955,0,11313,53121,0,4570,44103,2,364,48261,-1,6403,47238,7,0
12158,1,2,2,23,8515,79493,1,2676,44097,0,8936,50033,3,4596,22707,0,1378,8092,2,1635,67262,-1,0
48424,1,1,1,34,4174,43420,3,3631,62060,0,47,87803,0,15,74951,6,1683,31253,2,349,17069,5,1
60924,1,4,1,26,9415,29459,1,356,25054,0,1862,50423,4,139,51252,8,2254,42085,0,7712,70004,8,1
46053,1,2,2,32,18357,24545,1,819,59744,2,2583,14397,7,784,32961,0,124,9873,-1,921,63395,-1,0
12899,2,4,1,48,15744,66092,0,25235,32043,2,5664,61426,3,3578,37301,6,6818,30642,8,6299,41500,1,1
54291,2,4,1,32,9692,65533,1,10247,40050,1,1832,31391,0,2815,65941,3,3177,20779,0,392,29498,2,0
139101,1,4,1,52,55,68986,0,715,54567,2,1954,66903,4,3879,41143,6,11344,32076,1,4282,66046,-1,0
7365,2,6,1,49,10845,39343,0,4341,86556,3,2555,70857,1,8059,4227,5,3645,41400,0,6995,30830,1,0
8357,1,2,1,29,390,60756,3,2384,56401,8,15542,52436,0,8636,70346,0,22183,53973,0,96,39893,1,1
43815,1,4,2,23,9525,39023,0,3923,58286,1,2873,14447,-1,18864,56256,0,6031,16922,1,2458,50105,1,0
284259,2,2,2,34,1643,22338,-1,3179,29092,6,758,30793,0,4077,29252,0,10895,38286,0,4438,17288,1,0
110434,1,3,2,46,4708,62483,0,246,43139,1,31,66815,0,2132,52014,-1,18112,33454,0,8004,36345,2,0
113528,1,4,1,30,194,72677,2,1894,38082,3,1349,79980,-1,1841,27730,0,3190,35595,2,1492,21567,0,0
44929,1,2,3,44,7374,19587,3,670,68153,1,13968,41238,8,2083,27199,0,5013,23612,0,8470,8875,8,1
90056,2,3,2,47,592,19211,7,3356,37081,4,15504,34504,3,1956,37577,0,12269,39050,1,5219,81680,0,1
1018,2,3,1,27,2643,40799,2,11892,66570,1,3764,16397,2,2495,52000,0,4281,49873,0,2129,26899,8,1
101086,2,3,2,28,8503,59122,1,27054,13967,2,5197,16659,0,389,49409,-1,271,12163,2,1780,52478,2,0
244515,2,6,2,42,5942,17323,0,14434,67975,1,7946,44655,-1,5017,58766,0,5969,74568,2,6053,81888,2,0
94822,1,1,2,36,30,44540,0,21236,22771,4,287,54014,1,4197,49496,0,13723,58832,2,6438,27333,5,0
206908,2,3,1,28,2579,28191,2,76,57077,8,2344,10252,2,3099,69066,4,7597,8508,0,5067,14794,4,1
128725,2,4,1,31,214,54016,1,6536,22713,0,5139,56586,7,422,74487,5,7833,68936,6,2936,75240,0,1
12846,2,3,2,34,5596,24042,2,1593,52366,1,11426,67445,3,489,46043,0,412,70291,2,111,21368,2,0
232742,1,1,2,21,17360,55436,0,10035,20748,-1,6488,52611,4,3938,33272,2,6685,29943,0,4266,31782,1,0
6875,2,3,2,42,5324,36835,0,8402,60729,0,2154,73057,0,186,36410,4,163,44113,8,4736,28596,1,1
76349,2,2,2,30,1270,21257,0,2755,56904,5,12038,47109,0,6451,1490,1,13343,41809,1,1373,43095,-1,0
15331,1,2,2,21,2194,41273,3,3205,27986,1,5462,47307,0,25398,40412,3,12284,12450,2,1135,3577,1,0
1177,1,4,1,34,18785,1240,0,1540,51561,0,8866,46925,0,4549,27661,8,19630,60539,0,9985,52443,-1,0
54824,1,3,2,27,1268,28818,2,1704,58948,2,2434,67188,3,6426,25901,0,1806,2382,1,991,49304,0,0
34961,1,5,1,51,4122,46748,-1,19862,21533,1,10,50752,5,2889,39242,-1,3885,45787,2,1177,57305,-1,0
66553,2,4,2,29,2557,4564,1,10984,19319,0,908,29404,0,5504,-1978,2,4322,71359,4,4875,56899,1,0
86085,1,3,2,24,7311,-11422,-1,1065,18573,0,13098,48468,4,5274,36422,1,4067,6225,7,1921,49077,5,1
4472,2,1,1,40,10101,-6787,0,1611,15739,1,168,48668,-1,8688,44080,0,2656,34138,8,2909,33886,3,0
13125,2,3,2,28,2083,66542,0,575,18478,0,4532,35753,2,6212,9289,5,21675,62796,1,3776,41172,-1,0
81789,2,2,1,27,5399,38464,0,22490,58495,0,2630,60451,1,6912,67087,3,10888,48046,-1,13369,26965,2,0
42032,2,5,1,40,3981,29350,0,11887,51156,0,2806,41829,0,4066,48857,0,4712,56669,1,1509,43873,2,0
130627,2,2,1,24,1631,58903,3,4015,6079,4,2560,54105,3,3313,65813,3,5216,26254,0,227,24197,3,1
105639,1,2,1,21,1586,31911,0,5902,29796,-1,349,50195,0,3069,48684,3,6263,21185,2,615,42739,2,0
186823,2,3,1,52,3867,45369,-1,6890,16843,3,652,25484,1,2487,47216,0,4627,36006,0,264,31196,-1,0
117925,2,2,1,40,836,40515,2,1139,57230,2,325,20408,2,1546,70441,-1,6146,45306,1,7014,23648,2,0
56199,2,2,2,32,8325,30580,2,13641,31007,-1,277,25694,0,169,66309,4,8477,51997,2,19797,61004,0,0
111769,1,3,2,34,357,45882,0,3740,9111,2,447,38376,4,5559,78832,-1,19055,48892,5,418,55863,1,0
32210,2,1,2,40,496,55465,2,485,43403,1,5963,71830,4,11561,37519,1,9454,59574,3,1674,41138,2,0
36573,2,1,1,44,2094,36301,3,2529,52129,3,606,39051,0,13330,24106,0,692,42316,-1,9613,5142,0,0
155582,1,2,3,27,628,30788,0,4602,20926,5,1515,47475,1,4344,16845,5,3952,19048,0,11388,22420,1,0
59134,2,4,2,38,3228,33149,1,2175,34701,0,5349,57460,1,494,20452,0,4997,12898,4,1218,38461,0,0
160137,2,3,1,29,2551,-5958,0,6006,21952,3,595,32822,1,10545,53567,0,1544,55166,2,12562,49459,3,0
172834,1,3,2,33,6397,45661,-1,10687,64880,0,12053,31706,1,6886,94527,2,3226,60117,0,4312,49791,6,0
194885,2,3,1,36,15288,15817,8,7389,31372,0,3245,61031,-1,1447,70171,0,13492,79426,1,26529,44636,1,0
248452,2,2,2,34,7003,52594,0,5145,25563,0,16491,51363,4,8136,36407,0,1498,88470,1,113,40610,1,0
56384,2,5,1,42,988,38191,0,3588,38973,2,1069,28720,0,3193,55327,0,1908,59447,3,7707,35692,-1,0
38399,2,1,1,39,13707,42102,8,1468,35849,0,155,31753,-1,10928,28932,1,11945,47331,3,284,27433,0,0
87274,2,3,2,21,2488,54006,2,3034,53769,1,4461,41706,2,1422,30176,0,495,31590,2,6629,73111,0,0
46389,1,4,1,21,3214,21469,1,1733,64320,3,1992,46592,2,8069,19311,0,10608,22524,2,14409,60650,2,0
91897,1,4,1,31,2737,47384,2,13592,64472,3,4247,64879,8,6222,20643,3,1810,41336,2,1978,51654,7,1
122276,1,2,3,53,1646,45352,2,11892,32361,4,3208,50639,2,72,51108,0,3450,37901,0,2069,17314,3,0
116605,2,2,3,26,11271,36304,3,846,46102,0,3054,20329,0,4142,69653,3,5147,78103,2,1367,16347,0,0
46928,2,4,2,32,2019,21436,-1,8647,69769,1,9525,24274,7,6285,60822,3,5198,51720,1,2821,39356,2,0
18255,2,1,1,29,4320,51904,1,6068,70539,5,1064,46194,0,850,69153,3,19555,35403,8,3200,29730,8,1
56304,1,4,1,29,1372,54069,0,18486,22481,-1,3462,42855,3,3795,55676,0,176,22365,2,4241,17211,-1,0
15384,2,4,2,36,7982,42272,-1,3111,51844,3,2689,23120,0,1812,39313,1,6083,50683,0,5830,42086,0,0
220815,2,4,1,49,7440,18593,1,6403,48464,0,5600,61057,-1,5957,29489,2,9341,42760,5,4809,2326,-1,0
42446,2,2,1,39,1757,29451,2,3647,58527,2,257,-4958,2,3884,51537,-1,4437,30970,0,520,38174,2,0
16777,1,4,2,26,5721,38793,0,359,64872,2,3768,46712,0,4857,6407,2,18591,26270,1,5000,50189,3,0
2577,1,3,1,62,6084,53769,0,239,19180,5,3255,9060,0,376,27909,0,2703,50982,-1,1070,49540,0,1
103795,2,4,1,35,4133,8330,2,651,26186,1,18168,57613,2,741,24247,0,6928,31856,2,3825,3892,0,0
101308,2,1,1,29,4588,28723,1,1756,58152,3,7049,34700,0,4015,64881,3,5797,33531,1,4428,2948,0,0
41643,2,1,1,49,4271,31946,4,1499,42960,-1,841,54954,0,999,12448,2,159,30307,1,2865,35747,1,0
7441,1,2,1,30,427,38335,3,6515,-4544,1,3558,32180,1,3452,58591,2,4023,96687,0,2704,27376,0,0
52700,1,2,1,51,5547,13973,7,6292,6674,1,7656,66514,3,5856,47748,0,1511,43156,1,2769,15657,0,0
37282,1,3,1,26,3172,35649,1,17770,53251,1,3717,2683,0,8297,47992,2,3761,23535,1,1338,-3047,-1,0
113047,2,5,2,49,2885,33790,2,1858,56782,1,2205,57589,1,771,30649,0,10774,-11457,-1,8127,22356,0,0
93084,1,2,2,37,9830,19248,4,13939,13010,7,2363,27843,0,6771,10735,7,4972,7187,0,3324,37962,3,1
45349,2,4,1,47,117,37640,3,4744,61983,-1,2286,47501,-1,2256,50005,0,4505,34141,5,3517,35276,0,0
24576,2,1,2,54,1447,29176,2,3419,36057,0,100,48341,0,5680,57717,3,5580,73900,3,1020,15934,1,0
442585,1,2,1,23,647,49911,1,5510,19550,7,6557,12151,2,784,49943,5,3757,85737,0,3226,19943,2,1
60513,2,1,1,47,179,22293,0,6066,28794,1,4719,59948,0,3619,37119,0,2969,35234,8,2874,33178,0,0
116563,1,2,1,21,1612,41796,4,943,15545,1,1564,47874,1,9087,17241,-1,2345,47283,1,2672,23416,1,0
15146,2,5,2,24,22316,23832,3,6965,27681,-1,4971,42338,1,562,27538,4,6021,36692,3,2954,46447,0,0
66473,2,1,2,26,1575,28004,3,6458,2622,0,1846,47703,3,8792,49004,3,7474,49106,1,1412,51185,5,1
2792,1,3,2,40,5448,45945,0,30022,38523,-1,1394,42504,3,3014,24198,0,2751,35190,3,7921,49067,-1,1
70411,2,3,1,35,629,44694,0,12149,51742,0,6757,56693,-1,8665,20760,3,223,28855,2,1086,18124,1,0
332471,2,5,1,33,4604,31659,1,5770,13051,2,8280,30571,1,15896,11067,3,3916,26865,-1,3875,46672,4,0
48484,2,2,2,36,20828,34611,3,6230,40340,3,4913,56723,2,869,50704,1,4262,54200,5,1946,47182,3,1
3977,2,2,1,40,1725,10927,4,14592,23906,4,7665,51445,4,5613,50284,6,3260,66055,3,6346,69724,0,1
3144,2,1,2,41,9421,68055,0,17083,53376,0,2276,36559,-1,1340,63083,1,2230,31013,0,5875,79487,1,1
49100,2,3,2,45,30102,53749,2,8771,-6288,0,372,76924,2,728,-2881,1,11312,54548,0,5991,64803,-1,0
17438,2,2,2,53,4440,53028,-1,7292,54237,1,4642,49032,3,4945,63437,-1,3280,43133,2,10828,30846,0,0
2362,2,4,3,34,1850,8099,1,590,3644,-1,1478,43900,0,571,62269,7,8021,32350,2,7588,24563,0,0
141146,1,3,3,29,5597,28090,1,8869,35801,3,7513,51479,0,3129,64173,0,5076,53563,-1,1999,35982,-1,0
61345,1,3,2,41,9316,33309,3,1459,25821,1,2216,37904,1,5052,42392,0,7733,66959,5,2501,28564,0,0
34142,2,3,2,23,939,1378,4,4148,32785,7,5553,64022,7,3462,44435,2,10505,23517,2,10101,81880,3,1
230341,2,1,1,28,3012,57799,0,2599,9412,0,4024,39572,2,5971,44342,-1,1394,33547,8,8678,59109,1,0
12345,1,3,3,44,1922,69077,1,2120,73202,0,8504,56388,1,8082,21739,1,8820,69334,1,12707,52458,6,0
312172,2,6,1,33,1665,81238,2,1857,14268,0,8928,18634,-1,10288,22589,0,6384,39148,-1,9120,56064,0,0
37682,1,4,1,22,9859,19082,0,9669,15846,0,353,4083,1,4103,44514,-1,4117,24106,5,692,67421,2,0
219286,1,4,1,21,2737,42346,8,7329,75896,2,1748,48052,0,1619,35017,2,3936,43397,3,2004,52363,3,1
92367,1,4,1,35,2070,66456,4,3705,46454,6,10235,32323,0,3563,54322,2,1865,40172,-1,1730,36178,3,0
175277,2,2,2,46,4625,34927,0,5460,14914,-1,2587,36146,1,2452,32869,2,3889,61112,1,2381,54841,3,0
413598,2,2,2,46,1238,28660,1,20843,37424,0,3616,-6828,0,1280,10626,2,2425,39126,-1,1728,54673,0,0
34024,2,1,1,36,1306,2679,0,2533,35285,0,1012,74012,-1,3765,11559,1,10982,39797,0,7682,17656,1,0
324767,1,2,1,55,3672,62652,1,4004,6246,1,4022,42091,2,114,24774,1,4362,38962,4,6033,88015,4,0
49344,1,2,3,33,2632,39614,2,3812,24834,1,1536,66691,2,4651,54522,0,1776,43350,2,1108,27729,1,0
48696,1,3,2,33,1747,25413,-1,13742,39472,2,8837,12148,2,8618,29614,-1,779,70331,4,991,70846,0,0
41610,2,3,2,21,277,45677,4,2165,65328,2,1117,41972,3,37399,45969,4,5920,54496,1,1229,36788,-1,0
77959,1,4,1,30,3677,43060,1,21435,36223,1,2230,48150,0,12734,6554,2,5463,19151,3,1884,63176,2,0
16740,1,4,2,43,8480,43365,8,1817,37727,1,499,42679,0,470,43240,0,2231,45631,1,5739,41076,4,1
80678,2,5,1,50,9531,35658,-1,576,23696,3,4433,44669,1,886,40755,0,884,46915,1,2301,11134,0,0
78024,1,1,1,26,1342,72447,3,1062,61917,0,14234,12201,-1,746,63804,4,6297,47532,1,2760,61383,8,1
143507,1,1,1,39,4576,37326,3,2777,58046,-1,950,46340,4,4086,43084,7,1576,10403,0,214,69467,0,0
179366,2,3,1,45,9685,72386,0,5245,55786,0,99,23146,1,235,55257,3,9902,42925,2,3270,39857,1,0
58060,2,2,1,35,2627,51282,0,3636,42236,-1,2744,27645,0,13822,78914,1,6477,28641,4,2913,57159,1,0
36001,1,2,3,21,13451,47023,4,2360,8028,0,6899,40330,1,319,40798,4,11146,10053,0,5753,26141,3,0
30020,2,2,1,37,11664,37734,1,4128,61733,0,18464,32961,0,2481,70675,2,20864,64185,0,1125,41260,1,0
21644,1,2,1,42,1166,59479,1,9125,41146,-1,263,34111,0,11220,42479,2,2085,34354,5,6411,62176,0,0
5937,2,3,1,25,1498,42259,5,9129,33828,3,7708,62479,1,14819,29314,3,3506,34653,0,6325,47645,7,1
41923,1,3,1,32,994,21357,-1,6477,48969,1,2299,36879,1,3130,37827,0,2585,57642,4,4869,50238,1,0
31505,2,3,2,23,1091,20690,1,15229,44483,0,834,32062,1,3351,29866,3,403,60481,2,2216,60536,-1,0
339374,1,3,1,21,11922,48449,2,4460,18616,3,1067,37539,1,5055,30588,0,2595,35023,3,302,73742,1,0
81578,2,2,2,45,13378,21852,2,38,33584,2,12877,17770,3,2618,28530,0,2933,40586,0,1350,62632,1,0
42660,2,2,1,34,266,38755,0,1719,1918,0,8286,43251,-1,1962,33932,3,952,19797,3,13307,46634,-1,0
86861,2,2,2,50,4502,61143,1,1989,41720,8,1867,54436,3,6724,54214,1,10741,21152,-1,10569,39705,2,0
14988,2,2,2,43,4153,46079,2,3962,66602,0,14082,46279,0,4523,5974,1,1729,65956,0,1098,43841,1,0
58706,2,4,2,31,2475,25557,1,11763,4087,3,556,40733,0,3285,45742,1,7106,40909,0,1937,14321,0,0
98412,2,4,2,34,4994,68199,2,9104,42572,7,1946,52029,1,531,42404,8,396,59399,2,49,45359,0,1
67118,2,3,2,40,14722,50957,0,1320,53369,2,5291,28917,8,356,67688,4,152,36694,3,1858,17102,1,1
51379,1,2,1,44,933,60355,3,3663,56327,2,37254,40784,-1,3575,32686,1,27002,48402,0,8062,32518,4,0
509104,1,3,2,38,641,-5351,1,5381,25076,5,3133,67966,2,4830,62634,1,656,5125,3,4233,55004,1,0
212289,2,3,2,46,169,46617,8,21914,17955,0,8322,34118,2,5357,22802,2,7259,57214,1,10158,32128,5,1
97658,2,3,2,32,2261,56843,-1,159,28258,0,12376,52157,1,11263,30900,3,4638,39420,3,16284,68179,3,0
84252,1,3,1,25,2059,74005,0,3116,63817,2,48,52657,-1,8470,48333,4,3016,30600,2,1250,39192,2,0
96932,1,3,1,34,2817,10723,0,22159,5808,4,1704,24846,2,758,52155,0,188,52571,0,4045,64083,2,0
22478,2,3,2,37,3498,64122,1,18906,15680,2,528,53758,0,7909,34696,2,1992,59874,2,7035,34474,2,0
50275,1,4,1,22,7090,72887,0,2007,30824,8,7481,27863,-1,5639,44456,0,11517,31884,3,4859,37851,1,0
4025,1,2,1,21,2488,-345,2,0,20486,0,4185,48581,2,8802,36713,2,11777,16078,-1,1507,63066,1,0
64539,2,4,1,39,2006,49571,4,4418,39166,3,502,27540,2,9268,55827,0,4577,73311,0,18896,36457,0,0
78312,2,2,2,30,8768,52352,0,10084,68290,5,2729,45621,4,2119,37068,3,4274,35687,1,5609,47492,1,0
25844,2,1,3,33,9478,33459,0,1960,15923,1,3607,42584,-1,1527,35541,2,2772,1619,-1,51,31500,2,0
332503,1,6,1,31,1324,30198,4,13610,37072,7,5982,42238,0,4021,59825,4,7470,31561,0,3630,-5878,0,1
240190,2,6,1,50,1889,53357,0,2022,39834,0,7558,45439,-1,1773,44205,6,10725,48992,3,907,28060,0,0
128064,2,1,1,47,8718,27700,1,4710,33308,7,459,29386,0,2151,53366,6,6500,38362,0,6420,69243,0,0
76225,1,3,1,22,413,35655,0,6401,8431,5,3343,16673,1,358,89971,0,3725,37419,0,336,46709,-1,0
203998,2,2,2,29,1971,56248,1,2118,27243,-1,878,41632,1,23758,296,0,5033,32962,0,2082,57873,5,0
14001,1,3,2,43,2974,75080,0,2170,27303,1,6997,62055,0,1850,19450,1,1240,31580,1,1880,58594,5,0
156307,1,4,1,41,1035,50759,2,3174,52670,1,5359,51664,2,7572,21444,3,23681,14441,0,11103,55582,0,0
13332,1,6,2,34,991,42669,1,9015,48391,-1,6418,48944,1,24923,22928,-1,13734,14047,3,10341,71904,3,0
158090,1,3,2,23,2765,29672,3,531,8962,-1,389,29782,1,17389,68462,5,15690,47279,1,8667,33630,0,0
32264,1,2,1,28,7022,19787,0,4991,32257,-1,3570,43729,3,5024,-13342,1,912,64608,2,6857,69704,1,0
209630,1,3,1,29,9170,62191,1,5655,29994,1,9181,23390,0,3868,49633,2,5289,34482,0,15448,53415,1,0
288315,2,2,3,37,19372,36931,0,4080,79093,1,6247,31528,0,1850,9345,8,5340,67716,1,1060,48909,2,0
16110,2,5,1,52,384,63014,6,13731,45846,6,9893,47141,1,9884,40511,4,2193,61976,0,8572,-1119,2,1
62115,2,4,2,28,1221,33408,1,4606,18451,0,1154,3666,3,2062,45187,0,10019,37362,1,5595,48035,0,0
396265,1,3,1,24,7065,27014,0,5033,24464,2,1690,74590,1,564,58125,1,7624,52758,2,6043,58352,0,0
66050,2,2,2,33,3889,48415,0,4578,32429,-1,2910,13316,-1,1741,34689,3,6357,49786,1,2783,44657,0,0
199177,1,2,2,45,1985,38469,-1,6401,47247,2,3703,77774,8,1892,36537,2,146,29900,-1,5280,65010,6,1
88850,2,1,2,21,1150,15889,-1,727,49698,5,1452,23221,2,6337,-990,2,23315,-3155,0,1355,65910,-1,0
47053,1,4,2,49,1645,76347,1,11234,44009,0,2400,23024,2,928,85602,-1,6335,42775,4,3777,34426,3,0
33656,2,3,3,33,2804,27460,0,217,35804,0,5808,32047,1,1905,46128,0,17440,54029,3,17649,42188,1,0
22718,1,2,2,27,974,58551,7,5118,37279,2,5183,31211,1,398,48775,0,453,28929,3,5771,34691,2,1
143463,2,3,1,21,16652,56837,0,4778,37420,0,585,27899,8,9432,61460,0,5926,80142,0,5626,31565,0,0
48864,1,4,1,42,569,14810,3,1166,4341,1,21238,32588,1,6450,38650,-1,6828,60649,-1,1341,41987,-1,0
71595,2,2,2,33,21194,19952,0,207,38774,0,4136,41834,0,2876,48477,3,334,10548,3,9188,44689,3,0
67791,1,4,2,36,9222,33969,0,747,28454,0,3304,22051,7,2810,54306,0,333,36107,2,12844,-1808,0,0
86104,2,4,1,25,2750,22687,7,1585,6943,2,17093,56814,1,909,10504,3,7183,23203,1,573,39213,3,1
200676,2,5,1,31,6731,74529,3,10689,88357,5,756,68244,-1,2426,50612,6,7989,32652,2,3011,48099,1,1
394969,2,2,2,30,5566,35996,2,9680,46226,1,3922,1105,1,11866,81503,0,12049,53084,6,5480,42594,2,0
52354,1,2,1,33,1199,57794,2,329,40262,-1,8175,77107,-1,746,74936,1,7392,34965,0,10749,38587,0,0
175746,1,2,1,28,2070,50272,8,1707,32577,0,2545,55450,1,7241,70641,-1,1374,28593,0,3849,19781,2,0
144616,1,2,2,21,3598,45280,1,11005,54604,7,6664,45151,3,241,78210,0,17321,41881,1,2724,13874,4,1
85221,1,2,2,62,5078,40806,0,1350,16753,5,11471,28515,1,1867,14808,1,1554,55195,2,200,29358,0,0
312463,1,3,1,21,3914,64742,-1,27564,33745,0,1516,43332,0,9384,29502,0,6495,54996,2,4008,3753,3,0
22373,2,3,1,36,3202,23498,2,1484,20956,5,1381,57949,4,2943,21771,1,3768,52306,0,1997,39137,1,0
11570,1,4,1,21,2927,74526,2,6718,54431,7,2236,92198,5,6064,109902,0,652,67404,2,24904,23163,0,1
192388,2,1,1,21,3448,14255,2,2698,23465,0,2710,83838,0,546,44878,8,13095,38190,1,4557,44033,3,0
57830,2,3,2,35,2848,55630,0,732,62026,2,588,9427,1,5750,11714,0,4432,32775,-1,1207,28781,0,0
187711,1,4,2,36,3897,11896,6,1472,38014,1,1315,35843,8,8546,17966,-1,481,36891,2,24539,1103,4,1
223576,2,4,1,47,10945,33685,1,5621,55489,0,10326,41550,0,8180,42142,1,2417,23812,1,4470,20373,0,0
6449,1,4,1,38,5009,41866,2,2055,47997,0,4180,66871,0,2889,12741,0,7240,23345,4,7332,43726,2,0
214956,1,4,1,33,6411,30266,-1,4633,61184,0,1558,38322,1,11724,77373,0,4817,54776,2,17370,55593,2,0
59478,1,5,3,25,4550,36366,7,1150,21296,5,14375,24895,0,4278,55810,0,1264,56612,1,6941,34533,1,0
71423,2,2,1,49,5150,12260,1,2976,58112,3,7442,41075,0,8515,46261,4,4213,-12917,4,14356,45033,3,1
98508,1,3,2,44,4317,20250,1,3589,2748,0,2250,32293,1,1200,18927,1,1847,58804,2,2247,36331,0,0
260887,1,1,2,22,136,49965,6,2661,40862,1,7250,59730,0,1180,13578,0,3746,31774,0,264,35678,4,0
1930,1,1,2,35,39100,40593,5,1102,29081,1,4532,87751,2,7019,46983,3,1913,27352,1,16615,23775,1,1
64787,2,2,2,36,170,26189,0,3095,11909,1,5757,58211,0,5201,42749,1,3428,33460,2,3967,39366,-1,0
116386,1,2,1,31,2513,66485,6,5902,22129,3,1938,59017,-1,5639,14332,0,9230,14757,3,7377,27739,1,0
128268,2,2,2,42,555,15601,2,16748,27186,1,1175,64711,3,1349,38922,8,1191,36639,0,4008,67550,3,1
117938,2,2,1,43,509,32768,-1,7791,36068,0,1462,49090,1,2550,38974,-1,8,78298,2,7157,26496,0,0
14437,1,1,2,33,7887,29886,0,880,29503,0,437,32025,3,1494,54761,2,842,9046,2,307,43523,2,0
35581,2,5,1,32,2774,52300,1,1592,41600,1,3184,33995,0,352,82127,3,9221,52366,0,345,18674,1,0
44428,2,1,2,49,8075,40963,1,410,23396,2,2606,61920,-1,1140,-1590,0,2681,59492,0,12616,36010,0,0
163187,1,4,1,44,1592,37836,2,728,30462,1,12,45778,-1,26658,56023,0,6730,51639,1,2861,19797,4,0
32678,1,2,2,35,1481,3115,0,1442,34218,2,9702,20354,3,1333,26070,1,156,70674,1,1789,28604,1,0
23661,1,5,1,21,1446,57300,3,1112,43641,3,5726,66182,1,867,48430,1,791,59632,0,12315,59504,3,0
315702,2,4,2,38,4787,35643,3,1201,56976,1,2959,24517,8,5968,42614,8,4207,53418,-1,33779,39094,1,1
890,1,3,1,41,8436,42313,2,1311,57073,8,17059,17452,3,4608,50002,-1,6370,60761,4,4762,56571,0,1
612882,2,3,1,21,3009,25028,5,1788,44749,0,14112,22462,-1,6852,15138,2,7753,59837,0,4104,35783,5,0
112954,2,1,2,37,2384,21883,3,671,48605,5,499,46127,4,5301,59392,3,5150,33019,0,12475,54695,0,1
176299,2,6,3,30,18168,69985,0,1627,46237,0,4774,59454,0,1261,40817,2,7066,52623,1,982,56363,1,0
34901,2,4,1,32,620,4535,3,5830,33707,1,8491,45094,1,3474,67834,2,906,34541,-1,5011,54253,0,0
1441,2,4,3,25,3333,18916,7,1348,58011,1,949,28862,1,971,71848,4,5367,13318,0,8206,59017,0,1
133891,1,3,2,33,2625,69609,0,942,21710,0,684,23841,-1,1462,44736,1,2769,76734,1,6725,49758,-1,0
179663,1,2,2,48,516,52814,8,350,-962,7,1504,55422,0,21682,59797,4,12318,28931,2,6899,31442,3,1
134890,2,4,1,30,1561,33490,-1,3465,19170,0,1640,38145,1,6522,58067,0,4776,61909,3,8173,11678,0,0
15414,2,2,1,44,144,64931,1,9225,68062,2,16759,46820,2,7635,66774,1,3900,50694,4,1193,24774,1,0
140010,1,3,2,26,10475,48937,3,304,34091,3,7581,37194,0,152,65326,-1,4316,22081,1,4053,47832,1,0
146500,1,1,1,42,4680,44653,3,3907,45482,0,307,45988,1,2407,16720,3,8898,24483,0,581,62252,4,0
107452,2,5,2,35,8437,44511,2,5257,34520,8,7720,47804,0,4051,45564,3,56,47946,1,475,49784,3,1
145292,2,2,1,38,3686,49304,1,4488,51233,1,929,88507,2,810,12233,1,9840,47988,2,8512,33767,2,0
187029,1,2,1,35,4575,50113,2,10503,41414,5,2209,48049,1,9437,29561,0,148,32476,0,8354,31476,5,0
95089,1,3,2,41,6034,83919,2,10064,38628,2,1917,32252,4,751,30373,0,4369,8362,2,1006,40695,1,0
9277,2,4,2,21,11930,36102,1,295,52275,2,1589,43512,8,5059,51702,0,3491,56064,0,4168,52139,3,1
66870,1,3,2,21,481,36719,1,2238,30686,0,1846,21007,5,4028,35396,1,2312,-18501,0,198,40715,4,0
8082,1,2,1,39,2009,15262,3,5555,47441,3,7016,20831,0,9462,36807,0,688,46962,6,2316,30000,3,1
52347,2,1,1,21,6172,38962,0,15229,36505,-1,1550,64993,1,1868,59983,1,662,62656,1,796,23017,0,0
52274,2,4,1,29,15892,77257,1,8165,37851,1,8065,46083,1,1670,57588,3,6777,3015,0,2329,25679,3,0
6828,2,6,1,34,19766,59689,-1,971,23628,-1,477,62380,3,9367,45519,2,602,43199,2,4337,26097,1,0
42896,1,4,2,26,5081,29126,2,1637,35680,0,4521,7501,0,1251,54983,1,5811,32324,0,8165,38715,0,0
11765,2,3,2,28,1075,40600,0,7211,29175,-1,9938,20489,1,6852,52918,6,23181,43899,-1,3600,23817,0,0
165148,1,5,1,37,634,14071,1,3188,62598,5,413,45964,2,1060,79297,0,5726,59557,4,13403,28805,2,0
295052,2,3,2,45,14597,20617,0,3962,6318,2,5037,23512,0,10425,35824,2,390,13071,1,532,53713,0,0
7506,2,3,1,25,2845,42988,-1,4694,57785,2,3583,11520,1,9133,24960,-1,3905,35533,3,3870,51738,0,0
310365,1,3,2,29,1083,30110,1,545,5114,4,2016,18421,0,7743,44077,2,8992,36710,4,11882,73927,1,0
73935,1,3,1,27,13582,19108,1,9688,50744,2,530,33576,0,3381,20992,2,15462,1025,1,1335,46812,0,0
35605,2,4,2,21,552,49796,1,9943,23245,0,5642,48262,0,172,32641,3,6503,51472,-1,7367,11854,0,0
7997,2,3,1,36,6538,38354,0,3157,51326,2,1850,74303,-1,710,49002,2,1852,72571,0,1472,9185,2,0
69439,1,2,1,44,4907,8648,6,4928,37572,8,2069,18948,-1,3049,29852,0,1446,53411,0,19013,42536,2,1
158238,2,2,1,45,459,-1502,-1,5392,11352,0,6322,19982,2,223,35438,-1,7658,42597,2,7072,39035,5,0
122787,1,1,1,26,2068,28599,4,1051,67172,2,14534,10981,6,327,34540,2,7142,57718,1,5296,34998,3,1
5153,1,3,1,22,812,8234,2,597,55532,1,2029,51462,2,670,31334,3,3331,28100,1,10320,16385,0,0
7569,2,2,1,35,4638,2621,0,104,50063,0,6866,42496,0,1511,18070,-1,454,22370,2,4429,20771,1,0
51562,1,2,1,43,3241,62579,1,12202,27192,7,15687,20703,0,6917,60244,0,5574,50272,-1,1728,61510,1,0
34996,1,3,2,36,21,38045,8,2121,56221,0,514,23383,1,245,67401,3,4463,44578,0,1913,60400,0,0
26446,1,3,1,37,18588,34691,2,448,14334,-1,3766,37521,4,20564,59032,7,59,46277,4,4443,45294,8,1
32990,2,4,2,46,2150,36231,0,3134,-4552,7,56,38652,0,1599,58854,1,5142,22822,3,3754,52468,-1,0
162700,1,3,1,27,1493,17243,1,393,8753,2,8719,19206,1,1929,31686,0,709,9900,6,11930,17057,2,0
264829,2,4,3,32,1257,48219,1,445,21560,0,1690,43543,1,1424,43504,0,8738,19217,0,3903,46330,2,0
51936,2,5,3,51,864,37385,3,3355,24903,0,2023,12474,6,4611,24412,3,5597,22944,0,3574,27007,6,1
236564,2,4,1,33,35275,24851,5,3554,31303,5,5812,40980,1,98,37303,1,265,-823,0,2974,64891,5,1
38786,1,3,2,22,1748,27847,-1,4339,32191,0,7783,36448,3,491,39081,-1,3794,49503,2,688,49673,5,0
64709,1,2,1,28,2600,15450,0,5340,27003,1,2554,48022,-1,520,12297,0,8183,14213,3,642,9045,8,0
25622,2,6,3,25,10253,31875,0,5517,-2326,0,5475,64225,0,5461,42642,3,8859,13107,2,5511,15563,0,0
102297,2,2,2,38,5134,35207,8,2836,43842,8,15658,32586,2,1998,29383,0,446,34761,1,3069,38360,1,1
386233,1,2,1,26,2299,31354,1,5157,34706,3,10897,40007,2,2876,45304,1,410,21878,3,3950,21830,0,0
92506,2,3,1,37,11430,41103,4,1817,26073,1,6041,386,4,14975,35298,5,7458,8443,-1,13091,62321,3,1
44287,2,1,1,27,6925,38429,1,2910,67960,2,14329,79434,1,1115,46928,8,1324,10654,2,7638,2912,1,1
104360,1,6,1,21,1293,44615,2,2498,35156,5,10434,2788,0,363,53955,3,4507,50710,4,2386,38597,2,1
13115,2,3,2,38,5160,58861,0,1995,41170,7,6528,38342,1,2911,14932,0,4693,33271,2,7523,8294,-1,0
219515,1,3,1,36,12780,51860,5,1362,55917,3,12459,-10972,2,896,33607,0,4968,9727,2,18190,32436,-1,0
69933,1,3,1,40,3430,59091,1,408,10202,3,8502,23486,3,781,27040,0,2061,69118,2,892,15187,-1,0
59665,2,3,1,28,6614,23045,3,3525,39547,0,3488,74708,6,2639,63566,0,203,25774,3,11355,38598,2,0
88156,1,1,1,27,17720,29827,0,3853,55850,0,3488,62894,0,5538,73955,0,3855,50596,0,2186,21705,0,0
98025,1,3,1,39,5862,53071,2,2048,38173,3,44,59700,2,1390,40848,0,3618,37838,4,6655,26141,2,0
7448,1,4,2,50,540,53429,1,18616,13933,3,153,36144,0,10435,48089,2,2838,41958,0,5688,61275,1,0
114764,2,3,1,35,1402,26427,-1,4070,30350,5,6856,73018,0,2250,10520,2,1639,40414,0,6139,31036,0,0
27698,2,4,2,39,4520,52231,1,10991,43779,0,4045,45147,0,13594,46061,0,9258,12423,-1,11124,-14772,0,0
125159,2,2,1,31,1611,21129,1,4220,-2137,2,7155,53796,3,3390,34824,0,2310,84881,-1,4977,36672,5,0
172898,1,2,1,21,15796,49621,0,1053,12946,2,14945,92938,5,6486,67171,2,677,24789,1,1057,68279,2,0
162942,1,2,2,44,2598,39474,0,18369,79470,3,3012,61806,-1,9452,35450,0,7096,56507,1,5527,47192,2,0
80408,2,2,1,44,3055,12311,1,10828,49691,-1,463,38690,3,3772,23588,0,5056,24185,2,2066,58472,2,0
73432,2,4,1,42,6046,31318,0,3186,69669,3,4924,50208,0,9496,13143,0,1849,17890,1,15434,27782,0,0
15417,1,4,2,33,3714,83645,1,1392,57326,0,525,68082,1,2373,43621,1,819,67385,0,1879,52736,0,0
149319,2,2,1,40,2407,44055,1,1259,47879,2,4855,52449,2,2258,29131,2,2896,71134,4,1379,30833,4,1
31664,2,3,1,43,398,86008,0,8200,33818,2,3751,55661,1,7900,64345,2,341,49073,0,78,46387,5,0
68655,2,4,2,51,4537,11121,0,358,47624,1,6227,65758,0,1380,52664,0,1260,56141,3,9905,63446,1,0
33445,2,2,2,44,10108,55014,3,5081,68999,2,2161,90602,5,6312,37980,2,16616,14917,2,12388,18502,1,1
14367,2,2,1,35,5788,-10686,0,5110,56510,7,776,21303,1,401,52545,0,815,53188,0,350,4055,0,0
99305,1,6,1,21,2402,39995,2,1007,43336,0,1347,54041,6,5047,74863,1,1607,52980,1,2677,31581,-1,0
5586,2,3,1,36,683,52624,1,6102,36553,2,5754,49191,3,14228,16801,2,748,48770,3,2711,46583,2,1
138088,2,6,1,37,8473,56757,7,6110,49966,0,3252,32286,4,3048,27298,2,12152,72932,8,8054,72943,1,1
38211,1,2,2,42,14214,24014,-1,2154,29359,3,3891,27052,0,2688,78833,-1,12940,-5605,0,2105,41752,7,0
13,1,4,2,48,2457,60781,3,3302,49969,1,1950,73041,8,3888,24911,0,306,36415,2,2103,52530,-1,1
71565,1,2,2,34,6521,29325,1,8941,26040,1,9060,19555,4,6357,53246,-1,11424,69642,-1,2015,26276,0,0
4798,1,2,1,56,2644,36718,-1,3702,32921,3,37574,11819,0,2222,63740,1,767,17752,-1,2803,26836,8,1
32319,2,3,1,21,3488,31333,0,4813,19445,1,1871,28740,4,0,39684,1,2531,52990,1,5145,46931,2,0
122750,2,2,2,39,9053,17272,1,2661,31204,0,6340,4361,3,3486,53789,-1,4413,30283,-1,17297,71757,0,0
6474,2,2,1,27,435,71394,0,810,26325,8,938,23082,2,2717,34121,2,3103,41768,5,3755,40481,0,1
182845,2,2,2,21,3778,40960,0,31242,73838,2,6782,18948,-1,3803,76333,3,730,18852,0,2467,45316,-1,0
382,1,1,2,32,1207,61746,5,3791,22110,2,2818,41720,-1,6281,31162,0,7841,85258,0,88,26363,5,1
28345,1,4,3,21,2076,60894,0,2050,47696,2,4648,68909,2,1666,20908,0,5814,17056,0,873,28713,1,0
135055,2,3,1,33,5170,20641,1,6255,21062,4,1356,28214,0,3518,57774,3,14168,37396,0,14790,62419,6,0
38019,2,1,1,35,138,64322,3,4848,40937,0,9541,57302,-1,1461,54199,2,2176,34811,-1,1503,10890,0,0
10746,2,2,2,46,4504,50068,3,1325,45798,-1,951,55025,0,3074,42981,0,2814,61486,2,1126,24752,6,0
44665,2,2,2,21,1666,19181,-1,10474,2977,0,13197,-4409,3,2112,40660,2,2152,41394,0,945,35215,3,0
31524,1,3,2,44,5535,48977,2,367,12045,1,316,28961,1,2302,30080,4,325,8466,0,4434,42177,0,0
184967,2,1,1,35,763,19540,1,4653,20906,0,1698,32479,2,4329,25306,0,282,27132,0,2512,38201,1,0
37592,1,4,2,45,6655,72129,0,3249,13935,2,4138,47629,3,5849,27885,2,7163,-3243,0,4384,55813,6,0
155557,1,1,2,30,5187,56275,0,1915,41681,-1,9776,51401,0,63,46254,-1,1676,41456,4,18250,99124,2,0
222444,1,2,1,21,17744,38577,-1,8754,44851,3,4302,46616,-1,10463,35865,-1,3338,75620,1,387,18859,3,0
56883,1,4,2,22,12108,65296,0,5339,18738,2,1217,22100,0,2265,10179,1,19309,36014,1,723,45452,2,0
240731,2,4,2,22,1665,8360,0,7125,42483,0,9796,27333,7,5158,31589,1,89,46800,3,4261,26564,-1,0
47371,2,1,1,39,138,25013,0,2677,31518,0,4533,9935,1,652,35746,3,3645,62043,0,895,58575,4,0
332641,2,4,1,49,5326,34951,1,14271,38010,3,1322,41327,1,4236,50195,3,3651,26185,3,5444,76826,3,0
9353,2,3,2,29,4617,84713,2,2113,27431,3,4125,32656,3,5673,45840,0,32679,61994,0,8415,38883,1,1
116161,1,4,1,41,139,18590,2,3786,49753,3,5624,50653,0,856,75108,1,8988,78247,2,6505,60073,2,0
68085,1,3,2,21,654,5853,2,13564,72698,0,5705,53937,2,12160,20409,3,345,4507,0,1909,20653,0,0
49044,1,3,1,36,4393,11112,4,434,55486,7,6436,33324,0,7083,51060,0,854,62739,2,9106,65343,5,1
100160,2,6,1,41,12142,58124,4,575,67867,2,11304,45641,0,3816,52695,0,172,10347,1,3569,74497,0,0
121691,1,2,3,21,11848,28116,4,25738,11943,-1,8709,35683,0,908,45585,-1,1095,24504,-1,7641,37382,2,0
437,1,3,3,32,821,36818,0,17770,26485,1,4678,17730,0,10032,34057,0,1193,62628,2,16334,53414,1,1
18266,1,3,1,42,2427,55256,0,7385,51304,2,163,23996,0,355,26328,2,470,46443,2,3129,15063,1,0
124843,1,1,2,21,220,36838,1,3310,70165,0,6921,-5378,-1,611,39184,1,3745,30823,0,3128,27599,0,0
109776,2,1,1,48,3167,44082,0,3526,53008,5,18436,32085,3,5989,4241,0,18446,84673,6,1433,50884,0,0
338279,1,2,1,38,6993,50704,0,1486,19475,3,1823,28129,0,1464,21521,-1,8143,33403,0,655,87468,0,0
143144,1,3,1,42,7802,31386,0,2834,31306,-1,4668,18097,2,3074,20503,0,1136,61927,0,6641,3610,-1,0
301130,2,3,1,30,3455,36673,8,2822,46668,5,7319,56383,0,3870,50074,2,7639,33889,2,6895,43877,0,1
121247,2,3,2,21,503,44839,0,183,36706,1,5095,50525,0,3064,52507,-1,20155,49156,0,3409,65270,0,0
35389,2,1,2,40,2401,57363,1,3017,24024,1,12790,51074,2,438,18554,1,9016,49840,5,7069,76602,2,0
11133,1,3,3,34,13448,24152,-1,3267,34194,3,3206,53832,2,6687,13847,0,3161,41606,2,1396,35995,0,0
152245,1,5,2,35,1304,-20411,2,5479,39711,2,3794,39964,0,1372,10736,1,1569,11628,2,17,65913,-1,0
103324,1,2,1,45,1926,53591,1,3633,18301,1,194,39758,2,6707,59555,1,6889,45541,0,165,54808,3,0
4938,1,3,2,42,6868,58554,0,9891,59690,0,11524,56604,-1,10023,58301,8,7719,28409,3,4086,75535,0,1
44636,2,4,3,54,6613,44000,7,2290,31207,1,1520,53345,0,3843,52989,3,1760,30842,1,262,36045,-1,0
314191,1,4,2,36,12163,45365,3,2635,38548,1,19180,60548,2,6127,70065,6,1269,51867,3,8844,41955,0,1
69394,1,3,2,28,2456,28713,2,4237,60701,2,1128,39127,1,188,75557,1,5575,50490,-1,6253,27620,1,0
56691,2,4,3,33,3613,50003,7,1132,37500,2,1461,20272,0,187,20132,2,10965,24883,2,10421,34111,4,1
61193,2,2,1,39,3149,57063,1,2500,59607,2,3314,44742,1,1098,32111,4,104,44350,2,5834,33995,0,0
23430,2,4,2,45,13138,41129,2,5794,19415,1,5401,28434,1,2218,55605,-1,21749,40406,1,319,23709,1,0
45998,1,2,2,21,7333,89824,0,2653,48659,1,2905,53070,2,1009,-15213,5,1065,22763,3,1928,75933,0,0
46173,1,2,3,35,8902,8725,2,11855,56786,0,2167,45756,-1,5038,34985,0,2149,23996,6,2207,41266,0,0
5377,1,1,1,51,714,43259,-1,4776,23402,0,3883,41028,3,1620,59253,2,271,24315,0,4342,30394,2,0
145915,1,4,2,32,7847,16512,0,834,36432,2,15886,32159,-1,9345,33027,3,285,39779,-1,16455,31984,2,0
53871,1,3,2,44,2836,57596,1,3341,36846,-1,16344,60013,1,4111,54634,0,1592,33916,3,7345,9059,1,0
172698,2,2,1,39,118,8370,-1,7236,44192,-1,1987,58478,2,2374,-7,7,4162,44186,1,1452,52227,0,0
189944,2,2,2,44,309,13321,1,5154,49496,0,5699,28790,0,11178,45680,5,11567,22407,-1,512,22722,8,0
23824,1,5,1,26,5664,27336,1,10825,21775,0,6399,15432,5,8811,30782,2,362,36537,-1,11368,27743,-1,0
107105,1,4,1,26,2326,45316,2,6931,38798,0,5298,43588,3,8574,35494,0,3947,38046,0,4322,62749,1,0
63919,1,3,1,35,10129,28090,0,317,71826,0,599,63718,1,6516,21042,1,2690,46526,-1,784,29269,2,0
212157,1,3,2,21,6626,28291,0,596,61077,0,3876,14764,0,4762,71984,0,22671,69395,1,9051,49196,1,0
24301,1,3,1,32,109,36382,2,5245,55876,0,7203,49407,-1,2285,41378,6,1035,61485,0,5004,28975,0,0
113262,2,2,1,37,5805,35155,2,1361,36144,-1,1120,23580,3,2746,42914,1,2306,38511,-1,11018,29817,0,0
93586,2,5,1,52,1068,69748,-1,4431,82576,0,2140,19661,0,5208,81231,2,170,8104,0,7163,27410,6,0
34998,2,2,1,39,2745,53718,1,7856,60596,3,1139,58623,0,948,21502,2,12280,29740,2,3681,36347,5,0
14687,1,3,1,41,4900,33508,3,4301,40748,0,10898,53006,-1,8795,42798,0,4869,58419,3,4148,12221,0,0
105451,1,2,1,46,10306,81940,-1,2684,44408,2,9778,36954,-1,13957,26375,1,4431,38895,-1,3704,55249,-1,0
134169,2,3,2,25,3044,49833,1,5196,30823,-1,926,55789,0,515,25407,1,249,14847,0,281,96181,0,0
37925,2,3,2,33,8264,20620,0,775,47867,-1,7147,53670,4,113,46156,0,521,35888,8,13644,51906,4,1
103516,1,3,1,59,7638,45130,5,6422,51861,1,2262,10275,3,769,34362,4,7809,30584,2,21959,21548,0,1
50274,2,2,1,34,2676,50710,0,5970,54052,1,5794,41685,3,7133,79564,0,3986,65216,2,1814,53514,0,0
124899,2,3,2,46,3475,26247,0,3611,36386,0,3399,68256,3,570,75645,1,1109,28351,0,8558,9124,2,0
22216,1,2,1,44,6027,18949,4,1634,10526,0,3193,49476,0,2328,36750,-1,3990,48284,1,30053,24629,3,0
220923,2,2,3,21,158,41729,0,7986,44835,-1,10655,-12315,8,326,9179,0,17228,53765,1,98,31238,1,0
33884,2,1,2,38,11073,32795,1,3572,54135,3,5066,18587,0,2833,34176,2,547,15227,0,1945,60903,0,0
45852,2,4,1,36,7344,69582,-1,305,20428,0,1344,59915,0,4629,60950,-1,17567,25106,2,4219,53964,3,0
5984,1,3,1,38,1434,54823,8,12542,38183,0,586,28856,0,4951,22269,0,7460,31461,1,2507,11446,0,1
11823,2,3,2,27,19864,27184,3,7298,66829,3,13545,62426,1,3658,72092,4,778,42754,6,17181,56286,2,1
72538,2,4,1,23,988,48518,2,4395,15930,-1,832,80922,0,13911,51623,2,8428,28102,-1,1064,28893,0,0
31141,2,3,1,30,12272,65342,-1,2870,34325,0,6622,35241,2,3787,16582,-1,6813,12487,4,2496,52162,1,0
180472,1,3,1,34,1961,12123,-1,16081,69742,0,3424,27643,0,9803,26797,8,4265,19855,6,6602,24816,0,0
1480,1,2,2,46,7201,19544,1,7458,43154,0,754,19876,1,24827,29623,6,7444,58801,0,7972,37882,0,1
47657,2,2,2,53,3047,39776,0,3828,29479,-1,7495,55164,2,1305,23879,0,761,81441,0,532,23500,2,0
41150,1,3,1,48,6667,40712,2,5294,39859,6,11742,27946,5,1543,17090,5,6393,46107,-1,1247,37946,4,1
1951,2,3,2,43,846,38956,1,1647,56518,4,647,31955,3,3689,28498,1,5121,61574,0,708,16271,4,1
13280,1,4,1,24,1570,33784,3,1089,35929,1,347,17828,1,1006,32386,5,1675,47079,2,3465,22931,1,1
53382,1,4,2,30,526,33478,0,1596,51951,1,9480,31348,8,4151,65981,7,5861,53968,0,3802,27285,5,1
67897,2,2,1,37,10017,47685,1,1734,44699,1,3475,25865,1,5766,48773,2,5679,54814,4,6682,20591,1,0
51800,2,2,2,28,1756,62678,3,6730,46341,1,5612,360,1,311,49963,0,1365,53555,5,10341,32421,0,0
75701,2,3,3,40,5928,30380,1,754,53230,3,2912,23226,0,5719,46991,5,799,47108,-1,739,41675,3,0
90419,1,2,1,42,8580,88767,3,7516,34103,1,2658,54923,0,868,24077,1,2249,42850,1,3776,66534,0,0
997,2,1,1,40,11584,79213,0,3705,21109,0,1780,66979,0,1778,62942,0,2547,31885,-1,3275,17610,1,1
62379,1,4,1,45,561,66585,2,2427,49487,0,4138,37866,1,6712,31312,1,8690,50510,2,11293,19247,3,0
331042,1,2,1,25,11175,52449,6,1786,37351,5,870,40673,1,893,33283,1,2864,46207,0,3753,40669,1,0
73195,2,5,1,44,1098,80159,0,3599,31037,-1,6315,45719,0,3793,47582,6,6670,21854,3,1309,7286,0,0
113178,1,4,2,28,6676,34197,0,1910,50527,4,3986,79252,0,4447,89994,3,3105,63772,5,13020,44886,7,1
37376,2,4,3,25,6525,23347,-1,2805,65546,2,9403,19802,0,897,28692,-1,347,59831,1,13367,40310,-1,0
148718,1,2,1,40,42,29480,2,6716,36908,1,12692,14757,0,1606,7410,-1,5288,43865,7,671,50897,0,0
148245,2,2,2,47,1246,19941,1,4917,40168,0,11542,38968,2,4662,45786,-1,11287,63556,4,9585,84750,3,0
73667,1,3,2,39,3385,42436,-1,6891,16364,0,4596,47884,0,3092,53677,2,3652,54548,-1,9072,41170,3,0
373027,1,2,2,35,2723,45996,3,6240,35546,1,1919,39332,1,5393,31312,3,6054,31197,0,4451,29193,2,0
13416,2,2,1,38,12540,44016,3,8438,44425,2,2209,12709,0,9645,28125,1,7544,3697,0,3201,59244,2,0
1709,1,2,1,36,2229,39751,5,1126,39591,2,5285,57696,0,725,14573,1,3149,3020,0,1021,39754,3,1
147036,2,2,1,23,13821,42663,1,26616,32756,1,6223,37237,0,366,46740,0,1437,65246,3,1179,36720,2,0
164587,1,2,1,22,3075,74726,1,3229,54516,0,879,51087,-1,5493,78886,1,9833,39434,0,1525,75744,8,0
12806,1,4,2,34,16670,52401,4,6333,41160,3,30947,71055,0,7362,74249,0,8821,32592,0,420,55013,1,0
30867,1,2,2,35,6684,58450,0,5662,91776,5,568,10734,0,2982,46016,0,9812,26808,-1,6223,20968,0,0
1770,2,1,1,35,8840,43815,2,4175,44154,5,4670,5632,0,2503,31676,0,8737,41272,1,254,21564,-1,1
34716,2,3,1,41,553,7688,2,27382,-14930,1,3786,51311,2,4541,47639,-1,714,58293,0,504,13293,0,0
148343,2,6,3,32,4411,3722,0,1225,17759,-1,4470,-689,0,4008,33502,7,2678,23753,4,902,17991,3,0
72972,2,2,2,40,769,81656,-1,2738,50642,-1,3815,32002,2,3368,27187,5,1063,41893,3,5838,62566,-1,0
42785,2,2,2,33,1766,29363,-1,683,27133,1,298,28574,2,8538,43257,3,843,93161,0,616,29835,2,0
46480,1,3,1,53,4885,27664,1,1003,28375,2,27514,47197,1,952,65558,1,7604,76299,-1,977,4285,-1,0
135,1,5,2,35,6477,44913,1,6240,15215,1,19890,26677,1,5716,36213,3,3282,-4637,-1,13810,49152,1,1
35639,2,4,2,58,199,51008,3,24,30465,2,3715,49839,1,6761,35978,8,475,3706,0,1669,43386,1,1
103975,1,3,2,38,3785,53537,1,11028,43878,3,1168,18660,0,11578,34704,0,2605,76118,1,5921,31032,6,0
365716,1,2,1,32,4165,75488,0,5014,47716,-1,1010,15158,-1,14511,55852,0,25028,57919,2,13507,27267,0,0
187771,1,3,1,26,410,70014,1,2907,19602,5,293,40385,2,3545,57043,2,1193,41028,-1,211,40353,1,0
2387,1,1,1,21,3472,23781,0,2012,56108,0,4731,42105,2,2842,18472,2,2530,50569,2,3141,41465,2,1
228829,2,3,2,25,6256,59374,-1,674,16172,-1,3252,45904,1,3504,36468,3,4513,33672,1,3830,48032,0,0
152877,1,4,3,26,273,32318,0,12727,48759,3,2691,69591,4,6594,62125,0,1113,26683,2,7151,5023,0,0
151583,2,6,3,38,7141,37249,0,6229,46740,6,3724,65612,1,86,33307,0,17172,54607,5,16639,18031,0,0
61248,2,2,3,29,4295,18120,-1,2050,21312,3,10312,49032,0,956,67849,1,5037,38061,7,208,31045,0,0
50750,1,1,1,36,8955,6138,0,367,18933,3,366,56187,2,11911,53729,0,1302,57290,2,2393,13322,0,0
36084,2,3,1,47,1229,39368,3,1970,47645,4,3927,45242,7,1087,75127,-1,2958,29026,2,2818,49545,1,1
6795,1,4,1,34,8957,20880,0,1020,28802,1,6036,63590,2,1296,33775,0,2238,54257,3,17008,53503,0,0
25907,1,4,1,55,496,58556,0,7715,36190,2,17648,47277,5,14022,54035,0,652,46239,2,7138,27867,0,0
28316,1,2,2,23,2586,34378,6,6357,53746,0,6729,28955,0,1742,54657,-1,1674,13307,-1,13690,53264,0,0
66179,2,2,2,33,1112,46171,2,3447,49582,0,3971,24950,0,1715,61549,3,4034,69486,8,727,44537,0,0
137612,2,3,1,29,10438,67350,-1,10850,21681,2,7278,63019,0,12865,47067,1,461,11843,2,125,44659,0,0
64209,2,2,2,44,6102,10294,-1,996,38928,2,29143,36338,2,2350,62268,2,247,66619,1,17708,-17554,3,0
5958,1,4,3,21,128,25507,2,3007,21305,0,10979,78335,0,3405,27384,0,3897,49098,1,2009,36102,0,0
316509,1,3,1,21,47,43617,1,6200,57398,1,466,17911,1,4109,38883,0,2846,52813,0,5350,28028,0,0
285987,1,4,1,33,1721,46250,-1,351,70730,7,4276,65028,0,10135,10238,-1,1042,30141,1,854,37172,0,0
153799,2,3,1,50,773,62069,0,2331,23098,1,7719,31470,2,403,34605,8,6237,32621,2,4030,31488,2,1
474764,1,4,1,37,4975,57343,5,4239,39376,8,5571,48145,3,1511,22979,0,459,40076,0,14160,16024,0,1
78632,1,2,2,21,5450,41938,1,2284,58349,4,2697,13965,0,4421,46621,-1,1576,14222,3,6065,33306,-1,0
329059,2,4,1,23,14232,46068,1,3271,40484,2,1946,3230,0,2851,59721,2,533,51504,0,3004,31706,8,0
7861,2,2,1,51,15186,46621,0,4683,51230,-1,4930,69599,0,1630,51292,0,6502,32831,4,12775,58038,1,0
45520,2,3,3,28,5377,10605,0,2297,41032,0,2658,31226,0,2635,55604,4,5008,-2397,1,673,37187,2,0
25538,1,2,2,25,28,36872,1,560,18863,1,2487,59707,1,16942,41910,3,1044,77747,3,3167,28574,4,0
21794,1,3,1,49,2223,44969,5,750,42378,2,9062,26871,3,106,37184,4,4075,45302,1,4252,15064,-1,1
15175,1,2,3,45,3598,49171,-1,3743,62545,0,1896,59734,3,794,16540,2,5961,46510,0,68,94539,3,0
97395,2,2,1,47,3457,21512,8,960,46285,3,5177,31427,0,94,1508,0,173,26179,2,90,59898,2,1
152015,2,6,1,25,4623,14624,0,11028,72473,2,10334,15790,0,4499,9841,-1,5441,46646,0,4814,43296,0,0
86345,2,2,2,21,16163,35309,1,8984,4569,0,4861,52929,0,65,26737,-1,1866,54714,7,5313,11620,-1,0
15895,2,4,1,36,10822,79347,-1,2146,47580,3,3394,58892,0,3025,58247,3,726,10920,2,20018,9640,1,0
166666,1,6,2,38,576,23615,1,8888,27039,0,179,52808,-1,9801,15424,2,8606,52072,1,1858,73420,0,0
101047,1,1,1,38,1546,63478,1,3809,22487,-1,5721,37104,0,511,23566,8,4658,18813,0,2099,72225,-1,0
49129,1,3,1,49,8952,71694,2,866,66688,0,30009,5022,0,2272,30591,2,3954,14271,1,4512,45499,6,0
112125,1,2,2,21,8695,40909,1,4762,34899,-1,8262,18621,1,2374,65764,0,9053,22390,1,6773,23802,-1,0
30097,1,1,1,43,1610,26403,0,5688,32969,3,5031,25959,2,2249,39234,-1,1540,82012,7,3670,29022,1,0
42341,1,3,2,24,6557,50256,2,438,46871,2,3166,34834,0,6499,42699,0,71,55667,2,4809,22620,2,0
249478,1,5,2,43,5574,43899,-1,1887,-3050,1,1270,62615,3,22,48213,0,14852,39646,0,1155,81558,1,0
34320,1,1,3,30,3207,22817,1,26,67097,2,5890,37652,-1,7569,67898,2,1524,74046,0,6294,35917,8,0
63485,2,3,2,26,1124,26823,0,1902,78088,2,975,-2132,1,9133,41674,-1,5016,21548,1,2576,56239,2,0
220855,2,3,1,28,10975,49071,1,2043,58302,1,10903,-11818,2,2823,4694,3,18868,19465,0,4306,59064,1,0
123004,1,4,2,21,5663,58668,3,4974,48239,3,2184,26104,0,10908,42538,2,1330,21671,2,5382,14304,2,0
6422,2,1,2,35,925,33544,0,1109,35668,1,2552,29733,2,2398,68809,2,24615,77559,-1,36,41578,8,0
15935,1,3,2,27,6100,38617,6,152,18495,3,1216,47112,4,5932,52820,7,3868,57372,1,4293,34379,0,1
787,1,3,2,42,6763,53372,4,1896,63881,3,3285,10950,-1,2461,44300,2,15967,23684,8,14289,65759,3,1
99674,2,3,2,41,10896,36550,1,8732,58326,0,5704,12346,1,192,47074,3,449,26165,4,522,52064,-1,0
59361,1,5,1,51,1260,34013,-1,2547,49002,1,1803,49071,-1,435,3256,-1,3786,45663,3,574,38918,2,0
14418,1,4,2,38,22438,24893,3,2681,46672,3,6050,66684,0,2917,468,6,14444,17327,2,1111,42948,1,1
316851,1,1,1,40,832,24546,4,3165,46011,3,4845,729,0,23074,57882,0,845,36438,5,526,26282,2,0
75429,1,3,1,49,4590,93377,0,6967,29481,-1,2329,24621,2,977,65713,1,1609,20136,5,9607,21016,1,0
27693,1,2,2,28,5352,36075,5,3269,90023,0,1875,62224,0,11296,27410,7,1194,38619,0,10653,24870,2,1
69435,1,2,1,21,2714,67301,5,478,34287,1,9878,58661,0,12590,43865,0,16826,56311,0,3211,49905,2,0
113824,1,3,1,37,3222,73679,1,1155,31465,-1,60,21486,0,2635,52415,-1,1529,74858,5,7832,58370,4,0
7930,2,2,1,21,11077,36328,3,1040,62412,0,6292,63197,0,3097,73201,0,644,8694,0,1807,52636,5,0
32117,2,3,2,59,5182,47368,1,3544,39415,0,2700,40898,0,3494,38401,0,7967,51999,0,3504,8671,0,0
164488,1,6,1,49,3435,42049,1,151,39620,0,6323,53201,2,7357,54755,2,3602,53556,-1,3858,46473,2,0
61556,2,1,2,56,686,7756,0,1667,68291,0,3541,25919,7,660,79863,0,4456,35366,4,1828,52268,1,0
79093,1,5,1,35,36,8960,0,4672,53572,3,437,45848,1,1992,34391,-1,4667,28148,-1,4425,74085,0,0
56707,1,3,1,40,667,40976,2,2189,54588,0,20101,16683,2,935,41295,4,4746,28125,1,9261,13278,0,0
4489,1,3,1,30,15638,31501,-1,6150,11645,1,449,29053,3,10535,17888,-1,3028,2939,0,14512,61470,0,0
18122,1,4,2,43,7221,77831,1,2481,48010,1,862,34062,1,365,18894,0,18558,55578,-1,1817,71876,1,0
58976,2,2,1,22,17073,35268,4,19377,19887,3,2726,42802,0,6885,57508,0,956,24713,0,12953,18092,1,0
23469,2,3,3,21,181,79018,0,16813,30900,0,14467,88130,7,2896,63877,-1,15833,6625,2,4934,53000,0,0
5127,2,3,3,27,5700,30472,0,8043,43512,0,1734,91197,5,6269,63272,0,1729,46456,-1,4585,6110,0,0
185565,2,2,2,21,226,78244,1,15438,39275,4,4204,32241,0,11031,19337,3,1053,46269,4,655,39487,5,1
397350,1,5,3,49,7617,50128,0,1145,53084,3,3684,69591,2,2075,35886,-1,4913,56939,2,6197,19225,0,0
157572,2,4,1,53,2397,51265,3,6949,55413,2,2003,17816,2,1287,49569,-1,11121,76349,-1,1833,53643,-1,0
192267,1,2,2,21,503,29764,0,1940,56912,-1,5959,47985,2,5252,-5526,2,2254,40804,1,2779,39005,2,0
27704,1,2,2,47,4197,51538,1,6460,13115,-1,3480,26286,3,30009,49139,-1,392,34013,3,763,33013,0,0
323467,2,3,2,44,1643,73854,0,2341,87253,0,4317,30980,2,6537,77609,0,3845,32185,6,1310,52206,0,0
21930,1,1,2,21,5387,37103,-1,1708,39508,0,1179,93215,1,7938,62733,-1,21054,34113,2,4862,22945,6,0
302474,2,3,2,31,5367,33212,0,15945,64258,0,13055,32260,3,4969,-8206,0,2467,25244,2,4761,40397,0,0
526281,2,2,3,29,6104,35064,-1,1177,-10286,0,585,27003,0,2295,47946,0,100,31321,4,3066,53911,1,0
124383,2,3,1,42,24441,72402,1,7105,34693,0,5860,19993,2,5315,44319,2,3474,25571,1,4979,33358,2,0
397090,2,1,2,22,2444,57107,1,5614,10786,3,10853,24614,2,687,45433,1,2420,19223,2,10093,42623,0,0
84290,2,2,2,34,3130,68953,-1,1808,22772,2,438,11564,4,3355,42142,2,345,74734,1,163,34903,3,0
30048,1,3,2,28,8163,46272,-1,3065,41011,0,145,44457,8,4255,33470,6,10390,67711,2,1151,68612,1,1
57446,2,3,1,39,4318,40786,1,771,33305,8,2025,44097,1,11862,-6506,3,4821,2742,4,1756,68242,0,1
90032,2,6,2,32,189,48478,3,12704,66280,3,7801,46754,1,12611,46218,6,837,46357,3,4303,38355,1,1
7588,1,4,3,29,9260,61403,2,17228,75379,0,6318,39771,2,310,52547,-1,13015,38700,0,5481,37663,5,0
97376,2,2,1,32,264,35057,0,6592,20663,0,8634,28652,2,4996,28892,8,4292,42898,6,4029,19789,1,1
397272,2,1,2,55,936,67373,4,9466,30244,-1,2533,26863,2,7957,65171,0,5842,10980,-1,5982,85137,0,0
21085,1,4,1,30,538,47316,5,431,19378,2,25383,43180,0,3844,7196,0,4378,3052,3,2957,55654,0,0
157308,1,5,3,24,405,-8125,0,2422,63118,0,2279,38969,1,502,5493,1,19164,38897,0,7969,58021,0,0
238486,2,4,1,40,130,57669,2,2008,43180,-1,8183,27284,0,1324,41699,3,11065,32604,3,375,68528,2,0
287708,1,2,1,33,282,14553,1,4161,40646,1,2160,34268,-1,1881,26365,7,83,29011,-1,4836,39037,-1,0
322227,2,6,1,21,2920,57183,6,1012,46249,2,1232,70788,2,5435,59440,1,73,35862,0,221,34640,2,0
73701,1,2,2,57,1457,58030,1,4143,33776,0,2052,79403,4,339,31448,0,3348,51994,-1,1313,69827,4,0
378573,2,4,1,31,676,46597,7,5311,22870,1,1070,35595,5,3988,67160,0,1884,57626,3,318,29171,2,1
141597,2,5,2,31,5375,50873,0,709,41021,0,691,25324,1,576,25559,1,3870,20377,0,4509,36372,3,0
17634,2,2,3,36,1281,61977,0,706,34659,1,2262,39138,3,2513,42874,0,2065,22250,5,1181,46225,-1,0
64798,1,5,2,52,95,30087,3,180,46940,0,793,62717,2,2771,310,0,10527,43000,1,482,18347,2,0
126702,2,2,1,21,2710,55868,3,7154,7360,1,3489,39126,0,3005,38934,4,930,64458,2,7421,56030,3,0
28414,1,6,3,37,1858,63260,2,2009,43727,1,180,47101,-1,6204,41453,0,294,35723,3,2,50996,0,0
102336,2,2,2,55,1918,75201,4,1277,26215,-1,2822,26849,2,423,64191,1,2099,42897,7,3982,29180,2,1
109841,2,6,1,36,2946,17884,2,7527,43026,-1,15851,16666,0,1561,9778,1,749,12729,1,12593,63298,1,0
17757,2,1,1,22,5526,48170,2,773,58101,0,2222,55231,1,5123,34340,5,4476,-3911,2,7755,16545,2,0
83260,2,4,1,28,4791,20770,1,2785,28875,0,740,43896,1,14373,69056,2,3197,86265,0,4629,32602,2,0
147677,2,3,2,37,13843,19921,1,6828,63934,0,1820,53116,3,4848,71707,0,6154,45543,0,544,69882,0,0
69094,1,3,1,48,3646,47180,1,4264,5184,-1,7833,5784,2,10743,23312,2,377,19636,2,7807,37358,-1,0
1217,1,2,1,31,3198,41549,2,4037,70876,0,1881,76652,3,17273,26286,0,7020,-2851,1,2042,10334,3,1
907,1,4,2,43,1200,62900,1,856,64769,0,2418,45045,3,10766,6006,-1,1618,68915,1,832,44851,0,1
44165,2,2,2,21,7040,33076,0,997,22268,4,7774,3855,8,17914,-2460,1,5565,21116,0,22302,34373,1,0
260631,2,3,2,21,758,37318,0,4368,22435,4,1509,59738,4,7503,32222,4,1719,21093,2,477,50479,2,1
25964,1,2,2,30,3377,44230,5,119,10100,0,3253,32532,0,10908,27094,5,8972,25665,7,6334,61932,4,1
100611,2,6,1,49,2735,22763,-1,10167,58427,1,326,40610,7,3380,81230,1,8981,42746,1,2176,38659,-1,0
25112,2,1,2,35,5369,25538,0,2157,33391,7,956,30445,0,2118,46954,2,1828,52773,1,9205,-7445,1,0
38812,2,2,1,37,12482,62321,1,2694,31924,1,1175,38042,2,40739,35827,2,12015,34005,4,3962,51180,2,0
188415,1,2,2,37,14649,29020,0,1494,17543,3,3114,39049,6,514,53119,3,1935,19029,0,11058,19802,2,0
130512,1,3,2,46,918,63649,1,10464,76239,3,8601,6598,0,15874,60569,0,11302,85953,0,4041,50197,3,0
10026,1,2,1,28,1517,52146,0,5143,20544,6,2188,57315,4,2818,64273,1,1073,30169,0,1954,57312,-1,0
55984,1,3,3,41,8346,9049,0,2988,40483,0,2394,42257,7,113,45191,0,1697,40214,1,16160,61253,0,0
2960,1,4,1,26,3651,50607,3,4401,44319,-1,1790,48923,4,8123,39527,-1,10778,9984,2,3043,56970,2,1
65563,2,4,1,54,3016,50449,3,2393,32026,0,1931,56319,3,2936,43163,3,421,51584,5,9494,33826,0,0
108599,2,3,3,26,6200,48458,0,3132,27982,1,2583,42417,0,8014,38830,0,6049,61831,3,9162,37656,0,0
12613,2,1,2,26,4605,37162,2,2212,32614,1,11483,46621,1,229,29415,0,5728,22797,2,4134,48546,0,0
34092,2,3,2,40,17653,21198,2,2643,51306,0,123,10591,3,18276,60863,4,17906,3193,3,3475,56295,4,1
50722,1,2,2,35,4385,66924,2,1891,33058,0,4898,23392,0,5559,36142,2,17927,32364,2,1750,20213,0,0
251988,1,4,2,38,3136,37968,1,404,72510,2,10932,41700,4,245,19713,1,3274,77922,1,4114,58423,3,0
499895,2,2,1,37,3913,22331,0,190,24459,0,2697,43714,0,23,40411,0,5370,27187,-1,4274,3686,0,0
4595,1,3,1,24,8265,49149,2,956,55082,2,5262,48014,1,4507,54333,1,846,90655,-1,1374,-1732,2,1
143132,2,2,1,51,4742,25144,0,1449,4872,2,4406,68120,0,18753,10881,-1,1281,28786,4,8167,6966,0,0
46477,2,4,1,43,5207,21018,0,11057,24461,1,2067,38115,0,3711,34622,2,4087,3506,0,2058,50411,0,0
49833,2,2,2,48,17778,32490,1,4724,23674,0,739,47257,1,2183,23957,0,1356,29800,0,7013,52440,0,0
140350,2,3,1,29,4816,26692,3,15885,17921,4,1239,41179,2,13978,83653,1,1222,2581,1,22111,44037,3,0
250624,1,2,1,39,2392,21755,1,2074,45669,-1,295,35005,0,20661,41835,-1,115,25616,-1,26975,28724,2,0
301447,2,4,1,36,5877,56128,0,2568,37796,3,7235,35783,0,7673,71043,2,380,47643,7,9950,49467,4,1
86067,1,5,2,46,5386,37723,3,6360,-5576,3,3805,24314,1,6327,44882,4,6214,30701,0,9723,26587,2,0
44179,2,3,2,46,69,65045,4,4312,79910,1,7700,37659,3,10,46668,1,72,62022,7,8198,33484,2,1
154904,2,3,1,36,3149,22909,1,3752,43520,2,1713,35622,0,1882,38771,-1,11306,29279,2,5974,23269,1,0
28901,2,5,2,21,6791,5448,0,4284,40023,0,8165,36966,2,12963,35539,6,409,10165,6,1016,52939,-1,0
83028,2,3,1,52,3456,42975,2,4386,66202,3,1849,5161,0,2295,38522,1,851,42955,-1,571,28386,-1,0
44406,1,3,2,40,7562,77119,-1,7256,59777,0,646,38021,6,2036,26852,-1,2080,37032,1,4244,47745,1,0
106894,2,3,1,28,2997,50619,2,5514,34036,1,3815,22458,-1,3852,39778,0,6485,39527,7,5644,41763,1,0
27496,1,3,1,39,20468,104307,3,15769,949,-1,14529,38762,-1,2969,7526,0,6031,14531,2,2558,72016,0,0
21268,2,2,2,21,1732,46641,0,14779,51287,6,2675,18104,0,9787,43468,0,1415,45355,1,14853,41389,1,0
250395,2,4,3,45,483,44711,0,2740,20743,6,3622,40998,3,426,15903,0,1979,67777,2,1445,64875,4,1
10736,2,3,1,21,2810,-3107,-1,181,64785,2,3000,34060,5,5375,41888,5,8608,13717,0,1449,56171,3,0
70513,1,1,2,32,3901,48558,2,55,24476,1,3057,27474,3,5973,46419,0,3433,1793,2,10157,17538,1,0
24955,2,4,2,37,2146,43373,0,657,30962,0,1206,45786,2,10606,68341,1,3064,9116,0,3555,28867,0,0
3970,2,2,3,45,1387,31851,1,389,13136,1,2745,47509,-1,2687,46335,2,5018,39425,0,183,34551,0,0
3668,2,2,1,36,5574,37264,0,2336,14754,3,3434,39013,0,1747,34672,2,3051,7846,1,1090,50899,3,1
19264,2,3,1,41,2367,38637,0,271,37818,2,6829,51375,6,4925,27422,7,2845,46529,-1,4163,55518,0,1
201568,2,4,2,34,4989,36401,1,4903,35954,1,753,31734,2,6453,54326,7,8012,47132,-1,1972,53070,2,0
33195,1,4,1,34,7549,81794,1,1054,30482,3,4238,47999,1,937,38017,1,13399,47347,-1,3360,24098,4,0
300495,1,6,1,35,7156,32582,2,3607,81060,0,5426,39155,2,860,24951,3,3984,91780,3,7898,39630,0,0
87137,2,4,1,33,2352,43386,0,543,52072,4,2412,20013,0,1529,43067,0,1707,2687,-1,3416,31634,2,0
57379,2,1,2,21,4195,31921,0,8793,40204,1,3983,23972,4,1424,2861,1,14949,5853,-1,3129,47378,3,0
86771,1,2,1,27,2986,55668,3,7569,-15146,-1,6202,63308,2,6944,41599,0,6052,65571,2,968,7465,0,0
72711,2,4,2,37,10232,43535,2,2442,56515,2,3128,71526,1,3782,24391,2,5311,50652,1,790,39517,-1,0
142203,1,2,1,32,10549,34401,3,12072,99890,4,2027,54265,1,3968,33473,0,4665,62954,0,2825,4740,3,0
33197,2,3,1,33,2106,1480,0,1027,36240,1,8706,28336,3,74,79883,-1,6742,-822,0,1176,18308,5,0
43548,2,3,1,31,481,44866,0,8408,23789,1,22466,68554,0,25799,30294,-1,7471,12803,4,2557,72643,1,0
224520,1,2,1,26,917,33808,1,3946,43266,3,1220,52250,0,8853,55796,2,7831,59574,-1,4168,73880,1,0
292726,2,5,2,30,2286,38785,4,1999,11371,4,11008,46712,0,2931,60984,0,18607,36657,5,596,26987,2,1
223080,1,3,2,31,4153,16350,4,440,49241,8,3942,76846,-1,346,57075,3,2648,66283,0,1093,49854,0,0
54377,1,3,1,35,5347,68665,3,939,70004,0,2970,22800,1,5925,47423,5,1389,31661,1,9729,49636,-1,0
151579,1,6,1,38,2012,57134,-1,9933,26581,1,11182,55459,2,3829,17847,0,2505,35759,7,5018,67314,4,0
64690,2,3,2,33,5505,68614,3,4668,27227,3,12058,23707,6,5658,26989,3,7279,85807,2,6828,44921,2,1
68823,1,2,2,24,13882,62939,4,1353,38406,1,1591,27867,3,5659,16684,1,3890,19188,0,3353,19038,2,0
22901,1,3,2,21,5277,51846,-1,3424,29975,1,2218,92041,1,840,32960,3,10000,54813,8,5838,23601,1,0
89435,2,4,2,60,863,17154,1,570,9753,1,9550,50047,4,1993,33193,0,1346,8651,3,2839,47925,1,0
20596,2,4,1,23,4333,76867,1,520,32295,0,3374,76983,4,89,21724,6,6678,22677,0,693,3450,8,1
40281,2,4,2,29,3903,21447,0,11917,28259,0,1698,50871,2,20160,50947,8,1434,54747,1,2874,5691,2,0
193122,2,4,1,40,10228,34631,1,3061,67331,-1,16374,48048,-1,8211,30131,0,8025,11705,1,4918,56909,0,0
23202,2,2,1,38,2156,54138,4,2243,63107,2,1223,27478,0,13211,32744,0,2883,57529,2,1457,92844,0,0
7381,2,4,2,40,2749,55130,4,14886,67946,0,4712,59554,0,225,8622,2,22740,35585,0,6084,27523,0,0
7150,1,4,3,30,4564,51444,6,2545,56034,4,2792,40506,8,3469,41385,1,5524,20493,2,716,36779,0,1
282657,2,2,2,37,3716,31994,1,2049,44115,0,3001,41609,1,6880,38115,8,6768,37857,0,1317,38382,4,0
70708,1,2,1,35,6347,27861,1,1594,22511,0,560,34777,3,547,28010,3,218,28282,0,6461,44888,1,0
52663,2,6,1,31,206,90690,2,4162,66522,8,1486,37984,3,7504,47622,3,6071,25769,1,1338,22892,1,1
166536,1,4,1,37,4145,39213,1,4086,46955,1,913,40498,2,5213,42377,2,2713,30104,0,4958,37943,8,0
180682,1,4,2,45,648,36764,-1,81,15039,0,6923,42457,-1,20983,51751,0,1951,12145,4,6118,55959,-1,0
40375,2,4,1,34,1893,25728,2,5307,21722,4,5982,38985,-1,759,52653,6,7928,4749,1,1193,28436,1,0
118292,2,3,2,34,5418,44893,0,7763,14725,2,7901,8863,3,4961,54301,1,1297,-2533,0,3517,40214,0,0
147456,1,3,1,45,856,43960,-1,4785,-1040,1,6007,50838,2,14700,73373,0,1003,50068,-1,14244,60705,1,0
106319,2,3,2,44,1846,39675,-1,10196,47770,4,688,37539,1,6806,42571,0,2194,48645,3,4480,39355,0,0
16439,2,1,3,50,6070,47634,6,1617,15242,-1,19219,-26346,0,2048,21078,0,4962,24126,3,189,9269,0,0
208653,1,4,1,21,5260,75270,0,1065,24881,0,1044,8242,-1,634,31400,-1,1487,37409,-1,1086,-5477,0,0
77456,1,3,1,44,477,28098,1,5974,40776,3,2157,30530,0,16588,31935,2,4088,67705,1,8580,17162,0,0
33194,1,3,2,41,4305,40861,7,1044,36242,0,6135,65571,1,373,21603,2,2429,27477,2,3248,63660,6,1
55378,2,3,2,26,796,27043,1,477,25731,5,756,52154,1,18478,-10266,1,2526,34657,5,362,34789,0,0
3829,2,3,2,37,1453,45893,-1,508,70378,0,934,26256,6,1808,44624,7,1135,78771,-1,2222,46944,1,1
13681,2,2,2,45,3073,28630,1,7313,9466,0,10460,36186,7,9841,40673,2,1943,47759,0,6263,65932,3,0
145049,2,2,1,26,579,29491,-1,145,10332,1,2017,62090,1,4040,78278,0,1599,58108,0,6814,15078,3,0
1,1,2,2,39,25294,10809,-1,1708,49156,2,5476,27673,3,12185,77008,0,1394,54200,1,4430,93276,7,1
53882,2,2,1,43,903,41955,4,691,27477,0,9786,18280,3,2781,53596,1,421,50108,0,6963,37908,1,0
73921,1,6,3,24,7600,48595,0,7030,26695,-1,18096,57610,3,9479,51253,1,2837,25491,1,2759,50716,0,0
5618,2,2,1,33,8855,77209,2,3500,18419,8,1180,62321,1,1361,23407,0,1403,20533,2,3235,25893,2,1
361481,2,2,2,38,25982,49390,1,1150,46764,4,655,27902,0,3143,43772,0,16223,53486,7,2811,20685,1,0
25634,1,3,1,27,2798,31006,0,6939,44512,0,6749,49752,0,9363,37669,0,4602,50467,0,1730,40504,1,0
36269,2,3,1,26,10361,12806,1,6938,42382,1,1042,39188,6,629,42915,7,3099,44640,3,5251,27798,0,1
36232,2,2,1,33,15795,15574,-1,3701,28340,1,4339,28186,3,6521,24621,0,2062,45836,3,5435,41828,4,0
26190,1,4,2,43,949,14087,0,1613,24979,4,3803,63374,0,2871,48382,0,3088,24554,1,9984,-2588,1,0
147,2,4,2,41,3264,77560,1,4412,36738,1,4104,26720,0,3599,12613,2,2088,16444,3,1920,12520,2,1
130690,1,2,2,26,309,45756,0,13555,59330,3,5246,55120,1,4325,100709,0,9719,25337,0,5134,29654,1,0
340657,1,2,1,41,4847,28340,2,265,71363,5,9515,41361,1,1612,68941,2,1477,34984,-1,2097,17237,0,0
25398,1,5,2,26,4354,20802,-1,1552,62227,1,1586,36550,0,506,66544,2,1642,28102,0,11772,100794,0,0
108781,1,4,2,21,1141,22877,1,1677,50114,0,4051,28895,3,94,14492,-1,6182,71358,0,1960,43651,2,0
135439,2,3,1,31,7995,27814,2,4995,59643,1,2052,20267,-1,2818,7585,0,11559,69513,4,7760,45340,-1,0
188667,2,1,1,46,189,66325,1,5265,16361,4,1919,35001,0,1565,45495,1,5698,57050,7,8957,18158,6,1
54927,2,3,1,41,8205,39401,4,1155,25724,1,103,29751,5,5011,33910,3,442,64412,1,2226,26056,1,1
36087,1,3,1,34,135,11050,2,1217,50487,4,4573,41850,3,6292,76954,2,11462,14120,2,1194,29928,4,1
39347,2,2,1,30,5347,86209,7,13170,37636,4,17968,16050,1,3503,52555,4,7333,54356,0,382,62941,1,1
124695,2,3,2,31,410,17196,0,7059,46750,0,7161,36966,5,4824,39175,4,1370,39288,1,12076,11632,0,0
169706,2,3,1,36,1446,28183,6,13610,59589,1,1390,48119,5,4113,69597,1,323,30786,2,5306,33149,0,1
20042,2,2,2,24,6399,66202,2,8849,56480,2,6296,26534,-1,22,43642,2,6320,34345,4,8569,48828,-1,0
46353,1,4,3,31,1645,48302,2,2571,18180,0,1764,54819,0,9216,44579,5,1336,34594,1,4817,-6221,0,0
232217,1,4,2,32,3578,30601,5,650,40236,1,7004,56991,0,307,60842,2,3709,32418,2,869,6759,1,0
164347,2,2,2,21,12340,15372,1,4965,21583,0,9652,15857,5,2641,26450,0,469,27694,0,1808,11923,-1,0
419030,1,4,1,26,254,20666,4,2169,24453,3,2034,24831,3,588,60373,0,4198,13188,0,2058,36299,1,0
140343,2,2,2,39,8332,21870,1,2770,5782,6,10,13191,-1,5428,51320,0,108,8556,0,2815,30884,0,0
49954,2,4,1,35,337,40140,1,2774,42672,0,1819,48461,1,1969,21585,1,3817,48034,4,268,58600,1,0
89315,2,2,2,31,677,43821,1,13785,4304,2,1152,42557,2,369,79161,0,8969,-16186,0,5545,-4396,2,0
108179,1,1,3,25,635,37026,0,356,47882,2,4819,7977,0,232,30850,0,4346,78908,3,1577,31706,1,0
8170,2,3,2,50,25665,39215,1,1072,67168,3,1712,26959,2,1353,7310,1,10798,27566,2,3270,63508,1,0
78635,1,3,2,26,993,18985,8,4681,50606,2,183,46166,0,5502,24448,4,3980,4004,2,307,8515,0,1
123553,1,5,1,37,11353,45862,3,10760,41037,0,3789,42259,0,6333,19285,1,5814,50443,4,5971,37684,1,0
18310,2,2,1,30,23515,65610,2,12501,70688,0,10384,64203,0,687,43913,0,2280,37293,1,3968,55013,8,0
151700,1,2,2,35,2420,36744,2,4090,46548,0,3001,16961,7,748,72450,3,1760,21044,-1,11775,68148,8,1
87652,1,3,1,39,4985,36354,0,175,22745,5,2360,39822,5,4497,44973,3,2046,28516,6,1098,14921,0,1
304118,2,3,2,21,7550,41660,0,2253,42502,1,983,19964,5,15763,71717,2,542,38218,0,15815,47446,2,0
4334,1,2,1,34,2493,62364,0,12556,79193,8,2450,42203,5,4024,61332,2,1467,61683,-1,11814,40818,1,1
30832,1,3,2,46,882,22105,-1,3465,18147,1,2009,36378,0,6219,-13329,3,2447,-12898,1,1752,19233,0,0
92018,2,4,1,52,2843,69016,2,6484,12397,1,26415,45435,4,4283,57989,3,2089,46369,0,11414,15355,2,0
35177,2,4,2,33,7389,48424,3,1568,52298,3,154,31816,0,553,28380,4,3421,72914,5,1726,14705,0,1
125324,1,6,2,35,7588,40573,0,126,35518,3,1364,55246,3,14637,50254,2,3349,23704,1,2047,114255,3,0
142298,2,2,1,57,1310,64264,-1,4318,29359,0,355,25706,1,373,38842,0,6647,54962,-1,11985,63590,0,0
10815,2,4,1,46,961,16358,0,9008,14816,0,9739,19694,0,7132,95722,-1,2518,53427,0,7746,41371,0,0
72124,1,2,1,28,12663,50440,0,23162,997,-1,2700,44504,0,19400,48721,2,5653,77626,0,2909,23116,4,0
71108,1,3,1,28,224,48606,1,9374,10871,3,7954,77077,1,1920,51676,0,11064,44694,3,603,51233,-1,0
46089,2,3,1,44,6635,21290,0,4037,72298,3,5890,9573,2,941,61565,4,3041,54070,-1,3111,15660,0,0
270194,1,6,1,24,237,49212,0,4691,39822,-1,13157,17108,2,4175,10217,1,4030,61305,0,9297,46506,2,0
175739,2,4,2,45,9097,45666,5,8691,752,0,120,44631,3,7925,61669,4,5653,52345,2,4481,56732,4,1
119471,2,6,1,38,11791,36425,0,100,63681,1,1161,62544,0,14926,35687,1,3407,22141,2,248,36780,0,0
125290,1,4,3,40,1764,57256,3,15145,64696,1,6053,46128,2,5915,26170,1,890,25427,2,2625,27998,-1,0
61936,1,5,2,32,384,28564,2,3788,64584,1,4400,27840,3,2046,56400,0,1737,45346,1,6018,29696,0,0
253823,2,4,1,28,3276,45406,0,15188,31549,8,5931,48405,-1,3409,10233,-1,142,57350,0,10657,59386,0,0
118611,2,3,1,49,1772,37366,3,7230,34623,3,4283,50326,0,7160,58778,-1,5753,46762,2,18852,39044,2,0
130556,2,2,2,32,2699,27706,1,826,42752,0,4349,26396,4,7754,36850,1,1639,19275,7,9062,73096,0,0
197826,2,2,1,30,5467,50057,-1,903,68020,0,13483,56496,2,386,37997,5,8675,35093,-1,10264,3456,2,0
32030,1,1,2,34,1177,35845,-1,2182,28901,0,12710,39309,1,4756,-4884,1,5334,12258,0,1210,14636,2,0
164543,2,3,2,36,2207,10539,3,1532,24911,0,193,5006,0,17112,58008,4,6661,51758,0,9828,41671,3,0
21721,1,3,1,24,7629,3978,1,2892,53913,3,2669,37303,-1,7691,44952,8,10705,79588,0,13043,49036,2,0
42364,1,3,2,29,5160,55781,1,4630,64185,0,3572,28618,0,36,30656,0,2773,50536,0,5028,38653,5,0
40888,2,6,1,28,1974,15587,0,2868,38944,1,2215,66097,0,1274,21451,2,1045,890,-1,3341,68044,2,0
384088,1,5,1,43,5457,45587,0,290,53408,1,254,13420,0,2944,55631,1,13706,42101,2,8339,21106,0,0
194167,1,2,2,26,7247,41099,3,18572,42248,0,3196,30337,0,6125,46963,0,27396,39708,2,4799,40330,6,0
120787,2,2,2,21,4488,32629,3,2767,34975,0,18585,45144,0,4051,40103,0,1229,29390,1,8791,61679,0,0
129849,1,3,2,21,1368,79133,1,9521,23414,3,374,88380,3,402,20234,0,6754,-897,0,3002,75637,0,0
82570,1,2,2,21,1,43593,0,384,16922,4,8482,79098,0,6702,46055,2,375,49571,8,981,35910,2,1
293917,2,4,2,48,8118,55112,6,8305,27704,-1,1088,39095,1,9122,44864,0,139,58951,2,12480,93692,1,0
68569,2,3,2,35,8647,45696,2,952,20478,2,4299,46985,0,1151,66317,0,5621,22320,4,17267,41845,0,0
47887,2,3,1,40,5980,35369,3,5687,45669,2,2447,52039,1,349,16051,4,1472,22125,0,18013,73948,0,0
17797,2,4,2,40,398,39618,-1,5420,64350,2,2146,19751,0,7826,25683,-1,10119,33650,3,15575,33110,0,0
154274,2,4,2,35,4400,69170,1,12029,44080,2,10217,40202,-1,5114,78872,2,3598,74854,-1,3402,36918,5,0
132592,2,2,1,34,8602,61762,4,1933,21585,4,18148,67124,8,8135,43830,7,7617,34331,2,4956,63422,1,1
48508,2,4,2,45,2468,79039,0,576,57107,-1,2444,42832,1,4180,45054,2,546,24684,2,10630,56373,2,0
2551,1,3,1,36,1103,44432,2,9996,45937,0,5114,78996,0,2797,59319,1,10375,32011,0,117,39654,0,1
182633,1,2,2,48,4429,22461,2,2014,49896,3,4064,31087,0,16494,76247,-1,1053,51578,8,885,19133,0,0
1148,2,1,2,41,8752,31189,0,1323,29612,3,400,38226,1,7569,16762,1,4199,-462,1,901,92516,1,1
121638,1,3,3,28,250,16244,3,3329,62667,0,210,38385,2,2654,83636,0,4704,35363,0,1246,34534,1,0
351516,1,2,1,30,4543,55340,0,789,62565,1,7422,13973,0,11903,39127,3,341,33043,0,2600,41417,0,0
57565,2,2,2,27,5152,28281,2,1761,36318,0,2508,62119,1,25179,45276,3,18985,37837,0,3111,1487,-1,0
26784,1,3,1,47,4611,-21106,8,2432,54369,4,1837,33325,0,1842,41201,0,1799,26086,0,2479,28808,2,0
122034,2,4,2,30,5249,89275,7,1623,62029,2,21196,45162,1,11150,69956,1,6260,13382,1,10551,57773,1,0
169896,1,2,2,27,4989,28587,3,2991,30692,0,445,28032,3,232,59169,4,4993,58645,1,1493,37115,1,0
79060,2,1,2,38,698,28468,1,2427,38375,2,1567,74503,-1,1206,37100,2,168,3232,1,6712,93039,5,0
341231,1,4,2,34,1338,73432,2,7449,41595,1,9717,64653,1,877,17461,1,9915,71294,4,18447,45822,3,0
5305,1,1,2,37,4824,15834,2,12530,18043,0,2680,41167,0,2204,35142,4,1815,46955,-1,5335,28161,0,0
70278,1,5,1,53,89,62732,-1,531,48833,4,4388,15516,-1,4134,13251,7,1432,53624,0,228,74230,-1,0
126745,2,3,1,44,5035,28251,0,8666,60450,0,247,54879,6,6364,57822,0,301,41262,4,604,89077,3,0
198515,1,2,2,35,5473,13524,1,13424,37122,1,12646,61659,0,11655,26431,0,1440,63566,-1,9124,66955,1,0
19754,1,2,1,21,1366,74114,-1,5801,46797,1,736,21453,1,863,37950,4,4838,50725,0,2237,42701,1,0
160945,2,1,1,30,4558,58461,5,28161,67971,3,1199,37132,0,4317,63463,0,1121,66095,0,2588,36330,1,0
80454,2,2,2,42,3818,58400,1,2040,31896,0,852,41536,0,4044,56141,3,3141,56919,3,10809,7190,2,0
50509,1,2,1,23,1510,47353,0,8868,47205,2,3440,61739,1,3066,47663,0,8039,62357,1,6113,47107,2,0
14123,1,3,1,56,3108,51982,0,5599,28603,-1,8487,36973,2,5930,24087,-1,15526,25704,1,6221,47917,0,0
200467,1,2,2,35,12018,15356,4,1953,28057,3,1552,59240,3,3601,49703,1,6028,32386,5,5585,17197,0,1
17111,1,3,1,35,2780,42232,5,6098,46837,0,767,24542,2,3994,24093,-1,1089,40321,1,5011,41548,-1,0
37075,2,3,1,28,4969,21424,0,3562,44827,2,2637,18891,1,11682,49887,0,2415,40069,6,7035,62405,-1,0
34255,1,2,1,39,179,12221,3,1047,51101,2,19992,76630,3,9840,13858,1,4037,51505,0,6031,34360,4,0
205115,1,1,2,23,404,48219,1,955,41523,-1,55,13751,1,4305,64143,-1,10255,25006,0,500,46504,8,0
111688,2,1,3,56,424,63162,1,6248,49302,0,3505,24975,8,849,43990,-1,3967,39874,3,1245,-183,0,0
159298,1,1,2,48,7530,32332,3,6222,73310,0,5533,55699,1,15934,39744,0,3379,52541,0,575,76440,0,0
28830,1,4,1,44,2155,35759,0,3783,61198,4,8218,29386,0,4873,47823,1,1503,1691,0,8249,26609,0,0
98049,1,2,3,21,1291,17236,1,3479,46767,1,6855,28853,1,8237,37690,8,3461,61134,0,4523,34072,0,0
84803,2,4,2,37,6878,40144,0,992,50098,5,386,36049,1,282,41360,-1,1918,80899,5,16761,45191,2,0
178874,2,3,2,47,931,55201,-1,2804,34021,-1,3098,-3119,0,11356,65825,2,4155,21692,0,6331,36071,0,0
236538,1,3,2,40,1415,55830,0,10255,36816,-1,410,62411,0,5912,61142,1,8269,69593,7,3419,59217,0,0
1223,1,3,1,24,2818,50903,0,9645,49849,6,4836,43517,1,5782,54259,-1,14568,44532,2,13488,32600,4,1
112091,2,4,1,28,2013,27631,2,5407,41753,2,400,23771,4,583,45039,-1,8293,22289,1,16872,28408,1,0
5322,1,2,1,30,4402,26997,0,29678,55860,3,248,5673,0,6238,33670,0,8810,56554,-1,4935,58666,0,0
79597,1,2,1,28,2061,55908,1,11182,65341,5,1826,12692,0,398,61457,2,2215,78792,1,4918,-14630,-1,0
33916,2,3,2,50,2495,56239,1,784,37964,8,13970,8113,3,287,21789,7,5945,31938,1,4337,14491,2,1
36640,2,2,2,21,9934,36560,5,2546,-184,-1,6189,44545,-1,1967,75679,1,2455,18673,3,442,44853,0,0
43534,2,3,2,41,10793,31476,2,707,80683,0,20,44744,3,117,54231,-1,122,-4692,1,7245,56760,0,0
97099,1,3,1,22,8792,63344,8,3137,26950,0,1675,52243,2,869,63636,0,10794,37105,8,10455,56935,2,1
40654,1,3,1,25,10006,32801,-1,7489,43903,3,88,54651,1,6475,49356,6,268,43264,0,4077,-14461,5,0
131938,1,3,1,21,4216,54918,2,846,54549,0,1742,52563,0,9006,37553,-1,613,76285,5,1075,30317,1,0
51839,1,3,1,29,5195,37263,-1,10618,68179,1,5783,70756,-1,989,58967,2,92,77210,0,8368,57207,1,0
7080,2,4,1,50,4072,19049,2,4208,76120,4,7130,63904,0,8666,11852,0,348,26737,1,11279,19460,4,0
153136,1,4,2,37,7699,72246,0,6910,32722,2,8150,59167,3,3274,28227,-1,304,56152,4,8204,35332,0,0
33653,1,3,1,23,4003,42401,2,231,63793,-1,12039,44735,6,15837,36178,0,5655,16981,2,1189,49020,-1,0
56698,2,3,3,45,588,25785,0,492,43959,1,2276,54414,2,750,12381,6,9603,41458,6,1222,41305,1,1
115659,2,4,1,47,8292,12183,0,4849,94864,-1,9924,31787,1,275,52740,3,7965,37400,8,3064,49781,0,0
40415,1,3,2,36,7147,14199,2,9106,62008,1,6503,35580,7,9324,65317,0,4921,22477,2,856,36543,-1,0
5824,2,3,2,55,8582,32541,5,10352,36450,0,3858,74428,3,2246,5823,-1,7708,37593,1,5815,51391,-1,0
46827,2,4,1,43,1056,78502,0,5829,24138,-1,15464,28857,2,3054,31690,1,3049,56862,0,6157,51863,0,0
289044,1,3,2,41,1584,28306,5,1121,-12531,3,14757,27385,-1,3585,36608,-1,11843,61927,0,21525,57080,2,0
102648,1,1,2,26,1753,68949,0,1084,53493,7,11394,32758,0,8719,46458,1,3080,37100,0,2379,55941,1,0
111315,1,4,2,41,3547,37384,2,10658,60168,7,1129,29013,0,395,57099,3,143,38258,3,6466,59702,0,1
100043,1,1,2,37,718,16376,7,600,54909,0,1165,30709,0,4005,34422,1,6061,3212,2,3432,30338,0,0
22188,2,4,1,40,2433,30535,0,5792,-7068,3,11563,44845,0,2815,58817,4,8881,45477,2,885,31455,-1,0
54185,2,4,2,28,1005,14380,1,3812,14839,2,2536,45500,6,2079,41767,3,1271,34690,3,12155,44040,0,1
139006,1,6,3,36,1537,22880,0,2735,49616,3,7983,58221,2,2139,27943,1,1912,38192,4,308,79179,1,0
10688,1,1,1,26,6127,22285,0,2902,75710,3,5806,83761,2,13320,44612,3,5936,30371,0,215,44563,1,0
32552,2,3,1,21,9648,1923,3,14520,38888,8,7184,32633,1,1560,14734,-1,4264,21021,4,1538,73554,2,1
32340,1,3,3,44,115,70255,2,9882,61830,0,133,38688,0,3031,34908,0,11034,22532,2,38739,69605,-1,0
56566,1,2,1,21,4172,44220,7,10011,19311,3,2810,3241,0,3394,36490,2,3247,26466,5,105,69744,3,1
393063,1,1,2,36,183,26274,0,2609,44142,2,9727,14153,1,6362,27903,-1,5580,13464,5,2750,68247,1,0
6988,1,3,2,38,445,44435,1,565,34506,0,3365,37075,0,3659,90652,-1,1584,45828,1,3656,21027,0,0
73126,2,3,2,38,6105,23290,1,30686,63751,0,5858,49271,0,4854,66031,0,13255,51209,2,1889,18424,1,0
19767,1,2,1,32,6651,-13421,5,785,29203,0,7051,49827,0,2544,43996,4,2308,37244,3,6113,22785,3,0
352936,2,3,1,37,8409,99133,-1,3624,73540,5,643,52341,0,6340,48553,8,3877,43534,0,2335,62372,1,0
12025,1,4,1,39,3214,43791,8,1536,33845,4,846,65149,-1,3135,50338,2,4791,35409,1,5415,34471,2,1
51684,1,4,2,42,9823,28219,1,3574,18602,2,6446,74113,-1,1259,52491,7,1466,62846,0,2107,27974,1,0
133897,2,5,2,52,912,1321,2,1818,19273,1,280,35132,4,8489,71241,3,1904,41081,-1,811,31655,1,0
121927,1,3,2,37,1436,10117,0,11359,27551,0,2091,23957,2,7250,58549,0,3490,45553,2,4132,49566,3,0
54944,2,6,2,35,722,73089,4,17263,47411,3,12510,53097,1,4937,286,1,1579,56071,1,4022,26069,1,0
42544,1,4,1,25,7985,70038,1,2638,27800,-1,4270,58676,1,3690,56671,2,697,39522,0,1528,29985,1,0
50685,1,2,1,39,1298,55064,2,363,23590,1,12066,42716,2,1169,23265,0,9057,67862,0,2241,33913,1,0
30690,1,2,2,41,845,17698,2,5443,57796,4,1851,36420,2,10138,28915,0,1963,26706,0,2856,58351,0,0
22983,1,3,1,33,4879,70199,0,2363,-24224,2,5061,29916,6,511,59626,3,2689,74521,0,4133,6823,8,1
65978,1,3,1,40,401,48995,-1,21332,31402,2,1689,39155,0,2415,2736,0,3961,36065,8,5141,40177,-1,0
31270,2,3,1,32,229,53098,3,468,13315,-1,588,53801,3,9571,74251,5,9239,26947,7,663,32857,0,1
33892,2,3,1,41,564,48923,0,634,22628,0,23386,26634,8,4526,56346,1,755,8624,3,784,52157,2,1
106931,1,4,1,44,1,9860,3,6010,44874,2,969,23980,-1,2886,46674,0,4916,57430,-1,2282,37716,2,0
345895,1,3,2,43,5969,16036,2,7107,35895,-1,1044,51991,0,7835,56677,0,2162,32690,3,2688,21642,0,0
92542,2,2,3,36,4130,29795,0,3184,34088,0,9223,23039,1,22788,62969,2,10183,42871,3,2016,82985,2,0
8010,2,4,2,24,1177,52872,1,1623,63790,0,8103,43023,3,1046,44457,0,5411,45224,6,5200,70893,4,1
7859,1,2,3,28,1326,12391,2,1853,39727,1,19045,41964,-1,260,55480,0,784,30246,1,16576,44916,3,0
302460,1,6,3,40,8329,36493,2,2062,76121,0,372,40008,1,3108,20402,2,1761,61467,1,4646,51842,-1,0
35281,2,2,2,59,3483,36467,3,1276,54243,1,494,27146,4,1694,56238,1,184,49097,1,954,25100,-1,0
9658,1,6,1,31,5995,55854,0,9507,20665,1,2977,74678,0,5494,52153,3,7360,22966,1,1989,44176,1,0
91390,2,1,2,39,3014,53493,6,336,78681,0,4479,47966,0,3408,68784,1,2661,13117,0,3937,93107,0,0
97723,1,2,1,29,1357,19795,1,2615,45562,0,193,29711,8,3455,43482,8,249,55624,0,1879,64799,-1,1
104555,2,1,1,25,17600,68933,4,6883,77434,3,862,46618,3,2192,46128,0,67,35178,2,3100,18879,0,0
31115,2,4,1,28,4169,16735,0,19,34678,1,6075,76644,2,1182,21533,0,15566,53958,5,4320,48088,6,0
1522,1,4,2,21,701,61844,-1,10520,45444,0,5521,41790,0,1200,39989,2,9564,35007,2,6121,41634,0,1
335284,2,3,1,48,2605,28997,1,6125,48642,1,469,70667,4,2446,52227,2,2035,44242,3,1339,50412,0,0
28887,1,5,1,21,1997,43278,0,381,36637,0,13416,17044,5,5725,54121,-1,3634,56108,1,3175,75639,0,0
112709,1,3,1,32,1204,44519,8,11268,65438,0,1470,22977,2,2056,74262,2,4289,9975,1,2620,21807,1,0
122632,1,3,2,23,13548,43954,0,3340,78651,1,10912,-2808,0,1972,49229,0,3621,73721,8,504,35962,1,0
94162,1,4,2,26,10639,53489,-1,5281,-5868,0,12818,79515,1,2766,38144,7,1840,47512,8,4606,17526,0,1
37528,2,2,2,48,1110,47829,-1,10686,56296,1,3367,5962,-1,23476,51133,1,2476,-880,2,7554,44296,0,0
31621,1,2,1,37,2170,55672,0,10649,22109,0,2654,43484,0,478,28851,0,999,66962,0,9493,42155,0,0
91047,1,5,1,25,7184,49292,1,2627,-11856,0,1629,74752,3,1745,66501,-1,168,59773,0,380,81662,2,0
201062,1,5,2,29,1169,14710,1,1357,50340,0,8235,59423,-1,1726,26129,4,840,36201,2,4157,22975,2,0
293245,1,6,1,27,4477,45395,0,1488,50385,0,1094,47525,-1,18345,31896,4,65,67915,0,21793,58120,-1,0
11194,2,5,2,34,6016,28722,-1,7260,53602,4,4865,65662,1,2614,18490,1,2837,27224,8,7036,-12420,0,0
16821,1,2,2,36,5306,17814,0,13255,47420,-1,4186,26632,0,4184,41657,-1,5407,37395,2,4455,78658,-1,0
289563,2,4,2,53,6127,34203,0,374,57500,8,1431,50353,0,1104,52903,0,997,86888,0,151,40578,-1,0
133383,2,3,3,21,6132,43664,2,75,27939,7,20386,37747,0,63,73065,3,3816,50417,0,323,42785,7,1
214552,2,6,1,34,16734,44993,3,8656,45266,1,9364,37335,1,2072,38852,2,1964,61678,0,273,35544,1,0
22643,1,3,1,31,2127,61120,3,2443,53963,2,103,43811,0,5094,35511,4,639,56336,-1,7899,49470,0,0
88572,1,3,2,44,10542,66146,7,1617,67059,6,2743,63506,1,5880,-13371,3,682,12284,2,3919,28106,7,1
120777,1,3,1,38,110,46725,4,1043,40876,0,2223,71330,0,7009,44462,0,4813,45981,0,1827,42877,1,0
113978,1,2,1,40,1699,50342,1,2126,35724,0,10719,34659,-1,9854,40551,0,626,44143,0,10413,66971,2,0
52450,2,1,1,38,249,41906,1,17783,38895,0,1535,18226,4,614,40315,2,4028,63716,2,8346,32199,7,1
1551,2,4,1,25,5266,55344,5,18878,16128,1,32349,23608,0,432,70116,0,1057,70018,0,7528,33934,5,1
87449,1,4,1,47,531,49739,2,2013,55392,0,1116,78955,2,7748,50922,4,10054,65795,4,7432,34381,7,1
29182,1,2,1,42,9344,38910,0,16578,10853,6,1397,69615,1,2861,31678,0,256,30538,0,1062,59159,3,0
59829,1,4,2,44,5200,83039,1,1782,47819,1,5484,18174,0,14698,21884,1,2447,11258,2,10423,36964,2,0
316015,1,3,2,47,146,29076,8,9637,41691,5,878,73220,-1,14366,16853,-1,7167,49994,5,1096,31092,0,1
50921,1,3,2,39,6272,69089,3,1191,8980,0,10982,25766,4,763,31088,0,6914,38226,-1,9946,43587,0,0
183134,1,2,2,49,9903,12914,0,8757,10121,2,582,53292,1,5875,47480,0,781,18964,0,11108,61262,0,0
20892,1,4,1,38,5410,56272,7,2182,22926,2,20466,25751,1,347,-2193,0,1095,26074,0,6230,13925,5,1
111614,2,4,1,32,154,68731,8,1089,33121,0,10382,83257,3,2582,37299,0,3951,38820,0,6170,54957,0,0
377256,2,3,1,34,9756,1855,0,13649,69609,4,9152,28597,-1,9216,56036,1,5764,45163,2,1510,47055,0,0
10746,2,3,2,34,6592,42779,4,1205,37785,1,2614,19003,3,3089,19293,0,6977,28879,1,1878,47933,1,0
835,2,1,2,29,2377,54308,4,24039,50929,0,3604,30869,1,170,36436,0,4845,39682,0,4249,40376,0,1
56842,1,3,1,51,1992,45039,-1,574,65332,8,3047,92537,1,1374,20168,1,7641,38541,2,4247,40629,1,0
9719,1,2,1,37,3267,47563,2,50,61463,1,21880,45211,3,451,-14163,4,2898,45496,1,2074,54079,2,1
137985,1,2,3,35,10090,42724,0,10231,39858,0,177,19435,1,2623,23992,3,4111,20482,0,11341,9008,0,0
245980,1,3,2,38,1452,18115,2,4416,25889,0,2403,24232,-1,5965,18729,4,2839,26037,0,703,23834,1,0
56919,1,5,2,64,532,87360,5,2737,49977,2,17271,5046,2,5399,55502,8,7155,66971,0,2467,6234,1,1
29936,2,3,1,23,9998,29929,1,427,26288,1,2305,50802,3,6345,49610,-1,960,34818,1,1495,76236,0,0
56987,1,2,1,26,133,48683,1,4277,76296,2,2540,14989,1,2421,19163,2,1454,49528,0,13224,65187,0,0
128535,2,3,2,21,12095,27063,5,2502,57355,2,4988,62113,1,1541,65852,0,9064,15639,0,770,-3439,0,0
909,1,4,2,32,1824,-5517,8,3304,44173,0,11890,55801,0,293,54504,6,6265,63754,0,3181,47240,3,0
89026,2,4,2,37,3548,21509,-1,4976,50253,0,1744,37999,2,14200,34871,0,6643,63031,0,215,35613,3,0
95008,1,4,2,30,709,11047,5,5107,43565,2,14744,64722,4,629,46601,0,521,45977,0,7536,51887,1,0
101525,2,3,2,29,11626,61831,-1,16169,32633,2,1660,58511,2,981,21092,8,3312,27720,0,5411,46690,-1,0
27710,1,4,2,36,6928,27862,0,5321,49972,-1,8447,43138,3,126,-9239,4,4154,11274,8,9248,37154,-1,0
125194,1,2,1,29,12895,29718,3,2073,35142,0,1613,24637,3,1907,41817,-1,7568,85486,0,1732,38772,7,0
9584,1,2,1,38,5747,18713,3,1999,78733,6,378,48270,0,8542,12717,-1,2742,31890,1,4025,60353,0,0
22223,1,2,2,46,1020,41880,2,3242,26145,4,8364,48153,1,2019,35463,3,3890,11325,5,15898,28101,0,1
209939,2,3,1,41,1842,25670,-1,1500,50175,2,2989,49829,1,5482,48220,-1,1361,28066,-1,1456,32315,-1,0
134217,1,5,2,43,3335,59847,0,2361,24345,-1,2477,41580,1,16840,1126,4,8922,47985,2,11707,52944,2,0
1384,2,4,2,45,4673,46040,6,9229,24136,2,2809,46543,-1,11152,44133,5,12260,15051,4,14739,57116,2,1
28551,1,2,3,37,13049,28563,-1,9822,4278,-1,4728,46042,1,992,56528,-1,3119,28192,0,2374,45863,7,0
24131,2,2,1,33,2422,57004,-1,4941,48229,2,1523,67241,-1,2225,-1579,0,2874,11181,3,2014,30382,3,0
31581,1,2,1,27,6071,40158,3,4371,29350,2,1354,14517,3,6954,54108,-1,1989,68864,2,1665,6579,-1,0
28443,1,2,2,31,16222,40429,2,2785,61667,1,3302,19968,7,19006,77979,-1,1551,38342,3,9249,7396,3,1
6456,2,3,2,29,826,10747,0,5051,48265,-1,181,41502,0,6292,34898,1,4030,10953,-1,5755,35922,7,0
61422,1,5,2,42,9928,38578,0,8200,42964,2,5147,24800,1,1453,54808,2,924,21998,-1,1174,43320,1,0
131950,1,6,1,38,2729,46430,4,6694,11790,3,8653,44217,3,712,19906,1,4449,27096,0,9658,32945,0,0
93326,2,3,1,41,6591,66671,8,180,51698,1,6499,17736,0,3417,58404,0,4119,40460,8,1062,18975,0,1
111740,1,4,2,23,1737,24962,-1,6567,26757,2,3167,20892,0,1071,50202,0,5921,21768,4,3364,15878,3,0
8463,2,3,2,49,2032,85562,1,6363,11343,-1,4166,81209,2,1291,44355,0,1279,32697,1,607,43251,7,1
302599,1,2,2,30,137,51137,0,521,48610,2,132,35413,2,5031,43217,1,6052,27253,1,5225,67137,7,0
182319,2,3,1,23,17772,9611,3,814,14834,2,12172,16575,1,3616,47888,4,85,11267,0,5390,25096,1,0
163521,2,3,1,30,8395,23096,0,7753,-1822,0,4082,37703,6,643,38719,1,3822,21697,0,2249,39507,2,0
173151,2,4,1,59,493,68419,2,4093,65942,2,1901,60728,7,834,20541,6,9291,24567,0,549,25783,2,1
269875,2,2,3,31,38093,64864,1,8619,28785,2,1737,64110,4,98,37042,-1,6506,15613,2,3946,52036,1,0
78581,1,2,2,31,4644,40361,1,1021,5110,1,5389,10778,0,1240,39046,3,9513,11130,2,12672,37493,6,0
22349,1,2,1,33,9611,42998,4,155,20748,0,4389,24659,0,10915,16521,0,802,28096,1,7826,59760,3,0
95915,2,6,1,33,344,16707,1,883,25578,0,1040,44454,3,7875,37790,4,6345,57292,3,4269,42353,0,0
135821,1,3,2,27,2466,66428,3,3012,62884,8,2637,39320,2,2678,38764,5,3165,37041,-1,391,42396,0,1
133909,1,4,1,36,5538,20244,0,3704,6740,1,5637,7999,0,6772,29587,2,1951,-23660,-1,5332,22936,1,0
73699,1,4,2,45,562,56894,0,9749,13221,-1,1766,11240,1,2612,47045,0,2198,60202,3,2108,23279,1,0
7091,2,2,2,38,3355,67040,1,6297,59608,4,3559,18647,4,7853,51790,1,537,26139,1,6698,49197,-1,1
46380,1,3,1,23,2923,40963,1,23225,31005,0,1471,4582,0,1004,26726,1,5969,68758,2,207,44598,1,0
253535,1,4,1,31,1216,59352,1,409,44559,1,371,30830,6,827,42982,1,4996,56134,1,3288,80277,6,1
87814,2,3,2,29,1785,76952,3,697,30181,0,2457,63889,2,405,58183,3,828,33866,1,2202,18061,1,0
77290,1,5,1,35,17074,45359,1,440,80411,7,6585,26683,3,1384,19792,3,3928,36099,-1,72,59822,2,1
31314,2,2,1,48,1702,36493,4,3865,14206,0,1203,61645,0,790,6735,-1,694,17182,1,3176,42604,2,0
45957,2,1,3,33,1200,38662,1,1552,45642,2,7022,40593,1,8013,21177,0,1879,53030,-1,823,20519,-1,0
225709,2,4,2,34,3841,25140,0,5754,70059,1,5535,36332,2,1371,50537,0,225,72331,0,110,-13496,0,0
109800,1,4,2,52,5557,24688,0,711,32500,-1,3539,6685,1,3630,30865,2,4852,25461,0,4773,27289,6,0
154828,1,6,1,43,6456,48848,4,544,24924,0,17781,63396,1,7056,15229,0,62,27940,0,21652,29811,1,0
60576,2,3,1,40,7017,36721,-1,3082,55342,0,10745,42328,1,5651,65387,0,1510,79471,5,5656,29769,8,0
99492,2,5,1,54,187,46551,0,2357,60081,8,4141,8002,-1,1144,16393,1,1550,41726,7,10692,58036,4,1
28552,2,4,1,39,2502,10201,-1,8835,24001,3,4079,47637,4,401,36588,1,6898,9519,-1,674,30838,0,0
122234,2,4,2,21,7435,38147,1,9087,69243,4,1627,28243,4,12138,54731,5,2994,12722,5,1756,45457,0,1
55791,2,3,1,43,11761,60602,1,624,41024,0,12641,41226,0,4864,53402,3,4257,74085,4,7312,12121,0,0
58437,2,2,2,21,4609,17621,-1,8365,50175,0,11313,44802,4,6130,48346,0,1432,49473,1,985,47774,1,0
104788,1,5,1,39,268,40330,1,4152,69765,1,6775,64314,2,2438,26640,3,3966,18994,1,4528,14010,4,0
275326,2,3,1,21,2526,2907,0,3501,55375,2,684,17454,1,1382,51157,3,807,46745,0,3192,53518,1,0
6614,2,3,3,30,385,13890,3,497,39995,2,6081,51437,0,3781,40295,1,24373,23356,2,4617,59338,3,0
174150,2,3,1,31,6902,56153,3,6728,26568,3,1459,66565,0,405,48131,0,3638,1598,0,16918,10010,1,0
34585,1,3,1,27,328,33814,2,307,94170,4,1046,90409,1,8046,67412,6,10575,33090,-1,7260,78465,0,0
58684,1,3,1,31,1027,76441,1,1626,24219,-1,7119,60991,1,5313,16125,7,558,39825,8,22589,30905,1,1
2215,1,1,1,45,2697,48648,0,501,46362,3,16061,47228,1,7169,47704,0,4463,8657,3,651,47244,1,1
35817,1,4,1,27,3105,50611,3,3783,50199,2,576,45500,0,4211,42842,3,5559,14862,0,3113,55293,8,1
69842,2,3,1,40,2608,18470,0,5181,51146,1,895,71042,2,4312,58887,-1,7778,19965,-1,1416,26520,1,0
5781,1,3,2,25,3112,32297,0,11075,82560,2,1237,34271,2,4586,75566,-1,3326,35913,7,5483,25983,-1,0
67549,2,2,2,33,6245,25347,5,6618,40951,4,16472,55918,8,7666,74943,0,183,42573,-1,71,31522,1,1
261881,2,1,2,38,2304,18691,8,16234,38098,1,5960,83882,0,1276,56700,1,1513,11142,-1,11196,49152,1,0
11137,2,2,1,25,3967,53277,4,7155,71045,0,5670,37812,0,5721,28026,1,1646,28358,0,4594,51680,1,0
144579,2,4,2,21,1807,57290,8,1769,37282,1,3516,-279,1,4022,31553,0,1916,30586,2,5555,67912,0,0
52707,2,1,1,39,2181,47978,4,3965,57520,5,3856,22783,0,3417,54427,0,483,5247,3,7906,64865,0,0
106471,2,5,2,46,4756,23438,2,3061,43887,3,1713,45868,2,3892,14268,0,3,44496,1,6847,64616,0,0
30142,1,2,2,34,3371,46614,0,4173,58419,0,839,23260,0,1588,35330,3,3666,51936,1,5812,57482,-1,0
17374,1,2,1,30,6419,1746,7,4244,54508,2,7576,33055,1,188,25236,0,6673,46238,-1,14751,55947,0,0
17490,1,2,2,36,4111,66460,4,6055,31937,0,3180,34099,2,7118,16465,1,1307,13566,0,1355,31930,2,0
7309,1,1,3,35,8137,14036,0,433,3119,0,1478,51218,1,12395,44956,2,5917,51959,-1,499,28921,1,0
20536,1,4,2,37,2929,17590,1,6866,6521,1,5008,21080,0,3276,55791,2,6567,37974,0,4990,9140,-1,0
109129,2,4,1,21,3376,42305,-1,775,3192,1,1175,28324,3,9097,52005,1,2648,59650,-1,332,67975,3,0
213445,1,3,2,24,5542,44083,7,132,38176,-1,3354,68140,4,4051,42363,0,3722,49565,4,4039,40953,0,0
168268,1,2,3,26,1250,38545,1,3658,-7052,3,1054,30360,0,13317,32954,5,1884,46242,2,6008,46678,2,0
115560,1,2,1,36,2438,17797,0,4355,36800,3,7128,54515,3,3550,29507,0,2351,34359,1,5604,-16255,3,0
11701,2,3,2,36,4902,62666,0,177,42675,1,1934,40278,0,1146,57428,0,4447,59123,6,2059,26830,1,0
34134,2,6,1,41,146,6281,8,3621,57124,0,2914,39537,1,10205,29769,3,2246,17131,0,5669,59472,3,1
37078,2,2,1,37,2872,10334,2,3823,50087,0,7030,54762,0,8053,29198,3,3476,14722,7,2039,46611,2,0
28762,1,4,2,21,4567,37860,1,269,58037,0,5388,2750,2,2537,48223,4,6808,94840,-1,8192,26769,3,0
72361,1,3,2,49,17113,14715,1,6216,48278,0,2551,48866,0,9223,20378,-1,16705,1149,3,10277,37654,2,0
76690,1,2,2,47,10478,64452,-1,1180,33529,4,368,51055,1,45,41703,4,11084,16173,0,5480,79577,0,0
44143,1,3,3,22,1647,16435,-1,7910,37880,1,12730,56968,8,8040,29416,3,12296,56074,0,4936,35289,0,0
43662,1,1,1,38,3538,71140,1,1861,22967,0,39,32490,3,5824,26571,1,12107,7458,2,1695,42421,1,0
176349,2,4,1,29,290,60702,1,3249,44561,0,6632,40010,4,2387,35000,0,1382,54729,2,3129,39867,0,0
155728,1,2,3,36,1377,64701,0,11121,8316,6,14538,-9050,1,7841,55088,1,14632,64536,6,1307,44158,0,0
36787,2,4,1,45,7455,77742,1,8204,61320,1,1831,26603,0,677,43535,0,1257,66922,0,6092,64081,1,0
245095,1,1,2,56,658,41624,-1,7613,20868,1,392,43511,0,1136,45862,7,9983,41334,3,5254,89644,1,0
305367,2,6,2,42,1489,19740,6,874,43076,1,1435,69413,-1,3813,55178,2,4350,16541,5,578,69533,5,1
39562,2,2,1,37,14415,37939,0,246,46429,0,1880,76915,1,10644,52473,1,9122,21711,1,11404,44667,0,0
43761,2,4,1,31,8682,28666,-1,4653,63254,8,3001,33151,2,696,36428,3,20150,65302,1,21973,63855,-1,0
70447,2,4,2,36,7612,25816,0,2644,6376,-1,3724,57480,1,4153,51130,1,10425,2682,0,763,10115,0,0
283226,1,6,2,48,9996,43017,-1,11988,33490,2,6460,37055,1,6994,36631,-1,8477,56466,8,1611,39640,2,0
209005,1,3,2,34,6923,33765,0,2150,50996,-1,11558,7680,0,6800,48764,0,1156,7840,2,8615,25999,0,0
10821,1,4,2,26,642,24955,1,2642,75023,1,3125,52101,-1,4943,60832,8,9827,38096,5,2512,28611,0,1
49878,2,2,1,21,3634,35091,2,3732,39223,4,6858,76625,1,14144,50412,4,906,27540,1,296,59213,0,0
80602,1,2,1,40,2937,50979,0,7958,28113,3,680,32371,1,3290,15071,5,3594,31138,4,12138,67330,2,1
69943,1,3,1,37,1863,59128,1,1561,80539,0,1993,21854,8,10611,30064,-1,3489,66829,1,3725,13384,-1,0
21550,1,2,1,28,8980,7941,5,14221,56051,1,628,41347,0,4832,52951,0,3656,29219,0,157,36477,2,0
195769,1,6,1,45,3119,33935,0,3881,67472,0,5884,37544,2,6686,-3101,-1,6421,60856,1,2851,26968,0,0
112991,2,1,1,30,310,37173,3,9193,15809,7,11910,92200,3,3125,46471,3,2521,25605,4,8991,53356,8,1
181959,2,3,1,33,1607,16349,0,3728,50422,2,10993,60117,0,917,45347,0,3049,45242,-1,2507,62232,1,0
195732,1,3,1,34,1297,37605,0,7391,18333,0,1975,42587,5,577,94546,1,5379,37454,0,697,85325,0,0
137973,1,3,1,31,10923,42959,1,263,13899,0,1334,-17906,0,5733,48645,0,5734,12540,6,210,63945,1,0
57840,1,3,2,37,5212,50376,0,8027,51637,0,1601,37134,7,2361,37830,6,2877,12993,0,7556,62912,0,0
94301,2,2,2,46,4109,41543,5,3711,53036,3,1693,77044,-1,4190,63273,2,267,34747,0,3569,19972,0,0
17478,2,3,1,23,3532,22381,-1,2983,30359,1,429,41600,2,6853,33112,3,1499,32126,0,1931,26489,1,0
111977,2,2,3,39,5250,80240,1,591,68640,0,715,56436,3,7720,40845,2,14413,53532,0,8753,41116,-1,0
19754,1,5,1,36,7029,56582,2,6765,32619,5,1207,47839,0,3563,41776,2,13114,2897,0,601,91361,0,0
118400,2,4,2,36,4041,51054,-1,703,34600,0,41,30266,0,1888,52004,0,5244,23425,4,893,41527,1,0
26084,2,6,1,43,13926,60096,2,1067,39279,0,241,73826,-1,7477,21534,0,1024,48610,0,2463,68627,2,0
12505,2,1,2,35,18825,44892,1,675,35141,0,5995,43778,-1,2683,56670,0,503,35016,2,199,31622,0,0
18066,2,2,1,39,26846,65726,2,32,65545,0,4829,25862,1,13801,29485,0,14931,10904,0,9615,39528,2,0
199,2,2,2,42,5534,41137,3,5422,19165,1,14540,40430,3,8702,81188,2,10324,47201,0,3063,39574,0,1
126847,1,1,1,29,13487,40034,0,1579,24913,2,2568,68550,-1,6870,9737,1,2536,56974,3,4505,30138,1,0
131826,1,2,2,37,2591,52704,1,809,16171,-1,2937,10410,0,1380,24852,1,4965,20044,0,236,53745,1,0
72346,1,3,1,32,9816,71527,0,1928,77670,0,350,45405,-1,2253,-585,3,12275,59336,3,10060,14119,-1,0
17597,1,2,1,33,11994,70240,0,3456,33509,0,825,41472,0,9451,99297,0,743,28075,2,17457,3445,6,0
8725,2,3,2,31,11724,51856,-1,3499,24629,-1,5881,9197,5,117,15461,1,5056,32874,1,10934,34755,3,0
1931,1,4,1,39,8884,50332,7,2287,34253,0,1339,55335,0,7604,55201,1,12596,29345,1,5763,51008,1,1
18121,1,3,3,35,2609,53920,1,3415,56981,0,7420,45129,1,2588,54540,-1,9055,60282,1,7850,24798,0,0
221508,1,2,1,38,865,59712,-1,2787,53275,0,6115,57570,0,8030,21879,0,1692,36738,0,9438,86518,3,0
27646,2,2,1,34,2032,65974,-1,8648,28496,3,6877,62761,0,4019,55460,-1,15187,55461,0,1220,39954,2,0
43737,1,3,2,21,7289,35268,0,150,32008,0,5865,38888,0,3741,18620,3,1135,30289,-1,773,41542,0,0
11131,2,2,1,35,1325,66361,-1,10125,10890,2,6149,28887,0,6046,23728,0,1169,47184,2,1142,19961,1,0
25149,2,3,1,35,3253,46859,0,1398,42774,-1,3957,11509,0,8208,8761,1,507,18251,3,10954,52578,0,0
73235,2,2,2,37,4166,53018,-1,6396,65646,2,5669,27113,3,5911,53393,2,628,60023,2,2051,60509,2,0
93586,1,4,2,29,4629,67638,-1,2596,28364,3,3734,40218,1,2995,822,7,7170,33866,2,831,43972,1,0
28150,2,4,3,23,13722,54941,2,1743,52716,2,1153,20728,1,1934,47869,3,1613,64983,4,38977,46273,0,0
5946,1,3,1,41,5416,58319,5,4777,28357,0,1226,51669,0,9342,37527,-1,10167,38953,2,921,44860,5,1
49599,1,2,2,32,7715,32211,1,7324,18087,0,2598,21931,0,3677,74860,0,9745,41913,0,618,21949,5,0
26683,1,2,1,36,4359,69966,3,2988,53605,3,70,4743,-1,7649,40652,-1,619,85729,0,8979,68827,3,0
24788,2,4,1,32,8966,53913,-1,3141,86952,1,11004,28441,-1,27266,56959,-1,3800,54907,1,9327,33764,-1,0
321545,2,3,2,34,1530,42521,3,303,50868,0,1561,43684,0,5162,50226,0,6724,43890,1,3990,74541,3,0
95789,1,2,1,30,1177,62021,-1,12884,31722,6,264,14811,4,1631,37936,0,5738,15616,0,1608,15867,-1,0
81391,2,2,1,25,13040,91756,3,9383,33012,2,2761,22234,0,10033,62298,0,547,24894,0,1838,58135,0,0
53746,2,2,1,39,5912,16621,4,2537,78183,3,8453,27396,0,1598,47597,0,1941,55707,2,1808,43725,0,0
56026,2,4,2,28,5566,23925,3,7239,46139,-1,2532,30022,1,1508,57973,3,4733,33350,0,10033,41837,2,0
77849,1,2,3,36,3148,93706,3,1879,24681,0,1523,45957,1,384,21444,3,4389,35858,3,86,28178,0,0
119214,2,3,2,39,2363,48533,1,6554,38755,1,3936,52757,2,409,50565,0,8410,18357,0,6195,53402,3,0
121115,2,3,1,29,4056,43817,0,3635,44302,1,4271,30511,0,9914,56035,2,288,48100,1,15529,50720,2,0
18837,1,3,2,22,642,37692,2,3088,49384,0,7118,19221,1,1311,18219,0,3273,42084,0,6978,75732,3,0
69337,2,4,2,59,3032,64168,1,290,70240,1,8041,42734,3,575,38522,0,9450,54257,3,3375,53389,6,0
53095,1,4,1,29,3038,92224,-1,16822,65517,2,6124,50354,0,2173,5233,2,25303,64758,0,429,31833,1,0
204428,2,3,1,41,3864,26696,1,9082,43964,0,22,72275,8,6250,8260,0,687,48974,8,155,31389,4,1
99809,2,1,1,54,5034,38062,2,7884,39170,2,10,62923,1,2074,38802,1,5190,16542,2,1167,46478,0,0
76036,2,3,1,42,15769,32985,-1,1818,47919,0,18960,14823,2,1850,76004,0,6,9760,-1,4737,69716,5,0
12261,2,3,2,31,5280,54657,2,1709,27835,1,1534,37180,1,3347,77550,1,2150,54615,3,3027,47748,6,1
93048,2,3,1,34,10758,64447,2,4257,59600,0,1658,49123,4,107,33901,2,2941,42402,2,4604,60456,0,0
12466,2,3,1,26,4063,72418,0,9361,35930,2,6588,22996,1,3377,20970,4,2122,75025,0,448,45920,0,0
41129,1,2,3,43,4929,55334,1,13638,49818,0,4356,32985,6,23035,58542,0,4897,40498,0,8794,2441,0,0
15413,2,3,2,40,361,90386,7,1566,74265,3,3114,53479,0,8030,-71,1,77,5452,1,5682,49089,1,1
117789,2,2,2,29,715,28504,4,4675,51056,1,618,44999,4,365,31936,1,11943,14683,2,5077,36146,2,0
23098,2,4,1,24,4333,23309,1,6435,44614,1,424,40034,2,5318,25036,5,1917,24995,4,948,64578,1,1
49734,1,2,1,21,2518,69386,0,1283,29652,5,6080,26929,3,3091,38273,0,814,74826,0,3948,73040,1,0
226024,1,4,1,44,8017,42456,0,2616,38438,0,665,11087,-1,8750,67506,0,2838,63376,0,1475,76071,-1,0
22855,1,1,1,36,3917,12481,-1,1038,17278,1,2861,33751,0,518,-11765,0,3607,29278,2,13478,36558,4,0
70888,2,3,1,37,10697,33678,0,6001,50664,0,6661,38175,3,1324,46207,0,267,36126,0,3143,30554,0,0
54347,2,4,2,26,17937,45113,6,9967,-2687,7,12832,10631,0,7830,46864,4,8024,12750,0,1837,33604,2,1
1829,1,2,1,21,798,27075,7,10499,59368,3,10340,40959,2,9458,38780,2,6686,12060,2,15046,37666,0,1
157386,1,4,1,44,2511,19706,3,5544,54633,3,9976,47840,8,3767,45827,1,3585,62377,-1,1151,43311,1,1
7154,1,3,1,35,5467,35847,0,2132,41963,0,2219,26160,0,99,50285,4,1028,58817,1,3395,21570,-1,0
64293,2,3,2,44,1822,18709,0,5409,29339,0,13098,48068,1,11208,43166,0,13057,34479,2,936,40420,3,0
82252,1,2,2,31,1553,52702,1,9985,39674,-1,5754,45514,0,2412,-700,5,7903,76861,0,495,-658,7,0
99000,2,3,2,32,8403,1123,2,4915,4519,2,10879,33909,0,202,22216,3,1330,48687,0,266,83027,0,0
116677,2,3,1,42,19655,41808,1,2662,56476,0,465,31680,2,8541,71951,-1,6658,44235,0,79,35394,0,0
29205,2,3,1,42,7431,50390,2,12616,36723,0,201,33356,0,2707,16659,1,534,44351,1,6179,31483,-1,0
1002,1,3,1,42,3708,38189,2,9015,70304,2,2807,22875,1,1053,41612,3,630,18765,0,2454,50901,-1,1
128534,2,3,1,32,2921,61864,3,10703,47839,3,8801,46892,8,8086,25573,0,2940,58886,1,12749,56772,1,1
76713,1,2,2,41,3878,12588,1,11675,44628,0,2625,23094,0,3059,51896,8,6048,59038,0,4925,-589,0,0
180860,1,2,3,46,3107,25978,3,2502,48018,5,10798,24378,4,4680,35947,3,12462,44812,5,8220,26274,0,1
172254,1,1,2,33,3494,33399,-1,9817,20489,-1,1337,49945,0,8661,53094,3,17700,17633,-1,1659,68434,1,0
185358,1,2,3,29,1137,54254,2,4223,30980,-1,200,35158,0,3695,47660,0,5886,61783,2,1195,57487,1,0
66377,2,4,2,48,11703,44370,0,194,42658,3,7162,41233,0,585,32204,0,7643,3993,2,2936,16575,0,0
40590,2,4,1,28,7023,82867,0,5050,33948,1,4919,5767,0,16588,-4581,2,3571,24522,2,8785,63733,8,0
156809,2,2,3,41,5712,23884,-1,3180,28469,6,2899,29533,2,1688,22672,2,287,51605,1,3261,55140,0,0
60019,2,6,1,34,14971,12100,0,1608,34352,1,9329,73615,1,25792,15874,0,669,31834,0,3996,23825,0,0
20265,1,3,2,21,1673,75781,8,17597,40882,5,8691,4383,2,30,15723,4,17665,20204,2,2220,39905,1,1
193084,1,5,1,46,423,11382,1,283,86374,0,1961,74992,0,3306,50070,4,2496,67682,1,4487,5983,0,0
214182,1,4,1,21,8747,53661,5,14582,33492,2,9099,45224,2,6102,80492,1,7389,62668,5,3522,56225,3,1
62793,1,4,2,21,32242,20426,0,867,26451,8,2116,29340,0,11838,-9303,2,1245,61329,4,3103,70817,0,0
7871,2,1,1,40,4318,-1386,0,2365,36945,0,4863,35911,2,7578,9874,1,3806,46641,-1,3979,33194,2,0
49073,1,2,1,40,303,32504,1,2699,70031,-1,1069,64610,-1,1476,44641,-1,828,40696,8,2713,39884,0,0
162728,2,1,1,28,7581,57989,0,6565,71461,-1,1533,-5549,1,1393,34931,-1,8270,74759,1,7742,48449,0,0
232048,1,4,1,36,383,15564,2,1214,78981,4,2969,68308,2,2204,49066,3,920,68705,5,352,35463,2,1
22749,1,2,3,21,3882,51521,1,21379,41219,1,1888,45312,4,585,39064,1,6119,38314,0,2185,-1337,-1,0
6932,1,4,2,42,1625,55257,3,6911,52831,1,691,60244,3,5536,66350,2,817,94225,2,6996,61560,5,1
209842,1,2,1,37,12327,14566,1,7802,18999,3,3292,5033,1,14173,51406,2,8537,37497,1,2275,64118,0,0
49332,2,4,1,34,3001,35444,1,562,32931,3,3580,35450,4,5137,57539,0,3494,47709,0,3170,53713,0,0
78036,2,2,2,35,11436,71541,0,3234,17698,1,864,-6567,1,3811,60358,-1,2658,67809,-1,2489,67936,0,0
344407,2,2,1,39,1776,53011,2,14557,49465,4,957,63951,1,3499,16147,3,2053,47431,0,2155,37364,4,0
6888,2,2,1,34,2449,34770,2,1574,40768,1,148,20345,2,4489,51743,1,5819,34713,-1,3988,48861,2,0
104502,1,3,1,21,14698,48305,0,785,44523,2,154,20051,4,6199,52857,0,460,47634,1,892,25991,-1,0
7699,1,2,2,56,1123,26294,0,3321,23075,-1,2220,1311,2,7923,33166,-1,9696,39894,0,2862,22495,5,0
47075,2,4,1,47,4319,62273,2,13324,57013,0,792,48887,6,5991,33038,-1,7161,-2610,7,7023,13951,6,1
162869,2,1,1,22,2459,62265,6,3335,-8140,4,12572,41437,0,6104,33598,-1,2333,60067,2,47,46893,1,0
56822,1,2,1,31,7439,42418,0,2594,34959,0,1112,25042,5,15155,22411,0,19001,27551,3,4617,41758,0,0
587185,1,4,1,32,692,44614,3,5253,37867,0,341,45262,0,11480,12391,0,8920,16988,1,20099,61972,0,0
81884,2,1,2,45,2874,20024,1,13813,-432,2,2588,24401,1,8684,82912,0,1579,64098,0,2577,5182,0,0
38737,2,5,1,21,6002,12959,1,251,47682,1,1068,4814,3,221,61602,2,10934,47563,3,3873,45272,4,0
24860,2,6,1,30,2612,32467,7,832,36534,-1,318,32724,3,5526,40519,0,521,53591,1,755,74524,0,0
43158,1,1,1,21,301,38251,2,712,51222,3,6986,72894,0,3034,10651,2,5849,37473,8,6128,42361,0,1
46606,2,2,1,32,6105,61252,3,445,79996,2,4072,59433,8,4806,50915,3,704,44485,1,2705,58016,0,1
7118,2,2,2,30,3497,58448,1,1798,46492,4,293,49107,-1,5796,32717,0,18632,33985,3,7327,86871,0,0
46135,2,4,2,35,56,43696,0,1302,59453,1,3155,44880,-1,6270,36867,2,254,22772,0,672,67297,2,0
62406,2,3,1,28,4742,63810,2,3978,67619,1,198,32733,3,10179,84957,0,1324,53706,1,392,11488,0,0
128279,2,3,1,27,12621,21130,5,1982,49840,0,2187,54719,3,12039,77958,0,3776,44758,0,1649,33762,0,0
106923,1,4,1,41,588,61546,3,2597,22682,-1,2257,51306,2,4667,-7301,2,4384,74430,3,959,47200,0,0
123362,2,2,2,39,4466,24191,0,14224,7196,-1,8657,38337,4,11229,47306,6,3596,-4713,3,8497,38710,1,0
839,1,4,2,40,6522,64793,0,845,47487,0,6645,43981,0,7232,43311,2,6737,63576,1,7091,66263,6,1
24547,2,4,1,33,367,39733,1,2458,31994,5,11362,7882,-1,1132,47103,0,7,32241,2,16995,39605,1,0
108377,2,3,2,29,114,34,1,1485,65672,4,757,30394,7,179,28843,0,4148,30340,0,344,38591,-1,0
66162,2,4,2,33,3119,54603,0,3983,30497,1,3815,16137,2,49,40057,0,4771,51689,4,1694,61693,0,0
532,1,4,3,40,7831,56190,0,6665,39713,0,101,15756,5,4416,18122,2,1172,22235,5,17612,11825,0,1
163216,1,2,1,21,876,30868,3,8491,16819,0,8729,49405,5,3686,60750,0,5381,31008,2,563,49770,2,0
148196,1,3,1,38,9058,32574,2,3621,33123,0,2283,14707,2,5959,60138,1,5306,51890,0,3364,27365,4,0
79500,2,3,1,38,5343,36809,3,9652,21143,5,359,55361,2,9252,72819,3,3776,29298,3,5333,55512,7,1
6877,2,1,2,35,2018,1496,6,7687,22969,1,1962,60640,0,898,24525,0,1500,25885,8,1290,32685,0,1
145463,1,6,2,33,3626,-7294,0,853,38943,3,1690,38765,0,9704,45393,2,2694,25842,1,7484,50257,4,0
87638,1,2,2,21,16844,66032,4,1408,27861,1,7262,27889,2,516,80868,3,1590,47017,2,9559,29076,-1,0
152307,2,3,1,30,1219,23518,2,5569,92584,2,676,60620,3,10738,26493,4,7342,15907,4,2534,406,1,1
139330,1,3,1,52,3461,77105,7,18403,56717,2,4057,51047,1,9501,19811,-1,4819,55113,2,6089,47217,0,0
162456,2,1,1,35,4897,67408,0,2359,61692,-1,7897,63903,-1,5969,46006,0,819,82311,0,3782,14024,0,0
72982,1,5,2,31,742,71343,0,1305,37782,1,6726,18369,0,1783,63302,7,4192,40066,1,5700,69934,0,0
15120,1,4,1,35,222,26994,2,10167,42115,4,13736,34793,0,490,26657,0,11678,48704,2,2988,51272,0,0
111217,1,3,1,38,67,7831,5,1113,31408,1,3,35628,2,7527,78657,1,8942,45294,1,172,54509,2,0
96883,2,2,2,41,1962,18262,3,5976,92487,1,2183,44188,1,1228,21684,0,11091,21325,2,1960,34342,8,1
135577,2,2,1,32,384,31070,2,174,37822,1,2306,52497,1,2907,53163,3,12445,46328,0,1746,39618,-1,0
18618,1,2,1,39,8142,-7464,0,95,27924,0,169,42756,1,3784,26466,-1,1042,44446,0,12898,-7321,3,0
21688,2,2,1,51,29608,30491,2,3003,24919,1,8498,66708,0,5782,30681,-1,6358,75438,-1,2885,47858,1,0
221100,2,3,2,45,316,35966,3,5343,46707,0,5838,32505,3,3341,56452,1,5169,44957,-1,11690,17165,0,0
138620,2,6,2,58,2834,14111,3,768,68420,7,3754,19019,0,5929,35815,0,169,64837,0,28,46319,0,0
238845,2,3,3,28,130,19190,2,7217,61739,-1,2596,26686,2,8411,9617,2,7530,48583,-1,5001,18078,1,0
142177,1,4,1,51,719,35588,-1,689,24873,1,11288,24198,0,6242,24026,2,1160,29818,0,3050,52301,2,0
90920,2,3,3,27,1949,47125,2,3814,24381,0,1535,30881,-1,1779,54433,1,12445,16296,1,228,43639,0,0
106170,2,3,2,38,2501,22183,1,1843,64925,-1,2036,34616,0,11235,47949,3,9017,46162,2,3153,13704,2,0
219937,1,4,2,42,14048,45845,7,6976,82027,2,15248,35464,7,3998,54511,2,7324,55205,1,2421,67020,0,1
86466,2,3,3,29,2519,42736,2,8151,37099,8,334,44638,0,3130,27946,0,5966,38219,1,1198,36075,3,0
100073,2,4,1,35,3428,40937,2,341,64132,2,7584,30778,0,4278,18800,-1,3175,27339,0,410,22366,0,0
17016,2,2,1,44,1409,26959,8,1069,10678,0,6330,60976,0,3300,23623,2,7993,68138,-1,7811,60720,3,0
64230,1,2,1,27,0,13332,-1,11158,23129,1,11608,1236,4,7034,24992,2,8552,31172,0,4688,28999,0,0
126018,1,4,2,51,11479,73929,0,2685,19808,-1,474,-4537,0,2729,39063,4,518,16962,8,4466,36607,1,0
31600,2,3,2,21,426,52606,2,3238,48244,1,17607,60026,1,7496,16320,0,2010,38700,5,11810,70612,3,0
22596,2,4,2,54,16655,60114,0,919,36420,-1,146,58454,0,7138,61308,0,1903,41553,0,61,47956,-1,0
37662,1,5,1,45,701,38327,0,26387,44761,3,2060,64780,8,1620,50314,1,665,25291,0,3898,52362,0,0
27641,1,1,1,34,4642,36719,4,12822,64382,-1,443,52734,8,504,22707,0,18605,38170,4,15261,37752,7,1
24196,1,3,1,30,37181,49813,1,10,26936,-1,262,40050,1,9517,36028,0,4380,6096,-1,2989,26747,0,0
55312,2,2,2,29,745,3306,0,4000,41879,4,16722,34831,3,925,22265,3,4455,48476,0,3194,33396,4,0
238421,2,3,1,33,2757,17707,0,10289,13241,6,6358,7957,0,158,37013,0,2410,19002,0,360,-7274,1,0
70736,1,4,3,34,7580,24044,-1,2815,63275,-1,3522,42953,0,2573,23303,-1,7319,32362,4,6087,53432,0,0
20815,2,2,1,47,163,30908,1,2870,61928,0,572,11264,2,1466,82846,2,3227,26465,-1,7175,51837,1,0
8009,2,3,1,54,5852,22406,0,2384,47237,2,3732,89322,0,1244,8184,0,6778,68032,-1,748,10265,1,0
119124,2,4,2,36,418,46656,4,146,42398,1,1928,19359,0,945,14608,0,10519,33932,3,5083,47578,0,0
48256,2,2,1,26,1349,41628,1,7809,29817,6,1584,38491,5,6915,35244,-1,5349,23132,2,2337,-19828,3,1
172502,2,4,1,29,872,67857,-1,3051,12089,0,4813,70128,0,7649,41874,1,4879,81808,1,4159,82711,0,0
107737,2,3,1,33,11893,89475,0,3786,46110,-1,7825,32679,-1,237,42002,1,7730,75892,5,5617,28565,0,0
159081,2,5,1,24,995,14742,2,1476,55124,-1,2928,32814,3,3957,58355,-1,3495,56727,1,531,29703,1,0
31738,1,2,3,23,206,42946,0,7665,80387,1,3399,-11735,0,725,48850,-1,8347,51240,1,1790,54900,3,0
117882,1,2,2,55,4429,42910,1,7893,32129,3,5269,13804,1,3461,21565,1,485,22691,1,9240,49333,2,0
30660,1,3,1,38,2124,39716,5,4025,45403,3,665,51230,0,2138,61242,3,1384,61743,2,928,9390,-1,0
279800,1,1,2,26,2601,18303,0,11749,62288,5,8818,73456,-1,1127,52565,7,12924,47295,0,5251,40932,1,0
101163,1,6,1,43,633,21656,0,615,62890,0,9068,22176,1,14788,67736,-1,938,27263,2,9055,48542,2,0
39231,1,1,2,23,6896,44808,3,7723,27550,2,3894,43934,0,15703,41027,2,3017,42816,2,4902,23287,0,0
31404,1,4,3,24,4600,21092,0,4088,34416,3,1038,94169,1,4150,61802,0,3276,30714,0,7690,55789,2,0
21186,1,3,2,26,2264,43185,-1,1313,29496,3,3473,51336,7,1041,-14453,-1,2702,9552,1,3356,14523,0,0
118626,1,2,1,51,941,35081,0,709,21963,1,559,59521,1,4376,30286,0,10083,67308,2,10712,52018,7,0
24681,2,1,1,32,4500,42833,6,1790,69433,2,7204,24678,2,13190,21747,1,6926,3725,7,5654,10120,1,1
90461,2,3,1,21,7538,20933,6,9700,41254,1,1863,71047,-1,2372,54037,2,8309,83133,6,2090,31512,3,1
30738,1,3,2,47,1872,43149,0,7746,38515,1,1863,26153,4,740,25208,-1,23719,35723,0,3668,7415,0,0
108461,2,2,2,31,131,22380,1,5180,44954,0,14506,22639,3,5915,59512,5,18408,49041,1,5205,56020,2,0
168707,2,5,1,21,1206,43213,0,473,41075,2,2739,69587,1,5339,55747,-1,11132,50686,1,7747,65002,0,0
150519,1,2,3,31,5734,66787,2,15486,35580,2,7793,27261,0,6,27852,0,4169,20206,0,922,74122,0,0
143066,1,3,1,40,22593,45219,0,1822,24768,0,5069,39926,1,9607,44775,1,1792,35791,0,23219,31733,0,0
20791,1,3,1,39,67,46437,-1,4669,71305,1,1900,72523,0,5405,35710,6,6431,37971,8,815,24545,2,1
9253,2,2,1,52,1827,56344,3,8125,28594,1,660,21717,8,1088,42327,8,14906,27928,-1,3921,60281,1,1
120047,2,5,1,26,320,11928,0,712,21389,2,7991,35263,1,16,54992,-1,23140,60745,4,87,41216,0,0
45941,1,2,1,35,1901,74378,0,5280,38388,2,7188,27795,1,17931,33481,0,4749,15808,1,2902,27213,-1,0
56624,2,1,2,28,2603,18888,3,164,83150,1,926,33425,0,7025,6878,1,6033,43974,1,13,26979,2,0
3164,2,2,1,21,12682,57593,3,536,23568,2,1432,40784,0,2271,51912,2,1633,5796,2,364,40584,2,1
30053,2,3,1,43,419,54938,2,6421,54192,0,7267,66801,2,2835,61449,2,1125,44785,1,3970,64428,0,0
3425,1,3,2,39,7505,21956,5,842,35073,0,20561,72845,1,3870,6005,0,5092,43394,8,3047,18896,2,1
211350,2,3,1,37,2517,60177,1,2930,44896,0,9278,43116,0,6340,39269,0,1275,78153,4,327,66356,4,0
27891,2,1,2,39,8336,49956,0,1427,58443,-1,5762,25468,0,949,21365,-1,2515,27703,0,13385,36394,0,0
81494,2,2,1,28,3601,77799,-1,2734,5606,2,12350,53560,0,1089,62538,3,3392,36611,2,2155,64330,2,0
3975,2,4,2,24,200,43867,0,401,22073,8,1679,40105,-1,247,63649,0,13492,35201,1,6789,35860,3,1
109915,2,1,3,35,14612,37829,-1,7030,58160,0,48,40757,8,21270,23806,4,18984,73626,0,16423,56758,1,0
39012,2,4,1,46,431,29704,1,411,41949,5,1935,19363,3,10420,13687,0,1419,28482,0,11980,23394,0,0
228199,2,1,2,51,4552,5132,-1,9098,44237,2,17866,7658,5,4025,44893,3,707,44505,0,5737,48468,-1,0
219031,1,4,2,42,10505,33635,1,5432,54227,0,10684,39621,1,2812,17817,-1,1273,34132,1,91,53038,2,0
39347,1,2,2,35,415,34482,0,2694,22207,-1,258,18610,4,1355,57155,3,3658,36966,1,5122,2809,1,0
231224,2,3,1,37,4035,45241,0,10067,61101,2,3485,29394,0,4519,37376,4,7637,40223,3,436,72732,0,0
556167,1,2,1,35,8694,11537,2,1029,56395,2,411,69653,1,5864,72110,0,3690,61962,0,2785,10941,-1,0
174534,2,1,2,24,21460,35219,0,1536,44766,0,7780,38596,0,5842,72998,0,13525,69076,3,12265,61667,1,0
186350,2,2,2,35,6442,51525,0,737,49362,0,2330,62141,3,32,71040,0,5072,12242,1,635,30118,1,0
28636,2,2,1,21,1630,53510,8,2402,63299,4,12148,45922,1,6053,48058,4,3304,55624,0,6107,55371,8,1
85967,1,2,1,33,6012,2803,2,21612,28123,0,279,51676,1,10063,21084,0,7354,65097,3,1667,48504,0,0
6962,2,3,1,51,6116,54128,1,877,53227,3,6621,28999,4,610,10337,0,15363,46799,2,881,33081,0,1
9972,2,3,1,43,6019,35068,1,8888,74887,0,2548,63058,2,7040,51892,8,2026,63682,7,1373,22288,7,1
680575,1,4,1,25,9629,36299,2,5276,52812,1,1561,46216,7,8664,53387,2,1607,15021,0,2604,35089,-1,0
39547,1,3,1,34,457,-7290,-1,79,35552,1,3643,34711,1,1615,45240,3,1199,50160,8,8183,30387,3,0
137905,2,3,1,26,573,69871,-1,14492,86364,1,3322,46205,1,6225,13422,2,3835,64972,1,3619,47362,3,0
164333,1,3,1,34,5116,43535,2,17718,44616,0,2144,25695,2,508,24047,0,3157,27397,1,2155,41713,0,0
195209,1,3,3,45,15382,9370,0,12944,67971,0,5232,34126,1,5237,41666,4,1419,14237,4,967,24086,0,0
604414,2,3,1,41,3135,47504,-1,3483,31569,2,5413,38894,1,3570,27737,1,6394,62836,0,1463,15452,5,0
27640,2,4,1,59,16165,46889,0,1244,61356,0,401,29486,0,9480,24482,2,1765,31544,1,14567,31733,2,0
4118,2,2,1,46,13909,64450,0,2481,29071,2,4524,71174,3,3007,20669,0,7063,28434,0,1251,38377,3,1
52965,1,1,3,37,11660,33806,5,4762,46467,3,6202,31696,1,2793,37293,8,9128,2392,2,1972,24939,3,1
13935,1,3,2,41,12031,40239,0,2380,27865,3,394,81650,2,13574,35850,4,10056,29729,-1,3348,47594,1,0
2268,1,2,2,32,11429,27143,0,6157,78023,0,5381,41345,0,13610,23467,0,791,26029,8,3007,35572,-1,1
44695,2,4,1,23,8570,51958,2,7937,35577,2,8147,35313,0,181,40205,0,1825,3945,-1,1826,59662,1,0
153126,1,4,2,48,5936,24330,1,1174,17841,2,8917,29911,0,3323,44988,2,3713,28297,6,80,47483,-1,0
83512,1,1,1,45,123,22140,1,2595,41902,0,212,48448,1,877,47059,-1,9340,63703,2,8690,51930,0,0
37509,2,2,1,32,709,38644,1,15820,50741,0,5977,57883,-1,1599,20851,0,2562,46843,3,400,28569,0,0
106230,2,3,2,37,720,15482,1,1437,39467,0,7972,-10758,4,5485,33857,1,5392,7258,0,7801,65663,1,0
26398,2,3,2,47,119,72042,3,2126,23733,1,2527,40097,5,692,40320,0,3030,47799,0,1834,45127,-1,0
1448,1,2,2,43,620,78545,0,181,60746,3,3913,238,2,56,42503,4,150,54534,0,12110,66343,1,1
144542,2,4,2,21,12612,30928,0,2020,65183,4,1540,59636,0,6493,13300,4,1901,42079,1,3437,57505,-1,0
97748,1,3,3,37,5450,12268,7,2317,7040,2,1857,59993,0,5126,33175,7,7067,39295,0,58,35907,0,1
143675,1,2,1,33,1870,46731,0,525,22459,1,3481,40819,2,11647,51854,0,6552,24140,4,3649,27889,0,0
3971,2,1,1,46,7883,30357,0,7,36811,7,819,44167,0,3907,28122,-1,10756,48366,-1,12017,42047,0,0
181473,2,4,1,45,3350,63493,0,4283,29381,1,2314,11404,2,14532,47113,1,4493,51701,-1,201,34272,7,0
96633,2,2,2,48,766,24257,-1,1794,50519,1,1793,29054,5,4699,40292,3,7271,45610,0,3061,25910,0,0
82872,2,4,1,23,10792,50890,0,89,76789,4,1360,27756,1,2448,30801,0,2682,74907,-1,6012,18828,2,0
97980,2,3,2,27,2067,42279,-1,9828,32381,0,3307,31019,1,4688,65234,0,2151,35890,3,342,78492,0,0
199829,1,3,1,46,6000,26474,0,4390,71534,0,9121,57443,5,6915,33946,1,2076,13931,-1,1330,12917,3,0
88415,1,4,1,29,1716,44800,0,938,10633,3,1387,65634,0,2135,35792,1,866,73485,2,175,1502,2,0
86976,1,4,1,21,3466,57570,-1,10021,49116,4,5390,52211,3,2330,30304,1,2879,2209,1,4069,47711,3,0
467550,2,2,1,40,8470,41736,3,1462,28105,-1,1466,33531,3,4970,69609,1,8322,32026,3,8431,25558,0,0
141358,1,2,2,29,852,41945,3,1290,49547,3,766,25076,5,3040,67814,2,61,21580,1,2204,34041,0,0
58392,2,4,1,52,18916,22544,1,11251,4863,1,14351,41810,4,3743,62935,2,4277,37960,2,590,12598,0,0
122893,2,3,1,37,364,62884,8,988,14292,2,5015,45930,2,20109,57389,1,949,37275,2,3730,48141,2,1
49303,1,2,1,36,3817,60890,2,10559,49506,0,552,35580,2,223,22316,2,6816,20874,0,10065,45663,2,0
25990,1,5,1,31,12386,31788,2,8122,27399,8,5007,26818,0,5219,31003,0,755,61348,0,4439,59018,8,1
90845,2,2,1,50,14565,37514,0,1853,33537,4,970,52305,2,12812,24586,4,895,37305,1,1228,51033,5,1
263362,1,1,1,38,1320,68284,3,175,76725,1,10937,54270,0,1347,60606,0,217,64378,4,1224,34209,6,0
264704,2,1,2,30,777,17328,6,430,42751,4,1421,13761,1,1191,86711,0,2922,16618,3,2089,7764,1,1
41840,1,3,1,27,6444,52085,0,580,58030,4,8220,32325,2,2254,53585,1,5214,18405,0,438,24053,0,0
75009,1,3,1,34,214,28827,2,11072,24814,1,1110,55558,2,384,73520,0,1703,17870,4,3902,23002,6,1
23779,1,2,2,25,3320,75561,2,2587,13175,6,4085,59771,1,4108,49147,0,211,50379,1,17888,17946,4,1
543324,1,2,1,45,7956,41268,0,165,38385,8,12170,41291,0,5184,46335,-1,13488,74949,0,8138,65894,1,0
396954,1,2,1,21,4107,65207,1,4065,10190,0,1754,47306,1,8570,28397,2,9849,33922,4,3954,67810,1,0
104842,2,3,2,33,1041,24773,-1,1165,26028,-1,424,45050,0,342,52260,5,3107,-6272,1,12658,29742,-1,0
163175,1,1,1,41,3337,15029,0,1340,44755,0,4021,59086,0,2865,58259,2,8665,49491,1,4304,56180,0,0
125561,1,5,2,38,12708,35314,-1,876,37774,1,945,17815,0,7667,61074,1,8076,53294,0,8023,45182,3,0
89933,1,2,1,27,4801,45253,1,7177,46690,-1,6516,45352,2,7311,42068,2,4123,19318,3,1020,28329,8,1
5482,2,6,2,41,6391,29785,2,3,52006,0,4468,22222,1,382,43958,7,3741,51312,1,1069,41905,1,1
60653,2,2,3,26,2049,55166,5,2890,16085,8,2126,61761,0,57,38779,0,5263,56215,0,10102,737,0,0
112327,2,4,1,34,1044,35800,1,454,21161,2,6114,18833,5,7646,28707,1,6403,-985,0,1313,8558,3,0
113175,2,2,1,41,1476,-1628,0,4018,-3571,4,1362,48169,2,742,57624,0,8596,62322,0,4041,48456,4,0
46700,2,1,1,39,3809,51056,-1,2123,32589,8,12446,22329,1,4311,2094,-1,4272,63575,1,1199,58846,2,0
284201,1,4,1,28,1644,22349,4,143,54735,0,2130,55048,1,494,6552,0,6856,33835,3,4667,58102,1,0
18315,1,4,2,46,3904,32768,1,3089,69825,2,7197,48785,3,1751,29060,-1,1026,52902,0,3045,18938,4,0
69386,1,3,2,35,6151,71062,2,4226,43809,0,1495,44793,0,860,14528,4,6854,79528,2,8509,57638,2,0
117403,2,4,1,42,6628,75456,-1,1422,67464,1,6273,79218,2,6666,61719,2,299,26851,5,7340,53240,-1,0
119447,2,3,2,50,899,28490,1,7251,47676,0,160,25949,-1,5584,31145,0,5371,63214,0,1345,49165,8,0
104594,1,4,1,46,6940,51555,0,2318,42148,0,1751,58521,-1,726,57541,0,6232,44903,0,3588,37184,2,0
32198,2,2,2,46,5584,28954,-1,6918,27774,-1,487,63440,6,305,66095,1,17139,17204,1,19733,29527,1,0
16984,2,3,2,36,60,34262,3,4325,-7703,1,3000,58527,1,3139,41227,3,2739,3587,3,3699,54684,-1,0
101043,2,3,2,42,303,27884,1,10172,64463,6,2855,26453,0,1087,46541,2,605,54437,-1,2886,55947,-1,0
91454,1,2,1,37,5195,5513,0,3958,38935,0,2223,35308,3,40,64534,-1,2037,13874,0,224,35833,7,0
19766,1,4,2,22,2420,41901,3,1026,67765,1,19860,27880,8,1534,59984,3,2716,59358,-1,4319,48567,3,1
122125,2,2,1,38,789,45763,1,8646,21007,2,1399,34053,-1,1211,-1418,4,7348,-3690,1,14439,49276,-1,0
60728,2,2,2,37,227,26579,-1,7640,88576,1,7828,23176,-1,5775,31755,-1,1030,42980,6,11867,37938,2,0
110189,2,3,1,40,868,61755,6,17941,35024,5,2966,32735,4,9861,50252,3,930,33591,0,6200,26128,0,1
181625,2,3,1,33,15792,31278,0,491,26156,0,2038,69352,1,1356,44313,0,1240,73538,0,2073,41406,0,0
18600,1,2,2,27,6501,27255,3,4473,35709,-1,1137,33615,4,1261,20148,0,1312,44513,2,6695,57314,1,0
1933,2,2,2,41,3750,50530,3,3383,43409,0,5017,42116,2,2453,5849,1,12871,52253,2,4037,22663,5,1
151005,1,5,1,21,14197,9146,0,5556,38601,1,2029,25491,1,947,52224,1,873,31383,1,4037,63167,-1,0
94083,1,2,3,49,4826,58133,1,19605,29693,0,8381,39700,0,14669,23132,1,2663,36427,0,8555,25284,0,0
120277,1,3,2,32,6466,31956,-1,3799,3931,0,17283,56533,0,1395,37313,5,2581,61047,-1,1352,76358,3,0
182111,2,4,2,37,1660,59785,0,5787,23913,3,1288,49788,3,489,42894,0,682,40326,0,4343,55987,8,0
162359,1,3,2,40,4445,65762,2,2132,61488,0,688,68365,0,4069,36744,2,576,21620,2,4604,31174,3,0
324214,1,5,1,40,774,52803,0,1776,22405,1,1895,15803,2,3856,21364,1,12028,62807,0,12993,12929,3,0
76773,2,4,2,21,2591,23760,0,2042,5661,7,3147,24872,0,4997,38345,4,9050,73717,3,122,29009,1,1
67039,2,3,1,43,169,14983,1,196,18890,2,1790,31741,1,17011,29110,0,13532,70056,2,3258,33891,0,0
51397,2,3,1,38,1220,11318,1,1675,38227,1,17611,70498,-1,1954,73115,-1,1907,65805,-1,1527,33398,0,0
16687,1,3,2,28,389,62058,2,949,24815,0,7552,45975,1,2228,44267,8,3738,34344,-1,9066,26559,0,0
85005,2,3,2,27,2453,37303,3,3057,34403,1,16927,11658,2,2055,91328,1,1477,20373,0,1797,40674,1,0
32436,1,4,2,31,9258,28015,2,3088,24030,2,2335,61844,1,4952,13631,5,2487,16271,1,1641,38199,7,1
254220,1,2,2,22,2373,37358,3,7245,60194,3,1816,42191,1,4632,33982,1,7903,13855,6,5638,24232,2,1
87512,2,2,2,52,8908,61612,0,3488,49816,2,2615,57806,0,3762,33913,2,3233,38129,0,1666,61144,4,0
89854,1,2,1,49,5342,55574,1,3109,84359,3,3699,71671,0,2265,24462,2,580,75426,3,2576,62456,0,0
43838,1,1,3,39,3561,48770,0,1317,32365,-1,6765,20448,3,2790,32975,8,15,6919,1,166,40292,0,0
5338,1,1,1,32,1351,52757,7,9568,34302,-1,10647,71664,3,7863,30400,0,1346,40335,0,2203,58938,2,1
3225,1,4,2,33,12765,43603,1,477,63670,2,3110,38515,1,4698,20425,0,1011,33597,2,6074,52826,-1,1
55049,2,3,2,42,278,46042,7,20169,47820,0,1706,31721,0,6299,75892,1,7901,16487,3,4018,27963,0,0
8835,1,3,2,52,5838,44420,3,3232,21169,4,1919,43093,2,1619,38331,-1,5492,34931,0,766,48676,1,0
93355,2,3,1,29,4854,39998,2,1028,51128,1,5969,16149,1,12123,58539,2,9110,65794,5,8581,22382,2,0
212840,1,4,3,23,2908,55067,1,2187,47930,1,4191,39601,2,178,59804,8,2712,44546,1,2039,21211,1,0
214485,1,3,2,50,1374,47225,1,77,4124,3,3332,35146,0,4527,68562,3,4380,52544,0,10518,52182,4,0
107600,2,4,3,21,2816,22385,1,910,26973,2,1133,21236,3,8365,20353,0,2700,61379,1,9233,50264,1,0
23728,1,2,1,24,10308,50577,0,2042,43806,2,10415,27072,0,10060,65327,3,1250,47733,3,790,49008,2,0
198775,1,5,2,32,9062,44944,5,4041,68925,2,7593,62762,1,1925,38519,2,4983,32634,1,12016,42836,0,0
217237,1,3,2,21,14183,52228,3,693,53959,1,757,36446,0,3078,80713,0,2459,42007,1,397,5737,0,0
21896,1,2,2,46,1839,37915,3,5634,28719,5,2289,20385,4,177,50496,1,1433,18534,-1,2673,10037,-1,0
133722,1,3,3,43,2447,56234,1,9298,25835,4,3905,48963,2,7797,16944,4,13941,41144,1,922,47491,-1,0
33760,1,3,1,29,94,38771,-1,4247,55954,0,3028,55333,0,665,65157,0,570,42439,0,628,54707,7,0
162272,2,2,1,47,14319,54477,2,1761,-8526,3,2535,39959,4,2793,63185,2,7498,66342,-1,603,25775,1,0
589176,2,3,1,49,1997,30870,0,647,23848,4,6344,15317,2,23447,14164,-1,3987,33515,2,1,73920,0,0
3048,2,2,1,33,2588,32254,4,78,68186,2,280,-10930,1,12489,54897,3,7199,33514,0,7847,27209,0,1
227658,1,1,3,30,11919,52041,3,6580,45936,1,3187,21983,8,2002,72070,0,470,9686,0,1518,63723,2,0
97453,1,5,1,57,3739,33364,0,4950,24826,2,1520,61085,0,1267,49577,2,2474,52969,1,46,6801,4,0
362619,1,3,1,42,4175,84115,2,3234,15958,0,442,59256,-1,1449,20523,1,7949,10614,1,1256,23310,-1,0
62550,2,4,1,37,969,51328,2,537,56794,-1,3126,24079,2,5772,60205,1,8439,30042,2,290,46942,1,0
187985,1,3,2,48,3452,40498,1,1159,41556,3,939,35281,3,6469,53309,0,7777,25795,3,231,33667,-1,0
6442,2,2,1,38,12517,56398,1,8441,35625,1,1493,53956,-1,1219,35385,1,6819,57813,0,7910,56526,1,0
40838,1,3,1,29,4090,30386,0,3268,47479,0,3536,37230,3,1372,30795,2,2362,49758,0,65,45266,2,0
6936,1,3,1,35,1472,58460,0,16461,43291,1,18192,58726,3,1953,53216,1,6297,54154,0,10005,68857,3,0
370269,1,6,1,45,158,57904,3,52442,41758,0,5764,38055,5,2838,21786,2,579,58911,1,1128,30012,0,0
169812,2,2,3,21,2049,65070,-1,8064,13516,4,1639,49631,0,12473,44036,0,887,27210,-1,15236,18129,0,0
191424,1,4,1,32,4250,31183,3,1493,19471,1,2409,33544,2,134,63973,1,3881,22646,2,7083,35497,8,1
278006,2,5,2,48,217,15545,1,1314,54965,1,2605,24321,0,5083,70397,2,3988,6323,0,1406,31828,0,0
8894,1,3,3,29,4705,27796,6,1462,51183,0,834,63313,0,9891,29493,0,3191,42551,6,1731,26586,2,1
48710,1,5,2,50,3705,34367,8,21632,47642,3,875,9960,0,6425,8265,1,6640,24350,3,1592,22632,2,1
7368,2,2,3,49,7649,73344,2,2042,28269,6,803,28006,1,1221,25855,0,4148,49024,7,1241,11344,3,1
23672,1,6,3,34,146,83900,1,6128,55303,3,3687,38113,0,3238,56327,2,339,63207,-1,1411,65857,2,0
26054,1,4,1,29,7589,46893,1,15973,32585,1,5607,57173,0,12055,25184,0,10910,58603,0,4588,10304,1,0
63319,1,1,2,32,3678,40187,0,8562,66030,3,4466,22422,-1,614,61654,1,4944,42417,7,5324,38321,0,0
31274,1,5,1,61,2314,33001,-1,4551,25063,0,19030,42536,1,21914,25141,0,11290,41559,8,1187,42587,1,0
10644,2,3,1,53,16817,56493,1,925,29494,0,672,12269,0,775,28853,0,2806,39815,0,9409,47172,1,0
18331,2,3,2,36,872,83771,3,961,36971,1,21515,48807,1,768,36542,-1,9,82497,1,7294,39077,2,0
15931,1,3,2,28,3897,75717,0,3390,56946,0,3143,76474,1,8379,58891,0,7191,28352,0,3358,11265,5,0
361476,1,2,2,36,1935,62759,1,15176,39298,0,1233,808,0,8811,8327,4,4173,41584,4,803,24153,1,0
142417,2,3,2,37,3748,62466,1,11742,40753,1,14348,25452,0,193,45599,2,99,36380,0,2543,38918,7,0
343459,1,4,1,22,4017,56646,5,908,32168,1,3161,56738,3,921,45241,3,4250,24337,2,2425,39853,0,0
57935,2,1,2,35,468,39054,0,1696,45361,4,2133,98872,2,14833,20171,0,13374,32403,0,11566,16030,0,0
32624,1,2,1,48,5410,25269,0,4443,38585,0,1202,51761,-1,1637,47121,0,1170,40558,0,9949,52555,0,0
160094,2,1,1,21,5032,39583,5,3244,24313,8,1559,25411,8,61,36401,0,1654,16304,1,184,21953,-1,1
39490,2,3,2,43,7336,48446,-1,635,42545,0,19368,37028,2,1465,17375,4,5242,72971,1,27,73455,1,0
35579,2,4,1,48,475,10927,2,2304,43016,1,1811,15462,0,6648,38521,2,8599,54524,1,7413,1462,2,0
26462,2,4,2,29,1763,36940,2,15473,86996,0,19039,56102,3,12411,19154,1,5132,61839,2,593,50668,0,0
13889,1,5,2,51,5250,23481,0,15125,27779,1,2003,60922,4,843,27190,0,5569,36773,0,1120,42813,1,0
29633,1,3,1,28,735,60276,1,4098,23212,7,1316,68125,1,1270,57599,3,1977,33738,2,14605,36463,1,1
43900,2,2,2,39,5659,29005,4,5042,45580,2,1012,33398,4,2912,33758,4,50,35721,1,2239,52351,-1,0
112084,2,5,2,31,304,46564,0,1254,20143,0,2653,23849,-1,6897,57189,1,9158,26072,-1,9140,25459,0,0
6460,2,4,1,31,2039,25999,0,6773,18538,1,1351,69899,6,5374,36861,-1,26742,65996,3,899,33560,0,0
23636,2,3,1,28,9377,71953,1,269,11262,1,5969,67616,-1,1984,20747,0,10065,67934,0,5699,18161,2,0
165560,1,3,2,41,7442,5984,1,1246,24508,-1,1370,20242,2,343,49598,2,2533,50993,4,4934,66705,4,0
15890,2,5,1,43,5174,49516,1,29,25002,4,9021,32488,0,1458,51203,0,2167,73961,2,6649,29153,0,0
41953,2,4,2,34,10218,14454,5,2436,14334,0,8979,55790,-1,1239,15391,2,16077,87927,1,1725,28461,0,0
199995,2,2,1,21,6176,29813,5,9494,34994,1,1681,34955,5,106,62714,1,22280,76936,2,736,66147,2,1
16833,2,4,2,39,3663,44123,0,20229,-7319,0,7002,40632,0,18452,70417,5,4736,30616,8,396,5833,7,1
8636,2,1,3,39,19489,45107,0,5509,49835,0,9743,10617,4,1474,52533,0,3612,-8378,0,5717,73078,0,0
66269,2,2,1,32,5934,44585,0,6829,28864,5,4459,17553,0,9055,41547,1,3631,54856,1,5436,37903,0,0
36013,2,3,2,53,4598,43034,5,1524,31804,-1,2281,38171,2,3316,80233,-1,1127,48537,0,88,60279,0,0
82875,1,2,2,21,2628,27163,0,3673,51737,0,2907,26024,0,17929,50781,3,6513,42178,4,4572,50368,0,0
162864,2,1,2,21,11635,36718,1,6669,47434,2,7714,17039,1,809,43944,0,938,35362,1,782,997,1,0
14751,2,2,2,27,1752,40632,3,3438,27401,0,1735,33717,3,586,73997,2,1176,67013,0,202,53378,1,0
86916,2,3,2,42,46,43907,1,463,49035,1,2035,22449,1,12,72053,-1,5606,9071,1,3645,18598,0,0
70422,1,4,2,24,1095,38686,0,6752,70977,1,876,40561,0,6337,11216,4,10173,70639,1,1280,35104,0,0
15557,1,6,2,25,579,54591,1,1239,19756,8,2546,59849,0,1829,29916,8,5481,74674,0,3864,73939,0,1
97816,1,2,2,44,1920,41867,2,514,55075,3,452,33974,0,10214,51713,1,3221,43003,-1,6313,28758,2,0
31971,2,3,1,39,8740,44026,2,3250,17737,7,1935,31478,3,5022,64546,1,5941,45684,0,13007,62378,2,1
66910,2,5,3,38,5271,32346,2,387,63508,2,2337,61473,2,4307,16689,2,3034,16285,0,2090,20715,0,0
8585,2,2,1,42,925,18951,0,4963,25761,0,1475,54670,1,3336,58157,8,5309,60089,2,2746,69449,3,1
61541,1,4,1,30,7775,43080,0,5114,24997,0,534,55960,0,1493,31908,1,7578,65425,0,893,37636,5,0
36595,2,4,1,31,3508,64148,2,1483,62984,3,3687,-10414,1,334,54349,-1,73,55286,8,6392,48813,1,1
172811,1,1,1,43,3594,48877,4,16695,54431,1,10015,31033,2,2931,28660,1,1235,15209,0,8658,38087,5,0
5866,1,4,1,21,2247,23650,-1,8699,26418,0,2044,28565,-1,521,-6657,1,6071,7811,4,6089,40469,2,0
54232,1,4,1,21,9998,56294,-1,580,42547,6,1351,23488,0,11808,4576,3,2565,35193,0,2923,12894,0,0
61328,1,1,1,30,1916,33297,2,6901,25800,-1,1677,61071,0,8840,17478,0,3692,41583,8,4106,29780,0,0
129100,1,1,2,44,494,54293,1,2177,8145,1,9898,29130,2,4834,28168,5,5775,60304,3,1242,25512,1,0
85399,2,1,1,37,1802,32624,0,6937,43785,3,3751,12192,2,3011,39856,3,3738,35189,2,6647,13826,0,0
110025,2,2,1,43,6282,47066,1,8067,32871,2,700,44923,0,3027,29648,0,9068,61252,3,5413,41553,-1,0
150080,1,3,1,21,5358,29630,8,820,21083,0,6175,39847,-1,3122,39052,0,2383,62583,4,12941,68052,0,0
198197,2,3,1,38,1041,30138,2,5421,66094,1,838,21551,0,6841,30072,1,5884,49471,8,4192,22165,-1,0
37669,2,2,1,41,592,8674,1,9929,21759,-1,310,60357,0,674,39906,-1,2770,57380,0,6917,73475,4,0
77223,1,5,2,21,5406,50241,3,1953,42879,1,1476,50617,1,3788,58613,2,3767,31678,1,3472,37213,2,0
183325,1,2,3,43,5640,47403,0,418,61598,1,920,50553,0,8374,39700,2,603,17167,0,9016,30931,-1,0
455173,2,1,2,33,2279,48528,1,138,34878,4,4644,49679,1,3568,50817,0,8903,28621,0,4498,34613,-1,0
220291,2,2,2,65,9251,45506,1,582,25316,0,3313,61791,2,69,54287,2,1927,23345,2,3127,84938,-1,0
46436,2,3,1,21,19130,24754,1,21,45954,3,6437,36891,4,1403,36843,-1,1791,64212,1,782,47482,3,0
21711,2,3,1,48,1151,59317,5,1979,49113,2,3582,15168,0,5521,4182,7,464,57252,3,8144,47519,3,1
67215,1,2,1,31,4302,59855,0,1778,57531,2,2715,35855,0,13605,45053,-1,3530,-608,0,8275,52247,2,0
135340,2,2,2,21,26,24235,-1,584,77424,0,3735,6887,0,11209,26518,0,2705,43576,1,1887,13633,0,0
67839,1,4,1,29,6242,50642,5,5265,30854,0,2850,18758,0,8649,57248,8,520,4284,7,2928,62055,8,1
66006,1,6,2,37,2674,57499,0,24083,43917,2,188,72381,2,14995,67313,0,6963,18321,-1,2661,23410,3,0
182158,2,2,1,45,1073,30598,0,11559,14615,8,5708,17988,2,1641,34849,4,343,56640,0,2061,20997,2,1
44848,2,2,1,52,6976,34079,1,1457,53327,1,16368,16521,0,62,43278,0,783,5514,0,3413,30669,2,0
196464,2,3,3,49,8320,50682,8,7347,43674,5,2741,53392,0,2187,53357,-1,3087,12715,-1,3514,35168,0,0
52223,1,4,2,25,589,9793,1,13812,36426,1,2755,57264,1,4302,23742,0,2213,19518,-1,405,40034,1,0
39784,1,2,2,46,209,18229,1,11841,27638,4,234,6673,0,1902,40184,8,1611,8300,0,1501,33874,0,0
60511,1,5,2,38,2032,20204,1,10794,33031,0,11053,44975,3,226,9049,-1,4149,11595,3,287,28991,2,0
143736,1,3,2,28,4917,4073,8,7719,44726,3,13233,29032,-1,3538,60886,2,3714,38877,0,6495,26872,0,0
13467,2,3,2,32,7885,61698,3,1733,20676,3,8386,46611,3,1113,73721,1,2831,6304,0,6339,40716,7,1
21867,1,3,3,27,3948,237,0,436,33857,3,562,33946,-1,6501,41998,4,7484,35019,4,1710,4698,7,1
302505,1,6,1,35,4346,46862,3,3345,40333,3,11524,12687,3,467,24963,0,3447,40181,0,4347,40515,0,0
19296,2,4,2,27,8043,56233,3,281,9207,0,121,30372,2,15865,45230,-1,19267,55038,0,2806,65440,3,0
83869,1,1,2,24,3762,34128,2,32424,18974,1,2940,52515,0,10464,14502,2,8092,58586,2,837,46171,0,0
86586,1,2,1,39,4722,26632,2,2218,26799,0,3471,78874,1,10351,31281,1,562,12475,2,5565,54808,0,0
67260,2,3,2,41,3630,44656,1,15891,71364,0,8978,47796,2,7800,31636,1,1600,13524,0,7434,67588,0,0
103492,1,2,3,33,10620,40036,2,7416,23385,0,6948,32181,0,5020,29565,0,3838,12408,-1,2037,52514,2,0
26113,1,4,1,48,1342,60070,2,2649,38884,0,7975,16407,4,274,44384,4,3163,55817,0,3584,28396,5,1
80444,1,4,1,32,1532,-12570,0,629,19188,2,10121,36830,1,5429,48678,0,240,46911,2,1002,30059,0,0
46549,1,4,1,31,684,21625,0,1353,24471,2,3231,32431,3,6870,40285,0,3755,32936,2,310,42261,1,0
108372,2,6,2,41,8559,51231,0,5589,11179,0,7576,46115,1,701,58018,-1,4648,16158,1,1527,15346,0,0
15224,1,2,2,33,2653,41008,3,8857,53406,2,352,38807,1,4782,47806,-1,3112,43105,0,8558,90527,0,0
84601,2,4,1,35,2137,55040,2,19422,13489,0,2939,49591,1,3258,30118,4,10054,67376,2,7352,40105,1,0
20489,1,4,2,21,19909,45240,1,708,58140,0,152,32805,0,3197,37839,3,4066,66074,6,1344,69977,2,0
32662,2,2,1,35,13073,37305,3,847,49357,2,12344,74182,2,1112,38382,0,7719,10535,3,323,36709,0,0
24680,2,4,2,21,17875,33954,2,216,38491,0,15899,51676,3,6724,32335,3,4419,61421,0,8812,41408,3,0
20191,2,2,1,22,767,86501,5,1507,58800,1,438,25866,4,12959,50192,2,12001,10273,7,4851,39098,1,1
174704,1,4,1,21,11093,70698,-1,8603,102064,0,3803,60022,0,7751,-2628,0,1205,31954,2,467,65520,0,0
33646,1,3,2,24,1992,49910,1,1104,49550,2,1966,16879,3,2302,40642,-1,8909,29599,0,6205,89716,0,0
261899,1,2,1,29,63,41569,2,3968,17598,0,2096,22906,0,20731,46186,2,2970,45326,0,3667,10771,7,0
350411,2,3,1,30,2482,50762,0,2956,69780,0,2995,23980,-1,2264,51981,3,5979,19950,2,741,35131,2,0
84690,1,3,1,41,3558,56536,0,1971,43722,0,668,66567,0,1335,62166,1,4174,42057,4,108,48487,1,0
15431,1,2,1,37,572,48376,1,4816,82222,3,996,36424,0,17223,37186,1,576,18381,1,9167,5085,0,0
46928,1,1,1,21,3857,24972,3,3489,29878,0,4306,27426,3,7798,56635,3,2868,43439,0,1675,27422,1,0
159816,1,3,3,35,8559,75690,1,2038,65638,0,94,43282,2,7161,52211,0,5602,13654,0,3964,48470,-1,0
45790,2,3,2,38,2371,44924,1,5837,39996,-1,4578,50841,-1,402,45284,0,11433,32045,0,807,30125,1,0
9103,2,4,2,31,2174,80278,1,1642,93134,1,1920,71783,0,1066,12172,2,1232,40073,-1,5673,40475,4,0
81370,1,5,3,34,2068,43742,0,5152,34367,0,8925,10060,0,93,61809,2,2193,34996,1,278,50006,1,0
186511,1,3,1,36,12825,35086,5,15761,100033,0,4581,65266,1,7495,41926,5,2236,56897,3,9049,29563,3,1
158927,1,4,1,42,249,67682,0,6527,48796,8,6156,-1346,1,1630,34959,0,3715,-5177,1,4183,20851,-1,0
19252,2,3,1,21,2944,46023,1,2709,56939,0,607,58125,2,709,16860,0,9939,43492,3,525,20270,0,0
111707,1,4,2,32,1536,42668,0,6882,74006,1,1545,63265,5,1003,-8883,1,2516,23395,2,4058,-4820,2,0
24910,2,2,2,50,11212,15992,1,8283,24244,8,28523,64301,1,5124,78045,0,793,51818,0,2714,50793,2,0
24616,2,2,1,49,504,53204,5,1971,59381,-1,2842,51376,2,2837,46137,6,3531,40612,0,1598,36735,2,1
207204,1,3,1,43,2650,30133,8,6106,34144,2,2222,18697,5,14184,17860,5,191,61757,0,5596,64207,5,1
28724,1,1,2,40,2611,31044,0,2849,43022,0,10351,54941,1,2277,14786,1,2111,35342,1,8305,52897,1,0
30550,1,4,2,51,10963,30189,0,8533,41661,5,168,18649,0,8975,34426,1,3610,64684,2,622,41543,2,0
65,2,4,2,54,1213,48780,0,1750,51448,5,3826,21226,1,3953,56160,1,3645,43132,0,1601,47153,0,1
204538,2,2,1,33,5176,9292,0,13883,50603,0,1180,30874,3,6109,52623,2,8560,14134,0,869,5374,2,0
157308,1,3,3,25,721,35783,2,4275,28496,0,2295,32676,2,923,53639,1,8075,23731,-1,3027,47194,3,0
98705,2,4,1,32,15392,59605,1,2179,42497,1,1114,44814,2,6911,22252,0,1660,28267,0,20,35845,2,0
138735,1,4,2,65,4494,15086,3,2718,-6686,7,192,26091,2,447,36423,3,1790,42292,3,5930,25625,3,1
16493,1,2,3,21,4920,43457,2,2137,59803,0,2693,46593,5,5874,42541,5,19994,57995,-1,215,31494,1,0
61308,2,2,3,30,2843,27372,0,790,73878,8,7784,12553,3,3132,38865,2,2483,52215,2,1033,53273,0,1
43266,2,3,1,21,2094,31926,3,354,43812,3,15178,40776,4,1297,50917,0,770,53292,2,9469,28617,0,0
9846,2,3,1,36,1195,73103,3,1941,7879,0,4888,34550,1,3273,71473,3,5349,25071,8,8513,35165,3,1
66578,2,2,1,22,4631,6990,1,3068,54858,3,2461,60276,2,9678,44207,8,1395,57646,2,4808,51446,4,1
253501,1,2,1,33,15457,55312,5,2245,24724,-1,7345,62289,7,840,28302,2,4623,42079,2,6284,34893,0,1
4088,1,4,2,21,2229,30441,3,70,43646,1,3518,36600,4,929,10943,0,8609,55892,-1,4059,43558,0,0
34455,1,3,3,41,10734,29446,1,4325,53710,0,2291,810,3,3817,43516,-1,953,10450,4,2489,37894,5,0
23261,2,6,1,47,805,17768,5,782,50929,1,986,10514,2,4907,26806,0,3004,49049,0,1376,62101,-1,0
27200,1,4,1,31,13754,55077,2,1184,61617,1,7951,62474,0,2725,48572,1,2414,27783,0,11960,43424,0,0
239070,2,5,1,33,2157,36171,1,643,42927,1,3469,37132,1,1548,47292,5,36986,14693,1,11441,7218,2,0
63124,2,2,2,33,2387,33646,0,3674,43467,2,16593,74983,-1,347,71270,2,6217,52930,2,11266,55929,0,0
62792,2,4,3,36,3107,42196,4,499,54735,2,8095,57933,1,255,44276,0,429,31419,0,12171,27019,2,0
142951,1,1,1,34,6333,36594,0,1480,38572,8,2723,45103,0,208,49111,2,1297,50607,3,7228,29706,0,0
16781,2,3,1,42,6358,-13,1,3004,26241,3,6751,42570,2,11577,26894,-1,855,20435,0,11345,35703,6,0
66799,2,3,2,47,3265,30183,1,917,49040,2,3020,17022,4,704,11356,0,76,80632,0,10240,84055,-1,0
56209,2,2,2,26,3702,57908,1,2955,17422,0,416,27373,0,1748,61489,2,1897,37619,2,1547,50477,4,0
90859,2,4,1,31,152,9867,2,2098,38382,0,3635,48325,0,21305,64130,0,1961,30615,5,9310,78407,2,0
772352,2,4,2,44,1814,18201,1,9851,12444,-1,10039,33098,4,13119,33384,-1,1339,59799,5,4116,41190,2,0
146728,2,1,3,21,2123,31464,0,7921,28903,1,9670,49365,1,219,1321,1,4027,38285,-1,3667,54674,-1,0
50727,2,3,2,21,4090,25487,4,24706,29733,2,4277,60584,1,4006,67217,2,1232,103314,0,657,75853,5,0
175766,2,2,2,37,4085,39442,2,3763,20315,2,2390,36406,1,5018,63764,3,14156,63301,0,9535,56409,3,0
18718,2,3,1,39,6187,18138,4,4283,62010,7,50,31369,0,278,37664,0,6592,30531,1,1910,48248,1,0
3093,2,4,2,27,6312,32242,0,14654,60359,0,1865,22073,0,6512,61376,1,647,41485,-1,1181,12613,1,0
22871,2,2,1,29,1340,39040,2,2550,66280,2,22931,56697,6,22060,39179,1,1565,41325,1,8815,19719,0,0
41613,2,5,1,27,7352,52978,2,4056,36243,4,6482,55070,2,2805,44340,-1,20210,18894,7,133,45958,0,1
71453,1,2,1,26,98,64895,0,2382,31327,1,6321,83741,-1,2983,7479,0,1116,65670,1,1108,60243,1,0
95484,1,3,1,41,6296,34769,3,3946,56071,1,7158,43537,0,5384,64440,0,621,31408,0,3381,37289,-1,0
241469,2,3,1,23,538,77761,-1,421,42568,5,4839,38067,2,6669,4939,0,1321,35053,3,10996,53490,-1,0
71305,2,2,2,32,6540,36321,1,7657,42470,1,4407,49346,0,7797,74429,1,6256,44372,0,2837,23092,3,0
69570,2,2,2,25,3744,56577,2,21092,-10876,3,3022,34240,0,403,76457,2,3647,21686,-1,946,27285,0,0
5154,1,4,2,21,2874,78630,1,340,55130,6,2934,22293,0,8064,-11090,1,349,44226,0,3361,49609,8,1
3553,1,4,1,43,5866,42786,2,8073,52479,1,10233,41775,0,9978,71139,3,2245,29942,3,4955,41162,-1,1
80108,1,2,1,29,185,12529,0,1383,39891,0,2499,49156,2,231,35224,2,453,30468,0,10319,32398,6,0
57657,2,3,2,36,1264,41818,2,1100,56316,3,9172,50481,5,199,48444,0,1717,36757,0,8217,29337,2,0
182747,2,1,1,21,4791,27767,0,5910,52034,3,9092,48881,0,4002,11789,0,937,25300,0,7520,9991,0,0
17516,2,2,3,27,9393,34511,1,225,26066,0,7367,61277,0,3433,33548,2,1245,8705,4,3388,39530,0,0
2528,2,3,1,42,2399,79699,0,3111,35604,1,191,50410,0,19584,16378,0,7529,43476,0,11960,10845,7,1
59609,1,1,2,60,1497,15544,1,7,19844,1,800,45412,6,1743,24214,0,7650,-5791,0,10542,33827,0,0
27112,2,4,1,21,3656,46009,2,4041,69244,3,1889,14688,1,4460,64444,3,6591,-5069,5,7162,36633,1,1
5088,1,4,2,32,4868,22445,3,3100,59543,0,9404,44917,1,3532,59983,0,5827,40894,8,7887,68590,7,1
128952,1,5,2,39,2724,33846,1,12353,23721,1,10328,36582,4,3836,56409,1,1406,36362,1,11812,18962,0,0
11832,2,3,3,28,10466,54896,0,6369,52377,2,212,17567,1,5389,29217,-1,2905,45186,6,2100,49583,0,0
93730,1,5,3,43,3705,46363,1,673,45571,1,1963,50017,1,3856,26193,1,3081,53287,3,15417,43462,0,0
32996,1,3,1,26,182,35499,2,2188,26280,7,9498,50363,5,34,7012,8,3827,454,0,705,18890,0,1
19055,1,3,2,36,1261,27003,0,13410,42486,7,1436,48508,1,9280,53560,7,9701,27706,2,10535,41252,2,1
47763,1,6,1,29,2995,46321,1,6461,57167,-1,18649,51111,0,1122,78732,6,10974,31046,3,1288,13530,0,0
161669,2,3,2,47,5982,74153,1,4510,58798,0,3359,42478,1,1314,69115,1,1217,46245,2,4065,41229,-1,0
49773,2,1,1,28,1240,21972,0,4094,86639,-1,13847,35065,8,5220,40613,0,2828,44564,1,4274,35650,2,0
138937,1,4,2,31,18702,78233,0,2538,41885,1,2800,75400,7,3248,49866,0,800,31899,1,13769,57754,7,1
13408,2,5,3,44,1917,63989,0,4399,35244,2,1956,42964,3,4272,44948,0,5223,40883,3,1590,25717,1,0
148179,1,4,1,24,3801,67387,0,7384,51242,1,2250,-10851,1,3440,58189,-1,4243,34502,2,2735,-4443,0,0
27040,2,3,1,35,95,46168,-1,682,36340,-1,10783,-8554,4,2705,74842,0,9513,21746,3,778,28443,-1,0
113132,2,3,1,21,10809,63422,1,17504,28301,0,2007,64098,1,3301,28608,1,3658,41078,0,3934,52443,1,0
83420,2,6,2,24,7775,19823,0,1368,21484,0,5533,3320,2,760,29351,-1,7595,-2884,7,2479,42946,0,0
264711,2,1,1,38,1087,26639,0,2968,-28553,1,3172,29113,0,17418,34257,6,1914,44905,2,2941,28539,2,0
48991,2,3,3,25,13533,55316,0,114,54696,2,14208,15683,2,4275,39343,1,5924,68247,1,362,64205,7,0
6845,1,2,2,29,1897,45916,2,3996,7240,0,867,33948,0,1690,54566,0,204,33061,1,8961,34405,-1,0
1934,2,3,2,39,5891,37032,4,2405,22402,0,2798,47722,3,6238,38655,1,821,81240,2,2179,55683,2,1
175364,1,3,2,29,8545,-10052,2,1436,45848,3,665,26706,1,10605,22931,0,2961,52060,3,5060,40480,2,0
74388,1,2,1,43,6752,31290,1,21176,33569,4,4315,23687,0,1758,23195,3,10897,69168,2,5004,53452,1,0
149274,2,2,3,37,12479,16518,2,2794,82985,0,2578,54585,2,1961,16495,0,10819,47715,3,5056,55381,2,0
26712,1,3,2,39,9985,49870,-1,2674,9815,1,314,92637,1,2886,37859,1,4566,51031,0,1333,66802,0,0
42324,2,2,3,47,26117,36176,0,3109,84774,-1,9480,50808,2,1224,60676,2,695,42864,1,553,24383,0,0
3056,1,2,2,38,1008,27433,-1,617,67611,0,2354,21719,4,8298,48406,0,5712,8644,0,365,51417,-1,0
325689,1,4,2,50,1817,92858,-1,2496,58181,3,3402,57422,0,4387,51267,0,973,693,1,4209,15375,0,0
110222,2,2,1,44,5056,60763,0,2050,68786,0,2617,74882,1,293,18315,0,2157,35173,1,497,51191,3,0
270612,2,3,2,29,6603,61117,1,3128,48092,2,3353,61266,6,28575,16544,3,1885,27945,2,2538,6263,1,1
30856,2,5,2,47,3824,84044,0,9711,5934,6,82,9125,3,4277,43567,0,10790,28588,2,10446,78536,0,0
94536,2,2,2,37,384,56043,6,1070,50297,2,8449,50568,8,11033,64926,4,5913,14715,4,401,46665,0,1
113475,1,2,2,31,9213,24580,4,4679,10386,1,2019,30819,4,3481,56896,-1,368,62171,0,5259,44511,2,0
38206,2,3,1,37,16204,22242,8,191,29432,0,6445,41050,0,4366,26528,0,9269,19376,5,2797,7103,5,1
188459,1,4,3,46,2600,59298,-1,1904,38438,0,335,32517,0,3030,85824,0,2814,18082,0,9823,60237,4,0
294051,1,5,3,39,1273,-1187,4,3199,21778,3,3709,54854,0,2747,-594,0,7027,40767,2,6792,64919,2,0
216156,1,5,1,53,97,38444,3,385,58920,0,11973,32941,0,1231,40580,0,7495,61668,1,630,35428,0,0
134349,1,4,3,45,1354,-3422,5,3925,35724,-1,2539,68356,-1,16367,42054,2,33154,56966,2,1729,31283,4,0
32498,1,2,1,40,6018,41976,1,1857,48186,0,1098,39940,5,1003,35817,1,2130,27007,1,5066,32481,5,0
33075,1,1,2,24,12128,57081,3,24675,39811,0,521,35530,1,3737,50513,1,9991,35752,2,941,74543,5,0
330662,2,2,1,33,490,45588,-1,4984,42523,2,9798,51435,0,455,35954,2,1689,72806,3,8089,38040,1,0
1033,1,2,3,35,4028,58762,-1,1399,22262,4,1364,47144,3,25085,10092,0,27063,62121,0,1394,43305,4,1
125895,1,4,1,41,5945,79296,0,541,16519,8,18458,52008,0,4056,38228,5,2640,57533,0,8871,59003,3,1
122501,1,3,1,41,1617,37129,5,207,36924,2,1423,37335,-1,8425,43291,3,5396,47705,4,1557,-8773,2,1
97468,2,1,1,36,4218,96153,-1,475,20677,0,3279,66689,0,4138,58231,3,26023,42003,3,1225,38363,8,0
461611,2,4,1,36,6280,44253,0,5698,67871,0,3062,59805,2,8173,68351,1,1118,80171,2,14203,34359,0,0
37379,1,2,2,42,9092,58983,6,9654,12471,0,320,39754,3,3822,22890,3,4890,62571,0,5059,43034,2,1
41547,2,3,1,26,3011,27778,0,852,86740,0,3794,56453,0,2943,73443,2,32117,42442,0,3880,56139,-1,0
8222,1,3,2,51,6888,72386,4,2571,46040,1,5583,34739,1,3043,31437,1,14408,54464,-1,248,59486,1,0
58482,2,3,3,21,1796,60834,3,2186,41386,5,6776,51405,-1,11,29789,3,1247,35014,6,1653,35289,3,1
30252,1,3,2,49,1197,69429,-1,5171,29194,2,3696,56506,0,2315,31780,1,519,7912,2,660,37100,0,0
42066,2,1,2,34,1037,41090,-1,1008,53138,3,8372,44994,0,15176,974,-1,2776,19552,1,868,40489,3,0
179921,2,3,1,45,2222,14891,1,15322,35914,1,6973,23597,-1,5628,31549,8,7205,30785,2,1522,55152,3,0
274084,2,4,1,38,182,49207,8,6520,46009,1,1078,16131,1,12586,66220,1,7796,29490,1,730,62958,2,0
20546,1,5,2,38,1663,6059,4,15513,56836,6,2567,45869,2,1117,49547,1,4675,25538,0,11491,11897,4,1
46602,1,3,1,40,5280,33276,0,1624,53386,2,769,25522,-1,3378,44551,1,4771,26447,1,443,47506,1,0
263988,1,3,3,43,5219,43821,0,4430,64797,1,716,61086,0,175,47014,0,642,66122,2,9807,36003,0,0
6380,2,4,1,31,381,87544,0,6588,50756,0,6226,9824,6,5651,65228,3,2909,76652,3,3261,80977,2,1
9690,2,5,3,45,1694,46370,2,6205,20974,-1,3779,66344,0,7662,22440,2,4292,66247,-1,850,17958,6,0
17768,1,2,1,24,4214,42790,0,107,-1595,3,4593,41019,3,6887,58077,3,5753,-3147,-1,3744,16802,2,0
90439,2,3,2,34,1917,38739,0,31853,44220,0,6587,22914,2,453,41330,1,481,61558,0,9870,28127,4,0
16307,1,4,1,43,2706,13158,2,13159,44509,1,1623,30973,0,1421,24322,3,5866,54730,-1,11034,51864,4,0
344440,1,3,1,44,6238,41716,1,637,78518,2,2565,35928,0,5333,49272,3,14173,39255,1,2198,52077,-1,0
59188,1,2,2,39,46,42057,-1,3921,37683,2,4667,49660,0,7114,41676,0,7714,30060,3,5545,29047,-1,0
69618,1,3,1,31,1617,20627,3,1888,47489,-1,508,15494,1,1602,23865,-1,4889,33901,0,340,60332,1,0
28323,2,2,2,43,767,16265,1,10555,55543,-1,8950,20818,0,2606,18609,4,510,59799,1,3458,31298,4,0
63669,2,3,2,28,682,30368,1,5978,50268,2,2103,33514,1,2163,31302,0,7908,47713,1,1287,57034,0,0
108445,2,3,1,52,15975,41298,2,1264,56878,1,5375,39385,3,22,29779,4,5437,64391,5,1775,12139,4,1
139101,1,4,3,34,2362,30848,1,172,23635,0,27091,54329,1,4296,64419,2,3978,56293,5,3118,20710,0,0
140188,2,3,1,21,3744,18982,2,1724,20472,8,3225,45384,8,5529,35715,2,8101,68810,2,12243,31701,1,1
86249,1,2,2,23,6617,45785,4,194,34388,3,1210,32210,2,1617,32538,0,5611,52679,-1,8670,38784,0,0
234716,1,2,2,35,243,50777,2,761,-3481,1,1219,44729,0,5820,62576,1,3171,17255,0,2409,23226,1,0
170050,1,4,2,36,1378,42425,2,5054,39208,2,311,43309,1,1390,66993,0,1336,7998,0,3246,22909,1,0
141489,1,2,1,54,8923,28740,2,6834,26808,0,7285,34965,3,6285,23370,0,3509,52920,1,10362,49024,1,0
5721,1,3,1,24,9902,51896,1,3155,46444,7,1736,42325,0,3054,15124,2,836,52011,2,430,56361,0,1
690,1,2,2,35,2333,36189,0,4585,34698,8,948,-3030,2,10276,50304,-1,310,27657,-1,7494,24461,0,1
23882,2,4,1,24,2348,16218,0,847,19691,2,6253,58669,-1,3934,35852,1,1332,44946,0,927,13162,2,0
108922,2,3,1,30,7071,60724,2,1904,66217,2,1849,50959,6,1020,29095,1,2287,30911,1,1634,41940,-1,0
52966,2,2,2,51,1748,47070,1,6239,41650,2,4587,69959,2,8630,60766,7,5203,30136,3,1226,49285,1,1
51484,2,2,2,23,622,37614,1,2269,57257,2,2704,23781,0,7518,34788,4,3459,11334,0,4006,19005,-1,0
215923,1,4,1,40,1488,8578,3,2144,43670,1,2033,51429,4,439,78363,1,6642,40895,1,1306,73487,2,0
225916,1,3,1,38,2449,25102,-1,1078,49279,1,3361,1900,-1,246,40953,3,6687,29662,1,3048,22443,0,0
239882,2,4,1,34,268,80371,2,4517,12780,0,1882,4687,1,732,43282,3,6122,47567,5,132,34705,1,0
37669,2,4,1,40,3256,9833,1,8291,65562,1,10222,35261,2,9331,84795,-1,3964,4933,3,1900,35022,3,0
117459,2,5,1,23,6735,34973,0,3169,57573,1,379,28426,6,1931,46192,5,5438,52037,4,6209,23736,2,1
31695,2,2,1,51,3605,39673,0,613,39623,0,153,60946,0,3513,25875,2,18954,29694,0,2852,76295,6,0
21147,2,6,3,54,373,46409,0,9112,45760,3,2607,63566,3,4618,19590,2,6117,18667,5,8667,21324,0,0
20411,2,1,2,35,2900,10056,0,370,60052,1,948,65672,0,6802,30761,2,6783,31201,0,3078,74732,0,0
41871,2,2,1,59,6170,43483,0,3190,32559,1,6807,51957,-1,8858,44720,0,1720,8035,1,10435,33984,0,0
56204,2,4,1,31,299,6277,1,1512,8338,0,2180,52820,-1,3626,58220,-1,3250,34181,2,2508,34019,0,0
177755,1,2,2,39,308,41948,2,13769,32934,1,1515,14366,2,2687,9917,0,2856,42463,1,2240,27025,2,0
12770,1,2,1,49,2314,26952,1,6688,43047,3,2226,67994,0,1090,40063,3,2180,41453,0,1483,53631,2,0
132774,1,2,2,30,1084,22682,3,4178,39351,1,1238,65037,-1,4676,65574,1,3076,49199,0,3098,79663,1,0
75812,1,3,3,21,13650,56696,2,5509,66351,1,1780,12401,8,3991,45243,0,4556,28646,1,8886,28713,0,0
33960,2,3,2,21,4353,35287,0,3804,20801,2,4196,49360,0,1720,67117,0,4893,55587,3,6256,33961,1,0
67888,1,4,1,55,1693,49474,0,798,23334,0,9976,29065,1,2954,9840,3,9149,45323,3,947,69252,1,0
35659,2,4,2,29,6100,50136,-1,6173,18839,0,2317,76992,2,6728,35468,1,5340,56318,1,12974,17646,1,0
90654,1,3,3,33,2349,65399,6,3393,48574,-1,1933,20499,0,4931,42409,2,10177,73182,0,2959,24372,1,0
56888,2,2,2,23,708,15834,4,5029,9479,1,7611,41851,0,3286,51063,-1,5344,8975,-1,1257,67389,-1,0
17961,2,5,2,44,1354,58380,-1,231,54875,2,113,43719,2,1589,22972,1,2154,32347,0,13994,48434,1,0
12395,1,2,1,27,5146,40329,1,765,21342,1,1798,38932,2,5513,48319,-1,4983,24743,0,2905,22700,0,0
79119,1,2,1,30,266,32437,7,4450,24537,0,3008,82967,3,4939,49878,3,6528,82764,1,954,52435,0,0
232701,2,1,2,37,1592,17014,2,3075,75404,0,4589,73821,1,3064,38529,0,5786,51945,5,8667,9183,2,0
42152,2,3,3,24,1167,52131,1,1286,64651,0,848,7247,4,1362,49398,0,9482,45743,0,3468,61703,2,0
132050,2,2,2,33,1122,21555,0,1377,42384,-1,2835,49742,2,961,46326,5,11799,63919,3,1095,651,8,1
107488,1,2,2,49,5740,50356,0,4993,13779,1,4177,39772,1,2073,26832,-1,2041,40248,0,5702,19562,2,0
268172,1,2,1,39,8738,78556,2,303,80288,0,3569,56685,0,11968,36837,0,411,49333,7,20083,47493,0,0
172026,2,2,1,36,6291,59599,3,2848,36073,2,4273,44257,1,7009,15020,0,5341,30878,0,440,14756,1,0
83610,1,3,2,37,5188,67828,1,3702,44951,7,5429,23747,1,11085,10082,3,584,12710,1,2849,40211,2,1
107011,2,4,1,31,12411,25619,0,1841,58238,-1,2385,19250,3,9244,45086,2,10770,57949,0,3599,51325,1,0
228657,1,4,2,54,300,55254,6,8589,742,4,328,31961,2,3070,2119,7,8634,20803,0,5411,25225,2,1
51002,1,2,1,26,916,17115,3,292,27199,2,285,37589,1,3779,35163,2,6250,54971,0,1297,37619,3,0
39570,1,2,2,37,2675,35330,0,10041,38638,4,9784,43878,1,929,48268,0,13030,61672,0,1021,56766,2,0
1086,1,6,2,36,2329,74825,-1,6423,42614,0,5657,28588,3,6380,40328,0,10909,-4888,2,6772,48968,0,1
175187,1,1,1,45,2706,27843,1,2955,13927,5,7223,74119,0,2740,83708,3,12815,60896,3,5533,70361,0,0
161435,2,4,1,46,1156,62227,0,12915,46526,7,13211,50705,0,879,48535,5,6648,45091,-1,1410,23208,7,1
11032,2,2,2,34,809,60312,0,6057,40674,5,6942,57479,4,501,34627,5,2297,20604,0,292,20078,0,1
86004,1,5,3,37,3558,61494,-1,13371,73346,3,5893,37225,7,5955,52160,3,244,5204,0,8050,66322,3,1
62358,2,2,2,38,13159,14659,7,3198,60005,-1,5332,19249,1,3290,13756,3,317,38583,6,5731,47597,0,1
12636,2,3,1,21,2487,50504,3,3016,34614,0,1495,57666,8,45,60004,2,7878,36428,1,10592,34957,8,1
394084,1,4,1,21,221,36868,0,3783,36078,5,15767,20130,0,8701,29900,2,1062,61840,0,350,28317,0,0
24168,2,3,1,28,6123,61769,4,338,60289,0,3904,-456,-1,4830,62131,0,1877,41294,0,3342,56282,7,0
6960,1,2,1,29,1720,6899,2,11956,45672,0,1255,51312,1,195,48006,0,4410,18246,2,869,32273,-1,0
90349,2,3,2,23,1405,47355,0,5508,12577,-1,1177,24887,4,1816,52512,1,702,8925,8,5618,55582,1,0
134272,2,4,2,42,1959,44527,4,4806,81875,2,8444,33314,2,6407,28922,2,21109,42928,2,1435,65333,0,0
3298,2,1,1,35,6433,197,1,13049,20202,1,1439,53879,-1,304,17105,1,8494,40084,0,1525,42077,2,0
107504,2,1,1,32,8541,22291,3,25286,89579,7,211,21392,-1,6663,16750,0,4393,66408,3,6274,12849,4,1
75991,2,3,1,22,4434,3396,1,892,48559,4,2796,7955,2,3514,5685,1,11954,30163,-1,8708,51370,0,0
10899,2,2,3,34,1946,25472,1,6911,27291,1,8500,64388,3,7636,32331,0,3401,48373,1,12069,62146,1,0
18937,2,3,2,21,1858,50984,0,4336,-7340,2,2675,38833,0,9663,28251,-1,11362,37344,0,406,63999,-1,0
83927,1,2,2,33,663,43907,0,3090,55535,1,8136,65146,1,7299,60236,7,8742,-14046,6,8217,43296,1,1
35148,1,3,1,35,13537,43388,1,18996,8993,0,8778,52522,7,406,19328,5,70,54320,-1,17789,5680,2,0
278572,1,2,2,37,5082,19205,6,9494,47145,4,9749,53112,1,3084,83878,-1,7966,31478,0,269,30915,2,0
170782,1,3,1,21,136,62409,2,5965,78672,1,4444,43268,0,1919,19968,1,7660,53182,0,12155,30066,5,0
410847,2,2,1,37,5428,39623,0,2411,17246,1,6011,43252,5,3551,21850,2,1909,43384,1,15394,57071,-1,0
30066,2,1,2,24,2963,40674,-1,5483,54761,-1,1518,62690,1,16877,10399,2,3396,20224,5,1067,48246,1,0
349738,2,1,2,26,17978,58807,4,3793,23768,2,525,56289,0,664,40193,0,743,36515,2,1845,57983,0,0
56428,1,6,1,42,8548,20173,0,1434,62662,0,3804,28219,-1,10034,33561,3,5491,39372,0,1776,26390,0,0
42697,1,2,1,55,939,44570,0,2992,41316,0,53,49860,1,23471,37842,2,5610,43680,3,14934,44256,0,0
5166,1,4,1,35,6366,48469,3,1192,39618,4,3134,27613,3,23036,48137,0,19938,50246,2,83,-5881,6,1
5420,2,1,1,26,3323,29088,6,3469,64145,0,538,33747,2,7965,59653,2,6414,40610,-1,4066,31815,0,0
117769,1,2,2,36,1035,53047,2,6369,52505,1,573,51367,1,3132,16603,0,2965,74924,5,4332,10328,-1,0
61235,2,3,3,44,5998,49542,0,186,23906,3,10231,27311,2,980,40392,1,993,56810,-1,5276,74779,1,0
25685,1,3,1,41,3963,37976,0,7248,75742,3,5115,42952,0,4685,57106,3,7749,59919,2,1269,49344,0,0
95184,2,6,1,62,154,37356,3,100,9283,3,5181,47602,2,4712,18117,0,2183,56498,2,3213,48522,0,0
29150,1,5,1,27,5200,50470,5,3641,45513,4,2591,33213,-1,1902,95286,0,14387,41528,2,2659,15500,1,0
86187,2,4,2,37,5039,55769,8,4260,23542,0,2665,54393,0,4796,86824,2,1622,54637,3,2624,37419,3,1
44505,1,3,1,50,777,41257,1,7161,10255,6,1805,31210,4,619,38497,1,1094,64976,0,2032,53206,3,1
173473,1,3,2,49,2146,62403,3,7157,17316,-1,2848,58852,0,5025,17866,0,4843,42520,1,14352,22570,1,0
171867,2,2,1,21,4408,53170,-1,2701,39015,0,4423,42613,0,11351,20441,1,12362,61015,1,5268,30861,3,0
64884,2,5,2,34,747,4230,0,343,46994,-1,1032,43456,-1,3193,44674,2,760,13955,0,7137,62125,0,0
43204,1,3,2,49,9577,11902,0,5912,61178,6,1516,22024,0,7231,52794,1,211,61980,1,1941,18556,0,0
45029,2,3,3,63,139,63644,8,3576,69520,1,3413,35307,-1,5048,3155,2,17114,24581,1,3,31364,0,0
163842,1,2,3,42,542,35064,-1,2025,45553,0,2428,43897,1,15,21080,0,735,13912,3,15207,23644,5,0
39776,2,1,2,31,617,43283,0,1338,31136,0,8559,60488,5,650,42836,4,4676,34418,0,10451,46779,3,0
23453,1,5,3,24,3755,62785,6,637,60780,0,8621,33566,3,7454,11911,0,1110,44147,-1,3061,55504,3,0
8849,2,2,1,57,4839,39871,0,1748,27707,2,2047,60414,-1,206,34058,0,917,46694,6,2435,72123,2,0
62865,1,3,1,42,2585,40745,0,3066,8087,-1,2996,24887,0,15646,48623,3,848,65809,0,2941,47913,-1,0
65803,1,2,1,26,1703,22625,2,3246,58780,1,18772,46683,0,11225,36759,-1,6188,28855,3,1567,64948,0,0
183827,1,4,2,32,8285,47399,2,4370,66478,3,8786,29864,-1,2250,25314,8,7127,72880,0,4771,47338,4,1
25005,2,1,3,38,353,51730,1,2250,23563,2,1214,70883,0,1858,41740,2,638,72922,-1,18185,12664,1,0
47963,1,4,1,40,1644,28442,6,12622,79216,3,1644,67273,5,4745,50137,3,734,44512,0,344,40796,2,1
165237,2,2,2,26,199,21559,0,3424,51661,0,435,45714,0,4731,21583,1,13615,23449,0,7793,41102,0,0
173513,2,4,2,28,69,92525,5,2755,48679,-1,5663,29298,0,466,46887,3,4444,89816,3,304,61318,-1,0
48550,2,4,3,21,2179,38141,3,246,29666,2,1905,9660,1,1212,46490,1,7600,74497,0,9796,38115,3,0
61456,1,2,2,45,1083,26326,0,4569,60345,3,3845,47565,2,5059,50383,1,419,43809,8,787,32573,0,0
36138,2,3,3,31,1562,54131,3,4617,9512,1,7308,44150,3,8066,45257,2,269,12755,2,3412,22968,0,0
269644,2,2,1,39,8600,38984,0,4376,33204,3,9040,57163,7,1065,42601,5,2522,52410,0,3552,34775,0,1
12629,2,2,1,49,889,18284,0,10928,25336,1,1967,10672,0,6052,36880,-1,4051,28201,1,4979,38215,1,0
271431,1,4,2,37,7575,49661,5,7196,13821,0,1354,42830,0,10219,34017,0,2330,57480,7,4647,51926,2,0
115159,2,3,1,33,5620,22937,-1,10102,57259,1,9437,48579,0,626,54459,2,6248,44590,2,6060,23691,5,0
75837,2,2,1,36,1975,71529,-1,306,46822,0,2400,21960,1,2891,38090,0,5535,8079,3,9439,86807,3,0
3320,2,2,2,35,3954,49890,0,1914,56093,1,8629,42330,3,9504,50701,2,2960,16400,1,183,21914,1,1
64549,2,2,2,47,2938,34462,0,1918,34433,0,811,25461,0,2315,50388,0,413,24756,1,6698,14420,0,0
52382,1,4,2,38,687,42186,4,5350,59701,0,12146,23492,3,1569,21204,2,4525,72817,8,263,50199,0,1
17580,1,2,1,29,11885,58065,5,2976,41542,4,3299,29387,0,6844,33627,1,1384,27001,2,7894,14432,0,0
106830,2,6,2,45,4215,43719,1,7513,30557,0,932,34678,2,2560,38943,0,2437,-5475,1,7881,40511,8,0
354567,2,5,1,47,10611,82442,1,2426,27222,0,3829,64774,3,6126,41802,5,72,35968,4,1059,26148,3,1
82596,2,2,1,21,8681,62717,1,1252,341,8,10201,33564,4,675,48585,3,3681,34772,1,1173,53047,-1,1
125440,2,2,2,50,415,49752,0,1719,63287,1,2465,23082,1,4031,43574,3,6003,71796,1,406,43099,0,0
7090,1,4,1,38,1161,21260,0,1007,61018,1,980,56257,0,2385,40839,2,4307,70291,2,1373,62845,0,0
54071,1,2,1,37,784,37062,0,1102,98547,3,4296,60553,3,29581,31295,-1,6963,13824,0,3458,48474,0,0
12370,1,1,2,45,8882,49577,1,1222,33307,1,8992,56388,0,4474,61138,1,37224,47868,0,2461,40953,-1,0
94880,1,2,1,29,9918,23542,2,81,26664,0,646,67385,0,5731,46950,3,5006,55834,2,1266,44091,1,0
278842,2,3,3,44,3753,65868,6,6295,5971,1,211,43845,3,702,37757,0,1249,37576,0,4852,20624,4,0
108405,2,4,2,31,550,20516,2,2550,59199,3,289,43112,1,24122,32207,2,4246,43521,1,3698,26012,0,0
7991,1,2,3,21,728,27255,2,114,54596,4,1309,25922,1,263,45596,5,1405,62112,3,670,44384,-1,1
43798,1,2,1,25,8397,28754,0,2310,71035,0,36,67980,5,367,40591,3,2003,45854,0,1933,51892,2,0
79998,2,5,2,40,13238,54876,4,11788,21667,0,2798,38156,0,393,9522,1,2169,53409,2,14145,33492,3,0
51618,2,4,1,25,1112,23901,6,3579,54327,0,5982,33928,1,10224,20188,0,3669,68137,0,5597,35746,0,0
179362,2,3,2,51,56,4000,6,21619,29559,1,6197,32139,1,6520,66091,2,3708,31068,-1,15071,32118,5,0
168562,2,4,1,46,2009,61760,-1,3882,66874,0,5062,52731,4,18069,47408,2,5502,55922,-1,3042,47527,2,0
94631,2,3,1,48,154,31112,2,16457,50724,4,1756,41670,0,344,27205,2,2878,31111,1,102,40077,1,0
46753,1,4,2,36,8800,18629,2,1126,8886,8,6657,43790,1,5883,32542,3,1039,61470,0,7856,52380,3,1
29482,1,2,1,37,3381,24902,0,1711,37376,2,4295,33509,1,3810,22760,0,3376,27572,1,496,27647,0,0
11190,2,2,1,23,5134,74335,8,6019,1037,8,9872,36033,0,5096,29507,1,7959,48690,1,14282,38913,0,1
43834,2,4,1,44,2650,26859,0,21645,16734,0,3250,37038,1,3596,60490,1,6067,35441,6,1829,70217,0,0
53302,1,3,2,38,2119,37532,0,8723,17944,3,993,68431,1,5624,36378,-1,612,51740,1,5376,80733,0,0
112646,2,6,1,40,1256,31061,1,4033,27181,2,5034,3975,0,11878,56663,0,14814,23104,4,9363,35287,4,0
107341,1,2,1,51,7359,15346,0,444,34746,0,817,48963,3,4427,72553,0,1825,34448,4,3062,66314,0,0
7268,1,5,1,28,5946,25145,5,2265,43291,0,16503,61763,1,11336,32097,-1,4414,38947,4,2811,65356,4,1
50295,1,5,2,33,2237,13977,1,451,42290,1,6074,3229,0,7620,14097,0,162,18509,1,1029,56396,4,0
20062,1,2,2,38,1936,59117,1,1864,39522,3,7059,38570,0,10009,48658,1,12010,27847,0,6511,4473,0,0
17056,2,4,1,25,6,42017,2,1497,46647,4,5685,59642,-1,5383,23593,1,5753,7207,3,2072,11601,-1,0
175621,2,3,1,33,328,89653,-1,2459,15004,2,513,24940,7,3655,40012,0,1615,47543,0,4939,29870,7,1
4281,1,5,1,39,4880,25821,3,9078,41463,2,3130,45370,8,360,43370,6,5749,55884,4,1415,30011,0,1
54331,2,3,1,31,3613,22822,3,814,68689,0,5269,21360,4,9006,77143,1,1730,12172,0,6717,21736,0,0
18416,2,4,1,48,2852,70675,1,1826,36683,2,1302,40661,1,1385,46458,2,1503,16577,2,5961,51121,0,0
211469,2,3,1,21,8786,61159,7,1513,49893,2,5689,65551,3,186,30857,-1,2961,20823,1,43,52236,6,1
81427,2,2,2,46,3504,47695,1,1755,48032,0,8570,73912,3,3660,52516,0,4582,14532,2,537,75828,-1,0
26315,1,2,3,41,2426,17726,2,2236,57245,7,1607,45104,0,5005,56303,1,1174,47987,0,427,27864,3,0
69801,2,3,1,29,879,74899,5,1400,45742,1,1113,14420,1,5421,64096,0,6791,26163,8,177,26980,4,1
131485,1,4,2,25,8593,38557,2,14286,56907,3,10734,33790,7,5539,21542,0,4314,45003,2,307,43738,5,1
317289,1,3,2,21,4293,31386,1,2724,50145,1,26,3736,0,5302,65818,0,37,25049,0,1965,14240,1,0
24903,2,3,2,27,485,62859,-1,605,53145,6,1476,34120,2,8256,85723,1,3985,33192,4,7260,77394,1,0
217315,1,2,2,45,5233,39554,2,3152,48842,0,2610,59293,2,7334,65372,-1,2731,60769,1,3805,32846,1,0
272271,2,3,1,34,2767,16686,7,1019,19864,1,5577,12742,1,8378,69010,0,5533,16890,0,561,38411,1,0
248195,2,1,1,46,8340,40806,1,1217,16584,-1,29152,35858,1,3083,31305,2,11403,28762,1,267,42721,0,0
100899,1,4,2,28,12561,24373,0,1677,32935,0,2316,23676,1,324,73788,0,1523,48353,0,549,37042,1,0
99376,2,6,1,42,4587,-20186,1,666,71032,0,14860,75873,1,5102,30478,0,5599,33629,2,2337,34488,0,0
51619,1,3,1,27,6576,22365,2,6384,36566,1,2284,47973,0,1179,39224,-1,822,43773,-1,1813,87101,1,0
139593,1,1,1,25,291,29445,-1,7849,46191,3,5945,57007,3,9813,30709,8,447,40034,4,6186,41728,3,1
75777,2,2,1,33,4107,16887,4,2506,653,1,903,45851,2,6394,28376,-1,13428,9865,1,4910,49644,-1,0
113146,2,3,2,28,7039,51504,4,5839,43874,1,3084,55219,8,7259,39895,1,9913,67981,0,10466,30121,4,1
55941,2,3,1,21,3433,24451,1,2462,41718,5,10250,61612,0,1687,16924,1,3479,38013,3,14814,52311,1,0
131489,1,4,1,33,4501,49568,0,896,-13466,3,1928,40766,0,5012,26256,7,744,71895,8,7,40625,2,1
173995,2,2,1,36,11460,15333,2,2530,45817,-1,555,29376,0,3754,20547,4,1528,46761,5,1294,44984,0,0
15833,1,4,1,47,1103,58184,0,4070,6980,0,3698,21295,1,1562,70683,0,4189,66333,0,405,49550,8,0
178934,1,3,3,44,517,14470,1,209,25493,-1,2894,75174,0,8362,72400,-1,5275,60445,0,1830,57651,2,0
77717,2,2,1,47,5866,-6830,-1,5313,59889,-1,1303,56413,1,3992,90907,1,5865,64577,8,4547,53992,8,1
186217,2,3,3,42,8653,64745,1,6785,43149,0,11801,-4464,2,1058,38661,0,6887,35544,0,1548,39537,3,0
56440,2,2,2,38,9501,22882,0,9829,31030,2,4602,35107,-1,1820,40588,4,1177,75742,0,1052,40116,4,0
47648,1,3,2,22,5131,75138,3,542,29318,0,2132,48321,3,1288,55429,2,1756,30560,2,2445,17751,0,0
246581,2,4,1,36,8955,51291,3,0,31640,0,27774,73445,6,1872,14472,6,63,47253,0,88,36501,2,1
28924,1,3,1,40,6030,55805,8,380,43217,0,739,17946,0,1042,20431,1,384,57262,0,18106,42158,0,0
185926,2,4,2,49,457,60909,0,12892,15987,1,9417,48527,3,2319,8056,0,1851,103444,2,17065,58334,3,0
66168,2,3,2,41,7178,42253,-1,7252,62488,4,1310,32005,1,5920,56735,1,1027,61878,1,721,-7359,8,0
72174,1,2,1,47,988,42481,1,9022,17048,8,1368,16061,2,16007,22777,0,3391,29478,3,1049,46184,0,0
36884,1,3,1,24,1349,65626,-1,3638,5458,2,3447,66908,2,1182,60032,1,9441,45387,3,4166,24540,2,0
85107,2,3,1,31,2509,42227,0,3740,59823,1,5422,20716,0,1782,30764,8,6418,13073,3,1846,55529,2,0
39335,2,2,3,39,1888,25436,1,1772,31261,2,5863,59415,3,10,40074,2,7023,69398,0,61,66581,0,0
4006,2,2,1,46,1940,51715,1,9249,41409,2,111,8108,0,1276,36577,-1,4584,-22535,0,278,39035,0,0
31745,2,3,2,33,927,-2272,-1,8853,53092,1,1690,30199,8,2710,43806,2,6027,36550,0,5592,68694,0,0
639,2,1,2,34,1739,66391,1,2489,25611,2,5402,51440,0,3097,30219,0,992,83913,0,1180,57360,0,1
383297,1,1,2,41,99,66808,1,1996,42742,1,11024,54335,0,1548,60793,0,4019,55195,4,3864,42780,4,0
337398,1,3,2,23,3201,63963,0,6704,52964,8,5541,48737,0,814,36647,3,4226,49795,-1,1618,7937,3,0
50278,1,2,1,51,7317,63195,4,132,72864,-1,1545,59708,3,4139,47279,0,4953,16163,2,3721,47697,3,0
130331,1,5,3,26,9911,38316,0,9828,29778,1,3544,34227,1,2631,42191,0,7554,66616,4,34195,23429,3,0
42435,2,2,2,21,8585,37866,0,2955,30741,0,5214,67847,7,2777,19728,0,14412,21711,0,5866,-17186,0,0
111198,1,4,2,35,2693,15407,0,2911,51266,3,727,47132,2,11268,66984,4,6219,21877,6,2128,18000,5,1
163696,1,3,1,51,6554,74960,0,5529,44171,0,3936,54696,0,4121,26967,0,12791,66581,7,16803,66968,3,0
293287,1,4,2,40,1697,30299,4,5188,37259,1,3190,47271,3,2457,56174,1,3991,21046,1,176,42585,5,1
51117,2,2,1,42,285,46797,0,1546,71853,2,2052,49828,0,1463,54579,0,1707,10730,2,936,64548,1,0
152923,1,5,1,35,5634,45080,2,14348,6351,2,4884,19977,0,2798,10021,1,5372,20719,0,3450,71497,0,0
30914,2,3,2,33,5231,13191,1,21462,11565,1,5055,21166,-1,9897,36405,0,19799,43783,8,1727,45541,2,0
463896,1,4,2,21,8088,5106,2,3732,6582,1,17783,29176,0,16776,51596,3,6184,29950,2,6363,28454,2,0
2610,2,2,2,21,4786,40111,5,4120,64033,3,2795,50286,0,2367,34209,2,17371,76334,1,174,18901,2,1
92515,1,2,1,36,853,30924,3,4040,50294,2,3788,28227,0,1172,37440,-1,113,40683,1,1600,38736,0,0
107735,2,3,2,48,9592,38211,-1,3325,12585,4,856,34078,0,12297,44340,6,1494,15196,2,9675,22155,1,0
116489,1,1,1,38,4934,61308,3,14519,37539,2,3974,38547,1,779,32480,4,1598,2640,0,2571,17335,0,0
12827,2,3,2,41,8241,44498,1,1403,39446,0,183,68357,0,1764,47143,0,2782,58009,1,1134,27083,2,0
278920,2,2,1,50,7438,55170,0,571,-4184,2,811,52055,2,1141,40851,0,156,46004,-1,3655,34643,1,0
19989,1,3,2,38,1768,48906,2,13264,43765,-1,939,10773,0,4171,36060,1,12281,52167,2,2281,35190,0,0
97485,2,6,2,33,387,33673,7,1197,16449,0,5007,43193,6,2626,20589,2,6139,31461,1,1659,38210,1,1
25189,2,3,1,26,970,19963,-1,6914,54133,1,4188,33931,-1,1692,48111,0,438,43083,0,9436,48509,0,0
36703,1,4,1,55,487,45294,3,1139,17061,4,7998,35433,5,7303,-8180,3,960,63812,-1,9534,36380,2,1
79066,1,3,2,40,1394,41677,0,16117,44383,0,3121,40012,1,5454,45245,-1,4620,40110,1,2710,55078,3,0
53989,2,3,2,25,3076,58303,0,7830,65891,2,3220,62516,2,27031,40297,0,11957,17054,1,4630,54274,1,0
17462,1,5,2,23,11865,36981,4,12549,59491,0,881,23729,0,1869,23739,1,458,54455,0,6342,59987,3,0
18745,1,4,2,47,10279,34053,1,15078,50143,6,6787,44077,0,9330,12210,3,2839,33020,1,6086,37652,0,0
54153,1,4,1,24,6339,35410,-1,441,38373,1,18,45812,6,1801,48365,4,1115,59323,-1,2022,15203,2,0
141585,2,2,1,53,122,21625,1,2840,9997,2,2765,35572,1,45,35057,0,994,40509,-1,5411,35189,1,0
228243,2,3,1,21,2088,68938,3,5222,31218,2,1043,27233,1,817,42772,0,6548,57236,0,12521,20635,0,0
8787,2,2,1,49,5734,62792,1,8108,35479,0,7370,24893,8,3551,3251,0,8757,50140,1,285,55939,0,1
49939,2,3,2,39,690,15739,0,1381,34043,5,5594,31587,0,8303,49531,1,12700,65960,0,379,10443,0,0
10563,2,3,1,36,8074,56078,1,12302,9329,2,6133,54752,0,295,58793,3,5759,59241,0,9570,46814,1,0
1673,2,4,3,33,12300,3099,5,1248,48688,1,804,32833,1,8919,36946,-1,339,13903,2,4611,44031,3,0
108387,2,4,2,53,2185,59705,2,10056,16381,1,5525,38017,1,6295,22061,2,2208,2527,1,137,54663,1,0
92243,1,3,2,42,6118,26072,2,3594,70922,4,5870,16860,3,175,48682,0,2913,38460,0,7262,45453,1,0
17795,2,1,3,25,802,47198,3,3622,42960,-1,13,30513,7,561,34315,4,1614,52036,6,562,39060,2,1
26632,2,4,1,21,5869,1409,-1,2342,59585,0,1910,44587,0,393,57266,0,3881,25493,0,9149,18138,0,0
2399,1,2,2,36,108,16025,1,546,59171,3,456,6655,2,5681,40414,1,1323,48913,0,3298,74121,0,0
180148,1,3,1,34,817,49374,0,2131,81558,-1,5719,60897,1,4116,-2845,0,11484,48070,4,1722,38969,3,0
367657,1,1,1,21,6187,25981,0,2782,43637,2,1191,28142,3,2222,-6981,1,774,38540,2,4806,32963,-1,0
14555,2,2,2,34,6221,23200,0,3260,32198,1,1537,75259,0,462,25791,1,2776,27307,2,955,42303,1,0
26328,1,6,1,29,5124,67917,3,6718,32584,0,407,48399,1,2495,49057,2,666,19612,3,3858,62577,1,0
202806,2,2,3,35,3244,84219,0,2169,69922,2,3306,3303,-1,5731,30153,0,2217,89583,3,3366,34970,1,0
260997,2,3,2,42,5618,58740,0,2609,13595,3,167,45550,1,490,49842,0,3315,-2414,3,1373,63016,3,0
54408,2,2,2,49,7431,18162,0,11827,22437,1,9340,33639,0,9710,26758,2,4036,15223,0,5509,44109,1,0
5194,1,5,1,44,16978,75270,-1,6983,44739,0,133,45799,7,324,81252,1,2013,92009,2,2156,54691,3,1
4018,1,4,2,27,10974,8771,1,115,36944,0,318,72334,1,4684,36240,3,8294,19339,2,9502,45147,0,0
85319,2,2,1,38,7912,33910,3,8358,59352,8,5113,54099,1,1048,45384,4,3622,28747,0,435,53469,0,1
49905,2,1,2,35,5933,41095,-1,22997,13226,0,12440,35485,8,480,20828,-1,24409,53601,8,7351,57544,7,1
2907,2,3,1,21,4268,78480,0,14047,38661,0,11133,12062,1,2192,31635,2,659,49621,3,2879,48654,0,1
87527,1,2,2,38,642,58253,2,9038,36259,8,436,57455,2,5496,49877,0,1013,48861,5,1868,71905,0,1
1136,2,3,1,53,904,30724,1,4960,18555,4,1701,50194,-1,645,39076,1,8092,69907,0,13974,37678,1,1
154821,1,1,1,35,8581,21100,2,1629,57573,2,3680,63158,2,3228,-15632,2,4040,20839,-1,1115,63679,7,0
36590,2,2,1,21,8130,60043,0,5312,38164,0,134,37142,0,2605,49982,0,2231,43499,-1,2750,27569,3,0
4109,1,3,1,35,4765,29332,3,5946,37318,0,3760,45902,3,2788,52182,0,2641,38926,4,3119,48118,1,1
88758,2,2,2,22,2888,44334,1,1653,23505,0,2968,35074,4,14360,54616,8,4148,22419,1,1766,23434,1,1
50697,1,4,1,43,131,12604,2,1474,32602,2,4438,41736,0,2146,61987,0,448,42075,0,466,23748,8,0
364201,1,1,1,40,1981,51385,-1,2528,19567,0,12648,9709,4,23914,43615,-1,7243,51206,3,11777,66290,2,0
78569,1,2,2,33,2729,49773,0,5124,57275,-1,1605,46365,1,3865,87911,3,2981,51697,2,11220,81763,0,0
32191,1,6,1,31,3325,15167,3,1734,60656,0,5095,47647,1,9241,44671,1,2659,61388,2,4956,36772,2,0
123594,1,3,1,32,13248,60632,0,4055,73601,4,2809,29922,1,2145,-6050,2,7418,39199,3,1960,19872,6,1
31675,1,4,2,35,575,51094,-1,11474,48681,3,2855,52133,1,442,44473,0,4210,19852,1,4944,39779,0,0
234594,2,2,1,27,3658,54800,1,1748,33215,2,5210,57451,5,440,62416,0,7015,12318,0,16679,24584,3,0
46955,2,3,1,21,2293,32426,1,16903,30620,-1,15114,68003,6,4268,12444,0,13199,30771,5,10744,65955,1,0
79821,2,4,1,46,23075,43579,2,3206,49812,4,9940,19598,1,13290,34589,0,14578,12946,4,905,52057,0,0
5189,2,2,1,31,9897,41267,2,531,44017,1,5101,53387,1,369,64256,0,2804,25785,0,8469,51645,3,0
55533,1,4,2,36,2888,37036,1,283,36515,1,3095,66757,0,5841,28707,0,360,16363,0,7991,37715,2,0
178595,2,3,1,37,40485,43410,1,2067,34758,6,2758,32984,0,4141,35248,3,62,26903,3,12459,25630,-1,0
163808,1,2,2,38,3608,65128,5,1497,63423,-1,7735,67898,1,5281,55616,1,6107,75668,8,243,61122,3,1
25401,1,3,1,23,914,61499,1,9280,31363,1,1230,25481,0,1213,14358,0,425,37533,3,7272,37802,1,0
25628,1,3,1,21,4058,16362,2,6690,66933,3,4429,41394,1,365,39764,0,2473,71445,-1,3949,19276,2,0
169993,2,2,1,29,1282,59708,0,10794,43642,-1,3515,5459,2,388,20565,7,5427,48353,1,3863,71033,1,0
266496,1,3,2,38,5057,63822,4,4448,32642,0,5239,2654,2,1416,34636,0,32142,27551,3,2148,89420,0,0
10021,2,2,3,27,13858,36976,-1,2858,24294,8,1037,8932,1,1201,44735,4,1261,37534,1,7703,43145,0,1
59794,2,3,2,31,7713,50168,1,1577,36909,0,5949,68374,3,675,61206,2,48,6986,2,2755,47126,2,0
41166,2,4,3,56,1595,49880,0,4374,50067,1,4930,24488,0,1537,46249,2,210,33378,-1,2215,76243,2,0
204553,2,3,1,21,1760,23000,2,4811,32459,2,993,24538,1,3817,28696,2,1263,13783,0,16137,34049,4,0
8722,2,5,1,27,359,32360,0,2495,57006,0,2985,48164,0,14930,63944,1,24813,51971,3,3107,62501,2,0
23714,1,2,1,53,1683,55016,2,13791,31460,1,5675,25128,2,12772,52307,1,401,31302,0,7863,28558,-1,0
139621,1,3,1,34,485,30083,-1,5107,37504,-1,11593,64099,1,1585,1166,3,6916,33927,8,749,49617,1,0
5265,2,4,1,27,3460,59509,1,9084,14266,0,651,77272,0,342,56759,3,812,31641,0,6736,20701,0,0
67832,1,3,1,46,6160,66099,3,4843,51189,4,43,-4433,0,27169,41298,1,1139,57967,0,5558,34885,1,0
58358,2,3,1,35,6955,62873,0,1902,34656,3,902,50405,0,3235,39342,3,449,22203,0,3575,6839,0,0
40706,1,1,1,31,306,79596,-1,6670,71577,0,22675,-1209,5,19152,63808,3,1294,20883,0,739,49829,6,0
50182,1,2,1,36,2077,38185,1,1308,54096,0,7313,12797,1,3857,35913,0,613,46851,0,642,47996,0,0
75489,1,2,1,28,1699,43544,8,4539,41689,1,4764,49552,2,10873,57882,2,87,61726,1,5639,19588,3,1
17598,1,6,2,24,550,46413,-1,2573,64503,0,713,21126,6,2963,65547,1,8013,46625,4,9682,83908,2,0
84862,1,2,1,33,2250,38792,-1,811,48102,2,2689,45218,0,4864,41244,-1,1056,83737,6,4186,41528,0,0
163697,1,4,2,24,1778,50843,1,2665,60165,-1,6280,40621,6,3836,48947,2,631,21314,1,3089,37189,3,0
142778,1,3,2,35,5032,5775,0,1857,22752,4,11311,7038,1,1241,53880,1,1588,-3331,2,3670,20445,7,1
16711,1,2,1,38,10740,44098,1,595,49223,0,2404,53148,4,7215,49249,0,7007,49744,1,851,55622,0,0
16163,1,3,1,43,3033,12451,3,8681,50054,4,40392,45979,0,281,57786,-1,1273,36934,0,267,22056,3,0
31221,1,4,1,46,6865,20747,0,3451,9105,1,752,40776,0,2250,19112,0,3903,49431,1,8831,55296,3,0
44796,1,4,2,30,789,54657,2,2125,70132,3,2446,27039,0,10197,27171,3,1223,57127,0,9367,22484,3,0
52501,1,2,1,39,11267,36017,1,3515,16793,3,10413,47793,2,3492,14808,-1,2447,9492,0,6996,48693,0,0
113848,1,2,1,39,827,53952,5,7023,14020,0,5247,14122,0,404,73720,1,3683,34265,0,7383,36121,3,0
5835,2,2,1,38,1066,35584,8,92,-16973,2,8327,19839,3,1163,6485,0,7090,51721,3,1203,55686,-1,1
3528,1,1,2,30,562,62128,1,3956,49477,2,11918,46418,0,580,66414,0,1654,45109,0,575,13980,0,1
49743,1,3,1,24,1852,35218,1,3261,7138,1,3539,60603,0,1626,49445,3,2957,36479,2,871,49133,0,0
119456,1,4,2,40,4019,901,2,11177,29661,1,1337,30457,0,903,22475,4,5148,54765,-1,5090,20383,0,0
21497,1,2,1,21,22111,44507,0,4059,56757,0,5916,49140,2,6223,14572,1,1609,59932,2,2531,27065,1,0
102583,1,4,2,32,7884,-3377,0,738,43841,0,4144,44099,5,5385,39239,4,1242,-1023,3,79,51597,1,0
30087,1,3,2,21,2393,10945,7,2460,27526,1,7406,48286,5,725,35511,4,4207,71515,0,15023,40931,0,1
217231,2,2,1,21,4288,22341,1,4852,8186,-1,3584,26164,0,2943,47909,0,15224,15544,3,1308,47467,2,0
226038,2,2,3,26,4881,19845,-1,235,37847,6,8332,37015,0,1753,-3989,2,12044,51908,1,21,55037,-1,0
35280,2,4,2,45,8650,29098,3,10798,57105,2,11614,39235,2,2056,36228,3,4585,33387,2,2423,43315,0,0
26135,1,4,1,41,6667,19158,1,350,54016,1,6923,69967,2,4289,22468,1,2740,65098,2,1197,37252,0,0
52984,1,3,1,29,4211,11880,0,155,75735,-1,6806,17910,0,11447,65530,3,4171,54421,0,2302,19984,0,0
27513,1,1,2,42,5530,70836,-1,10,26930,2,4423,11924,4,11380,48186,2,8097,51786,3,13931,83922,0,0
111591,2,2,2,43,6850,26437,0,5756,13659,-1,3189,99987,0,2663,29849,0,487,44439,3,4851,50947,-1,0
174907,1,1,2,33,714,-4615,5,3043,46199,2,17983,46179,2,2497,68425,2,7597,29253,2,5188,40012,6,1
111807,1,3,2,21,1118,32781,6,542,44228,-1,5179,50970,0,3648,31286,1,5365,20198,1,10753,33595,3,0
173926,2,4,2,32,5833,17505,0,9696,39902,2,9174,52843,1,3213,37918,2,1567,12339,3,602,44148,-1,0
50582,2,2,1,34,9499,22300,3,1132,25072,1,3520,55437,0,318,45411,-1,10438,27486,4,527,39898,0,0
16997,1,4,2,22,2631,54206,1,1975,-13067,2,4046,57979,8,4322,58184,0,416,58242,0,9665,50573,1,0
133922,1,3,1,38,19532,31036,2,978,19867,0,5436,55529,1,4394,40237,3,12547,19961,1,866,28525,0,0
44702,1,3,3,37,1217,16948,0,13069,51141,0,6519,62540,8,2992,68407,1,2454,64180,1,6621,73594,5,1
111252,1,6,2,39,2695,48925,1,7095,45679,0,2974,43347,0,2671,31963,0,8312,19483,1,1171,53797,2,0
31559,2,1,2,37,2378,62998,0,6435,59305,1,2202,61444,3,13979,20381,-1,838,36712,3,3221,3857,4,0
8471,1,5,1,42,13317,50737,-1,224,46903,0,1368,77839,2,4591,71851,0,4191,49021,2,2433,45758,2,0
490381,1,2,1,33,1680,-9071,0,3698,54720,-1,2755,43918,3,8471,33731,0,170,60530,1,546,56109,0,0
16984,2,2,1,37,3181,17700,0,4283,55294,0,1186,49615,2,15378,51865,8,1633,32668,3,5564,13604,1,0
445856,1,4,2,31,1036,40948,8,2410,40409,2,2695,28403,2,8306,55365,3,8849,49624,6,9645,62029,-1,1
378450,1,5,2,29,3683,35114,7,1941,40549,1,10383,36703,2,14321,81654,-1,3028,44251,1,523,52605,1,0
157899,2,3,1,48,9738,33454,3,9550,-18177,7,18876,47057,8,7120,34057,2,5386,35004,0,2212,13827,3,1
107711,2,3,2,21,1812,20344,0,116,26868,1,4303,32215,0,932,50553,1,8231,19226,5,143,36544,2,0
86229,1,4,2,43,8324,11888,1,4908,27731,0,789,41849,-1,1286,24340,0,3778,48800,7,1345,17146,3,0
201067,2,4,1,28,12113,80155,1,2506,37823,2,2789,46826,2,1077,30375,2,4407,40557,1,1508,56735,0,0
34170,2,2,1,27,378,40542,0,5482,21393,1,4607,70412,0,1943,24844,-1,7269,33609,2,8494,19645,-1,0
63051,1,4,2,37,7061,52842,-1,1102,58751,2,2316,22724,2,2192,56938,2,641,42295,-1,6974,21310,1,0
96597,2,3,2,21,1474,40125,1,1363,22369,6,1148,48403,0,8334,58396,4,371,51423,-1,8904,41643,1,0
52965,1,3,2,26,963,40926,-1,4419,62048,1,1286,27916,-1,2238,47377,4,4863,6402,-1,419,81413,2,0
55771,1,3,2,26,4595,38757,3,19544,20776,1,3211,55320,3,6495,24485,3,18457,29074,3,714,64421,-1,0
40090,1,3,3,32,6114,17591,2,18381,27924,3,1219,56909,-1,11707,26981,6,5174,20516,1,1812,20215,-1,0
83064,1,5,1,26,2510,9710,0,1431,26403,3,1435,73549,0,608,25962,2,6105,22029,2,6819,15506,2,0
190095,2,3,1,51,199,47724,2,539,30075,1,10321,31486,0,1,47138,2,5372,24221,1,126,28171,2,0
22505,1,6,1,52,11968,43756,0,4462,63572,-1,7549,42911,0,10975,8379,-1,4653,61968,0,805,11959,0,0
272468,1,2,1,21,6560,58765,0,2723,33458,8,284,56081,5,1360,32066,0,1100,46664,3,3442,55740,3,1
116824,1,4,1,40,1584,54707,0,7170,33966,0,1929,53172,2,832,13218,3,9171,18000,0,121,53173,0,0
173315,1,4,1,43,3434,23829,3,3753,25164,0,3795,-9755,4,1749,50127,8,4294,43716,0,546,58274,1,1
81236,2,3,3,40,140,62651,0,3572,34804,8,312,26251,2,1029,20177,2,19167,48564,2,1918,40979,0,0
151193,2,3,3,28,2072,55300,1,5198,44328,4,5746,51402,8,7890,79162,1,357,32826,4,1367,42403,8,1
1633,2,3,1,32,3696,53816,0,675,35696,0,2426,35804,1,5032,60907,0,1772,14253,4,2238,18684,2,1
170584,1,4,2,27,3641,84986,0,5653,36994,0,2530,56229,-1,915,38218,6,523,18227,1,7047,45499,0,0
4096,2,4,2,30,1167,80879,0,3352,60320,2,1541,60841,0,4380,48269,2,9800,8276,2,1225,65283,6,1
220648,2,2,2,22,7497,53798,2,8578,45472,0,2031,35730,1,1166,49367,1,8515,82798,3,4914,31393,0,0
482366,1,4,2,33,1775,51303,1,746,16982,0,9891,52016,0,1100,20795,4,7415,5426,0,10638,48132,1,0
34823,2,3,1,21,4342,61633,2,1788,38294,8,7770,69122,0,4524,64763,7,5675,14915,0,1816,41356,0,1
23612,1,2,2,32,1583,28320,0,15003,29232,1,13726,60370,0,5463,38086,0,563,39530,2,253,29333,1,0
144971,2,4,2,22,2768,28603,-1,4026,50420,3,6003,24587,1,2124,24641,1,2603,3452,3,4989,50298,8,1
29172,2,3,2,37,1162,53468,2,13246,42058,2,4312,36297,1,7207,50831,0,6095,16822,0,6305,76347,1,0
200665,2,4,3,28,5012,22870,0,5840,62606,3,1500,40549,6,9076,17543,7,2238,42298,2,3236,67502,2,1
10852,2,2,3,37,2772,51855,0,13047,25199,5,5495,21295,-1,12405,53116,0,6326,44064,-1,2793,23171,8,0
13462,1,1,2,45,81,43136,0,1912,36151,1,11830,61399,0,4918,46860,5,1680,48194,6,6858,42376,2,1
387047,1,3,2,50,142,22876,2,474,18717,3,358,27100,1,1242,26999,0,3921,54308,4,2693,54626,0,0
112036,2,2,3,21,3185,40517,2,8103,39163,3,2926,37971,0,6900,59129,5,2188,39193,5,23,41660,0,1
187658,1,4,1,26,1011,66101,0,8160,9268,6,808,61436,2,570,54106,1,12723,26222,7,11030,14300,0,1
39204,2,2,1,31,4397,41647,1,4822,46429,2,8319,30980,1,999,33562,1,2920,49147,3,1459,24867,6,0
112850,2,3,1,39,2622,41730,2,4332,38890,4,4760,33267,1,8942,50781,-1,1689,67810,0,4688,52548,4,0
90199,2,1,2,21,5312,46579,0,12320,43103,-1,10586,46761,2,12086,13356,0,293,52352,1,4045,78570,2,0
92419,2,2,2,25,15224,49183,0,970,55762,0,325,31821,0,345,49830,1,785,22724,0,3599,27055,-1,0
114737,2,4,1,36,3761,33383,2,4792,44496,0,11807,70652,0,1870,10820,-1,4160,52283,-1,1414,20949,3,0
85651,2,2,3,35,7741,47005,2,255,14464,0,347,21691,0,4960,42567,2,6038,51184,0,6740,62566,3,0
56047,1,3,2,38,6992,19018,-1,759,28882,-1,1695,-5896,1,13955,53785,3,15435,15258,3,1412,44688,3,0
32285,1,5,2,39,12741,24018,2,2874,38396,0,848,56859,0,4228,46768,-1,4541,35339,2,13982,32221,0,0
146352,2,3,1,38,1204,26577,1,8607,33438,8,785,32848,0,8601,71067,1,5709,51332,3,4107,36136,0,0
25653,1,4,2,36,8781,49395,3,6605,35880,0,941,23847,0,12803,24132,-1,4835,63223,1,7348,37167,3,0
117880,2,2,2,35,11796,43204,0,18260,72429,1,3271,47678,-1,3659,48174,4,11638,27068,-1,6823,55024,1,0
26570,1,2,2,41,2494,37312,0,229,42007,3,7670,48387,0,6744,-2647,0,1800,10854,0,17256,44553,0,0
98171,1,4,2,21,1883,53815,1,2401,47645,0,11427,24762,0,5429,29756,-1,4621,50171,1,3799,9392,2,0
137467,1,4,2,50,15186,47577,1,864,-176,0,4183,63737,1,5563,33946,4,16067,35037,0,283,37456,1,0
24681,2,3,1,21,4939,34200,0,188,54920,0,858,57237,0,3639,71347,1,35,44793,1,460,76716,1,0
6181,1,3,2,24,2395,19295,2,1535,97039,-1,412,79491,3,4880,39527,-1,1580,43805,2,2213,62186,0,0
14038,2,3,1,32,7846,23605,1,1401,66913,7,3407,30827,1,4041,58262,2,7110,42970,0,2233,65082,3,1
93139,2,1,1,41,1815,10663,2,2723,31196,4,7248,43125,2,5077,21911,2,3173,31728,5,1225,23292,1,0
189343,2,4,1,21,970,42811,0,754,85621,4,4840,44666,0,3517,33341,1,921,58131,1,13002,47227,4,0
4604,1,3,1,34,3925,22757,2,3352,40549,4,4370,33461,1,1258,23265,0,4239,23022,4,3203,58989,3,1
132482,1,3,1,42,4175,30093,1,12634,46130,0,246,48064,2,5914,20123,1,3618,45306,1,11646,41484,6,0
41751,1,4,2,44,8736,37448,-1,6895,34651,3,2651,49568,0,2422,21495,7,3026,47803,2,283,63662,2,0
65110,2,2,2,28,3053,60879,0,9231,34133,2,3996,49577,0,683,27721,1,2090,36089,4,2139,22869,0,0
264309,2,2,1,31,8425,58575,-1,8166,-4961,5,4560,33470,3,9529,80854,0,269,55864,2,2228,44263,0,0
40342,1,4,2,28,1864,38905,1,2468,55749,0,24,35813,3,1000,38830,2,4633,30697,1,192,28130,3,0
62611,2,4,1,31,4282,65310,0,6171,34060,1,1112,28658,1,3890,12944,-1,3641,85936,1,5214,69536,0,0
1377,1,3,1,24,1168,-246,8,7017,36238,0,14957,24983,4,6384,29514,0,4401,44731,0,766,38898,2,0
8512,1,2,2,26,2434,77544,4,1151,45466,0,3552,38721,2,5216,60330,0,12,64766,2,2128,35788,0,0
29920,1,2,2,39,9743,53849,3,9839,31708,2,6080,70330,-1,876,25965,2,431,57761,-1,19829,17274,0,0
2824,1,3,2,36,1216,42056,1,3060,45276,0,1842,80780,1,1079,69752,2,917,68470,1,13306,56565,1,0
99797,2,2,1,39,8309,22172,3,82,64061,1,4401,66277,2,805,60592,3,2975,41761,1,1514,48837,-1,0
55582,1,4,2,37,1662,31238,0,5155,48096,2,2203,30722,1,376,36113,1,8248,62542,1,1891,39635,2,0
79439,1,5,2,42,175,52187,1,5646,36930,0,1761,48153,3,1665,26880,0,1410,69119,1,3885,52062,1,0
19194,1,4,3,43,582,52641,0,4012,37530,0,2650,-938,0,3713,20984,0,8260,45759,0,1683,61429,1,0
35088,1,2,1,21,6849,53367,0,1193,44011,7,3079,36899,-1,949,43847,4,1341,26028,-1,6467,44039,-1,0
109012,1,4,2,26,1519,25430,-1,3291,23356,3,2010,32228,2,17678,48299,-1,6912,76595,1,4186,48890,1,0
336109,1,2,2,32,5308,21403,1,2555,44157,2,1491,77486,2,6000,66800,1,10366,40380,6,3198,50833,3,1
5173,1,2,3,34,6006,43904,-1,18382,53691,4,4888,45208,3,4378,47135,0,8476,41571,0,15778,4776,2,0
221077,2,1,1,28,2116,55397,2,8705,41750,-1,2396,41014,-1,5719,32952,0,6704,45406,0,1226,49428,1,0
86010,2,2,2,44,3221,40063,5,7175,31517,-1,1127,38631,2,2863,67487,-1,196,24335,4,9779,7255,0,0
82992,2,5,1,54,2585,69629,0,998,34257,0,7101,34182,-1,3173,56385,8,2003,46802,0,6494,40149,1,0
69370,2,2,2,36,14720,40662,1,2010,53043,1,6432,50631,3,10976,26246,-1,1093,46964,0,1123,51267,2,0
7191,1,2,1,35,1927,39985,2,2387,17996,1,10893,26751,2,6399,38338,0,3217,39798,0,1021,3468,1,0
9417,2,6,1,43,1012,53411,0,3392,23670,0,4048,50997,1,4435,53209,0,2187,38668,-1,4307,41034,3,0
91857,2,1,2,21,2275,64384,5,153,7861,-1,1638,68635,1,14999,46097,1,4809,35556,2,417,32926,0,0
41696,2,4,1,35,5535,13014,4,4494,40679,3,9964,42252,2,5433,19842,7,4170,32397,0,3277,35027,0,1
249214,1,2,1,44,5976,17639,0,2214,57237,1,1644,33713,-1,2543,43517,0,2818,54531,1,2056,55534,6,0
52187,2,1,1,28,12888,33734,-1,4123,66629,8,5329,38493,3,243,26487,2,7292,45806,1,9506,78006,5,1
15464,2,5,1,22,10674,103178,8,45,70973,0,1056,64013,0,2477,41269,2,74,58624,-1,4541,54705,0,0
125428,1,2,3,33,1700,34770,7,1938,26190,2,4960,42784,1,12938,14006,1,10040,29570,1,5110,40504,0,0
34722,2,3,2,34,3036,37564,1,7319,45000,3,9189,27813,1,228,22181,0,14,62555,0,1978,13071,1,0
74543,1,2,2,25,6877,52367,-1,3476,31953,4,3882,56173,3,1020,81972,0,3007,57828,4,1220,67353,1,0
119677,2,1,1,55,12416,59538,2,7776,72952,0,3182,25786,0,8270,31475,0,10657,35141,0,3848,36734,-1,0
230522,1,1,3,30,2056,43395,0,6002,66068,0,25158,35331,0,2270,62269,0,2706,26674,2,14480,6274,5,0
157113,2,2,1,23,2938,63286,6,9652,43361,0,113,44583,2,1028,37482,0,7046,51894,2,4520,16880,3,0
112812,2,1,2,34,11486,16120,3,37,27612,2,2015,23859,1,8455,15941,8,2578,8279,0,97,14615,3,1
113828,2,4,1,44,2219,24678,2,1514,-28960,1,12541,4271,0,4087,18400,1,9516,31699,1,16584,17717,2,0
291737,1,3,2,35,3274,63249,0,3979,11328,1,5145,48988,2,3975,24140,1,35846,45509,3,8971,60279,0,0
35072,2,2,2,39,11743,40218,2,14152,2954,-1,3905,-3836,-1,1739,82914,2,11428,37003,0,10750,43965,0,0
111,1,3,1,26,8103,14750,0,5693,11075,0,5076,21468,3,5621,35377,0,286,18575,2,3012,50818,0,1
31739,1,5,1,49,1394,13549,-1,3049,77576,0,1942,55563,1,9896,43621,1,802,41807,0,11330,-16022,8,0
24576,1,5,2,40,1963,23781,1,697,14099,4,369,48383,0,6935,53635,-1,3902,20023,0,1499,55352,0,0
108422,1,4,1,45,2176,40042,1,3398,18781,3,1608,36841,1,4739,50091,7,16298,45215,2,8087,52594,1,1
100433,2,4,1,38,12194,49347,3,2908,21589,1,2051,22090,0,2157,57299,1,2607,32171,2,4740,4173,3,0
90007,2,2,1,43,34217,33418,4,7535,91970,2,3268,31379,2,9648,29491,-1,1622,37230,2,15245,15101,1,0
1637,2,2,2,26,7436,47699,0,2666,38750,-1,2503,51529,2,4174,16323,1,16759,23558,1,1757,62760,1,1
130481,1,3,2,30,3311,31258,1,1919,59884,2,3680,37352,1,11017,21108,0,6168,55475,3,659,28075,0,0
39086,2,3,1,48,51,64478,1,470,43507,-1,1091,15296,0,1466,9362,3,7357,37078,2,6311,60188,0,0
109379,1,3,1,50,5978,91036,0,238,311,2,1017,22401,3,5310,29596,7,586,25239,0,21371,40202,2,0
81323,1,3,2,23,2466,32147,2,2891,70652,1,2167,31307,1,13681,-34522,5,1522,37585,0,788,29742,2,0
41966,1,6,2,37,5011,49598,1,2129,48021,0,3209,47339,2,2342,54491,1,3502,74696,-1,536,37201,1,0
14453,2,4,1,30,4665,47968,5,4052,37565,0,2090,42091,0,15106,51441,2,6667,46696,-1,2816,175,5,0
9917,2,3,2,28,3277,42773,2,6222,75202,-1,4296,15070,2,2491,20490,0,2133,61517,0,6369,47615,0,0
178092,1,4,1,37,14446,53065,0,204,33069,0,1855,66941,1,2878,12462,-1,1142,7766,1,4539,16014,2,0
250589,2,2,1,46,117,49576,0,3428,37111,7,975,25141,0,8211,70558,3,2873,36052,-1,14075,3406,2,0
104921,2,2,3,39,6226,30578,0,9901,33097,1,9932,48820,5,1510,59329,2,2760,20001,0,8283,10368,1,0
10918,1,2,3,31,2636,66330,0,3036,61525,1,1119,21052,-1,6118,34852,5,10316,29612,3,4250,21822,3,1
51421,1,3,1,40,6255,44033,1,3682,56276,2,17002,89638,0,1771,26497,5,13572,24668,0,2240,51702,1,0
130541,2,1,1,31,5623,32303,0,3335,45572,1,21871,66500,0,4504,40760,0,924,65787,3,9018,24019,2,0
151331,1,4,1,39,51,88864,8,2469,18964,0,5966,24511,0,7479,11182,0,1639,54338,0,3349,55048,-1,0
12581,1,2,1,48,1679,37675,0,583,32595,0,3485,41769,1,132,45859,1,7709,24892,0,10401,57705,2,0
3,2,3,1,21,1048,45098,2,675,18958,2,7933,19415,1,463,15957,2,1405,30706,0,4588,59294,2,1
124527,2,1,1,42,913,43508,-1,986,63207,2,10325,32880,3,13618,-7817,-1,1537,47257,0,6140,76751,5,0
44098,1,2,3,21,6518,37402,1,7864,8505,5,6182,48458,3,8459,23723,1,5644,57812,1,239,49421,0,0
29367,2,4,2,47,1369,48973,0,1610,71887,-1,538,56900,3,10478,19698,-1,3575,60819,2,23213,51628,0,0
1298,1,3,2,28,3219,23100,0,14794,65753,-1,14,15232,0,2889,76138,1,6080,52702,3,7023,27138,1,1
77717,1,6,2,22,1418,51930,1,8308,21629,4,1065,25028,1,6300,73493,-1,376,76282,-1,4361,-6251,0,0
190482,2,6,1,41,4340,4832,2,5768,31670,2,1044,58835,2,31813,17673,1,3507,48535,0,3798,46461,0,0
316135,1,2,1,38,6375,14038,1,6371,25751,7,1007,66478,0,2832,37998,0,5586,31102,2,4574,12636,0,0
83412,1,2,1,25,2010,76514,2,244,48604,1,3564,24537,4,9379,26873,1,3216,23704,3,235,12036,2,0
72249,1,4,2,22,4619,14876,3,4201,68248,1,3670,59137,1,413,76756,7,683,18409,6,2267,16707,2,1
8889,2,6,1,33,8710,800,4,14155,63712,0,6419,15288,3,3924,3596,0,718,15804,0,468,52968,4,0
79600,2,3,2,22,494,15371,2,199,31341,0,1124,34049,3,2026,49302,2,4433,53492,0,964,59325,0,0
47800,2,4,2,24,6200,74801,-1,1719,65096,0,486,17111,0,3702,65559,2,777,71816,1,2024,43218,1,0
93428,1,4,1,36,1951,4162,7,264,63436,-1,5484,31885,0,605,29086,4,1810,42094,-1,5583,17835,0,0
49221,1,2,1,25,654,20883,6,4216,36223,1,3308,78185,5,2291,40472,0,2909,76561,2,13341,34337,0,0
27483,2,3,2,39,3944,10836,2,617,39810,3,5487,38901,0,398,61061,-1,4498,40550,1,21748,68213,-1,0
9978,2,4,3,49,1282,34517,1,3262,70834,0,2396,34361,0,3017,17861,8,1541,52137,2,6953,34694,0,0
37821,2,3,2,33,8611,31279,0,6363,61167,-1,6947,28704,5,2915,52730,0,2598,8353,0,1565,29962,0,0
10163,1,1,1,36,219,30384,3,898,64495,8,5737,34003,5,2000,9031,0,2292,56244,1,1945,67047,1,1
19467,2,2,2,55,519,77122,4,7039,91707,0,5253,23829,0,14812,8092,5,510,27257,0,1834,85615,2,0
436900,1,2,1,23,3680,16018,2,310,50945,1,139,42736,-1,432,57012,0,8142,56612,1,9117,33433,1,0
58717,2,2,3,46,4445,37956,2,810,46513,3,9764,39348,-1,8711,20660,1,6781,65662,1,7447,7415,-1,0
75901,1,5,2,45,6544,46772,0,1643,67158,0,2362,30851,1,2191,43586,3,7665,46096,2,325,41548,1,0
206845,1,1,2,43,1500,20395,0,7950,79756,3,728,29094,1,1111,16437,2,796,48664,4,3412,33253,1,0
541910,2,2,1,47,9218,49731,2,9490,27772,1,7044,43656,0,1591,45612,-1,3644,42370,0,5132,69601,3,0
87398,1,2,2,37,15303,32003,-1,1244,35962,0,3332,25413,0,11608,6817,0,2004,52792,1,78,14371,5,0
167383,2,3,1,29,3456,47486,2,503,19628,4,162,35197,0,8711,65912,4,2142,77462,0,4502,21641,2,0
39592,1,3,1,45,7146,37840,3,9417,46854,2,7613,30975,0,79,56268,1,340,40229,0,14184,32597,2,0
36491,1,2,1,46,3720,-1010,0,5240,57785,2,2854,-4121,4,796,27974,2,14578,43296,0,242,53869,0,0
51534,2,2,3,46,359,66121,-1,859,21022,1,7030,57201,2,5620,2739,1,14042,4430,1,938,18835,1,0
111628,1,2,2,35,1973,81409,3,4079,62675,0,7044,3346,3,1909,35906,2,2623,48441,5,545,61455,1,0
114630,2,3,1,27,457,36464,0,10293,30933,0,526,4634,4,12575,32833,0,9635,24377,5,2304,30174,8,1
37868,2,2,2,36,22494,22040,0,360,29304,-1,4749,57906,1,7720,29112,0,2003,36043,-1,2306,9721,2,0
14295,2,5,1,44,1300,70120,2,437,62598,0,2232,17830,1,10398,61012,8,4098,49547,1,15583,23068,0,1
100074,1,3,1,45,5051,77807,3,1598,27497,0,3952,-1529,8,1071,64270,0,6824,7679,0,8058,12661,4,1
13733,1,1,1,30,1672,36624,4,5281,11930,-1,463,66747,3,816,48551,8,3701,49312,0,5068,14165,1,1
86391,1,4,2,38,5295,35626,1,980,54873,0,4435,27239,3,13436,69811,5,894,45022,3,5139,78536,0,0
118228,2,2,2,21,1181,38401,1,8474,37365,0,7515,64294,1,2589,-16063,2,2382,54064,0,5491,42763,3,0
120601,2,3,1,44,7691,6509,3,6940,63961,2,21642,21694,1,2686,33918,1,7125,27230,3,936,61241,1,0
140028,1,2,2,27,587,34177,1,4116,56659,0,1930,7130,4,5769,32964,-1,7590,62251,5,2186,31774,-1,0
206246,1,3,1,42,11276,74298,1,616,5034,1,842,33567,3,2532,56842,2,2061,46097,2,5200,52184,0,0
69306,2,4,2,23,9176,36626,1,22206,66310,1,2277,15839,1,10404,33631,3,3887,25792,1,170,23884,1,0
131025,1,5,1,45,5678,19199,0,3367,77994,3,97,48085,0,15980,51108,2,1160,12611,-1,3365,74240,0,0
96540,2,2,2,38,348,49933,1,3008,60672,2,2627,53523,0,2021,30367,0,1445,29170,0,9059,34938,0,0
20658,1,2,2,27,1169,26656,0,27095,61477,5,12301,58594,1,1166,26519,1,782,57414,2,3938,23095,0,0
2602,2,3,2,41,9807,38670,0,9970,35046,2,1080,33767,0,391,56021,1,2880,48910,0,10018,14476,2,1
33483,1,5,1,29,650,14623,8,3047,30466,-1,3247,67606,0,1206,39963,2,6362,-2913,1,6861,17081,-1,0
58525,1,5,2,42,847,19267,0,2713,44248,0,4250,21446,0,750,46142,3,10567,33339,4,3870,14525,0,0
95999,2,1,1,32,3926,54753,0,504,58398,2,991,42682,-1,147,15194,2,3933,42507,1,2364,74527,0,0
189684,2,2,2,21,1602,42317,0,13053,57894,1,2003,37232,3,238,53556,0,5278,78189,0,5332,35654,1,0
21846,2,3,1,25,1255,24478,1,9282,31244,1,12115,79452,0,3560,18458,-1,1551,65756,0,3439,34176,3,0
13415,1,2,1,30,4287,42390,5,1855,29216,2,1752,64155,4,6151,74263,0,1128,36428,1,25777,105845,0,0
330989,2,2,2,48,2330,27857,3,6998,10196,0,5044,40643,0,20449,34870,-1,2518,43623,0,4713,70511,4,0
11433,2,2,2,44,757,24324,3,7192,52938,5,736,43968,3,846,31719,1,4092,12746,7,1450,14940,4,1
65102,1,3,1,51,3827,63280,4,1293,32204,1,5541,70711,3,5990,57843,0,170,-12534,-1,16483,66925,1,0
88083,2,5,3,51,2447,55657,5,4755,33979,2,1636,24968,3,4037,38965,-1,483,32061,6,1691,32865,3,1
77952,2,6,3,29,6631,39574,0,1472,74557,8,1315,-661,4,3251,54349,-1,4981,60062,0,11071,37401,0,0
8995,2,2,2,33,542,42886,1,7800,51967,3,662,20646,0,6397,34021,0,1111,43620,1,3388,28148,0,0
5871,1,3,1,30,4845,39832,0,835,46457,1,239,31710,8,1363,54270,6,3019,25019,0,6102,36983,4,1
11147,1,4,2,28,2867,49740,0,5526,56603,4,17188,67215,0,1864,38471,8,13784,58248,3,1126,27934,2,1
88089,1,2,1,21,2604,24009,2,1972,68412,1,2671,60715,6,2427,57337,-1,9924,75867,2,4098,33213,0,0
78601,2,3,1,34,1321,57250,1,184,7650,1,7516,39122,1,1006,63014,3,329,10219,0,1122,31620,-1,0
26623,1,3,3,22,154,47071,2,660,28687,4,12634,49331,-1,3256,8308,1,302,38948,1,1356,49385,2,0
101548,2,2,3,34,9409,34738,0,5319,35357,-1,1140,25821,3,707,47155,2,784,29344,5,882,50054,0,0
171517,2,3,3,56,1975,30244,0,1371,20433,1,10195,81770,3,1914,76592,1,618,40887,0,2983,42716,-1,0
4246,2,1,1,29,5714,56822,0,4985,34695,0,6155,64261,0,600,52355,5,1463,30877,3,3614,69632,0,1
68941,1,3,1,36,14743,36990,3,2679,8977,2,4313,41071,3,182,88769,1,2326,95836,3,1523,61349,1,0
116896,1,2,1,44,4161,26022,2,5899,58443,-1,8279,38527,0,2194,21436,0,432,37611,0,4753,66356,0,0
29076,2,2,1,37,2530,32308,8,3395,29649,2,586,54030,0,4805,45157,3,3085,46004,-1,1580,25125,-1,0
36783,2,2,1,37,1561,55384,3,1844,44019,0,1529,38856,3,823,49753,1,3773,43353,0,3684,16857,0,0
95098,1,4,1,31,13593,7788,1,788,41026,-1,702,3572,0,25146,29462,0,5417,14937,1,5787,45583,1,0
228214,1,3,2,32,5729,32891,0,2085,51148,8,11315,70665,-1,1603,15287,1,2607,44070,1,309,48310,3,0
166033,1,3,2,25,5472,61411,2,5037,-9217,0,520,63372,7,114,83396,2,1754,10559,0,9835,20033,3,0
87498,2,3,2,43,2777,36635,2,6744,49005,0,19547,47440,1,142,62444,0,5152,76064,0,2214,46636,0,0
131015,1,3,2,21,9323,45456,1,873,34498,0,582,31607,1,5491,51157,5,12106,58065,0,3637,5590,1,0
45385,1,2,1,44,6253,61735,0,5457,48137,2,5420,40196,1,5541,40957,3,2524,28463,3,2951,33170,4,0
102433,1,4,1,21,1664,57846,1,987,16410,3,5401,-12877,2,11649,42807,1,1736,36661,4,14945,13969,-1,0
62769,2,2,2,44,4576,31198,0,1253,48273,4,13386,17852,4,476,52560,-1,6324,60524,2,1052,48319,1,0
21064,1,2,2,31,2812,37392,6,3789,65970,0,1951,75341,2,2360,68846,1,10489,45456,0,4929,55817,1,0
120978,2,4,2,22,33,58095,2,1706,43795,1,2017,50345,2,11003,25862,1,16069,6969,2,8817,-1688,3,0
81297,2,2,1,40,8241,58789,0,5417,25655,2,9363,1026,0,7989,42112,2,1243,43365,6,2797,-22007,1,0
44413,2,2,1,44,655,38238,0,15592,26529,2,19216,23445,0,1329,32600,0,1803,61708,0,2041,71682,0,0
242293,1,3,2,30,3566,38929,2,806,51524,2,153,1494,1,11034,18862,2,11814,-6675,0,595,16556,2,0
2115,1,3,2,42,2049,45353,2,4225,51392,3,5043,24390,2,5709,27726,1,1573,42759,1,6378,29009,1,1
37946,1,4,3,21,2093,67338,1,12839,47130,-1,1396,36696,0,1534,44325,1,2120,23287,0,7710,18965,1,0
5856,2,3,2,21,3244,61351,2,971,39249,0,6509,72032,8,229,34014,0,5100,65349,4,1881,63268,0,1
145469,1,3,2,47,29084,53867,2,2285,44059,2,7407,55702,0,3440,40545,1,4198,30941,0,7477,58834,-1,0
121102,2,4,2,32,2624,18426,0,659,38701,1,7188,33957,0,6242,54492,1,10512,28886,4,525,33127,5,0
40249,1,2,2,21,1006,34503,6,5136,32382,1,2859,34939,0,1564,63101,5,4731,56554,3,2814,53599,3,1
112597,1,2,2,28,4754,35554,1,5530,55149,1,858,23989,3,924,93076,1,3355,22049,0,1620,45606,6,0
50407,1,3,3,25,1347,68369,-1,5455,46202,0,4394,61806,-1,391,55424,2,384,41677,-1,1611,46102,6,0
141162,1,2,2,33,557,35222,0,3905,65810,1,7780,64190,8,9226,27662,1,18449,45622,2,13325,52579,0,0
60547,2,6,3,31,257,65068,0,6857,62337,0,12163,13234,8,281,62054,0,2743,36120,0,7488,39828,0,0
53150,2,4,1,36,115,28586,0,182,45549,2,3013,5586,0,4700,33642,0,4249,13923,0,7266,29658,1,0
272922,2,2,2,34,2820,30182,2,15792,51907,0,1409,33629,1,7203,26016,2,3486,22567,5,3398,57822,1,0
28885,2,1,2,48,2781,49629,-1,1255,20856,3,632,36081,0,7581,52456,1,6696,37387,-1,4859,43204,7,0
12834,1,1,1,39,1026,71362,4,648,38448,3,7987,45173,1,5302,68274,4,5198,2118,3,7708,39748,0,1
87837,2,2,2,39,7662,35764,2,14162,46853,1,3831,6506,1,5289,27889,5,2097,41709,1,1550,42222,0,0
348420,2,2,1,46,692,-11255,0,8872,8345,0,5607,25687,3,3213,46308,0,3670,34734,0,1721,27563,1,0
47455,2,3,2,31,12344,8716,0,7238,48588,-1,867,38351,-1,2695,49127,0,8744,51445,0,10750,13618,1,0
6404,1,4,2,22,4428,45959,1,553,20815,0,33,24423,8,738,21028,0,5018,52990,1,1300,27336,1,1
41446,2,4,1,47,140,10504,0,8239,23008,-1,17145,57157,6,3832,11371,-1,15459,17550,0,5696,44439,3,0
70508,2,2,1,36,16480,22688,-1,4695,29410,-1,8327,77370,1,368,11942,3,7010,29612,0,12562,38259,1,0
17664,1,2,2,36,1840,40246,-1,6582,39389,2,2554,29227,1,3157,65576,0,3319,21444,0,15211,18157,0,0
107324,1,3,2,28,2988,-8987,0,19099,13439,7,3054,57783,1,6563,30722,4,8225,29471,1,1806,11791,1,0
609655,2,4,1,28,1672,32405,0,1081,57132,-1,13229,32856,-1,2924,27394,1,2918,34960,3,14995,15656,4,0
60100,2,4,2,43,6517,16703,-1,3509,43548,0,1163,21396,2,3549,46369,0,1198,62394,7,742,36505,4,0
43808,1,5,2,44,3324,10016,4,6998,78499,4,8118,25755,1,9232,66016,1,4967,28081,0,1389,71947,2,0
51199,2,3,2,42,709,23956,0,2842,46001,2,90,55372,0,5200,16706,2,2183,57732,-1,2568,15876,2,0
12233,1,3,1,42,550,18615,1,281,51416,1,10425,27167,1,682,2236,2,125,45205,8,7127,54262,2,1
214792,2,2,3,40,6461,49389,0,590,22922,8,4449,31078,0,3914,69511,0,1204,67717,0,469,12062,0,0
53584,2,3,1,36,1353,63930,-1,4607,16363,1,3246,17123,2,2267,50275,8,914,32932,3,1258,55358,2,1
48983,2,2,2,33,741,32711,2,1677,52383,2,6128,52678,2,1158,18545,1,7920,23730,3,3238,26324,2,0
107789,2,3,2,47,3460,28077,0,741,18134,2,350,49163,0,5220,31233,3,6486,42880,-1,388,38213,1,0
58345,2,3,1,31,8116,31715,-1,2076,52836,0,1087,69100,0,2442,19952,-1,4766,7856,3,2174,54064,3,0
104478,1,2,2,38,1634,17836,1,1121,74130,1,2612,51926,4,7290,52798,3,13615,43152,0,4767,41717,-1,0
6341,1,1,1,26,1617,14225,-1,121,58915,0,4809,48258,2,4415,60456,1,980,51315,3,7405,44844,1,0
168052,2,1,2,28,8975,7088,1,823,51408,1,780,51665,2,550,53385,2,890,61968,0,3474,41983,-1,0
282184,2,1,2,32,799,13409,0,10731,45389,-1,2386,34881,2,2156,43328,0,11989,48121,3,2973,77004,3,0
104630,2,1,2,26,4795,72639,0,60,32320,0,1511,42202,-1,1572,47561,1,5204,37142,3,2015,14448,0,0
309149,1,2,2,42,15506,26191,-1,7432,37708,0,5186,58623,-1,812,25166,6,4077,78821,-1,2297,37164,0,0
16420,1,2,2,21,9203,-18832,7,7001,28691,0,12583,23595,1,8052,31116,0,6733,39813,1,3880,40197,0,0
64896,1,2,2,35,319,28258,1,4153,13691,-1,907,74033,6,2378,40119,0,1654,18828,0,2521,22218,6,0
92081,1,6,2,36,1927,8191,1,1168,40708,3,1049,52759,1,4749,34466,2,4517,39311,3,1908,55973,0,0
87164,1,2,1,21,767,41189,2,10521,62157,1,4588,80423,4,10685,40011,1,2783,13114,1,4882,31280,-1,0
51326,1,2,2,30,14903,39032,3,3222,14224,3,3021,16490,-1,3915,7648,1,1833,15323,0,28482,56272,-1,0
41261,1,3,3,37,21322,41117,2,950,67969,3,6331,16488,2,1492,57624,3,10449,44832,0,1736,41693,0,0
13561,1,4,1,39,1339,39185,3,2802,64343,0,1697,47440,0,7819,18557,1,875,13482,0,639,32693,-1,0
49715,2,3,1,32,5538,32545,1,1084,47939,1,3935,42471,1,2861,-2162,2,90,27667,8,797,74450,3,1
17752,1,2,1,41,9214,10882,0,2358,48100,2,2445,30858,0,4148,25693,5,2224,16628,4,4667,3356,2,0
132563,1,3,1,33,1330,38506,3,3432,36275,1,1651,14612,2,11618,35687,-1,1105,42805,0,4069,52394,3,0
23424,1,4,1,35,1039,60378,4,2230,40840,4,6533,34644,1,3359,80353,0,8330,25763,2,564,67988,1,0
6035,1,4,1,37,56,76273,0,5350,30728,1,7945,44342,1,2037,30223,4,677,50642,8,2638,10187,1,1
80377,2,3,1,44,2654,35240,1,13737,40632,2,1994,13830,0,6498,44194,3,13862,49026,2,9627,39438,0,0
90443,1,4,2,28,11484,37407,2,2139,42796,3,4877,31792,0,716,46413,0,916,13912,0,3249,49477,3,0
205504,2,4,1,30,11664,50008,-1,2198,77624,0,983,47648,0,12251,9702,0,11002,58417,-1,7612,22683,-1,0
86033,2,3,2,28,683,69864,5,6702,51312,1,7826,55753,1,12357,37894,3,921,36568,3,237,51278,1,0
42385,2,3,2,31,1142,30274,1,3781,35811,-1,1651,34275,0,4330,34711,1,245,15510,0,3379,68497,0,0
162461,1,3,3,49,2621,53853,2,2800,38021,0,937,23978,0,837,41673,4,3345,47458,0,8688,54674,0,0
77713,1,4,2,40,7584,23543,0,8404,25734,0,14063,42304,1,3008,48461,5,2203,75213,0,4606,77586,2,0
8259,1,1,1,23,4731,46596,0,11083,29031,1,2745,35864,0,2752,57015,-1,4554,36071,0,607,18866,0,0
83436,2,6,3,28,3606,59412,0,4465,58213,3,5157,10698,1,1771,22870,7,5118,7036,0,10798,35464,1,0
238616,2,2,2,38,4481,14182,0,1023,30120,0,8282,30989,-1,962,49664,2,13619,58456,1,1024,9496,0,0
50469,2,3,1,25,505,29497,1,3139,27649,3,5794,28204,8,1530,25430,3,15258,71508,3,6223,30560,2,1
35143,2,4,1,27,3247,59095,3,3509,28149,0,4158,40455,2,4054,21795,2,3415,18395,4,375,50232,-1,0
15486,1,2,1,48,24181,52323,1,2829,25416,0,2322,25325,1,5787,75051,0,1170,24085,2,3865,45269,2,0
16422,1,3,1,28,463,60718,0,1521,62543,5,12537,29031,5,19460,3735,1,1420,40709,-1,1787,28976,1,0
56699,1,2,1,44,3662,56968,-1,3196,42854,-1,716,36356,4,1215,29667,1,525,1320,6,18742,37472,2,0
90554,2,2,3,47,1752,33177,2,2957,34353,0,10767,52767,0,1140,44446,6,1641,81633,-1,11495,395,3,0
8405,2,2,2,27,3881,83983,1,1175,40585,0,6186,41856,0,622,28010,1,12117,38984,3,2906,40762,1,0
280624,1,2,2,26,4264,42738,8,11687,44345,0,4236,93297,0,13983,43006,-1,2267,40825,8,9615,71097,4,1
140704,1,2,2,32,4307,-21114,3,10828,25054,0,1963,14702,0,2405,13142,2,4964,47147,4,1368,9116,0,0
88339,2,6,2,24,9559,34353,3,7127,12208,0,789,58233,3,12883,3095,-1,19881,34834,2,3674,39498,-1,0
176281,1,6,2,36,2469,30616,-1,2562,66770,1,2927,38438,1,11010,22512,6,564,29692,1,8821,67335,4,0
8358,1,2,3,32,3632,55904,3,2312,59760,0,7656,12115,4,224,43042,1,7466,21171,8,5767,19550,0,1
64786,2,4,1,38,54,30976,0,6302,47556,2,6838,32432,1,1640,36568,7,6014,16435,2,2977,36028,0,0
99450,2,1,3,48,7792,61979,1,4683,58383,4,5184,9730,3,1801,52723,-1,8547,48129,3,3832,63307,0,0
176406,2,1,2,43,1502,51161,1,4588,78287,0,24464,41652,0,1624,11506,1,737,67052,0,1717,91960,0,0
153002,1,2,1,39,8479,19998,1,662,29291,1,17992,33900,2,2769,28487,0,3483,58999,2,4145,45247,4,0
32444,2,6,2,21,1543,37192,0,4815,17599,0,2554,26296,2,3458,38561,2,4998,34217,-1,730,46917,3,0
282818,1,5,2,39,54,24489,1,11606,53230,-1,1069,18797,3,7098,20620,1,7137,36148,3,7072,16567,0,0
13278,1,2,3,52,841,43695,-1,448,10663,3,3116,60334,3,1557,42759,1,6234,72365,1,26434,47285,2,0
208051,2,2,1,21,21231,24370,-1,2071,40759,2,9308,36805,0,1774,34375,0,4231,24025,0,266,33688,3,0
353840,1,2,2,41,1926,41488,2,3556,34031,-1,3067,44189,0,4564,49736,-1,3166,6630,0,7863,46757,0,0
19498,2,3,1,33,576,34553,7,5791,53477,0,2047,43537,0,987,45775,0,14212,45029,8,9155,49653,0,1
128037,2,3,1,26,632,36955,3,469,30354,0,6759,42161,2,3204,2931,4,1003,57050,4,172,35413,1,0
4111,1,2,1,43,1857,81018,1,10310,63995,3,5251,33469,0,1444,69451,2,1142,-9760,3,4394,65937,2,1
51990,1,4,2,52,191,32790,-1,206,25062,3,17320,70352,0,1103,-3446,3,588,47965,1,11162,50947,1,0
72625,2,2,2,42,3581,1311,-1,9748,54116,0,3984,84726,3,7939,8962,0,597,17433,0,4193,25544,3,0
86903,2,5,1,31,1202,60316,0,140,26671,0,17128,68957,0,6140,38501,-1,10337,11629,1,4435,15370,8,0
274789,2,3,2,25,3662,60159,8,833,50969,0,1719,40428,0,1437,45919,-1,4663,34216,1,27038,68997,4,0
111550,2,3,1,36,758,421,0,8055,19707,3,10005,39050,2,2682,34354,1,13673,16903,4,11410,62268,4,0
65638,2,4,1,43,2809,25982,3,9836,39517,1,2161,61855,8,837,29160,1,10895,4599,8,5034,45596,0,1
165902,2,4,2,31,4555,48716,2,20161,66441,0,8295,24847,-1,273,38355,0,1787,42164,6,3610,14030,5,0
300644,1,2,1,32,320,50484,2,614,42300,-1,13017,74206,3,4400,50543,0,5126,39113,3,1065,34013,8,1
2231,1,2,2,63,2543,39905,6,3737,63661,0,4880,55828,0,2259,17069,1,2385,5640,1,9293,50437,1,1
404677,1,5,1,45,1801,40356,0,401,39474,0,6519,34405,0,1161,17714,2,10444,11860,3,1682,21475,3,0
9006,1,2,1,46,1374,21228,1,850,29899,2,15927,45638,1,608,22689,3,6626,49299,3,32,77675,1,0
168409,2,1,2,21,4638,-7996,4,958,43439,0,2351,52537,2,5697,66401,2,658,50569,0,288,15898,8,1
32896,1,3,2,27,4440,80990,1,327,52367,4,3582,31449,5,1583,47458,-1,1460,-12922,3,1095,16441,2,1
14177,1,4,1,35,4980,20626,0,11173,1889,2,11428,60687,0,11896,51447,1,5358,14729,5,8397,44467,1,0
57956,2,4,2,24,865,43530,0,675,50445,0,5586,65456,2,1070,71820,-1,1412,38347,3,18352,65211,0,0
103270,1,5,2,51,1682,36823,3,4962,21203,2,10341,34747,0,1397,55748,1,3818,48462,2,6305,-10637,3,0
47957,2,3,2,49,1176,57943,-1,4914,16231,0,4815,30486,5,9543,43128,0,1400,48216,0,909,23094,0,0
5611,2,2,1,29,3888,42297,5,1107,50771,0,6730,37891,0,4248,71166,0,5736,52059,2,10013,-14694,2,0
91494,2,3,2,52,3090,43068,-1,32224,66770,7,65,16863,2,573,20566,1,389,25592,2,8304,66194,0,0
232691,2,4,2,34,2004,-12686,2,2133,44328,1,2075,6648,0,3986,34693,0,6386,43557,0,9448,23166,2,0
48323,2,1,1,60,7709,23333,2,11774,12891,-1,7357,31334,7,1841,63125,3,2054,32122,0,999,73282,-1,0
24377,1,2,2,36,493,54892,1,14810,26588,0,2587,20800,-1,6676,-3879,0,3021,28790,1,3631,5768,0,0
58443,1,1,3,40,18423,53093,1,14878,31634,0,2253,75414,0,404,24064,0,3304,9768,5,4922,18641,2,0
4957,1,3,2,48,619,20966,4,6988,43921,0,15136,30875,2,12498,55791,3,1080,45947,3,5662,32612,1,1
171751,2,4,2,47,7415,8439,2,1463,38562,-1,4020,49114,4,3252,42131,0,14250,7015,0,5775,49093,1,0
175066,1,3,2,40,2296,42531,3,642,49904,0,1069,27435,8,6626,50276,-1,0,16589,0,67,41013,-1,0
88673,1,6,2,33,10022,-18135,0,4218,59999,2,3195,75644,0,6098,1671,0,2332,53729,1,16063,26943,4,0
43556,1,1,2,40,385,17026,-1,2231,46894,3,3656,36121,0,981,23180,3,687,36681,3,4328,-8949,2,0
160835,1,5,2,26,2347,75203,-1,8890,57961,0,22428,15126,4,10605,52983,1,2230,61030,2,1079,34385,1,0
80897,2,4,2,36,2043,68901,0,6832,34605,1,6333,53405,-1,1324,21960,1,548,33270,4,7266,35997,7,0
174831,1,2,1,23,24922,49744,2,1618,105918,-1,3663,45188,2,1057,56496,-1,2379,28890,0,277,30176,1,0
99820,2,6,1,21,21184,46146,1,85,51063,-1,2828,64061,1,3676,45749,2,1077,62939,1,903,66713,3,0
153435,2,2,2,35,1052,996,3,1354,53680,1,12354,36917,2,20849,16559,0,4034,31995,0,2526,34717,0,0
91270,1,4,1,47,4970,25186,0,4186,75153,3,5191,42157,1,1879,46910,2,60,45624,3,4141,68918,0,0
53467,2,4,2,44,3834,34096,0,411,41763,-1,2200,9852,2,16684,54979,1,3527,36753,1,2703,50071,2,0
316879,2,4,3,34,838,25611,4,5368,27089,1,3123,56709,2,2855,47229,1,1661,42404,1,1809,51031,2,0
77895,2,3,2,52,918,32995,6,5569,66128,8,1629,41254,2,8999,50740,1,1939,35571,3,6677,57085,-1,1
92909,2,2,3,29,22665,65984,5,927,67302,2,16148,37516,2,3774,5425,0,2190,57558,2,33,47276,-1,0
24908,2,3,2,21,3014,29163,3,4535,43070,0,6052,35414,1,1148,85100,0,5288,41361,1,5672,32125,0,0
98256,2,2,1,21,672,33181,2,4669,75192,0,2490,34354,2,10601,96416,1,7089,33356,0,14964,49640,1,0
84771,2,4,2,23,1209,54790,5,3250,38334,6,1011,56980,3,373,68574,3,2000,45080,2,815,57350,3,1
20436,1,4,1,43,1562,11610,2,15314,58645,0,974,21488,3,5740,42311,7,12950,9040,6,9680,50214,0,1
6143,1,5,1,28,3576,23195,7,572,70310,1,3247,54869,4,8882,31901,1,6856,60253,1,1024,10359,0,1
92724,2,1,1,39,2043,25245,-1,2609,41966,0,3151,7893,0,8919,32323,-1,2586,9869,-1,2731,56194,1,0
144262,2,4,1,51,3034,41111,5,10724,49135,1,2704,1668,2,5325,55678,7,514,26725,4,18452,54845,-1,1
74108,1,5,1,23,910,33100,1,2441,60520,0,9546,68214,6,1445,61380,1,4108,30949,0,7725,56900,0,0
25718,1,4,1,39,1978,33733,0,2763,32676,2,19359,19542,0,3792,27007,0,4756,44986,5,2226,33697,1,0
109817,1,2,2,40,364,26702,0,5517,23716,0,2191,42115,3,4964,39569,8,732,72405,3,2148,25161,7,1
8349,1,1,2,26,11023,18583,4,5476,66659,2,1745,34639,0,11022,65138,0,9553,60625,2,1943,39213,0,0
58309,2,1,1,48,1107,52182,1,115,46135,0,7350,46883,0,869,37949,2,2401,10554,3,2251,58782,4,0
17836,2,3,1,32,7071,33243,8,3041,29888,0,2987,41027,1,3126,42238,0,826,22282,0,18623,11066,8,1
20390,1,3,2,31,2150,52380,0,2028,41882,2,1226,60860,3,2025,67531,2,3679,12010,4,2083,40670,3,1
22601,1,6,2,56,3216,17767,1,4940,50170,7,997,11416,0,2790,64310,8,2741,14001,1,2944,171,1,1
48891,1,2,3,40,1721,26695,0,4056,8614,4,1646,53418,0,1010,56097,8,5138,28197,0,1192,11714,3,1
5250,1,2,1,44,5960,35576,1,5261,54319,-1,6,38973,0,1225,18618,0,947,66194,0,5090,61738,-1,0
50715,2,3,2,48,9307,37442,2,5303,48168,1,14187,9354,0,7345,18864,3,104,35086,3,8940,45301,4,0
71684,1,4,2,28,1686,55087,2,1470,73101,2,2812,29401,2,3254,25285,2,3235,37683,3,1684,17561,1,0
66028,1,5,2,47,1386,31389,-1,1414,35620,1,432,7922,0,3609,29561,3,855,44577,4,1196,52810,1,0
48253,1,4,1,29,5719,54934,-1,2312,67542,2,901,6535,6,11388,44319,0,850,21209,0,3001,27705,2,0
182726,2,3,1,29,1085,47498,-1,1385,39107,8,1952,31267,0,1372,38137,1,5664,38584,5,5772,48366,6,1
15703,2,3,1,32,5106,37862,4,5741,42783,0,4011,63726,1,1996,36768,0,1497,44935,1,2609,48766,0,0
70460,2,4,1,28,495,20974,0,4617,45619,3,6082,46252,1,1845,34841,3,9162,89182,8,799,53414,1,0
6404,1,3,2,43,4839,55137,0,1219,81865,-1,1839,65987,7,5382,22452,3,3615,58478,1,994,58063,2,1
7381,1,2,2,37,3601,21473,1,10775,15210,4,15804,41519,1,4132,30775,0,4683,72919,0,1694,36010,2,0
85300,1,2,2,30,604,39574,3,3087,49901,3,7142,70995,1,3188,88671,1,1934,40579,-1,8995,35425,0,0
83475,2,1,2,41,5236,38921,-1,679,40844,1,8737,68931,3,5512,53984,0,1266,50569,2,3558,66871,-1,0
210400,2,4,2,32,2957,35858,0,1197,39429,3,1955,21000,0,3307,40400,-1,865,45231,-1,4431,22454,0,0
81615,1,2,1,31,1223,32213,2,3881,51660,2,2397,41420,-1,8462,9991,2,6139,4227,3,1123,50256,-1,0
321366,1,2,3,35,2180,23558,7,2065,62120,1,3861,25551,1,2640,20191,3,5841,-9247,0,5313,26743,-1,0
4992,2,2,2,39,3387,7661,2,9526,50632,6,3004,37103,1,11064,39154,5,3393,17503,2,9125,41019,0,1
10314,1,3,1,38,480,68076,0,3413,64704,0,1504,73164,0,637,67191,2,7600,64869,1,1116,75435,2,0
4506,1,2,1,31,15804,30165,1,12342,34980,8,29518,27167,1,493,44581,3,8112,32098,2,301,15354,0,1
20490,1,3,2,43,5476,37437,8,536,39028,0,9431,16276,2,5331,44311,1,2918,55569,-1,5453,11316,0,0
77929,2,1,2,32,540,37315,1,5522,19982,1,1358,17599,8,2469,62200,4,5265,66092,0,8460,68211,2,1
103725,1,2,1,28,8654,61912,0,10848,79658,0,11146,32090,2,3041,20574,3,12158,14335,4,5764,44822,1,0
4665,1,3,2,21,1947,78663,0,1733,36265,0,4420,114907,1,5953,68123,0,424,69517,1,2796,25912,1,1
291823,1,2,2,44,4541,43196,7,729,34055,2,63,69456,-1,1207,32331,1,61,16751,1,5299,37438,2,0
184620,1,2,2,35,1622,36859,2,3049,52133,-1,2124,-17459,0,224,63162,-1,3206,35872,1,28935,35996,0,0
35184,2,1,1,37,6610,17530,2,16264,62141,6,130,39283,0,2889,73402,0,2015,18404,5,4885,34341,-1,0
8032,2,4,1,45,6418,11128,0,5018,26158,0,459,27420,1,11255,21854,6,455,44741,0,3755,67087,1,0
18619,2,3,3,30,4015,4520,1,5163,63733,0,986,59726,3,2995,40000,-1,811,36762,3,3880,21797,0,0
13575,1,2,2,21,1378,24083,0,5566,33933,4,3312,16419,3,4242,55782,0,1488,55940,-1,3165,35576,3,0
13157,2,1,1,35,1463,-1817,0,202,68612,3,2400,19271,3,1168,34266,0,523,59993,4,5821,18476,-1,0
73097,1,6,1,38,2413,61576,4,2949,29181,2,806,28570,0,3118,34823,2,1921,71603,5,9314,35804,3,1
28216,2,3,1,32,783,48461,0,403,54708,0,2508,26165,0,3275,32032,0,712,55035,3,6379,26914,2,0
44338,1,3,1,49,2059,34967,0,1897,40854,3,1814,53030,0,1340,2788,-1,4900,56296,0,1276,46292,0,0
455688,2,4,2,21,5765,62187,6,8618,17472,0,2639,33308,4,894,61149,6,5963,31036,0,2283,37098,2,1
115300,2,4,3,46,8884,18576,0,5339,11680,8,945,60064,2,2155,19806,4,7469,36440,1,4469,51666,1,1
297555,2,4,1,42,2021,23600,2,27099,25140,2,4704,23793,-1,198,-5785,0,10192,46279,2,24921,66852,0,0
15380,1,3,1,39,1330,1324,2,944,59851,3,227,57315,0,910,60937,0,15,15183,3,355,16521,5,0
48149,1,3,2,21,8938,55487,5,2529,1136,2,2454,16859,0,6571,49696,2,970,62465,1,1044,42890,0,0
80907,1,1,1,47,11068,23793,3,8294,46678,1,11263,52295,7,5236,13638,4,8427,37324,1,7451,8311,0,1
7986,2,5,3,24,2638,40313,2,1214,44937,2,2720,30002,0,1875,61724,8,154,43886,6,1067,41076,1,1
419,1,3,2,29,136,60051,0,834,6354,1,2908,57832,1,4005,53309,0,5474,9635,-1,5582,51014,2,1
110997,1,2,3,33,5936,67417,1,2789,24062,-1,352,-8818,0,8841,40006,2,996,32725,0,25874,33437,0,0
102671,1,5,1,39,7663,39417,6,2420,24024,0,4648,24334,1,9136,32992,1,3530,57253,1,5119,47849,4,0
52897,1,5,1,41,90,47684,-1,19611,41053,0,13775,63366,8,5312,37552,0,16391,48389,2,3260,46361,1,0
67264,1,6,1,43,4519,21922,3,3046,69326,2,1723,35963,0,662,44129,3,5230,56591,-1,8938,51651,0,0
53690,1,4,1,43,4438,73667,0,9864,61499,1,2498,5974,0,889,24227,3,2296,33253,4,7387,15952,1,0
2429,2,6,1,37,2379,36676,0,10944,32793,2,4435,25860,0,1724,62360,7,5839,42578,0,6204,61726,0,1
40852,2,2,3,39,6926,41605,0,859,23411,3,489,47671,0,5554,51112,-1,27,37924,0,623,33592,0,0
19489,1,4,2,24,2794,31862,-1,6281,8832,1,15007,23781,2,1492,37299,0,15028,53289,1,4995,6936,0,0
10361,2,4,2,27,5647,63984,8,1625,32427,0,3151,63221,0,3122,74861,3,2111,45216,0,66,21630,1,1
314007,2,2,1,43,3639,43991,4,497,22024,-1,611,61702,1,8729,33968,0,19589,32343,0,290,14827,-1,0
91469,1,1,2,43,1428,55218,1,10385,39277,0,2041,53354,2,11117,70985,1,5641,-11202,4,196,29276,7,1
130436,1,6,2,42,4663,47079,2,1729,40034,-1,2340,60616,-1,9117,45853,2,1693,43410,3,576,22800,-1,0
37886,2,2,1,29,6676,35591,1,2118,30488,0,2118,29696,2,618,55151,1,4776,6439,0,2832,9383,6,0
49946,1,4,3,44,18230,58589,3,1957,30907,2,5908,69742,1,12081,32657,-1,2392,53782,1,14614,6555,0,0
27039,2,1,1,23,2391,46906,3,1117,26124,0,2119,61512,-1,5762,2606,2,5147,56638,1,389,39527,1,0
10199,2,1,1,45,333,20780,0,2850,29750,-1,1956,37422,0,4821,49585,0,7818,-5689,1,6388,68436,1,0
19727,2,3,1,32,22102,20215,1,2795,68718,8,1943,7470,1,1422,16241,7,3181,45990,0,3539,42692,0,1
159708,1,2,2,51,4888,42976,2,2627,50356,8,7521,-7334,0,13171,27746,2,1255,45498,1,1613,28100,0,0
113179,2,3,2,21,14635,58149,8,12402,50627,2,1843,59793,1,87,41516,3,19937,47521,3,1905,18804,0,1
79170,1,3,1,52,548,72788,2,2075,60238,0,70,7778,2,428,27164,7,2660,15354,2,115,14429,0,0
64452,1,1,1,31,2093,4455,4,154,58470,3,2274,21573,0,834,39365,-1,970,49537,7,6026,34743,2,1
255662,1,2,1,31,718,40513,3,982,68495,1,1630,49541,2,5923,43991,0,6720,14816,0,529,36029,1,0
7551,1,2,1,36,9024,49792,1,6391,51768,0,11985,14004,3,4875,10515,3,5325,53803,2,176,51033,4,1
32933,1,2,1,28,10615,45913,4,4468,44102,1,3249,88686,-1,14472,45483,4,8480,48676,6,3158,32861,0,1
43068,2,4,1,34,3478,60186,0,15155,28184,-1,1336,44748,0,2146,27575,-1,8,33400,-1,3244,67772,0,0
152521,1,3,1,27,1032,53110,0,5927,23516,8,19972,69561,0,2135,18638,6,2133,48495,1,5317,14113,3,1
489480,1,1,2,27,679,20289,3,1079,57645,3,1416,60851,1,5536,-27,1,1888,21060,8,6128,17512,3,1
27531,1,3,2,39,4435,19704,0,642,37778,0,7198,-10759,2,956,8912,1,12874,28827,-1,3554,48207,2,0
207391,1,1,2,25,3529,46249,0,3677,12802,1,5242,54889,0,3118,40479,4,2151,63280,0,6155,30217,0,0
177562,1,2,1,27,5933,59810,2,5472,-1860,0,3101,39677,0,77,40849,0,3745,62492,-1,1439,28808,4,0
25445,2,2,1,21,1820,42868,1,905,82952,4,2602,38750,2,4482,50367,1,17,18049,1,775,24353,0,0
50971,1,4,1,29,2573,8441,6,4602,20281,0,10293,39492,2,7662,74314,0,8255,27617,4,13402,12291,0,0
52707,1,5,1,48,107,19056,7,10013,26275,-1,3222,61094,1,1139,67122,0,605,28890,0,2336,-2055,0,0
382679,2,4,1,26,4709,53830,1,6501,64561,0,2352,72907,1,1834,59915,0,10699,41241,0,471,26570,0,0
19953,1,2,2,27,2750,33027,1,5456,15828,0,2186,16157,0,706,63728,0,6642,37318,1,8775,17279,-1,0
160523,2,2,3,36,12613,42359,2,7787,50628,6,1613,41546,0,4781,43616,1,4064,65836,0,4747,45917,1,0
40675,2,3,1,31,5133,61308,1,549,76439,5,2629,68038,0,4150,43254,1,6913,70678,3,4481,38889,0,0
131256,2,4,1,57,2543,15955,0,1139,82276,0,638,35851,2,8754,70745,1,7872,76065,0,711,27039,0,0
54474,2,6,3,33,1529,31715,2,194,31051,-1,336,44059,1,17590,44328,0,6966,83188,5,7081,29759,2,0
86360,1,2,1,38,11784,29542,2,783,39759,1,3898,44345,2,20565,44755,0,5407,8404,3,1138,61840,0,0
178743,1,1,2,44,81,47108,0,12219,32072,3,3028,82295,1,566,63314,0,10630,36220,-1,214,23612,2,0
163048,2,3,3,44,1979,55457,3,1256,39640,0,952,54967,1,4027,34469,0,2749,26123,0,878,58774,3,0
201307,2,4,3,37,14368,10394,2,5424,65965,1,564,81412,0,7795,37309,0,4175,22043,5,6029,67066,2,0
6146,1,4,1,33,5307,39889,0,5881,12013,0,773,74871,0,5379,12773,-1,17430,68175,4,7831,45833,-1,0
117781,2,3,1,55,3804,57386,2,5182,52959,0,1893,35459,4,11364,30748,-1,2328,48415,1,1415,32366,0,0
15080,2,6,1,34,1137,2904,0,4036,36090,3,3002,46015,1,2914,33405,1,6949,8217,1,1891,36043,-1,0
53754,2,3,2,30,8960,38712,0,3328,67370,1,1074,81043,1,2785,34534,0,2486,91870,-1,888,55394,0,0
79537,1,5,3,28,1142,15684,3,2722,66308,1,7045,17165,-1,132,56209,0,3176,3691,3,3014,33152,3,0
51540,2,6,2,21,1426,27168,5,12438,31857,3,1074,55222,2,78,19825,0,2044,32922,-1,1242,87823,3,0
73316,1,4,2,43,1065,-10100,0,47,37784,3,662,55423,2,5898,69782,-1,830,41756,2,20709,24202,0,0
566253,1,2,2,21,860,67854,5,274,57855,0,26065,34471,2,3188,-1203,0,17914,17370,0,7282,53972,2,0
14527,1,2,2,34,15321,32883,0,3391,59666,1,2968,32391,-1,5397,51963,3,2964,51002,1,4545,58827,4,0
112533,2,3,2,32,4606,23856,0,2006,-9449,3,931,35135,0,1360,56332,0,1637,27647,0,6388,7163,4,0
50418,2,3,2,57,5078,46565,-1,2623,57791,1,11247,54048,0,9942,53839,0,5196,56460,1,913,44179,3,0
14272,1,4,2,21,15431,19153,0,30707,72929,2,1313,69459,3,11658,61911,0,587,47979,1,6805,33883,0,0
17285,1,2,1,25,1310,17255,0,7461,45112,0,12990,54780,8,5427,35767,8,3919,-10084,0,2125,33586,8,1
298129,1,2,2,33,29,70206,5,10494,59003,-1,633,14844,1,1627,65060,0,4267,8994,0,3170,59987,2,0
211694,2,4,1,33,4567,76173,0,2298,65575,0,9219,70117,1,1217,26184,5,1090,56974,0,10826,35641,2,0
237560,2,1,1,29,3544,28158,0,1369,44431,1,1018,63858,-1,4910,27861,-1,16046,48081,2,14430,68751,5,0
477155,1,2,2,34,3247,61347,2,7304,56284,0,13930,35087,-1,14132,81380,4,4515,19479,-1,7317,14835,0,0
23359,1,2,2,22,319,47120,0,8240,40253,4,4269,26910,-1,4315,43536,1,1259,26614,2,7296,16640,1,0
43918,2,3,3,38,3029,11723,2,3991,38956,1,1053,21836,2,9141,59035,2,8961,38242,8,6823,33813,1,1
110629,1,2,1,21,1695,21437,1,11314,26769,2,9315,61486,0,4166,49922,0,1833,-502,4,4922,27529,0,0
66126,2,4,2,34,1604,71021,0,17105,43460,2,2476,2412,3,5613,54466,4,6544,85430,0,1087,23471,0,0
54195,2,3,1,28,1257,11464,2,3184,77737,1,6599,61977,1,4194,-105,1,4949,20392,0,4438,-5947,2,0
44287,1,5,3,45,2021,85619,-1,1259,21950,3,5156,30973,3,4282,47526,2,869,40615,7,291,60806,-1,0
90086,1,3,1,52,2178,28572,0,3639,52337,3,6263,45698,4,6720,40315,1,496,73413,1,155,47287,1,0
85706,2,2,2,31,1846,71616,0,22797,46419,0,2105,-28427,4,2522,59466,0,4676,36317,0,9100,50278,2,0
17609,2,2,2,48,19257,33888,1,1733,69496,-1,13970,4533,1,11716,24085,3,5517,46440,0,3888,24523,2,0
63816,2,1,1,31,13495,55998,2,4806,73257,8,4102,26412,3,9956,63865,0,702,20860,0,82,50984,5,1
80625,2,3,3,25,4272,67900,1,5920,21514,2,403,21752,2,6460,15871,0,948,29033,2,1592,83502,1,0
84463,2,2,2,52,19831,67799,1,1203,28515,2,345,55168,0,6801,30965,2,256,21496,0,5743,51590,0,0
23585,1,2,1,40,23663,28312,1,4439,29608,3,6701,46064,0,2665,8434,-1,722,65593,0,14013,40091,3,0
135584,2,3,1,35,2199,22852,0,1888,30316,2,9484,78681,7,8934,18388,6,4434,26653,0,9292,42039,1,1
2552,2,2,1,41,2945,38375,6,9627,32031,1,5941,50266,3,13486,40138,0,1119,25137,5,2945,64653,3,1
43824,2,2,1,37,15978,13990,7,6272,46941,8,1625,26998,0,7927,67368,2,1703,22773,1,1681,17012,0,1
151509,1,4,2,34,4690,44785,1,8751,22972,2,1280,64466,0,713,40699,2,4051,47649,3,1856,37789,-1,0
82986,1,5,3,21,1197,23584,-1,1113,25784,3,4167,30738,0,7723,14321,2,2673,51629,2,6614,40666,0,0
30267,2,2,1,32,5845,61654,1,175,24188,1,1095,29590,0,3123,-2217,1,9328,44,6,8159,47466,0,0
118728,2,2,1,41,1151,28597,0,9503,49852,5,2382,40042,5,4691,53472,0,4232,41356,2,2274,25393,2,0
83792,1,6,2,33,2072,5154,1,2444,38724,2,4953,72383,1,23642,26852,8,708,46029,0,4875,190,1,0
159083,1,1,1,44,1291,68018,0,990,35173,2,1676,61021,0,2226,29525,3,2425,68102,0,6844,41176,0,0
132812,1,6,1,38,1405,43667,2,481,23162,-1,2353,60397,0,2142,61533,1,1497,15524,2,9344,87323,-1,0
94188,1,1,1,26,23,40582,-1,3633,7918,2,2235,79210,4,1526,37302,0,1498,17575,0,5121,48543,0,0
66977,2,4,2,21,10630,61887,7,813,72630,0,3085,59923,7,679,34027,4,1481,52830,3,9986,16678,5,1
14292,1,2,2,33,1754,57431,0,4181,34225,2,5609,15430,0,920,43231,2,2709,38777,4,1653,30102,0,0
30290,2,5,2,29,451,24762,2,6497,94209,1,7624,50766,2,3610,69638,0,708,67574,1,5999,34638,1,0
54317,2,2,1,38,455,31004,5,3829,55455,0,5469,72463,7,12028,45080,0,1454,62026,0,2571,71593,3,1
91454,1,3,2,27,4059,17740,0,11701,76585,1,132,9635,1,8301,-3186,1,6044,45586,0,13199,37369,0,0
72094,1,1,2,28,24752,10710,6,845,59869,1,11357,39692,1,1007,23640,1,8785,38674,6,1234,61940,3,1
33993,1,2,2,45,783,51571,0,3405,43170,3,4351,18642,1,4124,34309,1,69,36851,1,7740,43967,0,0
648,1,4,1,36,524,47843,7,890,28046,1,12644,42569,-1,9384,57268,1,435,39400,2,13416,41630,1,1
68565,2,3,2,27,2883,55216,8,10433,20463,1,16603,62704,0,3877,15147,0,9656,41216,0,5735,19934,0,0
33634,2,5,2,35,4142,65632,0,13458,62393,2,3154,66854,2,12119,42976,0,1208,68427,1,7779,55924,1,0
132654,2,3,1,48,1743,55489,3,2554,45300,2,12406,36316,7,11923,38363,1,1871,-740,3,10864,29134,0,1
2423,1,4,1,37,1801,57269,0,1824,52330,8,2273,53227,1,2140,60330,-1,2055,31610,1,1851,62518,3,1
87906,2,3,3,40,2762,-1559,0,1637,56292,0,1508,9918,0,10354,20061,0,10044,44095,0,664,40559,1,0
283828,1,6,2,27,1885,33860,-1,9820,47119,2,382,5030,1,4398,43345,0,888,27943,2,13783,38126,5,0
19165,2,6,3,45,12345,59291,0,5735,30562,0,3005,62391,1,3268,70662,0,8370,34278,8,191,25187,2,0
63799,1,2,2,58,214,16635,2,10626,60254,3,5834,-20529,0,7441,57978,0,3152,31176,2,3314,30631,3,0
9587,2,4,2,27,1336,41833,1,625,36036,3,18825,26253,0,7794,51985,0,7643,66065,1,1946,30815,4,0
98264,2,4,1,23,8265,50389,3,3231,41811,2,3683,53538,1,5626,33789,0,5824,31537,4,4043,40908,1,0
79968,1,2,1,36,8977,48857,0,5637,54347,0,6630,44412,0,8327,43027,0,6585,25582,1,22696,71723,2,0
52317,2,3,3,43,591,47375,7,11369,38820,8,11323,-16724,0,15123,37743,0,604,55610,1,234,11139,1,1
73684,2,1,1,34,18203,51978,-1,2406,3643,6,3917,50513,0,10321,57131,4,1846,29302,1,7340,42633,-1,0
226890,1,4,1,24,5910,43614,-1,1877,60811,0,912,22774,2,385,50529,1,1288,36633,0,124,75510,2,0
21852,1,2,2,33,1591,10741,2,12207,65098,1,9426,42416,1,9486,27449,1,672,17865,-1,1513,16430,8,0
2282,1,1,2,40,3044,50139,4,243,3377,4,4268,27520,1,7605,74908,0,5097,31884,0,6113,31703,4,1
197807,1,3,1,30,1762,45694,3,3265,19134,1,7104,26156,-1,13068,64087,4,5939,39302,2,1606,57189,-1,0
86065,1,3,1,41,812,11005,1,3068,80477,1,5371,4007,0,6727,22668,3,762,14701,1,4717,15854,6,0
221327,2,4,1,46,1720,67594,0,789,44640,2,314,32819,0,10512,33122,-1,7316,37997,4,17026,70315,0,0
90868,1,6,1,37,4338,50676,-1,2512,40071,2,926,64723,-1,51,36831,2,1690,50264,0,10386,65152,-1,0
166157,2,3,2,34,8742,12393,1,6411,31472,1,1686,31547,0,19039,56325,0,2364,168,0,9049,45380,-1,0
56154,2,1,1,43,2259,23655,1,2285,19385,1,1675,32456,0,1059,23817,1,24994,26954,2,1075,-19131,1,0
138573,1,4,2,26,2137,28718,0,1852,36111,1,9137,25909,2,9983,26616,4,1065,91080,3,1585,30354,0,0
244232,2,3,2,25,3155,28704,1,7613,59488,4,4559,14277,2,13268,57567,6,628,35908,2,7746,59825,0,1
84891,2,3,2,32,5171,45861,2,22421,39686,4,435,20044,0,11,51173,0,1563,62775,1,6555,32661,-1,0
19940,1,2,1,30,6963,20472,2,7555,52205,3,2448,44431,0,12248,1030,6,13426,39448,4,1721,40182,0,1
31306,2,3,2,26,1978,62562,0,9365,75314,1,4063,89184,0,8836,53151,-1,639,33400,2,2801,80552,0,0
22145,1,2,1,53,4413,60916,1,14025,28390,3,1448,59510,0,12781,10514,5,4784,58667,3,5228,46404,2,1
28350,1,4,1,56,2466,52386,0,8091,46057,0,203,52400,0,973,27307,3,7877,63941,5,3727,44665,0,0
36588,1,3,2,31,6300,40884,0,19649,60087,2,2392,79829,-1,7512,32703,5,12779,22153,1,3045,32451,1,0
80998,2,4,1,35,899,58748,3,6877,21341,1,3091,49358,1,3342,30614,0,3250,18046,1,527,71475,3,0
88671,2,3,2,33,1484,34481,2,5416,43561,0,11757,61492,4,1489,27012,6,3059,12633,2,2854,60576,0,0
55599,2,2,1,46,2776,25510,3,5910,77446,1,11949,44278,1,7056,19244,3,8789,22435,8,24244,30471,0,1
95560,2,4,1,48,11009,63802,0,11517,33194,3,3469,49040,-1,3205,50248,0,1089,62724,3,2092,25543,0,0
8509,1,3,3,21,4258,46350,5,5744,61366,5,3188,11829,1,11507,7738,0,3100,40623,-1,5920,23684,2,1
9188,2,2,2,39,16818,26318,0,7160,37177,0,5115,33800,1,6201,29366,0,5076,63679,1,3524,30786,0,0
18853,1,3,2,21,545,31645,4,1216,75991,1,1492,28761,5,749,55821,1,6021,19331,4,7916,24474,2,1
72997,2,2,2,52,3082,25271,0,12189,7090,1,1682,27700,0,1443,47949,0,593,19940,-1,6897,42420,2,0
24079,2,4,1,39,2715,80443,0,2963,41299,1,12,26526,3,1536,12308,1,10093,32151,2,14448,56981,2,0
33307,2,3,2,26,4584,40081,0,878,10422,8,407,68620,-1,2108,1408,-1,8525,45937,6,5259,24176,0,0
51134,2,4,1,32,8355,43155,0,8041,25982,1,983,32629,2,5489,18215,0,1906,37202,0,14760,25923,2,0
167060,2,1,2,32,9208,54424,1,2203,25863,3,5116,37110,-1,11237,-3561,2,3234,53958,2,212,27885,3,0
1395,1,2,2,40,5546,15692,6,1017,34660,2,1195,85294,0,4503,41833,1,2422,48287,0,2611,46596,0,1
104804,2,6,3,45,5129,61930,0,1480,16234,0,662,55509,6,6967,30809,0,19842,49750,2,5623,19802,0,0
110526,2,4,2,23,14882,27843,2,177,38565,2,4789,40159,2,1904,32349,0,4385,53697,6,3272,10295,7,1
160273,2,2,1,53,2420,76600,4,474,49209,2,5274,61167,5,3695,50207,0,1576,61926,0,13454,35124,4,1
269938,2,2,2,51,8942,33746,2,4490,9361,3,307,26617,1,3507,57472,-1,6851,-9205,7,757,41509,0,0
2034,1,2,1,26,12723,60752,0,10057,27301,-1,7411,31506,2,6037,44765,0,8619,39752,0,3271,37315,0,1
16698,2,3,1,35,3381,-9935,8,2975,90819,0,4659,32766,1,3648,35542,2,6475,56854,0,9695,37800,1,0
217306,1,4,1,52,6530,16497,0,4918,46584,3,2529,44991,1,2034,25951,0,436,90477,3,7082,56711,1,0
61344,2,4,2,47,2366,34127,1,8296,3645,0,20426,49334,1,1397,32982,0,1696,37997,0,7832,63521,0,0
83146,1,3,1,31,865,-615,3,2206,11990,5,51,21015,-1,1469,44145,3,2250,-3952,0,3103,38775,-1,0
108775,1,4,1,43,4415,52017,-1,5311,44518,1,3935,48139,0,19786,58509,0,1222,68506,0,2065,42450,3,0
113652,1,3,3,64,1093,46259,2,2157,42013,-1,870,52089,0,2211,12209,0,3282,15649,-1,3529,76737,5,0
268443,1,2,2,36,3058,20183,0,5146,28251,2,1997,30646,0,8215,17441,1,1924,49212,3,1122,34951,-1,0
579242,1,3,1,28,10313,39680,0,1226,83866,1,714,36689,1,370,39877,1,185,50758,1,5127,31614,3,0
127352,2,6,1,36,449,56129,0,19047,92374,0,5516,17260,2,469,-2221,0,5278,42523,2,7719,13028,1,0
33858,1,4,2,37,154,-2060,7,396,34712,-1,2567,9821,0,5794,45706,1,2863,-2671,1,372,53627,0,0
211820,2,3,2,29,4663,14530,4,3518,57459,0,21451,17057,1,3055,61128,2,142,32737,0,4569,11188,0,0
5047,1,3,1,39,2010,33298,0,1686,58463,0,5304,54412,0,10621,87168,1,13507,8609,1,4283,27328,4,0
26276,1,5,2,22,2705,40474,0,4591,61117,1,12464,50460,1,9910,41641,4,5263,49074,-1,1533,19724,0,0
227677,2,3,2,28,2601,38827,0,2795,27198,3,1377,78550,2,7045,57186,8,384,22297,2,26866,14340,-1,0
29597,1,2,2,42,453,57785,1,1831,78788,0,1919,40765,1,8445,40437,1,11009,-2482,1,3463,70253,7,0
24929,1,6,3,21,17,49544,4,1438,38628,2,2252,41034,0,10220,72391,8,2731,54232,-1,10946,42725,0,1
14864,1,4,2,44,11434,53932,7,1007,48439,4,9116,46742,2,7652,31535,2,1369,14652,2,1055,8184,4,1
195978,1,2,2,21,1228,12202,3,7636,40040,2,1189,18660,2,3742,46586,1,235,42692,0,6908,46325,1,0
69326,2,3,1,21,2776,42896,1,1256,37206,3,14661,58068,6,1537,52073,4,6828,25261,0,413,60148,0,0
112360,1,3,2,30,17864,33857,0,7425,45568,0,222,47641,2,7741,47771,7,17420,57358,8,352,49439,0,1
27320,1,2,2,37,8765,69241,-1,3318,16282,-1,11029,21052,2,1911,24567,8,1024,56523,-1,1066,62653,1,0
141898,2,6,1,48,571,43487,1,374,576,0,3002,47433,3,1403,12524,3,2697,44758,2,6683,51264,0,0
142713,2,3,2,35,3551,26618,1,904,35732,2,3731,55169,0,941,60424,1,1355,37851,2,29002,55735,2,0
37483,1,4,1,32,6548,57050,3,11170,22391,2,29756,13370,2,4933,45024,0,4248,31184,1,8329,38117,1,0
52879,1,2,1,40,5993,51265,0,4616,50950,7,10202,61146,0,1388,41505,1,10251,15900,-1,2764,70140,4,0
23533,2,3,1,26,7153,23567,-1,1018,48675,2,11718,30995,3,2348,57838,3,700,28236,0,5158,56277,5,0
375335,1,1,2,36,3057,33030,1,6083,40269,1,4403,-21406,1,6173,56903,-1,1770,49567,0,3218,45607,5,0
103733,2,4,3,23,967,33371,7,8665,69631,3,15656,59439,1,7895,47164,0,899,79092,8,1421,23099,2,1
272637,1,3,1,35,3126,64549,3,2007,39875,0,5820,66854,0,1889,52711,0,1298,51418,-1,4783,61104,1,0
36152,2,3,2,33,5219,44064,-1,4066,10836,3,8555,17529,2,9251,29497,3,695,54300,-1,3771,63838,-1,0
152275,2,1,1,26,4690,54535,4,1736,35527,0,6381,6579,-1,298,50676,2,5034,37843,0,3858,82943,3,0
145183,2,2,3,36,365,30134,1,417,63419,0,7591,66557,2,21298,8612,1,222,50525,3,327,38984,-1,0
117653,1,1,2,36,335,46696,0,2550,2314,0,5080,27652,0,2696,40395,5,6527,-2957,3,645,48091,0,0
337083,1,2,2,46,16799,66067,0,6960,38119,8,6480,66897,0,1964,54944,1,766,25562,2,3462,47740,3,0
50014,1,3,2,21,823,32778,1,3068,51509,2,2862,4160,-1,12863,25623,2,1550,54073,1,2221,1055,4,0
14008,1,3,1,34,1743,42303,1,2598,93044,0,6135,68103,0,710,42848,2,2117,54431,3,2766,57260,1,0
111385,2,3,2,27,7297,12733,2,2278,64165,0,1620,61467,0,2214,46025,4,2398,29133,2,2471,49617,2,0
130678,2,3,3,43,2635,24688,1,3070,42652,0,5038,50811,0,2222,22185,3,949,13832,8,6213,31257,0,0
85580,2,2,1,42,1001,33311,0,1915,50415,-1,3709,-85,0,2761,62581,8,3355,38580,1,983,23722,4,0
23170,1,2,2,40,3148,18783,0,4736,2046,0,11440,32751,4,9430,46406,0,11257,31310,0,14248,17228,2,0
70209,1,2,3,27,4207,66439,3,328,19005,3,5592,60150,0,9465,6481,0,3069,58812,-1,3178,52735,4,0
37424,1,4,1,43,3014,23239,2,8235,53019,3,4539,6260,2,4477,41814,3,141,54066,2,2080,26442,0,0
55768,2,3,2,21,12563,55735,1,950,43223,8,1877,29553,0,23993,69075,4,2258,70980,6,107,50451,-1,1
103625,1,2,3,21,1675,43736,0,5018,45774,-1,9931,47928,3,9294,39920,-1,2580,62209,3,2193,38539,8,0
136733,1,2,2,22,5413,40617,-1,2988,40682,4,278,16820,2,5713,26986,0,1665,34517,2,4914,45670,3,0
26425,2,4,1,34,595,69723,0,7424,39898,0,11500,66010,3,1112,29107,3,1754,46972,1,7979,66421,0,0
51974,2,4,1,41,2490,-5212,-1,8747,42058,0,5291,62052,1,3989,36797,2,1109,80688,0,6583,50597,2,0
31356,1,3,1,21,6754,36075,1,1142,18879,0,1050,44843,4,1203,15752,3,15695,31992,0,4257,48763,6,1
22143,2,3,2,48,1273,18392,3,5653,35421,8,11664,48680,0,1795,68048,1,3769,43498,0,2864,29336,4,1
152964,1,2,2,36,4455,771,0,1053,15117,8,1975,29190,2,5789,58481,0,3847,39912,2,3726,50160,6,1
239967,2,6,2,21,832,16105,3,661,27608,4,921,51794,2,1019,61545,3,2772,40332,4,16323,39516,0,1
46240,2,4,1,36,541,40344,2,13317,63918,-1,1922,28045,7,476,9929,1,4797,22517,0,16921,14028,4,0
139142,2,2,1,45,3703,25493,0,897,36384,3,16230,36064,0,3791,42570,1,2751,66168,-1,8130,36900,4,0
227298,1,4,2,40,5619,57932,2,1294,51916,2,6986,30151,0,4,61562,2,5839,21656,1,912,64425,0,0
187160,1,4,2,45,601,35723,0,698,42305,0,12432,68710,1,4694,21062,0,461,77161,4,13607,22332,2,0
20188,1,2,3,21,12491,33505,2,3177,32302,0,1775,64141,5,11580,38555,1,150,72774,7,5219,47021,2,1
313022,2,3,2,30,1279,33594,0,12604,19828,2,430,19931,-1,1055,18011,0,4132,45017,1,3248,37941,2,0
47268,2,2,2,25,639,38030,0,1533,31998,3,4136,66752,0,2412,56678,-1,6623,40112,0,4121,40406,1,0
41436,2,2,2,52,1132,31630,1,3902,43663,3,3298,24039,0,12406,35707,2,5528,24460,3,3235,36060,0,0
6446,2,4,2,41,929,22974,-1,2650,51603,1,6375,77057,0,6084,38150,1,2542,41418,0,3252,45540,0,0
66586,1,2,1,63,475,59783,0,2047,42446,1,3911,71419,-1,726,17427,5,16,61602,3,2821,19721,0,0
11542,1,4,3,30,7993,27518,0,4244,52989,2,2524,83855,3,2406,70959,1,643,26315,4,11309,51198,5,1
28573,1,6,2,27,3421,32329,1,4092,9596,3,23,45858,-1,7052,41018,-1,2488,69357,0,3042,31247,0,0
38117,2,1,1,33,2459,48588,4,2226,57333,0,3153,34390,1,5464,55830,1,5458,60501,0,1243,43646,1,0
165457,2,3,1,48,15041,46374,0,9504,17434,2,642,33944,-1,845,47680,0,1870,37877,0,1298,44755,1,0
208335,1,4,1,31,2318,22131,0,273,59670,0,12755,47503,3,322,21818,5,3792,55921,2,705,45257,5,1
36020,2,4,2,36,913,55099,1,445,50048,0,12736,19719,2,5723,7176,1,965,21748,8,4040,35418,0,0
195685,1,4,1,35,1601,50753,0,23432,2596,-1,8139,-8192,2,4695,36172,1,929,37939,1,1963,14969,1,0
194652,2,2,1,35,1365,43559,2,6885,54739,1,859,32006,2,305,62129,0,6788,84339,0,4306,29103,3,0
144668,2,3,2,28,3453,31373,0,8146,59901,-1,797,40818,6,18406,609,1,2884,63881,3,13358,32892,-1,0
15863,1,3,1,33,1723,31865,3,4615,65157,5,4142,51110,1,1454,78964,-1,14883,49965,2,15576,5519,2,0
117222,1,6,2,33,3628,35964,1,2722,24628,2,6499,47944,4,2438,56674,1,1186,41379,-1,1824,29300,-1,0
290085,2,2,1,34,5532,15363,-1,4960,43588,8,11745,42816,0,977,43814,2,2968,38515,0,1243,62137,1,0
114740,1,5,2,44,7509,39214,2,485,53888,0,11223,63389,1,8816,37683,0,1043,39424,0,284,19365,0,0
40289,1,2,1,52,6192,57842,1,7089,54726,2,844,22547,-1,16426,57174,0,1478,24525,0,1593,55242,0,0
69430,2,6,1,26,1150,57527,0,3890,48190,7,26989,26559,0,1199,15585,3,5109,53041,4,3529,29055,-1,0
103768,2,3,1,31,615,32382,-1,15701,31467,0,852,82183,1,1664,48848,1,12019,60887,0,4614,28310,3,0
71451,2,3,2,26,3909,61281,0,5073,59758,-1,9166,-23675,5,6129,46163,1,687,34957,3,516,36188,0,0
12777,1,3,2,36,1108,78118,1,822,59876,2,4420,62380,0,3752,75908,0,693,49347,2,1408,46248,0,0
37405,2,2,1,29,443,33675,0,3246,36914,0,5670,51268,2,555,32695,1,15231,25446,-1,214,31273,1,0
162149,2,2,2,37,3744,53830,1,297,24328,0,4631,39972,3,13198,40892,-1,6664,38665,0,7485,29506,-1,0
197629,2,2,1,46,1978,-5256,2,6840,25441,8,10188,57923,0,4722,38668,1,1875,23075,1,1574,67629,5,1
14768,2,2,3,21,7055,14837,4,3484,67296,3,5068,54369,0,1792,29662,3,2612,35460,0,4209,42503,1,0
304464,2,2,3,39,1885,41822,2,2307,59013,1,9441,10814,1,3364,69564,0,7777,42387,3,3082,11984,1,0
39872,1,4,2,30,19249,19865,2,17296,39599,-1,838,20521,0,3468,20507,3,6000,52088,0,3244,-2147,4,0
108563,2,3,2,39,7104,80784,2,14117,36016,0,10076,30386,2,3726,9647,0,4701,27747,0,5478,68879,1,0
139362,2,2,2,26,297,51957,8,15270,4636,0,24775,-2425,0,3438,44878,-1,10001,49523,1,2641,58474,-1,0
167102,1,4,2,46,3555,59316,0,1248,38311,1,5416,39827,0,4125,25505,7,1872,20873,-1,1437,43580,3,0
291414,2,3,2,44,4134,39419,0,6520,16177,1,18724,52750,2,2499,45082,0,1186,46342,8,2634,42894,5,1
37530,2,6,3,40,5942,19935,0,14536,43179,-1,1241,63314,8,790,52667,0,2636,84220,1,8679,39796,3,0
195550,1,3,2,42,3443,29623,1,4229,63704,6,8838,41559,0,5461,42922,1,37,32572,2,4128,41942,0,0
14120,2,2,2,27,3302,45087,-1,1205,20390,1,925,25008,2,7862,40479,6,3539,13324,0,18778,44232,1,0
122091,1,3,2,28,2293,27241,0,8513,44771,-1,3627,44480,1,9194,-1236,1,2272,57933,7,7685,60870,0,0
135470,2,3,2,42,1583,53423,1,10597,59955,2,5453,38425,3,110,51190,5,707,45720,0,8732,58932,1,0
113234,1,1,2,27,14612,54228,7,6074,44405,-1,5397,55701,0,2592,43924,1,10416,49167,0,7631,43934,3,0
29077,1,1,1,49,1910,40099,7,1737,29520,2,5556,39092,8,19184,77484,0,1080,65437,1,2919,44308,1,1
206390,2,2,1,31,327,3487,2,1057,40207,2,1935,57789,-1,323,62744,1,6120,25785,0,8137,56822,1,0
18495,1,2,1,40,915,74295,0,4894,59144,8,18194,34771,8,7698,10360,0,6116,26375,7,4982,51685,-1,1
5512,1,3,2,55,9734,35746,4,3296,45251,0,32,65804,3,674,61214,0,217,50891,1,1278,38274,0,0
126395,2,3,1,27,4417,94185,4,5524,39932,0,4851,43550,4,8704,14007,0,2789,60792,2,498,-16081,2,0
64526,2,2,3,35,7543,53050,5,592,63122,-1,10053,28042,3,5577,56673,-1,3234,44745,1,3454,53867,8,1
189112,1,3,2,45,8271,35800,2,730,50298,-1,11087,33337,4,6455,69071,0,8505,38571,0,4372,62312,0,0
48353,2,3,2,44,8664,48956,0,2254,15941,3,6368,54540,3,18931,77340,0,4896,46455,0,2149,34767,0,0
18425,1,2,1,31,3999,-385,-1,1497,52628,2,4276,14585,4,14024,32078,-1,327,54670,7,4966,17782,4,1
181058,1,1,2,29,974,60522,5,4829,58991,8,3056,37409,1,1814,54120,-1,2978,11040,0,817,58732,1,0
79608,2,1,2,32,802,91338,-1,2290,15253,0,2984,61384,6,2351,60189,0,1789,20197,-1,8207,59049,8,0
20972,2,2,2,49,4266,-1784,0,5759,-5374,3,2767,50337,0,2614,49412,6,937,38224,1,2560,22887,0,0
127433,1,2,1,32,2282,34251,1,7322,19161,-1,6018,16983,2,995,6571,1,1615,53801,0,6472,49499,0,0
71562,2,2,2,35,4082,37893,-1,1036,37950,5,6569,46224,2,2399,43089,1,9169,83430,2,9585,30885,0,0
92713,2,3,2,30,3450,57504,5,12617,60195,-1,3615,13159,3,19322,51380,1,4837,37732,0,1364,46875,1,0
61785,1,3,2,42,4609,82119,0,7736,22180,3,6751,43730,2,3362,39968,1,2858,44905,6,3941,67907,-1,0
176439,1,2,3,36,163,47657,-1,4927,51102,0,3758,67596,-1,15245,22826,0,6373,26699,1,667,49438,0,0
176938,1,2,2,24,166,82835,8,11980,-17847,0,512,41468,2,370,35982,1,17244,53142,2,217,27532,-1,0
123576,1,3,3,25,6393,43408,0,1545,43606,2,9539,17361,-1,200,58023,3,13097,18041,3,204,29223,2,0
11138,1,4,2,21,1072,49028,4,2738,31865,4,10219,36180,1,4282,47870,1,509,39771,4,14994,79612,0,1
182544,1,4,3,26,5280,46564,1,448,81971,3,1549,43889,3,6663,49309,4,2019,20998,1,229,65560,8,1
111173,2,3,2,42,3954,64405,2,3045,2158,0,7719,61842,3,1226,35027,0,1878,-2247,3,4621,31280,0,0
119410,1,2,1,48,20030,31553,0,3530,39709,0,3578,61662,3,3499,48529,3,4035,93875,0,295,37913,4,0
45095,2,2,1,41,9021,56365,1,4786,2035,0,662,18215,2,10315,-2128,2,473,56038,2,6269,33140,-1,0
211427,2,4,1,40,2664,15384,0,330,29005,3,2537,33518,0,7171,39119,2,12737,56177,-1,3360,43769,2,0
129233,1,1,1,33,4790,34309,7,165,5976,0,398,47873,1,1318,32381,1,7628,58178,0,1168,55830,6,1
11944,2,6,1,42,623,27265,-1,2722,86015,5,7719,27904,1,2035,40542,0,654,68501,0,4622,50369,2,0
52387,1,3,1,37,2441,41759,0,1048,32889,2,1092,49967,0,1824,16543,2,1466,43247,4,2033,54056,-1,0
217489,2,3,2,53,6619,33678,4,7110,35779,1,897,13039,1,6356,47405,0,771,57363,1,821,25915,2,0
4834,1,1,1,34,4873,62642,1,5524,39145,3,1169,45228,4,17238,78447,-1,3247,29989,2,6730,42370,0,1
325493,1,3,1,48,3312,22426,2,1971,17354,2,1281,60546,1,1643,41615,0,11041,36555,1,2404,56979,2,0
113682,1,3,2,43,971,5373,2,234,61104,0,5603,41079,2,4437,40930,1,5172,9299,0,3166,70364,1,0
99797,1,2,2,42,8126,12854,-1,1007,52803,0,5088,43514,1,22352,90154,8,4651,44038,6,197,-2869,2,1
31547,2,2,3,21,1595,59883,-1,5883,58358,0,692,56886,2,857,21049,1,387,29400,2,4147,49290,-1,0
28607,2,4,2,44,8587,20608,6,23108,15640,1,6444,31117,-1,5380,49898,0,11837,37337,2,3604,64357,0,0
284831,2,3,1,33,4728,47956,0,1976,62706,0,2146,52440,6,2017,71607,5,1647,56582,1,6901,-198,0,0
35421,2,3,1,30,2331,34104,0,8097,60396,2,3057,39388,1,23938,32193,-1,11519,46041,0,3251,67324,1,0
149390,2,1,1,21,207,56484,2,10090,35352,0,666,21838,2,575,57057,0,3025,60601,3,9290,84183,4,0
49942,1,4,1,34,1322,35384,0,246,57900,4,6165,58046,2,3000,43335,1,3762,28184,2,2138,43682,0,0
14995,1,4,1,35,10994,95286,2,12397,45453,2,2359,68018,3,1471,18507,-1,4644,47637,0,6874,50828,2,0
1077,1,3,3,21,8518,77962,1,3138,8120,4,5000,63170,-1,160,36713,1,1701,27209,6,1383,20614,0,1
78582,1,3,1,21,4276,33695,4,16654,36343,-1,2786,58045,6,16565,39364,0,9025,36479,0,9947,80945,0,0
372052,1,3,1,39,3139,30957,0,3866,30369,3,250,50212,3,4198,27281,2,15892,33869,-1,2168,45663,1,0
46066,2,3,1,43,5208,102646,0,1340,41708,4,6078,47258,3,6033,7867,0,1666,19724,0,6666,-11170,0,0
44190,1,2,2,36,3139,18422,3,18378,60422,-1,4020,38123,1,4841,31761,3,0,31743,0,8154,59324,-1,0
42173,1,5,1,46,5168,38899,0,1393,7173,8,2847,26747,3,803,10098,2,3728,51549,3,896,21864,0,1
73510,2,3,1,34,1836,40448,1,10705,31128,0,1125,-1317,1,935,50833,5,4492,21682,3,8078,29917,-1,0
58100,2,2,1,34,9116,39953,3,950,23563,0,4895,8652,1,4923,50983,-1,327,26721,1,1709,45786,-1,0
211955,1,3,1,25,6051,5225,2,5616,24422,1,1609,40291,3,7566,14505,1,5587,64873,2,4521,40515,2,0
70425,1,4,1,21,2002,49932,1,2649,23537,-1,2803,14472,2,4721,41639,2,1727,68357,0,3686,46650,2,0
70878,2,2,2,53,8879,20592,0,17881,41363,4,290,48281,-1,4224,13119,5,15930,56641,4,4404,48937,0,0
14893,1,2,1,46,3340,68719,3,1021,50463,0,7497,74947,0,6851,32762,1,7602,74160,-1,7769,66913,-1,0
405933,1,3,2,21,959,10880,0,2627,46966,1,471,-24506,2,1395,26623,7,376,67293,0,8898,12943,-1,0
28764,1,2,2,36,404,41189,5,5105,43713,2,11074,20550,5,6577,49604,0,15435,38230,3,1443,50719,2,1
7619,2,4,2,33,6013,-4322,0,18998,52434,3,10108,83717,6,2648,7613,1,1288,79783,1,1048,43335,1,0
108810,1,2,1,32,10016,-3087,3,1811,87606,0,17717,56684,3,5605,59661,0,8005,71190,3,437,35475,1,0
90477,1,4,1,30,8236,23212,1,2528,42717,2,11953,37766,0,1605,64555,0,5154,38550,0,6120,14829,-1,0
53639,2,1,1,38,5330,26035,0,3097,60422,0,17773,29362,1,739,37115,0,3842,45024,0,3233,47931,3,0
54851,2,1,2,43,762,69314,1,1456,59283,2,10914,51716,1,147,13090,2,13490,26763,0,808,20952,0,0
153741,2,4,2,39,493,39188,0,8501,75555,5,596,59584,1,8134,-1868,1,4655,38085,4,3301,6252,1,0
21779,1,3,1,33,2115,65848,0,482,51210,-1,2878,14612,-1,1096,61905,0,9785,8912,7,20854,36126,1,0
171620,2,2,2,33,9652,32404,0,6100,23113,0,396,69835,0,2258,79678,-1,8792,28270,-1,4079,51852,4,0
104624,1,2,2,44,16316,52121,4,3817,46097,1,3940,47969,0,7323,40871,5,5576,55877,6,10281,25575,3,1
54295,2,3,2,39,1381,25490,0,1384,45022,-1,3772,58762,2,2990,16744,0,3370,19514,2,462,2905,0,0
61254,1,3,1,35,7179,24130,8,3394,56303,0,12766,60479,1,1226,18096,0,516,33736,1,11617,39488,-1,0
29658,2,6,2,34,4265,3582,-1,8858,22532,0,17482,46245,0,1083,63632,0,836,51170,0,4083,63986,1,0
139478,1,6,1,38,161,46715,2,2947,65326,1,1503,48908,1,2620,43378,0,3805,34208,0,3882,25568,0,0
71923,1,3,2,30,3914,45241,4,649,40104,0,4365,50354,0,4164,20613,0,2018,63029,2,741,12638,0,0
38691,2,3,1,43,8197,55546,6,208,56787,1,3122,32857,3,2490,85983,0,1165,63939,1,3051,7968,4,1
90646,2,3,1,24,1615,44298,0,7520,46193,1,3956,52969,0,11746,60908,0,17069,27641,-1,3313,25739,2,0
545718,1,3,2,30,11382,80523,2,2005,42451,2,3793,34808,-1,19,50989,1,9781,31261,7,754,40516,0,0
57139,2,2,2,41,1347,43520,0,13386,44677,6,12274,40013,2,2570,28840,3,2813,40898,2,2044,30584,2,1
253440,1,2,1,23,397,59836,0,4800,53439,1,11322,71278,0,6790,64779,-1,10243,26699,3,10554,45066,0,0
42314,2,1,1,21,871,33517,2,2866,79173,0,654,39279,2,11077,57637,0,306,72673,2,169,42153,2,0
5628,2,1,2,35,9070,21830,0,4155,-347,0,2116,48270,-1,2218,37870,2,522,31752,2,3708,59972,-1,0
22846,1,2,3,21,2700,54353,0,3054,50800,2,6987,36504,0,5597,61767,0,14786,58217,-1,7608,37264,2,0
54247,2,3,2,22,7971,38217,0,11812,40879,6,5759,32683,0,4341,60914,2,5836,10054,0,17169,52381,4,0
24799,2,4,3,42,3788,56640,-1,3062,36457,3,4987,78574,0,1125,45478,1,7226,24542,6,5366,40822,1,0
22,1,3,1,32,3275,47058,0,549,-7265,0,25424,10711,0,5711,17062,4,8945,18292,7,205,43621,0,1
246512,1,2,2,47,8223,24139,4,4545,51604,4,2054,41042,1,1435,19572,-1,273,15115,5,6348,43413,1,0
185712,2,1,2,22,2753,61486,-1,4877,37500,2,3620,15963,1,7660,8304,3,6326,29672,8,6530,19506,0,0
135592,1,3,2,34,8098,22576,2,7247,23311,0,19352,65087,2,10045,66492,1,2206,47349,-1,3851,38307,0,0
18370,2,2,1,38,530,52506,3,13536,40849,2,5946,38768,0,3254,10783,1,8518,70668,-1,2372,27357,-1,0
12824,2,3,2,23,5057,65632,1,2926,34144,0,5230,30623,1,278,40682,0,2452,35955,6,2896,23325,0,0
6999,1,6,2,45,6063,32308,2,2169,5152,1,840,3299,8,6684,8181,0,7296,41637,-1,14521,47904,4,1
128746,1,2,2,40,11467,63119,2,3374,41763,0,1416,71525,0,3148,73673,3,11577,46785,4,10919,49849,0,0
264237,1,2,2,21,1270,47952,1,11522,51601,-1,2369,13443,0,496,16749,0,2072,25430,4,1671,27391,2,0
56305,1,3,2,34,4634,57038,0,19555,29015,3,3126,49735,3,2010,46455,1,3168,39523,1,384,53935,2,0
12685,1,6,2,38,2839,23264,6,17742,45234,3,3437,58635,1,1716,8640,0,3854,81753,4,6832,31038,0,1
71824,1,4,1,29,2412,44286,8,1304,42162,0,11620,83477,3,6479,57416,1,5821,47763,2,3807,57908,3,1
42898,2,4,1,21,564,11838,2,3434,60909,0,567,28974,1,2758,61695,0,9292,81747,0,5111,83787,1,0
46972,2,2,2,37,720,74226,0,1501,37926,1,1427,22890,-1,4422,40351,0,1181,40480,3,14399,49571,3,0
97109,1,6,3,57,9069,-279,1,2294,56021,3,775,31454,0,3476,38683,3,14560,27594,1,14313,37809,-1,0
126839,2,2,1,31,6926,32904,1,160,33732,-1,6645,28233,2,6441,56219,-1,7699,60870,0,8865,26257,0,0
11721,2,1,2,50,2409,21365,3,875,79346,3,17630,2327,1,6330,27807,5,751,65277,8,1538,44054,0,1
3623,2,4,1,27,8815,53494,2,2529,31263,5,11219,72709,1,2978,61777,0,2046,30069,2,8081,20444,1,1
517261,2,5,1,37,421,78478,1,2268,26300,1,6424,31638,8,725,45930,1,1447,47289,0,9390,35245,1,0
26491,1,1,2,42,4901,53098,2,1634,37990,-1,108,36806,1,2620,8539,0,865,38728,4,4,22084,3,0
5533,2,2,2,34,10131,99225,-1,1308,25439,0,2131,52549,2,872,76933,0,5174,12385,3,2625,56813,5,1
21056,2,1,1,32,9127,12441,3,6910,15026,0,9961,67721,2,15990,43680,1,340,13540,0,1877,29395,0,0
3973,1,2,2,42,2332,13976,0,1744,54552,0,5293,16788,-1,14993,33236,2,4566,35894,0,9287,39363,4,0
49726,1,2,2,53,6837,22137,2,6130,-21252,3,1176,47152,1,3050,43307,4,8792,63000,0,570,5562,0,0
162151,1,6,3,38,2788,42424,0,2299,25649,-1,3141,15684,7,140,25632,4,2246,57006,4,4866,33153,-1,0
41740,1,3,1,29,9167,19461,0,8096,13164,0,460,46672,3,2347,36942,0,3363,21674,2,3558,32606,1,0
58731,2,4,2,33,3783,24966,-1,915,42843,1,3678,45844,0,11273,55786,-1,778,17550,5,12956,21633,2,0
112573,1,4,1,60,7237,52409,5,857,-3782,4,11564,30539,0,1698,53753,5,6372,22526,3,3214,34120,0,1
71109,2,3,1,36,409,15216,2,5692,50957,0,197,44669,0,4864,52393,-1,11970,20847,1,400,-9778,0,0
197649,2,4,2,29,4458,17336,0,12320,53121,3,4758,45035,2,1016,27979,4,6598,22364,-1,11006,16929,-1,0
201018,1,3,2,23,3995,32029,3,771,7347,1,1327,38366,-1,8719,22784,-1,656,-512,2,4596,6575,1,0
996,1,2,1,21,4707,33911,2,382,43812,2,23222,35908,0,11123,47757,8,2119,-8854,2,5517,55210,1,1
150528,1,3,3,38,5947,60200,2,13639,50321,4,336,12712,1,4774,55415,-1,950,-11196,0,6365,39464,0,0
61754,1,3,2,41,12511,21987,1,624,58806,-1,4802,18185,1,4887,25347,-1,4451,8989,5,8795,-11460,0,0
449546,1,4,2,31,7701,25594,-1,1440,10621,1,1481,27715,2,2378,35444,1,6409,63328,2,6711,59840,-1,0
66016,1,6,2,34,1239,51633,0,13260,7808,2,10705,19826,3,6139,47849,2,18507,112111,3,1487,48520,2,0
433483,2,3,1,23,8740,56027,0,8120,70052,4,650,28534,0,3254,38084,0,3494,80399,3,15860,37851,0,0
140474,2,4,2,36,650,68574,2,2098,23562,0,2804,38476,0,6842,63143,2,5070,44976,0,785,46817,0,0
28582,2,1,1,39,4866,49382,0,15453,29451,0,1025,41764,4,17290,13840,3,563,24483,0,2675,37409,1,0
77304,2,4,2,29,10717,42607,1,4197,52661,-1,8033,51233,3,8640,10940,3,843,31375,3,3801,32919,4,0
484541,1,2,1,51,533,51500,0,374,16615,3,2165,43137,3,3642,61917,4,1317,42809,1,276,41642,0,0
194862,1,1,1,26,9475,34651,0,6071,34683,4,1033,42380,0,19289,52342,0,279,81341,0,665,41155,2,0
10243,2,2,2,37,8012,34504,7,3853,57834,1,6471,50728,-1,4670,41810,0,2622,20167,1,1046,23669,5,1
122544,2,3,1,43,3503,4517,6,4250,11577,-1,8497,21662,1,335,33322,1,15099,40059,0,10208,54875,0,0
42400,2,2,1,34,1847,57868,-1,25667,29999,0,3103,23335,4,6553,49413,2,5290,41947,2,4599,24108,6,0
700,1,5,1,33,2599,44229,3,827,17465,2,2380,32535,0,8575,43777,0,2863,38235,0,530,33936,-1,1
51664,1,1,2,21,17314,55540,1,5347,24521,8,5000,26055,5,724,45989,0,3404,-175,2,6599,56966,0,1
26755,1,5,2,48,1126,-16316,3,3069,63712,3,5269,4938,0,5686,38648,5,792,34484,-1,3046,61696,1,0
170853,2,4,1,33,4332,39057,0,1586,68101,3,5405,51519,0,12686,50701,-1,508,12952,2,866,58875,1,0
41147,2,2,1,40,434,22882,0,5913,45156,1,1613,20033,0,1447,58366,1,1498,85759,-1,4122,6119,8,0
175749,1,2,1,41,1228,70027,4,5516,50644,8,14176,76232,0,4397,58078,0,1829,51419,0,2427,36247,0,0
59,1,4,2,28,7205,52284,4,9706,50097,3,1200,43307,4,1605,49145,3,655,62328,1,5225,16801,8,1
36790,2,3,2,33,1801,44684,1,10554,26553,0,2343,9965,1,7445,39926,4,5878,22301,-1,19639,19077,4,0
27597,2,3,1,48,21260,31361,4,4125,44763,2,1668,53338,0,4345,48890,0,12831,31016,8,6502,27196,0,0
26600,1,2,1,23,3473,47944,2,1969,14093,1,13377,40665,0,2793,63900,1,958,80840,0,3592,34205,0,0
7062,2,3,1,56,3633,21436,0,3770,20828,2,8812,45819,1,147,36910,3,9104,60481,-1,4742,28878,0,0
20717,1,6,1,27,184,38005,0,2225,38263,8,8337,30048,-1,14483,34550,1,1771,48431,4,7433,-12828,5,1
81091,1,2,1,23,15678,28432,0,1624,18780,0,23,21375,0,3443,49871,2,4668,66873,-1,1306,45122,0,0
34440,2,3,2,36,957,85329,3,4010,14545,3,5790,10774,-1,8150,54766,1,464,79223,4,726,38145,-1,0
54024,2,2,1,57,3864,69398,8,5363,25762,1,1308,14359,-1,2487,37990,2,1367,70350,3,4289,64643,1,1
47299,2,4,2,21,2518,61260,1,4464,62926,6,17170,12638,8,9455,49010,7,860,60990,0,6844,38227,0,1
208670,1,4,2,33,2685,10193,2,15441,71142,0,3783,32851,1,871,23193,0,879,62916,0,2743,2209,0,0
235703,2,2,1,39,5154,57283,2,1773,39348,2,4158,38967,2,1316,39780,0,13550,33410,2,1077,12752,1,0
67915,2,1,2,35,5424,43753,0,2328,51643,-1,2204,9058,2,2027,71058,7,2261,43913,3,5081,6001,-1,0
40071,1,1,2,38,837,64469,0,5507,28730,0,3847,58053,4,463,52154,-1,1091,53613,0,5646,34601,1,0
11294,1,3,1,27,3461,46447,1,4585,-1312,0,6926,42832,0,2933,27059,3,939,46364,4,7771,71697,0,0
306621,2,3,2,29,7814,39865,1,9,22129,1,4126,88542,1,3326,29737,5,5587,50060,0,4412,49983,2,0
6211,1,6,1,33,2928,44675,4,1871,33833,7,5125,31898,0,609,15129,0,6337,37176,2,2278,42808,0,1
35332,1,3,2,23,906,3887,0,1463,42819,-1,3197,84659,1,2785,72469,1,19499,-14611,1,1236,18048,6,0
35391,1,2,2,34,1878,24651,1,9160,37980,0,6300,54919,0,1098,20108,0,4918,53531,0,217,48555,2,0
38625,2,4,2,31,1193,47466,3,10058,34367,0,11490,813,0,10405,-10580,0,3069,42161,1,2560,34170,0,0
17946,2,3,2,30,672,62787,-1,1669,28507,1,262,16186,2,3559,11868,1,1268,42539,0,7352,45310,0,0
152860,1,3,2,38,2370,28990,1,538,46877,-1,567,46359,-1,15179,41060,1,200,84021,0,6989,50265,0,0
13067,1,1,2,21,3892,39183,0,1148,12722,7,5785,5048,4,2088,25659,0,10634,47133,1,14236,30640,-1,0
100760,1,2,2,32,377,7980,1,971,56041,1,2371,22074,0,2088,42587,1,7776,23901,1,91,45641,-1,0
13221,2,5,1,58,4629,69186,3,1355,28272,3,1653,8153,2,2067,46830,2,7952,53758,3,971,76931,2,1
7314,1,3,2,24,24826,62274,0,1337,81341,3,983,82774,3,1561,27520,1,1943,41711,2,5412,65223,0,1
240162,1,2,1,47,16638,53042,3,3268,33693,2,4250,61972,-1,7667,21605,3,2212,62320,0,3902,58175,0,0
21088,2,3,1,35,8835,48136,0,1925,30396,5,2134,33220,5,1661,58217,7,7654,28065,2,6331,87615,0,1
172176,1,5,2,28,1548,71050,0,4102,28746,5,3545,70248,0,1698,45968,3,5816,23700,0,2460,79153,8,1
78664,2,2,1,21,113,23899,1,2108,30595,0,15917,65158,8,240,-13521,-1,5243,29200,0,2175,70428,5,0
8105,2,3,1,36,8965,21736,4,8428,52144,5,7099,66206,-1,16813,9255,0,4044,5416,1,5999,19134,0,0
311110,2,6,2,49,286,61230,-1,15058,39154,1,7946,28813,2,10870,4144,-1,2297,31246,1,2626,16252,-1,0
28363,1,2,1,31,1151,59886,0,2586,59741,0,663,33822,0,1730,36810,1,6759,71793,1,1499,14673,0,0
196358,1,4,1,34,3931,16130,2,253,49288,2,1965,18068,1,3677,44056,2,2238,25464,2,1794,57097,-1,0
18489,2,3,2,45,982,29372,0,1369,40629,0,561,37725,1,3296,36570,-1,6634,12862,0,1239,55090,0,0
192375,1,3,2,38,8972,73781,-1,537,47459,1,17292,23748,1,458,27431,0,1056,29439,3,56,49105,2,0
1331,2,2,2,21,7506,48233,0,2113,63926,3,5731,18517,0,3787,60438,-1,4463,44406,4,5887,18757,-1,1
71699,1,2,2,35,7048,55743,3,5179,53133,-1,97,62631,3,601,46409,1,2210,25079,1,6636,59297,0,0
146725,2,3,2,50,8467,16819,7,3658,45611,0,3226,53432,3,2846,21757,5,8818,41433,2,7845,34070,1,1
273022,2,2,2,34,1240,53132,-1,1391,48454,7,1529,22351,0,459,23056,1,3656,45027,3,988,35744,2,0
239911,1,3,1,21,6526,11609,1,7289,16946,1,3882,58909,1,4444,24756,2,4891,40034,2,12265,54314,1,0
171271,1,2,2,38,2194,403,0,704,91433,0,984,46176,1,251,33051,0,434,38212,1,2011,36706,2,0
219096,1,1,2,33,5495,54536,2,1295,50562,5,292,33692,1,4950,40703,2,3418,75273,2,11244,38152,-1,0
22216,1,6,1,21,650,68688,-1,5635,52558,5,1951,71815,0,6141,48267,2,7587,43532,6,1589,11579,0,0
33433,2,3,1,21,6113,34924,-1,1098,39426,-1,1751,46107,3,4229,23533,0,9830,24182,0,215,9696,4,0
34103,2,6,1,44,17897,29068,3,5677,-5951,0,6310,75550,3,3169,12872,2,6385,55092,3,3650,60488,7,1
47329,1,2,2,27,222,74216,-1,18848,34693,5,3217,51318,1,313,47869,0,2711,38799,8,3778,46442,3,1
49975,1,3,1,25,492,36104,0,8899,41518,0,1721,53037,2,57,56578,4,1488,41428,3,11559,21585,2,0
78648,2,2,2,34,659,38684,7,871,23543,1,4224,18482,8,2096,74203,0,2464,60268,0,5543,46962,-1,1
17421,1,4,2,28,2815,73879,8,3675,23368,0,369,28857,5,7375,48094,4,4123,66829,0,8752,40525,8,1
117521,1,4,2,36,1717,32928,0,2743,33214,2,5428,69149,2,5210,25401,1,29,17216,1,9587,15563,0,0
18340,1,2,1,32,8223,26919,1,23939,55430,0,796,63238,1,669,52213,0,12152,74639,0,3345,37806,1,0
37151,1,5,2,23,3210,56310,1,16677,65115,1,1640,32833,1,5822,36983,0,2105,38704,1,11945,45402,2,0
69985,2,2,1,29,3313,25762,1,679,43419,-1,1657,12941,1,4277,13095,-1,7967,38842,0,6431,6328,1,0
159179,2,3,2,39,6312,37107,5,11969,28652,0,3135,73195,1,911,39030,6,3822,19801,1,578,57783,8,1
134503,1,6,2,35,2246,13616,3,1074,32752,0,15304,61332,2,7038,45652,0,5426,54934,0,1433,44191,1,0
103714,2,4,1,34,2178,43707,3,1924,41990,0,1962,17111,8,8868,68671,5,7125,11565,3,541,74049,0,1
16933,1,6,3,54,7071,41361,0,2180,44360,4,1651,17109,-1,1323,41426,4,1697,50767,1,4380,65412,1,0
79196,1,2,1,42,7571,59360,1,1690,48699,5,924,76671,0,5051,23693,0,4658,73026,0,1263,72264,0,0
9150,1,2,3,43,72,57145,1,9594,31212,3,2487,29847,0,2375,2261,0,6964,33707,2,14262,25909,2,0
47379,2,2,1,33,776,51030,0,2001,50585,1,1004,30203,3,301,15418,1,7368,61636,3,11191,51840,-1,0
53361,2,3,1,37,1198,47885,-1,8484,49004,0,741,26389,1,9879,20595,6,2689,41638,1,7926,41460,0,0
4062,2,4,1,30,2166,38534,0,25904,32098,0,9737,47109,1,8594,73325,4,6519,12156,2,10498,70915,1,1
32018,2,2,1,42,1722,52191,0,9186,5610,0,270,11994,1,1913,36180,1,1796,42394,1,9243,67391,3,0
311563,2,3,2,33,5520,17753,0,2124,22301,3,6203,44751,4,3791,38208,1,663,36293,0,964,73666,3,0
307115,1,2,2,37,8805,-6979,0,6211,71351,0,1131,11865,1,3590,62023,1,599,57929,1,478,35172,5,0
43436,1,2,2,36,1066,63238,0,3817,6128,8,58,12005,2,976,52052,6,3523,32733,2,5991,15426,0,1
4405,2,3,1,34,4138,53483,1,7721,66350,3,7927,12687,-1,787,34758,8,2416,49978,0,2094,22022,1,1
19734,2,3,1,64,2292,37460,1,830,5428,8,6058,13456,2,9298,62929,0,1322,18886,2,4918,48333,1,1
49793,2,4,2,28,3523,61491,0,5082,24536,1,2034,54447,0,10100,26319,6,2481,48589,4,5027,15588,4,1
295228,1,2,1,28,4847,25370,5,7428,32505,1,413,54453,4,6458,45673,7,2653,40475,5,9753,44207,3,1
15221,2,4,2,41,11202,25890,1,7161,75646,0,2236,36745,3,377,14894,1,4032,37449,0,881,35951,1,0
144187,1,1,2,29,1067,23117,3,16564,40522,2,1000,27368,0,11992,45204,1,298,40621,0,10817,-5626,1,0
11505,1,2,1,32,455,51352,5,300,35719,8,13478,67635,0,19751,60354,4,11930,34152,4,1962,45173,5,1
397696,2,3,2,24,4933,8340,0,2121,21293,-1,3771,53896,0,7471,57426,6,2327,42831,2,11072,53600,8,1
48064,1,4,2,39,2505,24660,1,3236,50439,0,16599,16426,0,2180,58042,1,4777,36059,0,1138,64095,2,0
149269,1,2,2,40,889,45794,1,1853,29745,0,2164,47011,2,2602,97755,1,1829,20533,1,872,29102,-1,0
41944,2,2,1,31,622,15916,0,1853,35419,8,4064,45979,8,10187,34648,0,7170,14075,3,4782,18965,4,1
98797,1,3,1,42,4092,26793,-1,968,32832,0,1054,54369,2,1643,21925,0,3068,30113,0,11710,32203,1,0
21321,2,2,1,21,1786,-4231,3,8381,54397,3,8262,94980,0,764,49120,8,1941,33657,5,3335,15881,0,1
15784,1,4,1,27,29812,52116,0,11933,55235,0,209,23631,1,8652,22393,0,16594,-20093,4,430,50963,0,0
278165,2,4,1,33,2603,26243,8,429,22192,4,5947,51088,3,1074,17341,3,10020,40386,1,10212,42213,3,1
249674,2,2,2,23,1193,18014,3,841,27454,1,2485,69920,7,11891,34951,1,994,84059,3,3441,16041,4,1
218452,1,3,2,21,4955,14099,1,1296,25482,0,4318,74364,-1,4527,79605,-1,6030,53799,0,3519,31534,2,0
98198,2,4,2,31,1400,31635,0,3556,43667,2,4485,43610,1,4052,53780,0,7018,36571,0,1216,71219,-1,0
165165,1,2,1,41,3406,8396,1,7831,58133,3,6203,13847,1,7474,47609,-1,175,23693,3,1106,38768,8,1
7153,1,3,3,47,3294,78847,0,370,43933,1,1142,4102,1,83,6544,8,16216,6039,1,4706,25498,1,1
40765,2,1,1,29,3021,-7694,0,5064,-3812,2,3789,56529,1,6250,27541,0,1326,57771,0,2816,29460,3,0
37644,1,3,2,42,7950,30987,3,808,55195,0,2783,46850,1,4562,68651,2,11950,48508,0,799,43496,2,0
100962,2,2,3,41,1220,42138,0,17781,13020,6,1657,42562,0,3709,34600,1,5307,15300,2,18915,76442,0,0
43999,1,4,2,47,11733,24492,1,11451,25695,-1,3423,45652,0,1225,83898,2,3588,59265,-1,239,18997,5,0
16076,1,2,3,31,7835,44242,3,14937,43968,0,15184,59570,1,8843,48960,0,7705,56791,0,221,68568,0,0
90749,2,2,2,21,2025,24007,-1,561,38322,0,14868,50926,3,1442,36990,-1,5620,26573,0,19224,33827,8,0
168407,1,4,1,35,995,70601,1,3347,57454,0,1634,47733,0,3364,33720,3,6740,34161,4,1251,65736,8,1
48146,1,1,1,24,1639,17622,1,903,27784,1,10779,28128,2,860,38698,2,9756,44996,4,70,16885,-1,0
14187,1,2,1,27,2022,-7024,1,4585,20667,1,10467,60789,0,18192,10963,0,3185,51056,0,2533,71037,0,0
21901,1,2,1,31,4070,14030,3,1324,33767,1,1435,28453,0,1081,59461,2,2773,18105,1,1233,75616,0,0
27113,1,2,2,31,237,47729,6,7362,59540,-1,4568,59354,8,8128,48833,1,11501,51338,0,8194,77290,0,1
35652,1,5,1,36,12287,37641,1,5164,52593,0,10198,32146,2,1526,34876,0,7993,41184,-1,1461,39922,2,0
102944,1,4,2,42,519,55042,1,4238,41742,3,3617,51788,2,1478,37769,3,97,62216,0,8496,40057,0,0
91865,1,1,1,31,1637,50034,1,8721,66519,3,2308,75272,2,2738,56195,2,5303,55253,-1,3783,25223,6,0
119099,2,4,1,38,578,27274,2,3468,62897,0,5260,53211,0,9349,80595,1,11712,41156,8,8174,20473,1,0
45020,1,3,3,35,1483,30218,2,1572,55769,1,946,68326,2,5816,70631,0,5753,58336,2,4758,57993,1,0
173725,1,5,1,44,9090,32293,0,4847,16440,0,882,32571,1,10264,43715,1,4030,9810,0,7048,40315,2,0
22826,2,2,2,33,4774,77686,-1,15740,55664,3,8938,41923,3,241,23547,0,967,32515,2,3071,49605,1,0
63306,2,3,2,34,1289,53816,6,4595,35952,7,213,32907,1,15583,9333,0,15036,20544,2,2733,48503,2,1
161414,2,3,1,31,10269,77833,0,4966,32101,0,8138,6805,3,401,42453,0,4922,28891,0,3028,14134,-1,0
19864,1,3,2,33,8065,56815,2,13647,26348,3,1715,61374,3,6383,24335,2,532,28648,1,6798,15662,1,0
11638,2,3,1,27,7004,38728,3,3620,36565,0,3299,51377,3,1160,43103,2,13130,14744,2,2920,55721,0,0
215144,2,2,2,26,9407,19612,0,28075,27484,-1,3920,49958,1,9189,45812,-1,3634,59055,0,1725,48632,0,0
41996,1,4,2,42,4833,44030,2,869,43395,1,7285,64635,0,9915,54338,2,855,55017,7,8320,37612,-1,0
115160,1,3,1,24,3480,38782,0,3850,36541,1,10764,17291,4,4006,16569,-1,1284,27860,-1,2679,47979,3,0
2567,2,6,2,31,2341,38127,7,1197,44410,3,8153,12492,0,2578,22257,5,17180,-6303,0,2962,68992,0,1
117133,2,2,1,45,1266,35818,-1,3019,51065,2,4247,64827,0,7884,33716,3,2869,29897,4,429,58468,0,0
37994,1,3,2,31,4075,-1049,1,935,34112,6,2138,38593,0,10358,45210,2,2720,39027,0,2282,45264,0,0
5735,1,5,2,43,11013,65216,1,1258,25254,1,3738,44297,-1,6702,44031,0,3329,67138,0,8645,48951,8,1
94112,1,3,2,29,4506,38990,3,1183,-128,1,152,10657,2,11871,91561,8,6028,28721,0,5510,69483,0,0
27549,1,4,2,24,12604,11714,0,1928,55413,1,1405,69442,5,4924,-5185,5,2270,59567,0,706,31774,0,0
48907,1,4,1,21,2207,49635,1,722,41575,0,2279,53425,0,5550,62204,1,2732,29903,1,3165,44607,7,0
8401,2,2,3,48,5939,22883,0,8286,36476,2,1926,28487,3,4241,61174,-1,6854,51374,2,12983,39523,2,0
15918,1,3,1,23,5230,51242,0,1246,63438,3,499,81714,0,3348,21694,1,3092,56152,3,1313,27292,2,0
35378,1,2,2,42,5549,57633,3,2694,14229,0,260,12730,2,5319,30553,0,6251,51569,0,8717,35986,3,0
9404,1,3,1,25,5178,60392,-1,80,41124,8,2729,33411,3,4118,75231,1,16379,20857,2,4153,19655,1,1
241716,1,2,3,48,1252,36781,2,553,20718,2,388,59739,2,6569,27556,8,16420,32728,7,2206,61250,1,1
606,1,4,2,57,775,31724,3,11329,53120,3,1685,63065,0,13608,27889,3,2962,51743,-1,17792,31277,8,1
66137,2,3,2,21,19228,27489,5,9074,-4522,8,3220,10137,0,2334,42398,0,1334,8399,2,6384,44234,2,1
13153,1,3,1,24,231,25548,2,9191,56080,1,1178,34332,5,2648,50246,0,1446,55793,1,1908,60926,2,0
36770,2,2,2,42,3153,39655,0,2649,55253,-1,414,54915,-1,75,59951,6,8552,15746,0,1083,67602,-1,0
260449,1,6,2,40,2767,35813,1,763,21539,3,2829,69461,0,3743,60813,0,415,12963,0,10533,41185,0,0
17637,2,1,2,42,2231,23493,7,570,41326,4,2975,67778,1,704,55637,4,206,29346,0,4475,38098,1,1
337647,2,1,1,29,7615,17124,4,4651,21969,0,12361,54008,3,6293,1839,-1,5719,26298,5,186,54097,2,0
23041,1,2,1,54,6839,37824,1,8806,48551,-1,683,41793,2,7561,39173,1,12046,43636,-1,2791,48247,3,0
135311,1,6,1,36,11781,31316,6,11518,56404,0,4772,36412,1,6414,53297,2,1312,45344,1,2932,17100,3,0
79115,1,6,1,22,2516,17172,3,1703,19900,0,1926,49962,2,3955,53695,0,280,41406,0,7468,72936,2,0
215830,1,3,1,32,4152,56611,5,1935,14065,5,659,68680,3,3820,25800,1,11282,20339,0,1361,44758,0,0
80742,1,4,1,22,11142,75441,2,531,61928,-1,2497,35719,0,5200,19546,1,2186,64178,0,3060,56342,3,0
76477,2,2,1,50,25454,59251,4,7445,78823,3,2792,34536,-1,4045,18168,2,3989,41291,0,414,47093,3,0
21748,1,6,1,28,17416,25596,4,1612,49888,4,2259,62905,0,6937,49310,0,9046,58611,1,660,50270,0,0
18179,1,2,1,39,6326,38995,-1,3278,51368,3,7256,61232,0,11246,60145,1,1438,-5871,1,7898,36703,1,0
248277,2,2,3,30,772,70808,7,13218,33359,-1,9138,30002,-1,3840,42837,8,4596,50702,1,3708,53934,1,1
39725,1,2,2,28,117,16526,0,6975,43600,2,805,13624,2,584,18601,0,23844,28540,0,2438,53556,8,0
46534,2,3,1,21,8721,55651,1,270,47014,7,919,5731,4,702,43592,-1,6760,55182,0,1547,57054,2,0
142638,1,4,2,40,9192,11038,3,40,36348,0,2734,42603,2,2357,20962,0,2532,75723,0,16570,12636,3,0
41373,2,2,2,47,6859,73680,2,7741,66997,-1,1929,17908,0,3428,25260,0,7305,16636,-1,3157,15645,0,0
303785,1,6,3,25,1641,31393,4,4020,43534,4,8562,57925,2,1274,32627,0,110,57165,3,4144,42459,1,0
133913,2,3,1,21,5105,84580,1,6370,46112,2,28740,5665,1,3014,24029,1,1212,28023,-1,20792,31992,1,0
90988,2,2,1,43,1900,74561,0,852,36760,2,999,72272,3,729,17395,1,6826,2571,0,6989,64748,-1,0
212775,1,3,3,21,2995,37871,-1,10280,38793,7,7188,33264,6,1377,70987,3,1520,58541,2,2371,22487,0,1
5087,1,3,1,47,2409,25611,1,7421,64374,3,4672,24025,2,6620,2242,1,674,76388,6,4065,57845,0,1
29714,1,4,1,25,12246,43895,2,11074,42918,0,5170,29176,1,21192,28168,8,1735,82222,0,2514,6638,4,1
62555,2,3,1,23,1333,36396,0,2085,43385,1,1535,22704,1,1030,35684,3,939,46012,1,4034,9636,3,0
25744,2,3,1,37,4309,31968,1,1612,43644,0,511,70294,3,2070,64559,1,2729,11112,0,5204,39537,1,0
136220,2,2,3,24,2239,6837,0,822,32709,0,3918,53432,0,2159,45893,1,665,35852,1,18513,47071,3,0
251587,1,3,1,27,5439,29708,3,13302,11841,1,4753,41937,0,1263,34369,4,9091,37815,1,6577,52894,1,0
55124,1,6,3,38,4157,17790,-1,972,71451,0,16490,15942,0,1141,25176,3,7570,61925,1,5972,59519,5,0
41875,2,1,3,21,12883,51032,2,635,61365,5,5623,38899,2,706,62945,2,1833,39510,-1,508,46413,0,0
325841,1,4,2,51,535,59821,0,1070,64980,-1,2932,24587,-1,11903,23867,0,3669,-1514,3,1923,38302,0,0
58852,2,3,1,35,1246,54813,-1,7378,18549,1,25580,-12619,0,5240,44222,1,9656,52609,-1,1647,24088,-1,0
67148,1,2,1,22,7269,46847,4,11015,68898,3,2335,26127,0,1715,36612,3,13226,41437,1,530,4587,1,0
43332,1,6,1,24,2300,22941,1,8327,79337,2,887,52104,1,1492,49601,2,477,58078,3,10272,53712,0,0
240294,2,3,1,44,906,44108,1,4141,60896,2,4811,31477,1,4454,71422,7,6401,44968,0,8389,22346,7,1
84154,1,2,2,41,3499,55855,2,25484,72956,1,1547,37100,2,5973,54109,4,727,53779,2,7808,42884,4,1
143621,1,2,1,48,5279,28275,2,356,55956,5,12768,60819,2,1458,37421,1,101,40294,0,971,57346,1,0
167028,1,2,3,28,229,42379,2,10094,23067,0,2791,57239,5,2132,73514,0,411,45672,0,4577,100243,-1,0
41832,1,4,2,37,1723,37090,3,2790,50152,3,810,79218,0,1716,71596,0,4288,21570,-1,3747,38501,-1,0
56862,1,3,2,39,8288,73247,1,3035,19593,5,763,-3870,1,458,62790,1,2366,47084,0,4740,17768,0,0
188698,2,5,2,41,3672,57030,0,682,28052,0,5243,23154,1,2443,45640,0,631,36297,4,7738,43064,0,0
45138,1,2,1,46,180,52183,0,170,46325,6,2277,58162,0,3813,24577,-1,3215,49798,2,493,3609,3,0
157956,2,2,1,27,1656,5666,5,1903,43640,3,2260,48627,0,5326,-7320,0,3548,16352,1,1060,36681,4,0
283008,1,1,1,33,5096,43456,7,960,49261,2,4737,41989,0,2695,44228,1,7741,67983,3,1651,40429,8,1
97606,1,3,1,28,1111,36899,0,3301,4158,0,1252,27904,2,20482,55479,4,5448,44966,3,3179,43091,1,0
135335,2,6,2,34,8783,36726,0,796,36915,5,785,44529,0,4915,13257,0,3136,55862,1,4406,64169,6,0
163525,2,3,1,41,5643,8731,0,742,50979,-1,5353,43377,0,10883,48309,1,1960,40095,0,1820,54308,2,0
186458,1,2,1,21,3187,18244,2,10477,54967,1,26,2960,2,12383,31091,0,10,52064,4,581,26159,1,0
50261,1,4,3,46,12362,38639,0,12710,56275,3,11895,44272,1,8613,50205,0,8920,-4903,0,3539,66928,0,0
5262,2,4,1,23,2486,62287,3,16651,45025,3,1010,29659,0,1573,27669,2,1552,37849,0,306,65537,5,1
51395,2,1,2,31,1339,28189,5,5705,32415,0,2969,56821,6,2821,25478,1,1199,24142,1,2260,23091,4,1
112011,2,4,1,47,5414,32001,7,7370,50029,-1,1187,46893,0,1,38778,1,6632,32801,-1,225,7115,4,0
59847,2,2,1,38,4258,75621,-1,9032,34005,3,1230,79118,-1,3001,16472,6,371,60213,0,1234,-4132,7,0
138215,1,2,2,38,2041,34063,7,5378,58021,1,9009,39998,0,1738,59231,0,1523,8007,3,583,52252,3,0
44158,1,2,3,23,2105,37424,2,2004,48546,0,4397,18173,-1,593,40404,3,2855,54794,1,2956,60408,-1,0
100715,1,3,1,24,2539,37695,-1,850,38765,-1,1865,-9773,-1,9118,17108,1,2913,49226,1,1341,31912,2,0
20631,1,3,1,44,1720,13089,1,1354,24620,2,1445,21234,1,5595,27688,1,858,65609,1,281,39548,1,0
138377,1,2,1,29,6193,51435,2,9175,62389,1,1196,47547,4,35085,51804,-1,204,-1473,1,1770,50985,6,0
78898,2,2,1,30,5268,26942,7,5955,51180,4,4042,52657,1,3449,33971,4,3179,51789,0,11159,46109,3,1
22823,2,4,1,44,2906,39398,0,3042,82059,-1,6561,27895,0,2007,54198,0,2211,45054,5,9238,47435,3,0
34518,2,6,2,24,2536,48887,0,149,50524,4,1461,31397,5,1531,20097,2,1676,38936,2,10720,82282,0,0
138074,1,4,1,37,2271,78851,1,1547,52198,4,2019,41398,-1,2857,34405,4,1577,68881,2,2484,36819,1,0
65894,2,2,1,35,1666,13644,7,6526,10694,1,6371,47601,1,1854,38555,1,3507,-2160,3,10552,43724,1,0
24338,1,2,2,34,447,57299,8,3591,46209,-1,6683,60401,0,23420,84538,2,109,42503,2,15131,28669,1,0
341949,1,2,1,29,1561,57374,0,2859,33669,6,1161,28248,0,1009,25440,0,560,60448,0,15855,61949,3,0
125570,1,2,1,29,1937,27235,0,1882,56528,-1,2407,25147,1,96,52530,2,1966,7491,0,663,70541,0,0
314969,2,3,3,24,3966,51990,5,4668,46693,1,10199,80495,1,696,49429,2,3267,51889,0,8672,44740,0,0
55705,1,3,1,39,7431,72868,2,16963,59705,1,6739,75664,1,11106,74955,1,5918,46507,2,2051,47781,4,0
64454,1,4,2,28,2518,24700,8,11569,82651,3,886,29411,8,5919,67191,2,1734,-2597,2,2986,67608,3,1
228234,2,3,1,44,14480,44829,4,154,24032,1,2438,62850,-1,7661,30748,0,5498,61937,1,5329,32184,2,0
74454,1,2,1,32,8782,48096,0,3278,58934,1,18114,84094,3,1931,19013,2,2448,22163,0,7086,46275,-1,0
122853,2,2,1,24,20932,50683,3,1998,53671,4,3726,66339,-1,4873,11684,2,7452,71569,4,11503,7772,2,0
29058,1,3,1,32,10445,55385,-1,3572,79585,7,6353,24741,1,6153,44719,1,3275,51481,1,15827,42707,0,0
59190,2,2,1,30,4795,43326,3,4659,54107,1,482,42096,0,1975,60276,0,3897,45995,3,7348,35896,0,0
13176,1,2,1,45,4562,50268,2,1115,52028,1,8934,4963,6,6446,62876,3,2855,60254,5,1373,64039,3,1
23064,1,2,2,31,693,21770,7,7606,57029,3,4641,20701,2,4966,34778,3,712,57886,1,3550,36585,-1,1
94,2,2,2,32,6407,43280,7,3222,58425,3,965,39693,1,1756,40887,-1,938,818,0,2120,33708,2,1
4005,1,1,1,49,4584,30473,-1,24145,69087,0,2391,44395,7,271,68521,1,2558,5900,0,10015,72138,1,0
378467,2,4,2,40,3535,15403,0,127,23612,1,433,26140,2,1358,24736,-1,520,37131,-1,3418,36010,0,0
27753,1,4,2,51,5909,29817,1,1051,32153,0,7503,-15033,7,4831,-9506,0,755,18514,0,9708,52836,0,0
108859,2,2,2,47,2935,45389,4,5849,74705,2,6830,43871,2,4569,63063,1,4887,73192,1,18295,68426,0,0
182697,1,1,1,26,3710,48715,3,5940,825,3,3368,54563,-1,3542,16792,0,5015,20184,0,1695,28348,3,0
79997,1,4,2,44,2540,14630,7,4363,38305,0,3007,55322,2,1448,34188,1,681,41841,0,148,57284,0,0
16622,1,2,1,50,6318,21246,2,17870,42991,0,3112,35882,8,2939,49131,2,9614,51661,0,1206,25163,7,1
130238,2,2,1,50,10462,54493,0,2683,36461,1,190,37296,0,777,30756,1,9714,88884,0,5104,53006,0,0
91691,2,1,2,44,9189,50162,-1,2698,71618,3,2296,44930,3,5429,61606,0,2387,62986,1,8279,57333,2,0
131397,2,2,2,44,7709,57742,0,12066,49518,2,687,48177,0,10168,93426,1,3445,26776,2,6899,29006,1,0
146857,2,4,3,31,69,67356,2,3865,32253,0,1021,38131,1,3115,23859,1,8085,50494,1,8121,-5366,0,0
370543,2,4,3,26,12145,50757,5,2182,27311,0,16366,-6459,-1,1197,42677,6,7192,53966,0,12925,18854,5,1
85229,1,2,1,31,1607,31703,0,6345,45636,2,1517,67940,0,8797,40099,1,2252,52439,4,1270,43108,-1,0
41800,1,2,3,21,10945,42296,4,4833,63319,1,3304,30713,3,1877,46256,4,1907,20389,0,256,18685,3,1
104544,1,2,1,48,1096,73197,0,1829,42768,1,10937,15522,-1,4506,27931,8,5458,80635,-1,1990,31775,2,0
7089,1,1,1,32,2895,95288,0,1768,37311,2,2667,32148,0,392,26996,1,2259,15517,0,9613,50224,3,1
227689,1,6,2,47,6919,49261,1,2517,26094,1,3760,42233,2,6328,27469,0,5847,53604,2,6506,34300,4,0
12713,2,3,1,22,5112,50711,1,371,47480,2,924,27818,6,3087,30770,4,694,22355,3,167,41615,1,1
39726,1,3,2,45,2688,54514,5,14290,46371,4,1677,29199,0,2752,31087,4,5574,47815,3,840,26701,2,1
169143,2,4,1,30,5675,40475,1,1010,25515,4,3527,33507,0,13654,-10104,4,7688,36081,0,13275,77635,1,0
90959,1,4,3,22,3980,63277,0,1077,60528,0,2269,47236,0,3381,41772,7,11748,13949,4,3427,25562,1,0
